=== self-play batch start 2026-05-01T09:32:18.266Z count=1000 mode=random ===

=== GAME 1/1000: Depths of the Cosmos vs Lightning Caller @ 2026-05-01T09:32:18.267Z ===
t=1 ph=2 ap=1 snaps=0 hooks=10 inst=29 cpuTurnStart cpu=p1 hand=6
t=1 ph=5 ap=1 snaps=91 hooks=35 inst=33 switchTurn ending p1
t=2 ph=2 ap=0 snaps=91 hooks=13 inst=34 cpuTurnStart cpu=p0 hand=6
t=2 ph=2 ap=0 snaps=95 hooks=20 inst=36 summon "Analyzer from the Cosmic Depths" p0/h1
t=2 ph=5 ap=0 snaps=96 hooks=28 inst=38 switchTurn ending p0
t=3 ph=2 ap=1 snaps=96 hooks=10 inst=39 cpuTurnStart cpu=p1 hand=5
t=3 ph=3 ap=1 snaps=113 hooks=18 inst=40 rollout "Butterfly Cloud" Spell lvl2 hero1
t=3 ph=3 ap=1 snaps=122 hooks=18 inst=40 rollout "Butterfly Cloud" Spell lvl2 hero1
t=3 ph=3 ap=1 snaps=125 hooks=18 inst=40 rollout "Butterfly Cloud" Spell lvl2 hero1
t=3 ph=3 ap=1 snaps=135 hooks=18 inst=40 rollout "Butterfly Cloud" Spell lvl2 hero1
t=3 ph=3 ap=1 snaps=141 hooks=18 inst=40 rollout "Butterfly Cloud" Spell lvl2 hero1
t=3 ph=3 ap=1 snaps=153 hooks=18 inst=40 rollout "Butterfly Cloud" Spell lvl2 hero1
t=3 ph=3 ap=1 snaps=159 hooks=18 inst=40 rollout "Butterfly Cloud" Spell lvl2 hero1
t=3 ph=3 ap=1 snaps=162 hooks=18 inst=40 rollout "Butterfly Cloud" Spell lvl2 hero1
t=3 ph=3 ap=1 snaps=173 hooks=18 inst=40 rollout "Butterfly Cloud" Spell lvl2 hero1
t=3 ph=3 ap=1 snaps=184 hooks=18 inst=40 rollout "Butterfly Cloud" Spell lvl2 hero1
t=3 ph=3 ap=1 snaps=201 hooks=18 inst=40 rollout "Butterfly Cloud" Spell lvl2 hero1
t=3 ph=3 ap=1 snaps=207 hooks=18 inst=40 rollout "Butterfly Cloud" Spell lvl2 hero1
t=3 ph=3 ap=1 snaps=217 hooks=18 inst=40 rollout "Butterfly Cloud" Spell lvl2 hero1
t=3 ph=3 ap=1 snaps=221 hooks=18 inst=40 rollout "Butterfly Cloud" Spell lvl2 hero1
t=3 ph=3 ap=1 snaps=229 hooks=18 inst=40 rollout "Butterfly Cloud" Spell lvl2 hero1
t=3 ph=3 ap=1 snaps=238 hooks=18 inst=40 rollout "Butterfly Cloud" Spell lvl2 hero1
t=3 ph=3 ap=1 snaps=247 hooks=18 inst=40 rollout "Butterfly Cloud" Spell lvl2 hero1
t=3 ph=3 ap=1 snaps=252 hooks=18 inst=40 rollout "Butterfly Cloud" Spell lvl2 hero1
t=3 ph=3 ap=1 snaps=257 hooks=18 inst=40 rollout "Butterfly Cloud" Spell lvl2 hero1
t=3 ph=3 ap=1 snaps=264 hooks=18 inst=40 rollout "Butterfly Cloud" Spell lvl2 hero1
t=3 ph=3 ap=1 snaps=270 hooks=18 inst=40 rollout "Butterfly Cloud" Spell lvl2 hero1
t=3 ph=3 ap=1 snaps=280 hooks=18 inst=40 rollout "Butterfly Cloud" Spell lvl2 hero1
t=3 ph=3 ap=1 snaps=289 hooks=18 inst=40 rollout "Butterfly Cloud" Spell lvl2 hero1
t=3 ph=3 ap=1 snaps=296 hooks=18 inst=40 rollout "Butterfly Cloud" Spell lvl2 hero1
t=3 ph=3 ap=1 snaps=306 hooks=18 inst=40 rollout "Butterfly Cloud" Spell lvl2 hero1
t=3 ph=3 ap=1 snaps=309 hooks=18 inst=40 rollout "Butterfly Cloud" Spell lvl2 hero1
t=3 ph=3 ap=1 snaps=317 hooks=18 inst=40 rollout "Butterfly Cloud" Spell lvl2 hero1
t=3 ph=3 ap=1 snaps=327 hooks=18 inst=40 rollout "Butterfly Cloud" Spell lvl2 hero1
t=3 ph=3 ap=1 snaps=338 hooks=18 inst=40 rollout "Butterfly Cloud" Spell lvl2 hero1
t=3 ph=3 ap=1 snaps=345 hooks=18 inst=40 rollout "Butterfly Cloud" Spell lvl2 hero1
t=3 ph=3 ap=1 snaps=352 hooks=18 inst=40 rollout "Butterfly Cloud" Spell lvl2 hero1
t=3 ph=3 ap=1 snaps=356 hooks=18 inst=40 rollout "Butterfly Cloud" Spell lvl2 hero1
t=3 ph=3 ap=1 snaps=359 hooks=18 inst=40 rollout "Butterfly Cloud" Spell lvl2 hero1
t=3 ph=3 ap=1 snaps=365 hooks=18 inst=40 rollout "Butterfly Cloud" Spell lvl2 hero1
t=3 ph=3 ap=1 snaps=372 hooks=18 inst=40 rollout "Butterfly Cloud" Spell lvl2 hero1
t=3 ph=3 ap=1 snaps=377 hooks=18 inst=40 rollout "Butterfly Cloud" Spell lvl2 hero1
t=3 ph=3 ap=1 snaps=386 hooks=18 inst=40 rollout "Butterfly Cloud" Spell lvl2 hero1
t=3 ph=3 ap=1 snaps=391 hooks=18 inst=40 rollout "Butterfly Cloud" Spell lvl2 hero1
t=3 ph=3 ap=1 snaps=400 hooks=18 inst=40 rollout "Butterfly Cloud" Spell lvl2 hero1
t=3 ph=3 ap=1 snaps=405 hooks=18 inst=40 rollout "Butterfly Cloud" Spell lvl2 hero1
t=3 ph=3 ap=1 snaps=414 hooks=18 inst=40 rollout "Butterfly Cloud" Spell lvl2 hero1
t=3 ph=3 ap=1 snaps=426 hooks=18 inst=40 rollout "Butterfly Cloud" Spell lvl2 hero1
t=3 ph=3 ap=1 snaps=433 hooks=18 inst=40 rollout "Butterfly Cloud" Spell lvl2 hero1
t=3 ph=3 ap=1 snaps=438 hooks=18 inst=40 rollout "Butterfly Cloud" Spell lvl2 hero1
t=3 ph=3 ap=1 snaps=444 hooks=18 inst=40 rollout "Butterfly Cloud" Spell lvl2 hero1
t=3 ph=3 ap=1 snaps=451 hooks=18 inst=40 rollout "Butterfly Cloud" Spell lvl2 hero1
t=3 ph=3 ap=1 snaps=456 hooks=18 inst=40 rollout "Butterfly Cloud" Spell lvl2 hero1
t=3 ph=3 ap=1 snaps=467 hooks=18 inst=40 rollout "Butterfly Cloud" Spell lvl2 hero1
t=3 ph=3 ap=1 snaps=474 hooks=18 inst=40 rollout "Butterfly Cloud" Spell lvl2 hero1
t=3 ph=3 ap=1 snaps=481 hooks=18 inst=40 rollout "Butterfly Cloud" Spell lvl2 hero1
t=3 ph=3 ap=1 snaps=490 hooks=18 inst=40 rollout "Butterfly Cloud" Spell lvl2 hero1
t=3 ph=3 ap=1 snaps=499 hooks=18 inst=40 rollout "Butterfly Cloud" Spell lvl2 hero1
t=3 ph=3 ap=1 snaps=510 hooks=18 inst=40 rollout "Butterfly Cloud" Spell lvl2 hero1
t=3 ph=3 ap=1 snaps=517 hooks=18 inst=40 rollout "Butterfly Cloud" Spell lvl2 hero1
t=3 ph=3 ap=1 snaps=523 hooks=18 inst=40 rollout "Butterfly Cloud" Spell lvl2 hero1
t=3 ph=3 ap=1 snaps=529 hooks=18 inst=40 rollout "Butterfly Cloud" Spell lvl2 hero1
t=3 ph=3 ap=1 snaps=533 hooks=18 inst=40 rollout "Butterfly Cloud" Spell lvl2 hero1
t=3 ph=3 ap=1 snaps=539 hooks=18 inst=40 rollout "Butterfly Cloud" Spell lvl2 hero1
t=3 ph=3 ap=1 snaps=544 hooks=18 inst=40 rollout "Butterfly Cloud" Spell lvl2 hero1
t=3 ph=3 ap=1 snaps=551 hooks=18 inst=40 rollout "Butterfly Cloud" Spell lvl2 hero1
t=3 ph=3 ap=1 snaps=562 hooks=18 inst=40 rollout "Butterfly Cloud" Spell lvl2 hero1
t=3 ph=3 ap=1 snaps=576 hooks=18 inst=40 rollout "Butterfly Cloud" Spell lvl2 hero1
t=3 ph=3 ap=1 snaps=579 hooks=18 inst=40 rollout "Butterfly Cloud" Spell lvl2 hero1
t=3 ph=3 ap=1 snaps=594 hooks=18 inst=40 rollout "Butterfly Cloud" Spell lvl2 hero1
t=3 ph=3 ap=1 snaps=603 hooks=18 inst=40 rollout "Butterfly Cloud" Spell lvl2 hero1
t=3 ph=3 ap=1 snaps=607 hooks=18 inst=40 rollout "Butterfly Cloud" Spell lvl2 hero1
t=3 ph=3 ap=1 snaps=614 hooks=18 inst=40 rollout "Butterfly Cloud" Spell lvl2 hero1
t=3 ph=3 ap=1 snaps=625 hooks=18 inst=40 rollout "Butterfly Cloud" Spell lvl2 hero1
t=3 ph=3 ap=1 snaps=628 hooks=18 inst=40 rollout "Butterfly Cloud" Spell lvl2 hero1
t=3 ph=3 ap=1 snaps=643 hooks=18 inst=40 rollout "Butterfly Cloud" Spell lvl2 hero1
t=3 ph=3 ap=1 snaps=651 hooks=18 inst=40 rollout "Butterfly Cloud" Spell lvl2 hero1
t=3 ph=3 ap=1 snaps=656 hooks=18 inst=40 rollout "Butterfly Cloud" Spell lvl2 hero1
t=3 ph=3 ap=1 snaps=669 hooks=18 inst=40 rollout "Butterfly Cloud" Spell lvl2 hero1
t=3 ph=3 ap=1 snaps=675 hooks=18 inst=40 rollout "Butterfly Cloud" Spell lvl2 hero1
t=3 ph=3 ap=1 snaps=686 hooks=18 inst=40 rollout "Butterfly Cloud" Spell lvl2 hero1
t=3 ph=3 ap=1 snaps=698 hooks=18 inst=40 rollout "Butterfly Cloud" Spell lvl2 hero1
t=3 ph=3 ap=1 snaps=705 hooks=18 inst=40 rollout "Butterfly Cloud" Spell lvl2 hero1
t=3 ph=3 ap=1 snaps=715 hooks=18 inst=40 rollout "Butterfly Cloud" Spell lvl2 hero1
t=3 ph=3 ap=1 snaps=724 hooks=18 inst=40 rollout "Butterfly Cloud" Spell lvl2 hero1
t=3 ph=3 ap=1 snaps=732 hooks=18 inst=40 rollout "Butterfly Cloud" Spell lvl2 hero1
t=3 ph=5 ap=1 snaps=747 hooks=42 inst=39 switchTurn ending p1
t=4 ph=2 ap=0 snaps=747 hooks=10 inst=40 cpuTurnStart cpu=p0 hand=5
t=4 ph=2 ap=0 snaps=753 hooks=16 inst=43 summon "Analyzer from the Cosmic Depths" p0/h1
t=4 ph=3 ap=0 snaps=820 hooks=25 inst=46 rollout "Gatherer from the Cosmic Depths" Creature lvl2 hero1
t=4 ph=3 ap=0 snaps=833 hooks=25 inst=46 rollout "Gatherer from the Cosmic Depths" Creature lvl2 hero1
t=4 ph=3 ap=0 snaps=839 hooks=25 inst=46 rollout "Gatherer from the Cosmic Depths" Creature lvl2 hero1
t=4 ph=3 ap=0 snaps=849 hooks=25 inst=46 rollout "Gatherer from the Cosmic Depths" Creature lvl2 hero1
t=4 ph=3 ap=0 snaps=857 hooks=25 inst=46 rollout "Gatherer from the Cosmic Depths" Creature lvl2 hero1
t=4 ph=3 ap=0 snaps=863 hooks=25 inst=46 rollout "Gatherer from the Cosmic Depths" Creature lvl2 hero1
t=4 ph=3 ap=0 snaps=871 hooks=25 inst=46 rollout "Gatherer from the Cosmic Depths" Creature lvl2 hero1
t=4 ph=3 ap=0 snaps=873 hooks=25 inst=46 rollout "Gatherer from the Cosmic Depths" Creature lvl2 hero1
t=4 ph=3 ap=0 snaps=877 hooks=25 inst=46 rollout "Gatherer from the Cosmic Depths" Creature lvl2 hero1
t=4 ph=3 ap=0 snaps=883 hooks=25 inst=46 rollout "Gatherer from the Cosmic Depths" Creature lvl2 hero1
t=4 ph=3 ap=0 snaps=888 hooks=25 inst=46 rollout "Gatherer from the Cosmic Depths" Creature lvl2 hero1
t=4 ph=3 ap=0 snaps=889 hooks=25 inst=46 rollout "Gatherer from the Cosmic Depths" Creature lvl2 hero1
t=4 ph=3 ap=0 snaps=893 hooks=25 inst=46 rollout "Gatherer from the Cosmic Depths" Creature lvl2 hero1
t=4 ph=3 ap=0 snaps=905 hooks=25 inst=46 rollout "Gatherer from the Cosmic Depths" Creature lvl2 hero1
t=4 ph=3 ap=0 snaps=910 hooks=25 inst=46 rollout "Gatherer from the Cosmic Depths" Creature lvl2 hero1
t=4 ph=3 ap=0 snaps=915 hooks=25 inst=46 rollout "Gatherer from the Cosmic Depths" Creature lvl2 hero1
t=4 ph=3 ap=0 snaps=917 hooks=25 inst=46 rollout "Gatherer from the Cosmic Depths" Creature lvl2 hero1
t=4 ph=3 ap=0 snaps=922 hooks=25 inst=46 rollout "Gatherer from the Cosmic Depths" Creature lvl2 hero1
t=4 ph=3 ap=0 snaps=935 hooks=25 inst=46 rollout "Gatherer from the Cosmic Depths" Creature lvl2 hero1
t=4 ph=3 ap=0 snaps=945 hooks=25 inst=46 rollout "Gatherer from the Cosmic Depths" Creature lvl2 hero1
t=4 ph=3 ap=0 snaps=960 hooks=25 inst=46 rollout "Gatherer from the Cosmic Depths" Creature lvl2 hero1
t=4 ph=3 ap=0 snaps=966 hooks=25 inst=46 rollout "Gatherer from the Cosmic Depths" Creature lvl2 hero1
t=4 ph=3 ap=0 snaps=977 hooks=25 inst=46 rollout "Gatherer from the Cosmic Depths" Creature lvl2 hero1
t=4 ph=3 ap=0 snaps=984 hooks=25 inst=46 rollout "Gatherer from the Cosmic Depths" Creature lvl2 hero1
t=4 ph=3 ap=0 snaps=996 hooks=25 inst=46 rollout "Gatherer from the Cosmic Depths" Creature lvl2 hero1
t=4 ph=3 ap=0 snaps=1001 hooks=25 inst=46 rollout "Gatherer from the Cosmic Depths" Creature lvl2 hero1
t=4 ph=3 ap=0 snaps=1003 hooks=25 inst=46 rollout "Gatherer from the Cosmic Depths" Creature lvl2 hero1
t=4 ph=3 ap=0 snaps=1008 hooks=25 inst=46 rollout "Gatherer from the Cosmic Depths" Creature lvl2 hero1
t=4 ph=3 ap=0 snaps=1018 hooks=25 inst=46 rollout "Gatherer from the Cosmic Depths" Creature lvl2 hero1
t=4 ph=3 ap=0 snaps=1033 hooks=25 inst=46 rollout "Gatherer from the Cosmic Depths" Creature lvl2 hero1
t=4 ph=3 ap=0 snaps=1038 hooks=25 inst=46 rollout "Gatherer from the Cosmic Depths" Creature lvl2 hero1
t=4 ph=3 ap=0 snaps=1047 hooks=25 inst=46 rollout "Gatherer from the Cosmic Depths" Creature lvl2 hero1
t=4 ph=3 ap=0 snaps=1055 hooks=25 inst=46 rollout "Gatherer from the Cosmic Depths" Creature lvl2 hero1
t=4 ph=3 ap=0 snaps=1061 hooks=25 inst=46 rollout "Gatherer from the Cosmic Depths" Creature lvl2 hero1
t=4 ph=3 ap=0 snaps=1065 hooks=25 inst=46 rollout "Gatherer from the Cosmic Depths" Creature lvl2 hero1
t=4 ph=3 ap=0 snaps=1082 hooks=25 inst=46 rollout "Gatherer from the Cosmic Depths" Creature lvl2 hero1
t=4 ph=3 ap=0 snaps=1087 hooks=25 inst=46 rollout "Gatherer from the Cosmic Depths" Creature lvl2 hero1
t=4 ph=3 ap=0 snaps=1092 hooks=25 inst=46 rollout "Gatherer from the Cosmic Depths" Creature lvl2 hero1
t=4 ph=3 ap=0 snaps=1104 hooks=25 inst=46 rollout "Gatherer from the Cosmic Depths" Creature lvl2 hero1
t=4 ph=3 ap=0 snaps=1107 hooks=25 inst=46 rollout "Gatherer from the Cosmic Depths" Creature lvl2 hero1
t=4 ph=3 ap=0 snaps=1115 hooks=25 inst=46 rollout "Gatherer from the Cosmic Depths" Creature lvl2 hero1
t=4 ph=3 ap=0 snaps=1121 hooks=25 inst=46 rollout "Gatherer from the Cosmic Depths" Creature lvl2 hero1
t=4 ph=3 ap=0 snaps=1125 hooks=25 inst=46 rollout "Gatherer from the Cosmic Depths" Creature lvl2 hero1
t=4 ph=3 ap=0 snaps=1129 hooks=25 inst=46 rollout "Gatherer from the Cosmic Depths" Creature lvl2 hero1
t=4 ph=3 ap=0 snaps=1132 hooks=25 inst=46 rollout "Gatherer from the Cosmic Depths" Creature lvl2 hero1
t=4 ph=3 ap=0 snaps=1141 hooks=25 inst=46 rollout "Gatherer from the Cosmic Depths" Creature lvl2 hero1
t=4 ph=3 ap=0 snaps=1147 hooks=25 inst=46 rollout "Gatherer from the Cosmic Depths" Creature lvl2 hero1
t=4 ph=3 ap=0 snaps=1155 hooks=25 inst=46 rollout "Gatherer from the Cosmic Depths" Creature lvl2 hero1
t=4 ph=3 ap=0 snaps=1171 hooks=25 inst=46 rollout "Gatherer from the Cosmic Depths" Creature lvl2 hero1
t=4 ph=3 ap=0 snaps=1176 hooks=25 inst=46 rollout "Gatherer from the Cosmic Depths" Creature lvl2 hero1
t=4 ph=3 ap=0 snaps=1180 hooks=25 inst=46 rollout "Gatherer from the Cosmic Depths" Creature lvl2 hero1
t=4 ph=3 ap=0 snaps=1185 hooks=25 inst=46 rollout "Gatherer from the Cosmic Depths" Creature lvl2 hero1
t=4 ph=3 ap=0 snaps=1206 hooks=25 inst=46 rollout "Gatherer from the Cosmic Depths" Creature lvl2 hero1
t=4 ph=3 ap=0 snaps=1211 hooks=25 inst=46 rollout "Gatherer from the Cosmic Depths" Creature lvl2 hero1
t=4 ph=3 ap=0 snaps=1217 hooks=25 inst=46 rollout "Gatherer from the Cosmic Depths" Creature lvl2 hero1
t=4 ph=3 ap=0 snaps=1222 hooks=25 inst=46 rollout "Gatherer from the Cosmic Depths" Creature lvl2 hero1
t=4 ph=3 ap=0 snaps=1232 hooks=25 inst=46 rollout "Gatherer from the Cosmic Depths" Creature lvl2 hero1
t=4 ph=3 ap=0 snaps=1242 hooks=25 inst=46 rollout "Gatherer from the Cosmic Depths" Creature lvl2 hero1
t=4 ph=3 ap=0 snaps=1247 hooks=25 inst=46 rollout "Gatherer from the Cosmic Depths" Creature lvl2 hero1
t=4 ph=3 ap=0 snaps=1255 hooks=25 inst=46 rollout "Gatherer from the Cosmic Depths" Creature lvl2 hero1
t=4 ph=3 ap=0 snaps=1276 hooks=25 inst=46 rollout "Gatherer from the Cosmic Depths" Creature lvl2 hero1
t=4 ph=3 ap=0 snaps=1285 hooks=25 inst=46 rollout "Gatherer from the Cosmic Depths" Creature lvl2 hero1
t=4 ph=3 ap=0 snaps=1295 hooks=25 inst=46 rollout "Gatherer from the Cosmic Depths" Creature lvl2 hero1
t=4 ph=3 ap=0 snaps=1304 hooks=25 inst=46 rollout "Gatherer from the Cosmic Depths" Creature lvl2 hero1
t=4 ph=3 ap=0 snaps=1319 hooks=25 inst=46 rollout "Gatherer from the Cosmic Depths" Creature lvl2 hero1
t=4 ph=3 ap=0 snaps=1324 hooks=25 inst=46 rollout "Gatherer from the Cosmic Depths" Creature lvl2 hero1
t=4 ph=3 ap=0 snaps=1335 hooks=25 inst=46 rollout "Gatherer from the Cosmic Depths" Creature lvl2 hero1
t=4 ph=3 ap=0 snaps=1343 hooks=25 inst=46 rollout "Gatherer from the Cosmic Depths" Creature lvl2 hero1
t=4 ph=3 ap=0 snaps=1360 hooks=25 inst=46 rollout "Gatherer from the Cosmic Depths" Creature lvl2 hero1
t=4 ph=3 ap=0 snaps=1368 hooks=25 inst=46 rollout "Gatherer from the Cosmic Depths" Creature lvl2 hero1
t=4 ph=3 ap=0 snaps=1373 hooks=25 inst=46 rollout "Gatherer from the Cosmic Depths" Creature lvl2 hero1
t=4 ph=3 ap=0 snaps=1377 hooks=25 inst=46 rollout "Gatherer from the Cosmic Depths" Creature lvl2 hero1
t=4 ph=3 ap=0 snaps=1382 hooks=25 inst=46 rollout "Gatherer from the Cosmic Depths" Creature lvl2 hero1
t=4 ph=3 ap=0 snaps=1393 hooks=25 inst=46 rollout "Gatherer from the Cosmic Depths" Creature lvl2 hero1
t=4 ph=3 ap=0 snaps=1398 hooks=25 inst=46 rollout "Gatherer from the Cosmic Depths" Creature lvl2 hero1
t=4 ph=3 ap=0 snaps=1403 hooks=25 inst=46 rollout "Gatherer from the Cosmic Depths" Creature lvl2 hero1
t=4 ph=3 ap=0 snaps=1417 hooks=25 inst=46 rollout "Gatherer from the Cosmic Depths" Creature lvl2 hero1
t=4 ph=3 ap=0 snaps=1420 hooks=25 inst=46 rollout "Gatherer from the Cosmic Depths" Creature lvl2 hero1
t=4 ph=3 ap=0 snaps=1425 hooks=25 inst=46 rollout "Gatherer from the Cosmic Depths" Creature lvl2 hero1
t=4 ph=3 ap=0 snaps=1426 hooks=25 inst=46 rollout "Gatherer from the Cosmic Depths" Creature lvl2 hero1
t=4 ph=3 ap=0 snaps=1435 hooks=25 inst=46 summon "Gatherer from the Cosmic Depths" p0/h1
t=4 ph=5 ap=0 snaps=1437 hooks=34 inst=47 switchTurn ending p0
t=5 ph=2 ap=1 snaps=1437 hooks=10 inst=48 cpuTurnStart cpu=p1 hand=2
t=5 ph=5 ap=1 snaps=1454 hooks=30 inst=51 switchTurn ending p1
t=6 ph=2 ap=0 snaps=1454 hooks=10 inst=52 cpuTurnStart cpu=p0 hand=3
t=6 ph=3 ap=0 snaps=1466 hooks=17 inst=53 rollout "Gerrymander" Creature lvl1 hero1
t=6 ph=3 ap=0 snaps=1469 hooks=17 inst=53 rollout "Gerrymander" Creature lvl1 hero1
t=6 ph=3 ap=0 snaps=1475 hooks=17 inst=53 rollout "Gerrymander" Creature lvl1 hero1
t=6 ph=3 ap=0 snaps=1483 hooks=17 inst=53 rollout "Gerrymander" Creature lvl1 hero1
t=6 ph=3 ap=0 snaps=1487 hooks=17 inst=53 rollout "Gerrymander" Creature lvl1 hero1
t=6 ph=3 ap=0 snaps=1495 hooks=17 inst=53 rollout "Gerrymander" Creature lvl1 hero1
t=6 ph=3 ap=0 snaps=1500 hooks=17 inst=53 rollout "Gerrymander" Creature lvl1 hero1
t=6 ph=3 ap=0 snaps=1505 hooks=17 inst=53 rollout "Gerrymander" Creature lvl1 hero1
t=6 ph=3 ap=0 snaps=1517 hooks=17 inst=53 rollout "Gerrymander" Creature lvl1 hero1
t=6 ph=3 ap=0 snaps=1524 hooks=17 inst=53 rollout "Gerrymander" Creature lvl1 hero1
t=6 ph=3 ap=0 snaps=1531 hooks=17 inst=53 rollout "Gerrymander" Creature lvl1 hero1
t=6 ph=3 ap=0 snaps=1535 hooks=17 inst=53 rollout "Gerrymander" Creature lvl1 hero1
t=6 ph=3 ap=0 snaps=1541 hooks=17 inst=53 rollout "Gerrymander" Creature lvl1 hero1
t=6 ph=3 ap=0 snaps=1546 hooks=17 inst=53 rollout "Gerrymander" Creature lvl1 hero1
t=6 ph=3 ap=0 snaps=1554 hooks=17 inst=53 rollout "Gerrymander" Creature lvl1 hero1
t=6 ph=3 ap=0 snaps=1559 hooks=17 inst=53 rollout "Gerrymander" Creature lvl1 hero1
t=6 ph=3 ap=0 snaps=1561 hooks=17 inst=53 rollout "Gerrymander" Creature lvl1 hero1
t=6 ph=3 ap=0 snaps=1567 hooks=17 inst=53 rollout "Gerrymander" Creature lvl1 hero1
t=6 ph=3 ap=0 snaps=1576 hooks=17 inst=53 rollout "Gerrymander" Creature lvl1 hero1
t=6 ph=3 ap=0 snaps=1581 hooks=17 inst=53 rollout "Gerrymander" Creature lvl1 hero1
t=6 ph=3 ap=0 snaps=1587 hooks=17 inst=53 rollout "Gerrymander" Creature lvl1 hero1
t=6 ph=3 ap=0 snaps=1592 hooks=17 inst=53 rollout "Gerrymander" Creature lvl1 hero1
t=6 ph=3 ap=0 snaps=1606 hooks=17 inst=53 rollout "Gerrymander" Creature lvl1 hero1
t=6 ph=3 ap=0 snaps=1612 hooks=17 inst=53 rollout "Gerrymander" Creature lvl1 hero1
t=6 ph=3 ap=0 snaps=1621 hooks=17 inst=53 rollout "Gerrymander" Creature lvl1 hero1
t=6 ph=3 ap=0 snaps=1625 hooks=17 inst=53 rollout "Gerrymander" Creature lvl1 hero1
t=6 ph=3 ap=0 snaps=1628 hooks=17 inst=53 rollout "Gerrymander" Creature lvl1 hero1
t=6 ph=3 ap=0 snaps=1631 hooks=17 inst=53 rollout "Gerrymander" Creature lvl1 hero1
t=6 ph=3 ap=0 snaps=1635 hooks=17 inst=53 rollout "Gerrymander" Creature lvl1 hero1
t=6 ph=3 ap=0 snaps=1638 hooks=17 inst=53 rollout "Gerrymander" Creature lvl1 hero1
t=6 ph=3 ap=0 snaps=1643 hooks=17 inst=53 rollout "Gerrymander" Creature lvl1 hero1
t=6 ph=3 ap=0 snaps=1651 hooks=17 inst=53 rollout "Gerrymander" Creature lvl1 hero1
t=6 ph=3 ap=0 snaps=1657 hooks=17 inst=53 rollout "Gerrymander" Creature lvl1 hero1
t=6 ph=3 ap=0 snaps=1661 hooks=17 inst=53 rollout "Gerrymander" Creature lvl1 hero1
t=6 ph=3 ap=0 snaps=1667 hooks=17 inst=53 rollout "Gerrymander" Creature lvl1 hero1
t=6 ph=3 ap=0 snaps=1672 hooks=17 inst=53 rollout "Gerrymander" Creature lvl1 hero1
t=6 ph=3 ap=0 snaps=1677 hooks=17 inst=53 rollout "Gerrymander" Creature lvl1 hero1
t=6 ph=3 ap=0 snaps=1682 hooks=17 inst=53 rollout "Gerrymander" Creature lvl1 hero1
t=6 ph=3 ap=0 snaps=1687 hooks=17 inst=53 rollout "Gerrymander" Creature lvl1 hero1
t=6 ph=3 ap=0 snaps=1691 hooks=17 inst=53 rollout "Gerrymander" Creature lvl1 hero1
t=6 ph=3 ap=0 snaps=1698 hooks=17 inst=53 rollout "Gerrymander" Creature lvl1 hero1
t=6 ph=3 ap=0 snaps=1703 hooks=17 inst=53 rollout "Gerrymander" Creature lvl1 hero1
t=6 ph=3 ap=0 snaps=1711 hooks=17 inst=53 rollout "Gerrymander" Creature lvl1 hero1
t=6 ph=3 ap=0 snaps=1724 hooks=17 inst=53 rollout "Gerrymander" Creature lvl1 hero1
t=6 ph=3 ap=0 snaps=1729 hooks=17 inst=53 rollout "Gerrymander" Creature lvl1 hero1
t=6 ph=3 ap=0 snaps=1735 hooks=17 inst=53 rollout "Gerrymander" Creature lvl1 hero1
t=6 ph=3 ap=0 snaps=1743 hooks=17 inst=53 rollout "Gerrymander" Creature lvl1 hero1
t=6 ph=3 ap=0 snaps=1746 hooks=17 inst=53 rollout "Gerrymander" Creature lvl1 hero1
t=6 ph=3 ap=0 snaps=1755 hooks=17 inst=53 rollout "Gerrymander" Creature lvl1 hero1
t=6 ph=3 ap=0 snaps=1763 hooks=17 inst=53 rollout "Gerrymander" Creature lvl1 hero1
t=6 ph=3 ap=0 snaps=1773 hooks=17 inst=53 rollout "Gerrymander" Creature lvl1 hero1
t=6 ph=3 ap=0 snaps=1777 hooks=17 inst=53 rollout "Gerrymander" Creature lvl1 hero1
t=6 ph=3 ap=0 snaps=1781 hooks=17 inst=53 rollout "Gerrymander" Creature lvl1 hero1
t=6 ph=3 ap=0 snaps=1785 hooks=17 inst=53 rollout "Gerrymander" Creature lvl1 hero1
t=6 ph=3 ap=0 snaps=1790 hooks=17 inst=53 rollout "Gerrymander" Creature lvl1 hero1
t=6 ph=3 ap=0 snaps=1791 hooks=17 inst=53 rollout "Gerrymander" Creature lvl1 hero1
t=6 ph=3 ap=0 snaps=1795 hooks=17 inst=53 rollout "Gerrymander" Creature lvl1 hero1
t=6 ph=3 ap=0 snaps=1798 hooks=17 inst=53 rollout "Gerrymander" Creature lvl1 hero1
t=6 ph=3 ap=0 snaps=1801 hooks=17 inst=53 rollout "Gerrymander" Creature lvl1 hero1
t=6 ph=3 ap=0 snaps=1809 hooks=17 inst=53 rollout "Gerrymander" Creature lvl1 hero1
t=6 ph=3 ap=0 snaps=1819 hooks=17 inst=53 rollout "Gerrymander" Creature lvl1 hero1
t=6 ph=3 ap=0 snaps=1822 hooks=17 inst=53 rollout "Gerrymander" Creature lvl1 hero1
t=6 ph=3 ap=0 snaps=1830 hooks=17 inst=53 rollout "Gerrymander" Creature lvl1 hero1
t=6 ph=3 ap=0 snaps=1832 hooks=17 inst=53 rollout "Gerrymander" Creature lvl1 hero1
t=6 ph=3 ap=0 snaps=1836 hooks=17 inst=53 rollout "Gerrymander" Creature lvl1 hero1
t=6 ph=3 ap=0 snaps=1845 hooks=17 inst=53 rollout "Gerrymander" Creature lvl1 hero1
t=6 ph=3 ap=0 snaps=1850 hooks=17 inst=53 rollout "Gerrymander" Creature lvl1 hero1
t=6 ph=3 ap=0 snaps=1855 hooks=17 inst=53 rollout "Gerrymander" Creature lvl1 hero1
t=6 ph=3 ap=0 snaps=1862 hooks=17 inst=53 rollout "Gerrymander" Creature lvl1 hero1
t=6 ph=3 ap=0 snaps=1866 hooks=17 inst=53 rollout "Gerrymander" Creature lvl1 hero1
t=6 ph=3 ap=0 snaps=1869 hooks=17 inst=53 rollout "Gerrymander" Creature lvl1 hero1
t=6 ph=3 ap=0 snaps=1872 hooks=17 inst=53 rollout "Gerrymander" Creature lvl1 hero1
t=6 ph=3 ap=0 snaps=1876 hooks=17 inst=53 rollout "Gerrymander" Creature lvl1 hero1
t=6 ph=3 ap=0 snaps=1881 hooks=17 inst=53 rollout "Gerrymander" Creature lvl1 hero1
t=6 ph=3 ap=0 snaps=1887 hooks=17 inst=53 rollout "Gerrymander" Creature lvl1 hero1
t=6 ph=3 ap=0 snaps=1890 hooks=17 inst=53 rollout "Gerrymander" Creature lvl1 hero1
t=6 ph=3 ap=0 snaps=1898 hooks=17 inst=53 rollout "Gerrymander" Creature lvl1 hero1
t=6 ph=3 ap=0 snaps=1906 hooks=17 inst=53 rollout "Gerrymander" Creature lvl1 hero1
t=6 ph=3 ap=0 snaps=1909 hooks=17 inst=53 rollout "Gerrymander" Creature lvl1 hero1
t=6 ph=3 ap=0 snaps=1916 hooks=17 inst=53 rollout "Gerrymander" Creature lvl1 hero1
t=6 ph=3 ap=0 snaps=1923 hooks=17 inst=53 summon "Gerrymander" p0/h1
t=6 ph=5 ap=0 snaps=1931 hooks=28 inst=55 switchTurn ending p0
t=7 ph=2 ap=1 snaps=1931 hooks=10 inst=56 cpuTurnStart cpu=p1 hand=4
t=7 ph=5 ap=1 snaps=1959 hooks=26 inst=60 switchTurn ending p1
t=8 ph=2 ap=0 snaps=1959 hooks=10 inst=61 cpuTurnStart cpu=p0 hand=3
t=8 ph=3 ap=0 snaps=1968 hooks=15 inst=61 rollout "The Cosmic Depths" Spell lvl1 hero0
t=8 ph=3 ap=0 snaps=1972 hooks=15 inst=61 rollout "The Cosmic Depths" Spell lvl1 hero1
t=8 ph=3 ap=0 snaps=1983 hooks=15 inst=61 rollout "The Cosmic Depths" Spell lvl1 hero0
t=8 ph=3 ap=0 snaps=1989 hooks=15 inst=61 rollout "The Cosmic Depths" Spell lvl1 hero0
t=8 ph=3 ap=0 snaps=1994 hooks=15 inst=61 rollout "The Cosmic Depths" Spell lvl1 hero1
t=8 ph=3 ap=0 snaps=2001 hooks=15 inst=61 rollout "The Cosmic Depths" Spell lvl1 hero1
t=8 ph=3 ap=0 snaps=2005 hooks=15 inst=61 rollout "The Cosmic Depths" Spell lvl1 hero1
t=8 ph=3 ap=0 snaps=2009 hooks=15 inst=61 rollout "The Cosmic Depths" Spell lvl1 hero1
t=8 ph=3 ap=0 snaps=2013 hooks=15 inst=61 rollout "The Cosmic Depths" Spell lvl1 hero1
t=8 ph=3 ap=0 snaps=2019 hooks=15 inst=61 rollout "The Cosmic Depths" Spell lvl1 hero1
t=8 ph=3 ap=0 snaps=2024 hooks=15 inst=61 rollout "The Cosmic Depths" Spell lvl1 hero1
t=8 ph=3 ap=0 snaps=2028 hooks=15 inst=61 rollout "The Cosmic Depths" Spell lvl1 hero1
t=8 ph=3 ap=0 snaps=2037 hooks=15 inst=61 rollout "The Cosmic Depths" Spell lvl1 hero1
t=8 ph=3 ap=0 snaps=2042 hooks=15 inst=61 rollout "The Cosmic Depths" Spell lvl1 hero1
t=8 ph=3 ap=0 snaps=2052 hooks=15 inst=61 rollout "The Cosmic Depths" Spell lvl1 hero1
t=8 ph=3 ap=0 snaps=2060 hooks=15 inst=61 rollout "The Cosmic Depths" Spell lvl1 hero1
t=8 ph=3 ap=0 snaps=2068 hooks=15 inst=61 rollout "The Cosmic Depths" Spell lvl1 hero1
t=8 ph=3 ap=0 snaps=2081 hooks=15 inst=61 rollout "The Cosmic Depths" Spell lvl1 hero1
t=8 ph=3 ap=0 snaps=2089 hooks=15 inst=61 rollout "The Cosmic Depths" Spell lvl1 hero1
t=8 ph=3 ap=0 snaps=2100 hooks=15 inst=61 rollout "The Cosmic Depths" Spell lvl1 hero1
t=8 ph=3 ap=0 snaps=2109 hooks=15 inst=61 rollout "The Cosmic Depths" Spell lvl1 hero1
t=8 ph=3 ap=0 snaps=2116 hooks=15 inst=61 rollout "The Cosmic Depths" Spell lvl1 hero1
t=8 ph=3 ap=0 snaps=2127 hooks=15 inst=61 rollout "The Cosmic Depths" Spell lvl1 hero0
t=8 ph=3 ap=0 snaps=2134 hooks=15 inst=61 rollout "The Cosmic Depths" Spell lvl1 hero0
t=8 ph=3 ap=0 snaps=2138 hooks=15 inst=61 rollout "The Cosmic Depths" Spell lvl1 hero1
t=8 ph=3 ap=0 snaps=2148 hooks=15 inst=61 rollout "The Cosmic Depths" Spell lvl1 hero0
t=8 ph=3 ap=0 snaps=2150 hooks=15 inst=61 rollout "The Cosmic Depths" Spell lvl1 hero1
t=8 ph=3 ap=0 snaps=2158 hooks=15 inst=61 rollout "The Cosmic Depths" Spell lvl1 hero1
t=8 ph=3 ap=0 snaps=2177 hooks=15 inst=61 rollout "The Cosmic Depths" Spell lvl1 hero0
t=8 ph=3 ap=0 snaps=2187 hooks=15 inst=61 rollout "The Cosmic Depths" Spell lvl1 hero0
t=8 ph=3 ap=0 snaps=2195 hooks=15 inst=61 rollout "The Cosmic Depths" Spell lvl1 hero0
t=8 ph=3 ap=0 snaps=2203 hooks=15 inst=61 rollout "The Cosmic Depths" Spell lvl1 hero0
t=8 ph=3 ap=0 snaps=2210 hooks=15 inst=61 rollout "The Cosmic Depths" Spell lvl1 hero0
t=8 ph=3 ap=0 snaps=2220 hooks=15 inst=61 rollout "The Cosmic Depths" Spell lvl1 hero0
t=8 ph=3 ap=0 snaps=2230 hooks=15 inst=61 rollout "The Cosmic Depths" Spell lvl1 hero0
t=8 ph=3 ap=0 snaps=2237 hooks=15 inst=61 rollout "The Cosmic Depths" Spell lvl1 hero0
t=8 ph=3 ap=0 snaps=2258 hooks=15 inst=61 rollout "The Cosmic Depths" Spell lvl1 hero0
t=8 ph=3 ap=0 snaps=2264 hooks=15 inst=61 rollout "The Cosmic Depths" Spell lvl1 hero0
t=8 ph=3 ap=0 snaps=2268 hooks=15 inst=61 rollout "The Cosmic Depths" Spell lvl1 hero0
t=8 ph=3 ap=0 snaps=2274 hooks=15 inst=61 rollout "The Cosmic Depths" Spell lvl1 hero0
t=8 ph=3 ap=0 snaps=2285 hooks=15 inst=61 rollout "The Cosmic Depths" Spell lvl1 hero0
t=8 ph=3 ap=0 snaps=2293 hooks=15 inst=61 rollout "The Cosmic Depths" Spell lvl1 hero0
t=8 ph=3 ap=0 snaps=2301 hooks=15 inst=61 rollout "The Cosmic Depths" Spell lvl1 hero0
t=8 ph=3 ap=0 snaps=2306 hooks=15 inst=61 rollout "The Cosmic Depths" Spell lvl1 hero0
t=8 ph=3 ap=0 snaps=2313 hooks=15 inst=61 rollout "The Cosmic Depths" Spell lvl1 hero0
t=8 ph=3 ap=0 snaps=2320 hooks=15 inst=61 rollout "The Cosmic Depths" Spell lvl1 hero0
t=8 ph=3 ap=0 snaps=2324 hooks=15 inst=61 rollout "The Cosmic Depths" Spell lvl1 hero0
t=8 ph=3 ap=0 snaps=2330 hooks=15 inst=61 rollout "The Cosmic Depths" Spell lvl1 hero0
t=8 ph=3 ap=0 snaps=2336 hooks=15 inst=61 rollout "The Cosmic Depths" Spell lvl1 hero0
t=8 ph=3 ap=0 snaps=2347 hooks=15 inst=61 rollout "The Cosmic Depths" Spell lvl1 hero0
t=8 ph=3 ap=0 snaps=2359 hooks=15 inst=61 rollout "The Cosmic Depths" Spell lvl1 hero0
t=8 ph=3 ap=0 snaps=2365 hooks=15 inst=61 rollout "The Cosmic Depths" Spell lvl1 hero0
t=8 ph=3 ap=0 snaps=2369 hooks=15 inst=61 rollout "The Cosmic Depths" Spell lvl1 hero0
t=8 ph=3 ap=0 snaps=2375 hooks=15 inst=61 rollout "The Cosmic Depths" Spell lvl1 hero0
t=8 ph=3 ap=0 snaps=2386 hooks=15 inst=61 rollout "The Cosmic Depths" Spell lvl1 hero0
t=8 ph=3 ap=0 snaps=2395 hooks=15 inst=61 rollout "The Cosmic Depths" Spell lvl1 hero0
t=8 ph=3 ap=0 snaps=2406 hooks=15 inst=61 rollout "The Cosmic Depths" Spell lvl1 hero0
t=8 ph=3 ap=0 snaps=2412 hooks=15 inst=61 rollout "The Cosmic Depths" Spell lvl1 hero1
t=8 ph=3 ap=0 snaps=2416 hooks=15 inst=61 rollout "The Cosmic Depths" Spell lvl1 hero1
t=8 ph=3 ap=0 snaps=2429 hooks=15 inst=61 rollout "The Cosmic Depths" Spell lvl1 hero1
t=8 ph=3 ap=0 snaps=2433 hooks=15 inst=61 rollout "The Cosmic Depths" Spell lvl1 hero1
t=8 ph=3 ap=0 snaps=2445 hooks=15 inst=61 rollout "The Cosmic Depths" Spell lvl1 hero1
t=8 ph=3 ap=0 snaps=2450 hooks=15 inst=61 rollout "The Cosmic Depths" Spell lvl1 hero1
t=8 ph=3 ap=0 snaps=2458 hooks=15 inst=61 rollout "The Cosmic Depths" Spell lvl1 hero1
t=8 ph=3 ap=0 snaps=2466 hooks=15 inst=61 rollout "The Cosmic Depths" Spell lvl1 hero1
t=8 ph=3 ap=0 snaps=2472 hooks=15 inst=61 rollout "The Cosmic Depths" Spell lvl1 hero1
t=8 ph=3 ap=0 snaps=2481 hooks=15 inst=61 rollout "The Cosmic Depths" Spell lvl1 hero1
t=8 ph=3 ap=0 snaps=2485 hooks=15 inst=61 rollout "The Cosmic Depths" Spell lvl1 hero1
t=8 ph=3 ap=0 snaps=2492 hooks=15 inst=61 rollout "The Cosmic Depths" Spell lvl1 hero1
t=8 ph=3 ap=0 snaps=2506 hooks=15 inst=61 rollout "The Cosmic Depths" Spell lvl1 hero1
t=8 ph=3 ap=0 snaps=2511 hooks=15 inst=61 rollout "The Cosmic Depths" Spell lvl1 hero1
t=8 ph=3 ap=0 snaps=2521 hooks=15 inst=61 rollout "The Cosmic Depths" Spell lvl1 hero1
t=8 ph=3 ap=0 snaps=2527 hooks=15 inst=61 rollout "The Cosmic Depths" Spell lvl1 hero1
t=8 ph=3 ap=0 snaps=2533 hooks=15 inst=61 rollout "The Cosmic Depths" Spell lvl1 hero1
t=8 ph=3 ap=0 snaps=2541 hooks=15 inst=61 rollout "The Cosmic Depths" Spell lvl1 hero1
t=8 ph=3 ap=0 snaps=2546 hooks=15 inst=61 rollout "The Cosmic Depths" Spell lvl1 hero1
t=8 ph=3 ap=0 snaps=2553 hooks=15 inst=61 rollout "The Cosmic Depths" Spell lvl1 hero1
t=8 ph=3 ap=0 snaps=2559 hooks=15 inst=61 rollout "The Cosmic Depths" Spell lvl1 hero1
t=8 ph=3 ap=0 snaps=2566 hooks=15 inst=61 rollout "The Cosmic Depths" Spell lvl1 hero1
t=8 ph=3 ap=0 snaps=2580 hooks=15 inst=61 rollout "The Cosmic Depths" Spell lvl1 hero1
t=8 ph=5 ap=0 snaps=2595 hooks=25 inst=62 switchTurn ending p0
t=9 ph=2 ap=1 snaps=2595 hooks=10 inst=63 cpuTurnStart cpu=p1 hand=7
t=9 ph=3 ap=1 snaps=2611 hooks=22 inst=65 rollout "Chain Lightning" Spell lvl3 hero1
t=9 ph=3 ap=1 snaps=2615 hooks=22 inst=65 rollout "Chain Lightning" Spell lvl3 hero1
t=9 ph=3 ap=1 snaps=2618 hooks=22 inst=65 rollout "Chain Lightning" Spell lvl3 hero1
t=9 ph=3 ap=1 snaps=2628 hooks=22 inst=65 rollout "Chain Lightning" Spell lvl3 hero1
t=9 ph=3 ap=1 snaps=2633 hooks=22 inst=65 rollout "Chain Lightning" Spell lvl3 hero1
t=9 ph=3 ap=1 snaps=2636 hooks=22 inst=65 rollout "Chain Lightning" Spell lvl3 hero1
t=9 ph=3 ap=1 snaps=2638 hooks=22 inst=65 rollout "Chain Lightning" Spell lvl3 hero1
t=9 ph=3 ap=1 snaps=2639 hooks=22 inst=65 rollout "Chain Lightning" Spell lvl3 hero1
t=9 ph=3 ap=1 snaps=2646 hooks=22 inst=65 rollout "Chain Lightning" Spell lvl3 hero1
t=9 ph=3 ap=1 snaps=2654 hooks=22 inst=65 rollout "Chain Lightning" Spell lvl3 hero1
t=9 ph=3 ap=1 snaps=2660 hooks=22 inst=65 rollout "Chain Lightning" Spell lvl3 hero1
t=9 ph=3 ap=1 snaps=2664 hooks=22 inst=65 rollout "Chain Lightning" Spell lvl3 hero1
t=9 ph=3 ap=1 snaps=2671 hooks=22 inst=65 rollout "Chain Lightning" Spell lvl3 hero1
t=9 ph=3 ap=1 snaps=2679 hooks=22 inst=65 rollout "Chain Lightning" Spell lvl3 hero1
t=9 ph=3 ap=1 snaps=2686 hooks=22 inst=65 rollout "Chain Lightning" Spell lvl3 hero1
t=9 ph=3 ap=1 snaps=2687 hooks=22 inst=65 rollout "Chain Lightning" Spell lvl3 hero1
t=9 ph=3 ap=1 snaps=2691 hooks=22 inst=65 rollout "Chain Lightning" Spell lvl3 hero1
t=9 ph=3 ap=1 snaps=2697 hooks=22 inst=65 rollout "Chain Lightning" Spell lvl3 hero1
t=9 ph=3 ap=1 snaps=2705 hooks=22 inst=65 rollout "Chain Lightning" Spell lvl3 hero1
t=9 ph=3 ap=1 snaps=2709 hooks=22 inst=65 rollout "Chain Lightning" Spell lvl3 hero1
t=9 ph=3 ap=1 snaps=2716 hooks=22 inst=65 rollout "Chain Lightning" Spell lvl3 hero1
t=9 ph=3 ap=1 snaps=2722 hooks=22 inst=65 rollout "Chain Lightning" Spell lvl3 hero1
t=9 ph=3 ap=1 snaps=2727 hooks=22 inst=65 rollout "Chain Lightning" Spell lvl3 hero1
t=9 ph=3 ap=1 snaps=2734 hooks=22 inst=65 rollout "Chain Lightning" Spell lvl3 hero1
t=9 ph=3 ap=1 snaps=2740 hooks=22 inst=65 rollout "Chain Lightning" Spell lvl3 hero1
t=9 ph=3 ap=1 snaps=2746 hooks=22 inst=65 rollout "Chain Lightning" Spell lvl3 hero1
t=9 ph=3 ap=1 snaps=2750 hooks=22 inst=65 rollout "Chain Lightning" Spell lvl3 hero1
t=9 ph=3 ap=1 snaps=2753 hooks=22 inst=65 rollout "Chain Lightning" Spell lvl3 hero1
t=9 ph=3 ap=1 snaps=2758 hooks=22 inst=65 rollout "Chain Lightning" Spell lvl3 hero1
t=9 ph=3 ap=1 snaps=2760 hooks=22 inst=65 rollout "Chain Lightning" Spell lvl3 hero1
t=9 ph=3 ap=1 snaps=2764 hooks=22 inst=65 rollout "Chain Lightning" Spell lvl3 hero1
t=9 ph=3 ap=1 snaps=2766 hooks=22 inst=65 rollout "Chain Lightning" Spell lvl3 hero1
t=9 ph=3 ap=1 snaps=2771 hooks=22 inst=65 rollout "Chain Lightning" Spell lvl3 hero1
t=9 ph=3 ap=1 snaps=2780 hooks=22 inst=65 rollout "Chain Lightning" Spell lvl3 hero1
t=9 ph=3 ap=1 snaps=2785 hooks=22 inst=65 rollout "Chain Lightning" Spell lvl3 hero1
t=9 ph=3 ap=1 snaps=2794 hooks=22 inst=65 rollout "Chain Lightning" Spell lvl3 hero1
t=9 ph=3 ap=1 snaps=2800 hooks=22 inst=65 rollout "Chain Lightning" Spell lvl3 hero1
t=9 ph=3 ap=1 snaps=2807 hooks=22 inst=65 rollout "Chain Lightning" Spell lvl3 hero1
t=9 ph=3 ap=1 snaps=2812 hooks=22 inst=65 rollout "Chain Lightning" Spell lvl3 hero1
t=9 ph=3 ap=1 snaps=2817 hooks=22 inst=65 rollout "Chain Lightning" Spell lvl3 hero1
t=9 ph=3 ap=1 snaps=2822 hooks=22 inst=65 rollout "Chain Lightning" Spell lvl3 hero1
t=9 ph=3 ap=1 snaps=2824 hooks=22 inst=65 rollout "Chain Lightning" Spell lvl3 hero1
t=9 ph=3 ap=1 snaps=2825 hooks=22 inst=65 rollout "Chain Lightning" Spell lvl3 hero1
t=9 ph=3 ap=1 snaps=2830 hooks=22 inst=65 rollout "Chain Lightning" Spell lvl3 hero1
t=9 ph=3 ap=1 snaps=2835 hooks=22 inst=65 rollout "Chain Lightning" Spell lvl3 hero1
t=9 ph=3 ap=1 snaps=2847 hooks=22 inst=65 rollout "Chain Lightning" Spell lvl3 hero1
t=9 ph=3 ap=1 snaps=2850 hooks=22 inst=65 rollout "Chain Lightning" Spell lvl3 hero1
t=9 ph=3 ap=1 snaps=2858 hooks=22 inst=65 rollout "Chain Lightning" Spell lvl3 hero1
t=9 ph=3 ap=1 snaps=2864 hooks=22 inst=65 rollout "Chain Lightning" Spell lvl3 hero1
t=9 ph=3 ap=1 snaps=2873 hooks=22 inst=65 rollout "Chain Lightning" Spell lvl3 hero1
t=9 ph=3 ap=1 snaps=2885 hooks=22 inst=65 rollout "Chain Lightning" Spell lvl3 hero1
t=9 ph=3 ap=1 snaps=2896 hooks=22 inst=65 rollout "Chain Lightning" Spell lvl3 hero1
t=9 ph=3 ap=1 snaps=2899 hooks=22 inst=65 rollout "Chain Lightning" Spell lvl3 hero1
t=9 ph=3 ap=1 snaps=2904 hooks=22 inst=65 rollout "Chain Lightning" Spell lvl3 hero1
t=9 ph=3 ap=1 snaps=2911 hooks=22 inst=65 rollout "Chain Lightning" Spell lvl3 hero1
t=9 ph=3 ap=1 snaps=2916 hooks=22 inst=65 rollout "Chain Lightning" Spell lvl3 hero1
t=9 ph=3 ap=1 snaps=2918 hooks=22 inst=65 rollout "Chain Lightning" Spell lvl3 hero1
t=9 ph=3 ap=1 snaps=2927 hooks=22 inst=65 rollout "Chain Lightning" Spell lvl3 hero1
t=9 ph=3 ap=1 snaps=2938 hooks=22 inst=65 rollout "Chain Lightning" Spell lvl3 hero1
t=9 ph=3 ap=1 snaps=2940 hooks=22 inst=65 rollout "Chain Lightning" Spell lvl3 hero1
t=9 ph=3 ap=1 snaps=2944 hooks=22 inst=65 rollout "Chain Lightning" Spell lvl3 hero1
t=9 ph=3 ap=1 snaps=2950 hooks=22 inst=65 rollout "Chain Lightning" Spell lvl3 hero1
t=9 ph=3 ap=1 snaps=2956 hooks=22 inst=65 rollout "Chain Lightning" Spell lvl3 hero1
t=9 ph=3 ap=1 snaps=2964 hooks=22 inst=65 rollout "Chain Lightning" Spell lvl3 hero1
t=9 ph=3 ap=1 snaps=2972 hooks=22 inst=65 rollout "Chain Lightning" Spell lvl3 hero1
t=9 ph=3 ap=1 snaps=2980 hooks=22 inst=65 rollout "Chain Lightning" Spell lvl3 hero1
t=9 ph=3 ap=1 snaps=2985 hooks=22 inst=65 rollout "Chain Lightning" Spell lvl3 hero1
t=9 ph=3 ap=1 snaps=2987 hooks=22 inst=65 rollout "Chain Lightning" Spell lvl3 hero1
t=9 ph=3 ap=1 snaps=2991 hooks=22 inst=65 rollout "Chain Lightning" Spell lvl3 hero1
t=9 ph=3 ap=1 snaps=2999 hooks=22 inst=65 rollout "Chain Lightning" Spell lvl3 hero1
t=9 ph=3 ap=1 snaps=3003 hooks=22 inst=65 rollout "Chain Lightning" Spell lvl3 hero1
t=9 ph=3 ap=1 snaps=3005 hooks=22 inst=65 rollout "Chain Lightning" Spell lvl3 hero1
t=9 ph=3 ap=1 snaps=3012 hooks=22 inst=65 rollout "Chain Lightning" Spell lvl3 hero1
t=9 ph=3 ap=1 snaps=3014 hooks=22 inst=65 rollout "Chain Lightning" Spell lvl3 hero1
t=9 ph=3 ap=1 snaps=3015 hooks=22 inst=65 rollout "Chain Lightning" Spell lvl3 hero1
t=9 ph=3 ap=1 snaps=3017 hooks=22 inst=65 rollout "Chain Lightning" Spell lvl3 hero1
t=9 ph=3 ap=1 snaps=3023 hooks=22 inst=65 rollout "Chain Lightning" Spell lvl3 hero1
t=9 ph=3 ap=1 snaps=3026 hooks=22 inst=65 rollout "Chain Lightning" Spell lvl3 hero1
t=9 ph=3 ap=1 snaps=3032 hooks=22 inst=65 rollout "Chain Lightning" Spell lvl3 hero1
t=9 ph=3 ap=1 snaps=3036 hooks=22 inst=65 rollout "Chain Lightning" Spell lvl3 hero1
t=9 ph=5 ap=1 snaps=3044 hooks=38 inst=65 switchTurn ending p1
t=10 ph=2 ap=0 snaps=3044 hooks=10 inst=66 cpuTurnStart cpu=p0 hand=3
t=10 ph=5 ap=0 snaps=3063 hooks=20 inst=66 switchTurn ending p0
t=11 ph=2 ap=1 snaps=3063 hooks=10 inst=67 cpuTurnStart cpu=p1 hand=8
t=11 ph=3 ap=1 snaps=3080 hooks=15 inst=68 rollout "Chain Lightning" Spell lvl3 hero1
t=11 ph=3 ap=1 snaps=3086 hooks=15 inst=68 rollout "Chain Lightning" Spell lvl3 hero1
t=11 ph=3 ap=1 snaps=3090 hooks=15 inst=68 rollout "Chain Lightning" Spell lvl3 hero1
t=11 ph=3 ap=1 snaps=3093 hooks=15 inst=68 rollout "Chain Lightning" Spell lvl3 hero1
t=11 ph=3 ap=1 snaps=3100 hooks=15 inst=68 rollout "Chain Lightning" Spell lvl3 hero1
t=11 ph=3 ap=1 snaps=3107 hooks=15 inst=68 rollout "Chain Lightning" Spell lvl3 hero1
t=11 ph=3 ap=1 snaps=3113 hooks=15 inst=68 rollout "Chain Lightning" Spell lvl3 hero1
t=11 ph=3 ap=1 snaps=3118 hooks=15 inst=68 rollout "Chain Lightning" Spell lvl3 hero1
t=11 ph=3 ap=1 snaps=3120 hooks=15 inst=68 rollout "Chain Lightning" Spell lvl3 hero1
t=11 ph=3 ap=1 snaps=3126 hooks=15 inst=68 rollout "Chain Lightning" Spell lvl3 hero1
t=11 ph=3 ap=1 snaps=3127 hooks=15 inst=68 rollout "Chain Lightning" Spell lvl3 hero1
t=11 ph=3 ap=1 snaps=3129 hooks=15 inst=68 rollout "Chain Lightning" Spell lvl3 hero1
t=11 ph=3 ap=1 snaps=3131 hooks=15 inst=68 rollout "Chain Lightning" Spell lvl3 hero1
t=11 ph=3 ap=1 snaps=3139 hooks=15 inst=68 rollout "Chain Lightning" Spell lvl3 hero1
t=11 ph=3 ap=1 snaps=3146 hooks=15 inst=68 rollout "Chain Lightning" Spell lvl3 hero1
t=11 ph=3 ap=1 snaps=3152 hooks=15 inst=68 rollout "Chain Lightning" Spell lvl3 hero1
t=11 ph=3 ap=1 snaps=3162 hooks=15 inst=68 rollout "Chain Lightning" Spell lvl3 hero1
t=11 ph=3 ap=1 snaps=3167 hooks=15 inst=68 rollout "Chain Lightning" Spell lvl3 hero1
t=11 ph=3 ap=1 snaps=3172 hooks=15 inst=68 rollout "Chain Lightning" Spell lvl3 hero1
t=11 ph=3 ap=1 snaps=3177 hooks=15 inst=68 rollout "Chain Lightning" Spell lvl3 hero1
t=11 ph=3 ap=1 snaps=3179 hooks=15 inst=68 rollout "Chain Lightning" Spell lvl3 hero1
t=11 ph=3 ap=1 snaps=3182 hooks=15 inst=68 rollout "Chain Lightning" Spell lvl3 hero1
t=11 ph=3 ap=1 snaps=3190 hooks=15 inst=68 rollout "Chain Lightning" Spell lvl3 hero1
t=11 ph=3 ap=1 snaps=3198 hooks=15 inst=68 rollout "Chain Lightning" Spell lvl3 hero1
t=11 ph=3 ap=1 snaps=3202 hooks=15 inst=68 rollout "Chain Lightning" Spell lvl3 hero1
t=11 ph=3 ap=1 snaps=3212 hooks=15 inst=68 rollout "Chain Lightning" Spell lvl3 hero1
t=11 ph=3 ap=1 snaps=3214 hooks=15 inst=68 rollout "Chain Lightning" Spell lvl3 hero1
t=11 ph=3 ap=1 snaps=3216 hooks=15 inst=68 rollout "Chain Lightning" Spell lvl3 hero1
t=11 ph=3 ap=1 snaps=3220 hooks=15 inst=68 rollout "Chain Lightning" Spell lvl3 hero1
t=11 ph=3 ap=1 snaps=3223 hooks=15 inst=68 rollout "Chain Lightning" Spell lvl3 hero1
t=11 ph=3 ap=1 snaps=3227 hooks=15 inst=68 rollout "Chain Lightning" Spell lvl3 hero1
t=11 ph=3 ap=1 snaps=3234 hooks=15 inst=68 rollout "Chain Lightning" Spell lvl3 hero1
t=11 ph=3 ap=1 snaps=3237 hooks=15 inst=68 rollout "Chain Lightning" Spell lvl3 hero1
t=11 ph=3 ap=1 snaps=3243 hooks=15 inst=68 rollout "Chain Lightning" Spell lvl3 hero1
t=11 ph=3 ap=1 snaps=3245 hooks=15 inst=68 rollout "Chain Lightning" Spell lvl3 hero1
t=11 ph=3 ap=1 snaps=3254 hooks=15 inst=68 rollout "Chain Lightning" Spell lvl3 hero1
t=11 ph=3 ap=1 snaps=3264 hooks=15 inst=68 rollout "Chain Lightning" Spell lvl3 hero1
t=11 ph=3 ap=1 snaps=3268 hooks=15 inst=68 rollout "Chain Lightning" Spell lvl3 hero1
t=11 ph=3 ap=1 snaps=3272 hooks=15 inst=68 rollout "Chain Lightning" Spell lvl3 hero1
t=11 ph=3 ap=1 snaps=3276 hooks=15 inst=68 rollout "Chain Lightning" Spell lvl3 hero1
t=11 ph=3 ap=1 snaps=3281 hooks=15 inst=68 rollout "Chain Lightning" Spell lvl3 hero1
t=11 ph=3 ap=1 snaps=3283 hooks=15 inst=68 rollout "Chain Lightning" Spell lvl3 hero1
t=11 ph=3 ap=1 snaps=3290 hooks=15 inst=68 rollout "Chain Lightning" Spell lvl3 hero1
t=11 ph=3 ap=1 snaps=3292 hooks=15 inst=68 rollout "Chain Lightning" Spell lvl3 hero1
t=11 ph=3 ap=1 snaps=3296 hooks=15 inst=68 rollout "Chain Lightning" Spell lvl3 hero1
t=11 ph=3 ap=1 snaps=3301 hooks=15 inst=68 rollout "Chain Lightning" Spell lvl3 hero1
t=11 ph=3 ap=1 snaps=3309 hooks=15 inst=68 rollout "Chain Lightning" Spell lvl3 hero1
t=11 ph=3 ap=1 snaps=3317 hooks=15 inst=68 rollout "Chain Lightning" Spell lvl3 hero1
t=11 ph=3 ap=1 snaps=3320 hooks=15 inst=68 rollout "Chain Lightning" Spell lvl3 hero1
t=11 ph=3 ap=1 snaps=3322 hooks=15 inst=68 rollout "Chain Lightning" Spell lvl3 hero1
t=11 ph=3 ap=1 snaps=3329 hooks=15 inst=68 rollout "Chain Lightning" Spell lvl3 hero1
t=11 ph=3 ap=1 snaps=3331 hooks=15 inst=68 rollout "Chain Lightning" Spell lvl3 hero1
t=11 ph=3 ap=1 snaps=3337 hooks=15 inst=68 rollout "Chain Lightning" Spell lvl3 hero1
t=11 ph=3 ap=1 snaps=3344 hooks=15 inst=68 rollout "Chain Lightning" Spell lvl3 hero1
t=11 ph=3 ap=1 snaps=3348 hooks=15 inst=68 rollout "Chain Lightning" Spell lvl3 hero1
t=11 ph=3 ap=1 snaps=3354 hooks=15 inst=68 rollout "Chain Lightning" Spell lvl3 hero1
t=11 ph=3 ap=1 snaps=3360 hooks=15 inst=68 rollout "Chain Lightning" Spell lvl3 hero1
t=11 ph=3 ap=1 snaps=3367 hooks=15 inst=68 rollout "Chain Lightning" Spell lvl3 hero1
t=11 ph=3 ap=1 snaps=3371 hooks=15 inst=68 rollout "Chain Lightning" Spell lvl3 hero1
t=11 ph=3 ap=1 snaps=3377 hooks=15 inst=68 rollout "Chain Lightning" Spell lvl3 hero1
t=11 ph=3 ap=1 snaps=3381 hooks=15 inst=68 rollout "Chain Lightning" Spell lvl3 hero1
t=11 ph=3 ap=1 snaps=3384 hooks=15 inst=68 rollout "Chain Lightning" Spell lvl3 hero1
t=11 ph=3 ap=1 snaps=3386 hooks=15 inst=68 rollout "Chain Lightning" Spell lvl3 hero1
t=11 ph=3 ap=1 snaps=3392 hooks=15 inst=68 rollout "Chain Lightning" Spell lvl3 hero1
t=11 ph=3 ap=1 snaps=3400 hooks=15 inst=68 rollout "Chain Lightning" Spell lvl3 hero1
t=11 ph=3 ap=1 snaps=3405 hooks=15 inst=68 rollout "Chain Lightning" Spell lvl3 hero1
t=11 ph=3 ap=1 snaps=3407 hooks=15 inst=68 rollout "Chain Lightning" Spell lvl3 hero1
t=11 ph=3 ap=1 snaps=3417 hooks=15 inst=68 rollout "Chain Lightning" Spell lvl3 hero1
t=11 ph=3 ap=1 snaps=3421 hooks=15 inst=68 rollout "Chain Lightning" Spell lvl3 hero1
t=11 ph=3 ap=1 snaps=3423 hooks=15 inst=68 rollout "Chain Lightning" Spell lvl3 hero1
t=11 ph=3 ap=1 snaps=3436 hooks=15 inst=68 rollout "Chain Lightning" Spell lvl3 hero1
t=11 ph=3 ap=1 snaps=3443 hooks=15 inst=68 rollout "Chain Lightning" Spell lvl3 hero1
t=11 ph=3 ap=1 snaps=3444 hooks=15 inst=68 rollout "Chain Lightning" Spell lvl3 hero1
t=11 ph=3 ap=1 snaps=3448 hooks=15 inst=68 rollout "Chain Lightning" Spell lvl3 hero1
t=11 ph=3 ap=1 snaps=3452 hooks=15 inst=68 rollout "Chain Lightning" Spell lvl3 hero1
t=11 ph=3 ap=1 snaps=3454 hooks=15 inst=68 rollout "Chain Lightning" Spell lvl3 hero1
t=11 ph=3 ap=1 snaps=3457 hooks=15 inst=68 rollout "Chain Lightning" Spell lvl3 hero1
t=11 ph=3 ap=1 snaps=3462 hooks=15 inst=68 rollout "Chain Lightning" Spell lvl3 hero1
t=11 ph=3 ap=1 snaps=3466 hooks=15 inst=68 rollout "Chain Lightning" Spell lvl3 hero1
t=11 ph=3 ap=1 snaps=3470 hooks=15 inst=68 rollout "Chain Lightning" Spell lvl3 hero1
t=11 ph=5 ap=1 snaps=3489 hooks=39 inst=70 switchTurn ending p1
t=12 ph=2 ap=0 snaps=3489 hooks=10 inst=71 cpuTurnStart cpu=p0 hand=4
t=12 ph=3 ap=0 snaps=3558 hooks=18 inst=72 rollout "Gerrymander" Creature lvl1 hero0
t=12 ph=3 ap=0 snaps=3562 hooks=18 inst=72 rollout "Gerrymander" Creature lvl1 hero0
t=12 ph=3 ap=0 snaps=3568 hooks=18 inst=72 rollout "Gerrymander" Creature lvl1 hero0
t=12 ph=3 ap=0 snaps=3571 hooks=18 inst=72 rollout "Gerrymander" Creature lvl1 hero0
t=12 ph=3 ap=0 snaps=3572 hooks=18 inst=72 rollout "Gerrymander" Creature lvl1 hero0
t=12 ph=3 ap=0 snaps=3576 hooks=18 inst=72 rollout "Gerrymander" Creature lvl1 hero0
t=12 ph=3 ap=0 snaps=3577 hooks=18 inst=72 rollout "Gerrymander" Creature lvl1 hero0
t=12 ph=3 ap=0 snaps=3579 hooks=18 inst=72 rollout "Gerrymander" Creature lvl1 hero0
t=12 ph=3 ap=0 snaps=3580 hooks=18 inst=72 rollout "Gerrymander" Creature lvl1 hero0
t=12 ph=3 ap=0 snaps=3582 hooks=18 inst=72 rollout "Gerrymander" Creature lvl1 hero0
t=12 ph=3 ap=0 snaps=3584 hooks=18 inst=72 rollout "Gerrymander" Creature lvl1 hero0
t=12 ph=3 ap=0 snaps=3587 hooks=18 inst=72 rollout "Gerrymander" Creature lvl1 hero0
t=12 ph=3 ap=0 snaps=3590 hooks=18 inst=72 rollout "Gerrymander" Creature lvl1 hero0
t=12 ph=3 ap=0 snaps=3593 hooks=18 inst=72 rollout "Gerrymander" Creature lvl1 hero0
t=12 ph=3 ap=0 snaps=3598 hooks=18 inst=72 rollout "Gerrymander" Creature lvl1 hero0
t=12 ph=3 ap=0 snaps=3602 hooks=18 inst=72 rollout "Gerrymander" Creature lvl1 hero0
t=12 ph=3 ap=0 snaps=3604 hooks=18 inst=72 rollout "Gerrymander" Creature lvl1 hero0
t=12 ph=3 ap=0 snaps=3606 hooks=18 inst=72 rollout "Gerrymander" Creature lvl1 hero0
t=12 ph=3 ap=0 snaps=3608 hooks=18 inst=72 rollout "Gerrymander" Creature lvl1 hero0
t=12 ph=3 ap=0 snaps=3611 hooks=18 inst=72 rollout "Gerrymander" Creature lvl1 hero0
t=12 ph=3 ap=0 snaps=3613 hooks=18 inst=72 rollout "Gerrymander" Creature lvl1 hero0
t=12 ph=3 ap=0 snaps=3615 hooks=18 inst=72 rollout "Gerrymander" Creature lvl1 hero0
t=12 ph=3 ap=0 snaps=3621 hooks=18 inst=72 rollout "Gerrymander" Creature lvl1 hero0
t=12 ph=3 ap=0 snaps=3623 hooks=18 inst=72 rollout "Gerrymander" Creature lvl1 hero0
t=12 ph=3 ap=0 snaps=3629 hooks=18 inst=72 rollout "Gerrymander" Creature lvl1 hero0
t=12 ph=3 ap=0 snaps=3631 hooks=18 inst=72 rollout "Gerrymander" Creature lvl1 hero0
t=12 ph=3 ap=0 snaps=3635 hooks=18 inst=72 rollout "Gerrymander" Creature lvl1 hero0
t=12 ph=3 ap=0 snaps=3639 hooks=18 inst=72 rollout "Gerrymander" Creature lvl1 hero0
t=12 ph=3 ap=0 snaps=3644 hooks=18 inst=72 rollout "Gerrymander" Creature lvl1 hero0
t=12 ph=3 ap=0 snaps=3649 hooks=18 inst=72 rollout "Gerrymander" Creature lvl1 hero0
t=12 ph=3 ap=0 snaps=3651 hooks=18 inst=72 rollout "Gerrymander" Creature lvl1 hero0
t=12 ph=3 ap=0 snaps=3655 hooks=18 inst=72 rollout "Gerrymander" Creature lvl1 hero0
t=12 ph=3 ap=0 snaps=3658 hooks=18 inst=72 rollout "Gerrymander" Creature lvl1 hero0
t=12 ph=3 ap=0 snaps=3664 hooks=18 inst=72 rollout "Gerrymander" Creature lvl1 hero0
t=12 ph=3 ap=0 snaps=3672 hooks=18 inst=72 rollout "Gerrymander" Creature lvl1 hero0
t=12 ph=3 ap=0 snaps=3674 hooks=18 inst=72 rollout "Gerrymander" Creature lvl1 hero0
t=12 ph=3 ap=0 snaps=3676 hooks=18 inst=72 rollout "Gerrymander" Creature lvl1 hero0
t=12 ph=3 ap=0 snaps=3681 hooks=18 inst=72 rollout "Gerrymander" Creature lvl1 hero0
t=12 ph=3 ap=0 snaps=3686 hooks=18 inst=72 rollout "Gerrymander" Creature lvl1 hero0
t=12 ph=3 ap=0 snaps=3689 hooks=18 inst=72 rollout "Gerrymander" Creature lvl1 hero0
t=12 ph=3 ap=0 snaps=3692 hooks=18 inst=72 rollout "Gerrymander" Creature lvl1 hero0
t=12 ph=3 ap=0 snaps=3697 hooks=18 inst=72 rollout "Gerrymander" Creature lvl1 hero0
t=12 ph=3 ap=0 snaps=3703 hooks=18 inst=72 rollout "Gerrymander" Creature lvl1 hero0
t=12 ph=3 ap=0 snaps=3705 hooks=18 inst=72 rollout "Gerrymander" Creature lvl1 hero0
t=12 ph=3 ap=0 snaps=3707 hooks=18 inst=72 rollout "Gerrymander" Creature lvl1 hero0
t=12 ph=3 ap=0 snaps=3711 hooks=18 inst=72 rollout "Gerrymander" Creature lvl1 hero0
t=12 ph=3 ap=0 snaps=3716 hooks=18 inst=72 rollout "Gerrymander" Creature lvl1 hero0
t=12 ph=3 ap=0 snaps=3718 hooks=18 inst=72 rollout "Gerrymander" Creature lvl1 hero0
t=12 ph=3 ap=0 snaps=3725 hooks=18 inst=72 rollout "Gerrymander" Creature lvl1 hero0
t=12 ph=3 ap=0 snaps=3728 hooks=18 inst=72 rollout "Gerrymander" Creature lvl1 hero0
t=12 ph=3 ap=0 snaps=3734 hooks=18 inst=72 rollout "Gerrymander" Creature lvl1 hero0
t=12 ph=3 ap=0 snaps=3742 hooks=18 inst=72 rollout "Gerrymander" Creature lvl1 hero0
t=12 ph=3 ap=0 snaps=3745 hooks=18 inst=72 rollout "Gerrymander" Creature lvl1 hero0
t=12 ph=3 ap=0 snaps=3747 hooks=18 inst=72 rollout "Gerrymander" Creature lvl1 hero0
t=12 ph=3 ap=0 snaps=3752 hooks=18 inst=72 rollout "Gerrymander" Creature lvl1 hero0
t=12 ph=3 ap=0 snaps=3755 hooks=18 inst=72 rollout "Gerrymander" Creature lvl1 hero0
t=12 ph=3 ap=0 snaps=3761 hooks=18 inst=72 rollout "Gerrymander" Creature lvl1 hero0
t=12 ph=3 ap=0 snaps=3763 hooks=18 inst=72 rollout "Gerrymander" Creature lvl1 hero0
t=12 ph=3 ap=0 snaps=3765 hooks=18 inst=72 rollout "Gerrymander" Creature lvl1 hero0
t=12 ph=3 ap=0 snaps=3770 hooks=18 inst=72 rollout "Gerrymander" Creature lvl1 hero0
t=12 ph=3 ap=0 snaps=3773 hooks=18 inst=72 rollout "Gerrymander" Creature lvl1 hero0
t=12 ph=3 ap=0 snaps=3777 hooks=18 inst=72 rollout "Gerrymander" Creature lvl1 hero0
t=12 ph=3 ap=0 snaps=3779 hooks=18 inst=72 rollout "Gerrymander" Creature lvl1 hero0
t=12 ph=3 ap=0 snaps=3785 hooks=18 inst=72 rollout "Gerrymander" Creature lvl1 hero0
t=12 ph=3 ap=0 snaps=3790 hooks=18 inst=72 rollout "Gerrymander" Creature lvl1 hero0
t=12 ph=3 ap=0 snaps=3796 hooks=18 inst=72 rollout "Gerrymander" Creature lvl1 hero0
t=12 ph=3 ap=0 snaps=3803 hooks=18 inst=72 rollout "Gerrymander" Creature lvl1 hero0
t=12 ph=3 ap=0 snaps=3808 hooks=18 inst=72 rollout "Gerrymander" Creature lvl1 hero0
t=12 ph=3 ap=0 snaps=3810 hooks=18 inst=72 rollout "Gerrymander" Creature lvl1 hero0
t=12 ph=3 ap=0 snaps=3812 hooks=18 inst=72 rollout "Gerrymander" Creature lvl1 hero0
t=12 ph=3 ap=0 snaps=3814 hooks=18 inst=72 rollout "Gerrymander" Creature lvl1 hero0
t=12 ph=3 ap=0 snaps=3822 hooks=18 inst=72 rollout "Gerrymander" Creature lvl1 hero0
t=12 ph=3 ap=0 snaps=3825 hooks=18 inst=72 rollout "Gerrymander" Creature lvl1 hero0
t=12 ph=3 ap=0 snaps=3830 hooks=18 inst=72 rollout "Gerrymander" Creature lvl1 hero0
t=12 ph=3 ap=0 snaps=3832 hooks=18 inst=72 rollout "Gerrymander" Creature lvl1 hero0
t=12 ph=3 ap=0 snaps=3835 hooks=18 inst=72 rollout "Gerrymander" Creature lvl1 hero0
t=12 ph=3 ap=0 snaps=3840 hooks=18 inst=72 rollout "Gerrymander" Creature lvl1 hero0
t=12 ph=3 ap=0 snaps=3842 hooks=18 inst=72 rollout "Gerrymander" Creature lvl1 hero0
t=12 ph=3 ap=0 snaps=3845 hooks=18 inst=72 rollout "Gerrymander" Creature lvl1 hero0
t=12 ph=3 ap=0 snaps=3850 hooks=18 inst=72 rollout "Gerrymander" Creature lvl1 hero0
t=12 ph=3 ap=0 snaps=3856 hooks=18 inst=72 summon "Gerrymander" p0/h0
t=12 ph=5 ap=0 snaps=3865 hooks=27 inst=73 switchTurn ending p0
t=13 ph=2 ap=1 snaps=3865 hooks=10 inst=74 cpuTurnStart cpu=p1 hand=8
t=13 ph=3 ap=1 snaps=3898 hooks=29 inst=70 rollout "Chain Lightning" Spell lvl3 hero1
t=13 ph=3 ap=1 snaps=3899 hooks=29 inst=70 rollout "Chain Lightning" Spell lvl3 hero1
t=13 ph=3 ap=1 snaps=3900 hooks=29 inst=70 rollout "Chain Lightning" Spell lvl3 hero1
t=13 ph=3 ap=1 snaps=3901 hooks=29 inst=70 rollout "Chain Lightning" Spell lvl3 hero1
t=13 ph=3 ap=1 snaps=3902 hooks=29 inst=70 rollout "Chain Lightning" Spell lvl3 hero1
t=13 ph=3 ap=1 snaps=3903 hooks=29 inst=70 rollout "Chain Lightning" Spell lvl3 hero1
t=13 ph=3 ap=1 snaps=3904 hooks=29 inst=70 rollout "Chain Lightning" Spell lvl3 hero1
t=13 ph=3 ap=1 snaps=3905 hooks=29 inst=70 rollout "Chain Lightning" Spell lvl3 hero1
t=13 ph=3 ap=1 snaps=3906 hooks=29 inst=70 rollout "Chain Lightning" Spell lvl3 hero1
t=13 ph=3 ap=1 snaps=3907 hooks=29 inst=70 rollout "Chain Lightning" Spell lvl3 hero1
t=13 ph=3 ap=1 snaps=3908 hooks=29 inst=70 rollout "Chain Lightning" Spell lvl3 hero1
t=13 ph=3 ap=1 snaps=3909 hooks=29 inst=70 rollout "Chain Lightning" Spell lvl3 hero1
t=13 ph=3 ap=1 snaps=3910 hooks=29 inst=70 rollout "Chain Lightning" Spell lvl3 hero1
t=13 ph=3 ap=1 snaps=3911 hooks=29 inst=70 rollout "Chain Lightning" Spell lvl3 hero1
t=13 ph=3 ap=1 snaps=3912 hooks=29 inst=70 rollout "Chain Lightning" Spell lvl3 hero1
t=13 ph=3 ap=1 snaps=3913 hooks=29 inst=70 rollout "Chain Lightning" Spell lvl3 hero1
t=13 ph=3 ap=1 snaps=3914 hooks=29 inst=70 rollout "Chain Lightning" Spell lvl3 hero1
t=13 ph=3 ap=1 snaps=3915 hooks=29 inst=70 rollout "Chain Lightning" Spell lvl3 hero1
t=13 ph=3 ap=1 snaps=3916 hooks=29 inst=70 rollout "Chain Lightning" Spell lvl3 hero1
t=13 ph=3 ap=1 snaps=3917 hooks=29 inst=70 rollout "Chain Lightning" Spell lvl3 hero1
t=13 ph=3 ap=1 snaps=3918 hooks=29 inst=70 rollout "Chain Lightning" Spell lvl3 hero1
t=13 ph=3 ap=1 snaps=3919 hooks=29 inst=70 rollout "Chain Lightning" Spell lvl3 hero1
t=13 ph=3 ap=1 snaps=3920 hooks=29 inst=70 rollout "Chain Lightning" Spell lvl3 hero1
t=13 ph=3 ap=1 snaps=3921 hooks=29 inst=70 rollout "Chain Lightning" Spell lvl3 hero1
t=13 ph=3 ap=1 snaps=3922 hooks=29 inst=70 rollout "Chain Lightning" Spell lvl3 hero1
t=13 ph=3 ap=1 snaps=3923 hooks=29 inst=70 rollout "Chain Lightning" Spell lvl3 hero1
t=13 ph=3 ap=1 snaps=3924 hooks=29 inst=70 rollout "Chain Lightning" Spell lvl3 hero1
t=13 ph=3 ap=1 snaps=3925 hooks=29 inst=70 rollout "Chain Lightning" Spell lvl3 hero1
t=13 ph=3 ap=1 snaps=3926 hooks=29 inst=70 rollout "Chain Lightning" Spell lvl3 hero1
t=13 ph=3 ap=1 snaps=3927 hooks=29 inst=70 rollout "Chain Lightning" Spell lvl3 hero1
t=13 ph=3 ap=1 snaps=3928 hooks=29 inst=70 rollout "Chain Lightning" Spell lvl3 hero1
t=13 ph=3 ap=1 snaps=3929 hooks=29 inst=70 rollout "Chain Lightning" Spell lvl3 hero1
t=13 ph=3 ap=1 snaps=3930 hooks=29 inst=70 rollout "Chain Lightning" Spell lvl3 hero1
t=13 ph=3 ap=1 snaps=3931 hooks=29 inst=70 rollout "Chain Lightning" Spell lvl3 hero1
t=13 ph=3 ap=1 snaps=3932 hooks=29 inst=70 rollout "Chain Lightning" Spell lvl3 hero1
t=13 ph=3 ap=1 snaps=3933 hooks=29 inst=70 rollout "Chain Lightning" Spell lvl3 hero1
t=13 ph=3 ap=1 snaps=3934 hooks=29 inst=70 rollout "Chain Lightning" Spell lvl3 hero1
t=13 ph=3 ap=1 snaps=3935 hooks=29 inst=70 rollout "Chain Lightning" Spell lvl3 hero1
t=13 ph=3 ap=1 snaps=3936 hooks=29 inst=70 rollout "Chain Lightning" Spell lvl3 hero1
t=13 ph=3 ap=1 snaps=3937 hooks=29 inst=70 rollout "Chain Lightning" Spell lvl3 hero1
t=13 ph=3 ap=1 snaps=3938 hooks=29 inst=70 rollout "Chain Lightning" Spell lvl3 hero1
t=13 ph=3 ap=1 snaps=3939 hooks=29 inst=70 rollout "Chain Lightning" Spell lvl3 hero1
t=13 ph=3 ap=1 snaps=3940 hooks=29 inst=70 rollout "Chain Lightning" Spell lvl3 hero1
t=13 ph=3 ap=1 snaps=3941 hooks=29 inst=70 rollout "Chain Lightning" Spell lvl3 hero1
t=13 ph=3 ap=1 snaps=3942 hooks=29 inst=70 rollout "Chain Lightning" Spell lvl3 hero1
t=13 ph=3 ap=1 snaps=3943 hooks=29 inst=70 rollout "Chain Lightning" Spell lvl3 hero1
t=13 ph=3 ap=1 snaps=3944 hooks=29 inst=70 rollout "Chain Lightning" Spell lvl3 hero1
t=13 ph=3 ap=1 snaps=3945 hooks=29 inst=70 rollout "Chain Lightning" Spell lvl3 hero1
t=13 ph=3 ap=1 snaps=3946 hooks=29 inst=70 rollout "Chain Lightning" Spell lvl3 hero1
t=13 ph=3 ap=1 snaps=3947 hooks=29 inst=70 rollout "Chain Lightning" Spell lvl3 hero1
t=13 ph=3 ap=1 snaps=3948 hooks=29 inst=70 rollout "Chain Lightning" Spell lvl3 hero1
t=13 ph=3 ap=1 snaps=3949 hooks=29 inst=70 rollout "Chain Lightning" Spell lvl3 hero1
t=13 ph=3 ap=1 snaps=3950 hooks=29 inst=70 rollout "Chain Lightning" Spell lvl3 hero1
t=13 ph=3 ap=1 snaps=3951 hooks=29 inst=70 rollout "Chain Lightning" Spell lvl3 hero1
t=13 ph=3 ap=1 snaps=3952 hooks=29 inst=70 rollout "Chain Lightning" Spell lvl3 hero1
t=13 ph=3 ap=1 snaps=3953 hooks=29 inst=70 rollout "Chain Lightning" Spell lvl3 hero1
t=13 ph=3 ap=1 snaps=3954 hooks=29 inst=70 rollout "Chain Lightning" Spell lvl3 hero1
t=13 ph=3 ap=1 snaps=3955 hooks=29 inst=70 rollout "Chain Lightning" Spell lvl3 hero1
t=13 ph=3 ap=1 snaps=3956 hooks=29 inst=70 rollout "Chain Lightning" Spell lvl3 hero1
t=13 ph=3 ap=1 snaps=3957 hooks=29 inst=70 rollout "Chain Lightning" Spell lvl3 hero1
t=13 ph=3 ap=1 snaps=3958 hooks=29 inst=70 rollout "Chain Lightning" Spell lvl3 hero1
t=13 ph=3 ap=1 snaps=3959 hooks=29 inst=70 rollout "Chain Lightning" Spell lvl3 hero1
t=13 ph=3 ap=1 snaps=3960 hooks=29 inst=70 rollout "Chain Lightning" Spell lvl3 hero1
t=13 ph=3 ap=1 snaps=3961 hooks=29 inst=70 rollout "Chain Lightning" Spell lvl3 hero1
t=13 ph=3 ap=1 snaps=3962 hooks=29 inst=70 rollout "Chain Lightning" Spell lvl3 hero1
t=13 ph=3 ap=1 snaps=3963 hooks=29 inst=70 rollout "Chain Lightning" Spell lvl3 hero1
t=13 ph=3 ap=1 snaps=3964 hooks=29 inst=70 rollout "Chain Lightning" Spell lvl3 hero1
t=13 ph=3 ap=1 snaps=3965 hooks=29 inst=70 rollout "Chain Lightning" Spell lvl3 hero1
t=13 ph=3 ap=1 snaps=3966 hooks=29 inst=70 rollout "Chain Lightning" Spell lvl3 hero1
t=13 ph=3 ap=1 snaps=3967 hooks=29 inst=70 rollout "Chain Lightning" Spell lvl3 hero1
t=13 ph=3 ap=1 snaps=3968 hooks=29 inst=70 rollout "Chain Lightning" Spell lvl3 hero1
t=13 ph=3 ap=1 snaps=3969 hooks=29 inst=70 rollout "Chain Lightning" Spell lvl3 hero1
t=13 ph=3 ap=1 snaps=3970 hooks=29 inst=70 rollout "Chain Lightning" Spell lvl3 hero1
t=13 ph=3 ap=1 snaps=3971 hooks=29 inst=70 rollout "Chain Lightning" Spell lvl3 hero1
t=13 ph=3 ap=1 snaps=3972 hooks=29 inst=70 rollout "Chain Lightning" Spell lvl3 hero1
t=13 ph=3 ap=1 snaps=3973 hooks=29 inst=70 rollout "Chain Lightning" Spell lvl3 hero1
t=13 ph=3 ap=1 snaps=3974 hooks=29 inst=70 rollout "Chain Lightning" Spell lvl3 hero1
t=13 ph=3 ap=1 snaps=3975 hooks=29 inst=70 rollout "Chain Lightning" Spell lvl3 hero1
t=13 ph=3 ap=1 snaps=3976 hooks=29 inst=70 rollout "Chain Lightning" Spell lvl3 hero1
t=13 ph=3 ap=1 snaps=3977 hooks=29 inst=70 rollout "Chain Lightning" Spell lvl3 hero1

=== GAME 2/1000: Burning Inferno vs Lightning Caller @ 2026-05-01T09:32:34.602Z ===
t=1 ph=2 ap=1 snaps=0 hooks=10 inst=29 cpuTurnStart cpu=p1 hand=6
t=1 ph=5 ap=1 snaps=9 hooks=28 inst=35 switchTurn ending p1
t=2 ph=2 ap=0 snaps=9 hooks=13 inst=36 cpuTurnStart cpu=p0 hand=6
t=2 ph=3 ap=0 snaps=83 hooks=23 inst=40 rollout "Candlestick Squire" Creature lvl1 hero1
t=2 ph=3 ap=0 snaps=89 hooks=23 inst=40 rollout "Candlestick Squire" Creature lvl1 hero1
t=2 ph=3 ap=0 snaps=97 hooks=23 inst=40 rollout "Candlestick Squire" Creature lvl1 hero1
t=2 ph=3 ap=0 snaps=108 hooks=23 inst=40 rollout "Luna Kiai" Creature lvl1 hero1
t=2 ph=3 ap=0 snaps=119 hooks=23 inst=40 rollout "Luna Kiai" Creature lvl1 hero1
t=2 ph=3 ap=0 snaps=126 hooks=23 inst=40 rollout "Luna Kiai" Creature lvl1 hero1
t=2 ph=3 ap=0 snaps=138 hooks=23 inst=40 rollout "Candlestick Squire" Creature lvl1 hero1
t=2 ph=3 ap=0 snaps=158 hooks=23 inst=40 rollout "Candlestick Squire" Creature lvl1 hero1
t=2 ph=3 ap=0 snaps=173 hooks=23 inst=40 rollout "Candlestick Squire" Creature lvl1 hero1
t=2 ph=3 ap=0 snaps=186 hooks=23 inst=40 rollout "Candlestick Squire" Creature lvl1 hero1
t=2 ph=3 ap=0 snaps=202 hooks=23 inst=40 rollout "Candlestick Squire" Creature lvl1 hero1
t=2 ph=3 ap=0 snaps=216 hooks=23 inst=40 rollout "Candlestick Squire" Creature lvl1 hero1
t=2 ph=3 ap=0 snaps=235 hooks=23 inst=40 rollout "Luna Kiai" Creature lvl1 hero1
t=2 ph=3 ap=0 snaps=244 hooks=23 inst=40 rollout "Luna Kiai" Creature lvl1 hero1
t=2 ph=3 ap=0 snaps=252 hooks=23 inst=40 rollout "Luna Kiai" Creature lvl1 hero1
t=2 ph=3 ap=0 snaps=259 hooks=23 inst=40 rollout "Luna Kiai" Creature lvl1 hero1
t=2 ph=3 ap=0 snaps=266 hooks=23 inst=40 rollout "Luna Kiai" Creature lvl1 hero1
t=2 ph=3 ap=0 snaps=272 hooks=23 inst=40 rollout "Luna Kiai" Creature lvl1 hero1
t=2 ph=3 ap=0 snaps=285 hooks=23 inst=40 rollout "Luna Kiai" Creature lvl1 hero1
t=2 ph=3 ap=0 snaps=289 hooks=23 inst=40 rollout "Luna Kiai" Creature lvl1 hero1
t=2 ph=3 ap=0 snaps=301 hooks=23 inst=40 rollout "Luna Kiai" Creature lvl1 hero1
t=2 ph=3 ap=0 snaps=308 hooks=23 inst=40 rollout "Luna Kiai" Creature lvl1 hero1
t=2 ph=3 ap=0 snaps=315 hooks=23 inst=40 rollout "Luna Kiai" Creature lvl1 hero1
t=2 ph=3 ap=0 snaps=326 hooks=23 inst=40 rollout "Luna Kiai" Creature lvl1 hero1
t=2 ph=3 ap=0 snaps=335 hooks=23 inst=40 rollout "Luna Kiai" Creature lvl1 hero1
t=2 ph=3 ap=0 snaps=343 hooks=23 inst=40 rollout "Luna Kiai" Creature lvl1 hero1
t=2 ph=3 ap=0 snaps=355 hooks=23 inst=40 rollout "Luna Kiai" Creature lvl1 hero1
t=2 ph=3 ap=0 snaps=363 hooks=23 inst=40 rollout "Luna Kiai" Creature lvl1 hero1
t=2 ph=3 ap=0 snaps=376 hooks=23 inst=40 rollout "Luna Kiai" Creature lvl1 hero1
t=2 ph=3 ap=0 snaps=382 hooks=23 inst=40 rollout "Luna Kiai" Creature lvl1 hero1
t=2 ph=3 ap=0 snaps=391 hooks=23 inst=40 rollout "Luna Kiai" Creature lvl1 hero1
t=2 ph=3 ap=0 snaps=399 hooks=23 inst=40 rollout "Luna Kiai" Creature lvl1 hero1
t=2 ph=3 ap=0 snaps=404 hooks=23 inst=40 rollout "Luna Kiai" Creature lvl1 hero1
t=2 ph=3 ap=0 snaps=417 hooks=23 inst=40 rollout "Luna Kiai" Creature lvl1 hero1
t=2 ph=3 ap=0 snaps=426 hooks=23 inst=40 rollout "Luna Kiai" Creature lvl1 hero1
t=2 ph=3 ap=0 snaps=434 hooks=23 inst=40 rollout "Luna Kiai" Creature lvl1 hero1
t=2 ph=3 ap=0 snaps=449 hooks=23 inst=40 rollout "Luna Kiai" Creature lvl1 hero1
t=2 ph=3 ap=0 snaps=455 hooks=23 inst=40 rollout "Luna Kiai" Creature lvl1 hero1
t=2 ph=3 ap=0 snaps=469 hooks=23 inst=40 rollout "Luna Kiai" Creature lvl1 hero1
t=2 ph=3 ap=0 snaps=479 hooks=23 inst=40 rollout "Luna Kiai" Creature lvl1 hero1
t=2 ph=3 ap=0 snaps=485 hooks=23 inst=40 rollout "Luna Kiai" Creature lvl1 hero1
t=2 ph=3 ap=0 snaps=504 hooks=23 inst=40 rollout "Luna Kiai" Creature lvl1 hero1
t=2 ph=3 ap=0 snaps=518 hooks=23 inst=40 rollout "Luna Kiai" Creature lvl1 hero1
t=2 ph=3 ap=0 snaps=522 hooks=23 inst=40 rollout "Luna Kiai" Creature lvl1 hero1
t=2 ph=3 ap=0 snaps=528 hooks=23 inst=40 rollout "Luna Kiai" Creature lvl1 hero1
t=2 ph=3 ap=0 snaps=544 hooks=23 inst=40 rollout "Luna Kiai" Creature lvl1 hero1
t=2 ph=3 ap=0 snaps=553 hooks=23 inst=40 rollout "Luna Kiai" Creature lvl1 hero1
t=2 ph=3 ap=0 snaps=565 hooks=23 inst=40 rollout "Luna Kiai" Creature lvl1 hero1
t=2 ph=3 ap=0 snaps=571 hooks=23 inst=40 rollout "Luna Kiai" Creature lvl1 hero1
t=2 ph=3 ap=0 snaps=581 hooks=23 inst=40 rollout "Luna Kiai" Creature lvl1 hero1
t=2 ph=3 ap=0 snaps=588 hooks=23 inst=40 rollout "Luna Kiai" Creature lvl1 hero1
t=2 ph=3 ap=0 snaps=598 hooks=23 inst=40 rollout "Luna Kiai" Creature lvl1 hero1
t=2 ph=3 ap=0 snaps=605 hooks=23 inst=40 rollout "Luna Kiai" Creature lvl1 hero1
t=2 ph=3 ap=0 snaps=611 hooks=23 inst=40 rollout "Luna Kiai" Creature lvl1 hero1
t=2 ph=3 ap=0 snaps=618 hooks=23 inst=40 rollout "Luna Kiai" Creature lvl1 hero1
t=2 ph=3 ap=0 snaps=627 hooks=23 inst=40 rollout "Luna Kiai" Creature lvl1 hero1
t=2 ph=3 ap=0 snaps=633 hooks=23 inst=40 rollout "Luna Kiai" Creature lvl1 hero1
t=2 ph=3 ap=0 snaps=641 hooks=23 inst=40 rollout "Luna Kiai" Creature lvl1 hero1
t=2 ph=3 ap=0 snaps=660 hooks=23 inst=40 rollout "Luna Kiai" Creature lvl1 hero1
t=2 ph=3 ap=0 snaps=667 hooks=23 inst=40 rollout "Luna Kiai" Creature lvl1 hero1
t=2 ph=3 ap=0 snaps=677 hooks=23 inst=40 rollout "Luna Kiai" Creature lvl1 hero1
t=2 ph=3 ap=0 snaps=687 hooks=23 inst=40 rollout "Luna Kiai" Creature lvl1 hero1
t=2 ph=3 ap=0 snaps=693 hooks=23 inst=40 rollout "Luna Kiai" Creature lvl1 hero1
t=2 ph=3 ap=0 snaps=707 hooks=23 inst=40 rollout "Luna Kiai" Creature lvl1 hero1
t=2 ph=3 ap=0 snaps=718 hooks=23 inst=40 rollout "Luna Kiai" Creature lvl1 hero1
t=2 ph=3 ap=0 snaps=725 hooks=23 inst=40 rollout "Luna Kiai" Creature lvl1 hero1
t=2 ph=3 ap=0 snaps=735 hooks=23 inst=40 rollout "Luna Kiai" Creature lvl1 hero1
t=2 ph=3 ap=0 snaps=742 hooks=23 inst=40 rollout "Luna Kiai" Creature lvl1 hero1
t=2 ph=3 ap=0 snaps=748 hooks=23 inst=40 rollout "Luna Kiai" Creature lvl1 hero1
t=2 ph=3 ap=0 snaps=755 hooks=23 inst=40 rollout "Luna Kiai" Creature lvl1 hero1
t=2 ph=3 ap=0 snaps=765 hooks=23 inst=40 rollout "Luna Kiai" Creature lvl1 hero1
t=2 ph=3 ap=0 snaps=774 hooks=23 inst=40 rollout "Luna Kiai" Creature lvl1 hero1
t=2 ph=3 ap=0 snaps=796 hooks=23 inst=40 rollout "Luna Kiai" Creature lvl1 hero1
t=2 ph=3 ap=0 snaps=810 hooks=23 inst=40 rollout "Luna Kiai" Creature lvl1 hero1
t=2 ph=3 ap=0 snaps=821 hooks=23 inst=40 rollout "Luna Kiai" Creature lvl1 hero1
t=2 ph=3 ap=0 snaps=830 hooks=23 inst=40 rollout "Luna Kiai" Creature lvl1 hero1
t=2 ph=3 ap=0 snaps=839 hooks=23 inst=40 rollout "Luna Kiai" Creature lvl1 hero1
t=2 ph=3 ap=0 snaps=846 hooks=23 inst=40 rollout "Luna Kiai" Creature lvl1 hero1
t=2 ph=3 ap=0 snaps=853 hooks=23 inst=40 rollout "Luna Kiai" Creature lvl1 hero1
t=2 ph=3 ap=0 snaps=859 hooks=23 inst=40 rollout "Luna Kiai" Creature lvl1 hero1
t=2 ph=3 ap=0 snaps=871 hooks=23 inst=40 rollout "Luna Kiai" Creature lvl1 hero1
t=2 ph=3 ap=0 snaps=879 hooks=23 inst=40 summon "Luna Kiai" p0/h1
t=2 ph=5 ap=0 snaps=882 hooks=32 inst=41 switchTurn ending p0
t=3 ph=2 ap=1 snaps=882 hooks=10 inst=42 cpuTurnStart cpu=p1 hand=6
t=3 ph=3 ap=1 snaps=964 hooks=13 inst=43 rollout "Butterfly Cloud" Spell lvl2 hero1
t=3 ph=3 ap=1 snaps=975 hooks=13 inst=43 rollout "Chain Lightning" Spell lvl3 hero1
t=3 ph=3 ap=1 snaps=982 hooks=13 inst=43 rollout "Butterfly Cloud" Spell lvl2 hero1
t=3 ph=3 ap=1 snaps=998 hooks=13 inst=43 rollout "Butterfly Cloud" Spell lvl2 hero1
t=3 ph=3 ap=1 snaps=1006 hooks=13 inst=43 rollout "Chain Lightning" Spell lvl3 hero1
t=3 ph=3 ap=1 snaps=1011 hooks=13 inst=43 rollout "Chain Lightning" Spell lvl3 hero1
t=3 ph=3 ap=1 snaps=1029 hooks=13 inst=43 rollout "Butterfly Cloud" Spell lvl2 hero1
t=3 ph=3 ap=1 snaps=1033 hooks=13 inst=43 rollout "Chain Lightning" Spell lvl3 hero1
t=3 ph=3 ap=1 snaps=1038 hooks=13 inst=43 rollout "Chain Lightning" Spell lvl3 hero1
t=3 ph=3 ap=1 snaps=1046 hooks=13 inst=43 rollout "Chain Lightning" Spell lvl3 hero1
t=3 ph=3 ap=1 snaps=1051 hooks=13 inst=43 rollout "Chain Lightning" Spell lvl3 hero1
t=3 ph=3 ap=1 snaps=1059 hooks=13 inst=43 rollout "Butterfly Cloud" Spell lvl2 hero1
t=3 ph=3 ap=1 snaps=1063 hooks=13 inst=43 rollout "Chain Lightning" Spell lvl3 hero1
t=3 ph=3 ap=1 snaps=1070 hooks=13 inst=43 rollout "Chain Lightning" Spell lvl3 hero1
t=3 ph=3 ap=1 snaps=1074 hooks=13 inst=43 rollout "Chain Lightning" Spell lvl3 hero1
t=3 ph=3 ap=1 snaps=1080 hooks=13 inst=43 rollout "Chain Lightning" Spell lvl3 hero1
t=3 ph=3 ap=1 snaps=1086 hooks=13 inst=43 rollout "Chain Lightning" Spell lvl3 hero1
t=3 ph=3 ap=1 snaps=1090 hooks=13 inst=43 rollout "Chain Lightning" Spell lvl3 hero1
t=3 ph=3 ap=1 snaps=1101 hooks=13 inst=43 rollout "Chain Lightning" Spell lvl3 hero1
t=3 ph=3 ap=1 snaps=1106 hooks=13 inst=43 rollout "Chain Lightning" Spell lvl3 hero1
t=3 ph=3 ap=1 snaps=1111 hooks=13 inst=43 rollout "Chain Lightning" Spell lvl3 hero1
t=3 ph=3 ap=1 snaps=1116 hooks=13 inst=43 rollout "Chain Lightning" Spell lvl3 hero1
t=3 ph=3 ap=1 snaps=1123 hooks=13 inst=43 rollout "Chain Lightning" Spell lvl3 hero1
t=3 ph=3 ap=1 snaps=1127 hooks=13 inst=43 rollout "Chain Lightning" Spell lvl3 hero1
t=3 ph=3 ap=1 snaps=1131 hooks=13 inst=43 rollout "Chain Lightning" Spell lvl3 hero1
t=3 ph=3 ap=1 snaps=1136 hooks=13 inst=43 rollout "Chain Lightning" Spell lvl3 hero1
t=3 ph=3 ap=1 snaps=1148 hooks=13 inst=43 rollout "Chain Lightning" Spell lvl3 hero1
t=3 ph=3 ap=1 snaps=1157 hooks=13 inst=43 rollout "Chain Lightning" Spell lvl3 hero1
t=3 ph=3 ap=1 snaps=1168 hooks=13 inst=43 rollout "Chain Lightning" Spell lvl3 hero1
t=3 ph=3 ap=1 snaps=1177 hooks=13 inst=43 rollout "Chain Lightning" Spell lvl3 hero1
t=3 ph=3 ap=1 snaps=1183 hooks=13 inst=43 rollout "Chain Lightning" Spell lvl3 hero1
t=3 ph=3 ap=1 snaps=1189 hooks=13 inst=43 rollout "Chain Lightning" Spell lvl3 hero1
t=3 ph=3 ap=1 snaps=1194 hooks=13 inst=43 rollout "Chain Lightning" Spell lvl3 hero1
t=3 ph=3 ap=1 snaps=1201 hooks=13 inst=43 rollout "Chain Lightning" Spell lvl3 hero1
t=3 ph=3 ap=1 snaps=1206 hooks=13 inst=43 rollout "Chain Lightning" Spell lvl3 hero1
t=3 ph=3 ap=1 snaps=1214 hooks=13 inst=43 rollout "Chain Lightning" Spell lvl3 hero1
t=3 ph=3 ap=1 snaps=1225 hooks=13 inst=43 rollout "Chain Lightning" Spell lvl3 hero1
t=3 ph=3 ap=1 snaps=1236 hooks=13 inst=43 rollout "Chain Lightning" Spell lvl3 hero1
t=3 ph=3 ap=1 snaps=1241 hooks=13 inst=43 rollout "Chain Lightning" Spell lvl3 hero1
t=3 ph=3 ap=1 snaps=1251 hooks=13 inst=43 rollout "Chain Lightning" Spell lvl3 hero1
t=3 ph=3 ap=1 snaps=1255 hooks=13 inst=43 rollout "Chain Lightning" Spell lvl3 hero1
t=3 ph=3 ap=1 snaps=1266 hooks=13 inst=43 rollout "Chain Lightning" Spell lvl3 hero1
t=3 ph=3 ap=1 snaps=1275 hooks=13 inst=43 rollout "Chain Lightning" Spell lvl3 hero1
t=3 ph=3 ap=1 snaps=1281 hooks=13 inst=43 rollout "Chain Lightning" Spell lvl3 hero1
t=3 ph=3 ap=1 snaps=1288 hooks=13 inst=43 rollout "Chain Lightning" Spell lvl3 hero1
t=3 ph=3 ap=1 snaps=1300 hooks=13 inst=43 rollout "Chain Lightning" Spell lvl3 hero1
t=3 ph=3 ap=1 snaps=1307 hooks=13 inst=43 rollout "Chain Lightning" Spell lvl3 hero1
t=3 ph=3 ap=1 snaps=1315 hooks=13 inst=43 rollout "Chain Lightning" Spell lvl3 hero1
t=3 ph=3 ap=1 snaps=1335 hooks=13 inst=43 rollout "Chain Lightning" Spell lvl3 hero1
t=3 ph=3 ap=1 snaps=1348 hooks=13 inst=43 rollout "Chain Lightning" Spell lvl3 hero1
t=3 ph=3 ap=1 snaps=1353 hooks=13 inst=43 rollout "Chain Lightning" Spell lvl3 hero1
t=3 ph=3 ap=1 snaps=1368 hooks=13 inst=43 rollout "Chain Lightning" Spell lvl3 hero1
t=3 ph=3 ap=1 snaps=1374 hooks=13 inst=43 rollout "Chain Lightning" Spell lvl3 hero1
t=3 ph=3 ap=1 snaps=1382 hooks=13 inst=43 rollout "Chain Lightning" Spell lvl3 hero1
t=3 ph=3 ap=1 snaps=1390 hooks=13 inst=43 rollout "Chain Lightning" Spell lvl3 hero1
t=3 ph=3 ap=1 snaps=1394 hooks=13 inst=43 rollout "Chain Lightning" Spell lvl3 hero1
t=3 ph=3 ap=1 snaps=1409 hooks=13 inst=43 rollout "Chain Lightning" Spell lvl3 hero1
t=3 ph=3 ap=1 snaps=1415 hooks=13 inst=43 rollout "Chain Lightning" Spell lvl3 hero1
t=3 ph=3 ap=1 snaps=1429 hooks=13 inst=43 rollout "Chain Lightning" Spell lvl3 hero1
t=3 ph=3 ap=1 snaps=1440 hooks=13 inst=43 rollout "Chain Lightning" Spell lvl3 hero1
t=3 ph=3 ap=1 snaps=1445 hooks=13 inst=43 rollout "Chain Lightning" Spell lvl3 hero1
t=3 ph=3 ap=1 snaps=1455 hooks=13 inst=43 rollout "Chain Lightning" Spell lvl3 hero1
t=3 ph=3 ap=1 snaps=1460 hooks=13 inst=43 rollout "Chain Lightning" Spell lvl3 hero1
t=3 ph=3 ap=1 snaps=1463 hooks=13 inst=43 rollout "Chain Lightning" Spell lvl3 hero1
t=3 ph=3 ap=1 snaps=1468 hooks=13 inst=43 rollout "Chain Lightning" Spell lvl3 hero1
t=3 ph=3 ap=1 snaps=1473 hooks=13 inst=43 rollout "Chain Lightning" Spell lvl3 hero1
t=3 ph=3 ap=1 snaps=1483 hooks=13 inst=43 rollout "Chain Lightning" Spell lvl3 hero1
t=3 ph=3 ap=1 snaps=1490 hooks=13 inst=43 rollout "Chain Lightning" Spell lvl3 hero1
t=3 ph=3 ap=1 snaps=1496 hooks=13 inst=43 rollout "Chain Lightning" Spell lvl3 hero1
t=3 ph=3 ap=1 snaps=1504 hooks=13 inst=43 rollout "Chain Lightning" Spell lvl3 hero1
t=3 ph=3 ap=1 snaps=1509 hooks=13 inst=43 rollout "Chain Lightning" Spell lvl3 hero1
t=3 ph=3 ap=1 snaps=1514 hooks=13 inst=43 rollout "Butterfly Cloud" Spell lvl2 hero1
t=3 ph=3 ap=1 snaps=1518 hooks=13 inst=43 rollout "Chain Lightning" Spell lvl3 hero1
t=3 ph=3 ap=1 snaps=1523 hooks=13 inst=43 rollout "Chain Lightning" Spell lvl3 hero1
t=3 ph=3 ap=1 snaps=1531 hooks=13 inst=43 rollout "Chain Lightning" Spell lvl3 hero1
t=3 ph=3 ap=1 snaps=1538 hooks=13 inst=43 rollout "Chain Lightning" Spell lvl3 hero1
t=3 ph=3 ap=1 snaps=1542 hooks=13 inst=43 rollout "Chain Lightning" Spell lvl3 hero1
t=3 ph=3 ap=1 snaps=1546 hooks=13 inst=43 rollout "Chain Lightning" Spell lvl3 hero1
t=3 ph=3 ap=1 snaps=1552 hooks=13 inst=43 rollout "Chain Lightning" Spell lvl3 hero1
t=3 ph=3 ap=1 snaps=1563 hooks=13 inst=43 rollout "Chain Lightning" Spell lvl3 hero1
t=3 ph=5 ap=1 snaps=1572 hooks=31 inst=43 switchTurn ending p1
t=4 ph=2 ap=0 snaps=1572 hooks=10 inst=44 cpuTurnStart cpu=p0 hand=2
t=4 ph=3 ap=0 snaps=1575 hooks=12 inst=44 rollout "Candlestick Squire" Creature lvl1 hero0
t=4 ph=3 ap=0 snaps=1577 hooks=12 inst=44 rollout "Candlestick Squire" Creature lvl1 hero0
t=4 ph=3 ap=0 snaps=1578 hooks=12 inst=44 rollout "Candlestick Squire" Creature lvl1 hero0
t=4 ph=3 ap=0 snaps=1580 hooks=12 inst=44 rollout "Candlestick Squire" Creature lvl1 hero0
t=4 ph=3 ap=0 snaps=1592 hooks=12 inst=44 rollout "Candlestick Squire" Creature lvl1 hero0
t=4 ph=3 ap=0 snaps=1595 hooks=12 inst=44 rollout "Candlestick Squire" Creature lvl1 hero0
t=4 ph=3 ap=0 snaps=1597 hooks=12 inst=44 rollout "Candlestick Squire" Creature lvl1 hero0
t=4 ph=3 ap=0 snaps=1598 hooks=12 inst=44 rollout "Candlestick Squire" Creature lvl1 hero0
t=4 ph=3 ap=0 snaps=1601 hooks=12 inst=44 rollout "Candlestick Squire" Creature lvl1 hero0
t=4 ph=3 ap=0 snaps=1605 hooks=12 inst=44 rollout "Candlestick Squire" Creature lvl1 hero0
t=4 ph=3 ap=0 snaps=1612 hooks=12 inst=44 rollout "Candlestick Squire" Creature lvl1 hero0
t=4 ph=3 ap=0 snaps=1617 hooks=12 inst=44 rollout "Candlestick Squire" Creature lvl1 hero0
t=4 ph=3 ap=0 snaps=1618 hooks=12 inst=44 rollout "Candlestick Squire" Creature lvl1 hero0
t=4 ph=3 ap=0 snaps=1622 hooks=12 inst=44 rollout "Candlestick Squire" Creature lvl1 hero0
t=4 ph=3 ap=0 snaps=1630 hooks=12 inst=44 rollout "Candlestick Squire" Creature lvl1 hero0
t=4 ph=3 ap=0 snaps=1633 hooks=12 inst=44 rollout "Candlestick Squire" Creature lvl1 hero0
t=4 ph=3 ap=0 snaps=1634 hooks=12 inst=44 rollout "Candlestick Squire" Creature lvl1 hero0
t=4 ph=3 ap=0 snaps=1635 hooks=12 inst=44 rollout "Candlestick Squire" Creature lvl1 hero0
t=4 ph=3 ap=0 snaps=1636 hooks=12 inst=44 rollout "Candlestick Squire" Creature lvl1 hero0
t=4 ph=3 ap=0 snaps=1642 hooks=12 inst=44 rollout "Candlestick Squire" Creature lvl1 hero0
t=4 ph=3 ap=0 snaps=1650 hooks=12 inst=44 rollout "Candlestick Squire" Creature lvl1 hero0
t=4 ph=3 ap=0 snaps=1661 hooks=12 inst=44 rollout "Candlestick Squire" Creature lvl1 hero0
t=4 ph=3 ap=0 snaps=1662 hooks=12 inst=44 rollout "Candlestick Squire" Creature lvl1 hero0
t=4 ph=3 ap=0 snaps=1664 hooks=12 inst=44 rollout "Candlestick Squire" Creature lvl1 hero0
t=4 ph=3 ap=0 snaps=1667 hooks=12 inst=44 rollout "Candlestick Squire" Creature lvl1 hero0
t=4 ph=3 ap=0 snaps=1670 hooks=12 inst=44 rollout "Candlestick Squire" Creature lvl1 hero0
t=4 ph=3 ap=0 snaps=1672 hooks=12 inst=44 rollout "Candlestick Squire" Creature lvl1 hero0
t=4 ph=3 ap=0 snaps=1678 hooks=12 inst=44 rollout "Candlestick Squire" Creature lvl1 hero0
t=4 ph=3 ap=0 snaps=1683 hooks=12 inst=44 rollout "Candlestick Squire" Creature lvl1 hero0
t=4 ph=3 ap=0 snaps=1689 hooks=12 inst=44 rollout "Candlestick Squire" Creature lvl1 hero0
t=4 ph=3 ap=0 snaps=1692 hooks=12 inst=44 rollout "Candlestick Squire" Creature lvl1 hero0
t=4 ph=3 ap=0 snaps=1694 hooks=12 inst=44 rollout "Candlestick Squire" Creature lvl1 hero0
t=4 ph=3 ap=0 snaps=1695 hooks=12 inst=44 rollout "Candlestick Squire" Creature lvl1 hero0
t=4 ph=3 ap=0 snaps=1698 hooks=12 inst=44 rollout "Candlestick Squire" Creature lvl1 hero0
t=4 ph=3 ap=0 snaps=1699 hooks=12 inst=44 rollout "Candlestick Squire" Creature lvl1 hero0
t=4 ph=3 ap=0 snaps=1704 hooks=12 inst=44 rollout "Candlestick Squire" Creature lvl1 hero0
t=4 ph=3 ap=0 snaps=1706 hooks=12 inst=44 rollout "Candlestick Squire" Creature lvl1 hero0
t=4 ph=3 ap=0 snaps=1707 hooks=12 inst=44 rollout "Candlestick Squire" Creature lvl1 hero0
t=4 ph=3 ap=0 snaps=1711 hooks=12 inst=44 rollout "Candlestick Squire" Creature lvl1 hero0
t=4 ph=3 ap=0 snaps=1714 hooks=12 inst=44 rollout "Candlestick Squire" Creature lvl1 hero0
t=4 ph=3 ap=0 snaps=1716 hooks=12 inst=44 rollout "Candlestick Squire" Creature lvl1 hero0
t=4 ph=3 ap=0 snaps=1720 hooks=12 inst=44 rollout "Candlestick Squire" Creature lvl1 hero0
t=4 ph=3 ap=0 snaps=1725 hooks=12 inst=44 rollout "Candlestick Squire" Creature lvl1 hero0
t=4 ph=3 ap=0 snaps=1730 hooks=12 inst=44 rollout "Candlestick Squire" Creature lvl1 hero0
t=4 ph=3 ap=0 snaps=1733 hooks=12 inst=44 rollout "Candlestick Squire" Creature lvl1 hero0
t=4 ph=3 ap=0 snaps=1734 hooks=12 inst=44 rollout "Candlestick Squire" Creature lvl1 hero0
t=4 ph=3 ap=0 snaps=1735 hooks=12 inst=44 rollout "Candlestick Squire" Creature lvl1 hero0
t=4 ph=3 ap=0 snaps=1746 hooks=12 inst=44 rollout "Candlestick Squire" Creature lvl1 hero0
t=4 ph=3 ap=0 snaps=1748 hooks=12 inst=44 rollout "Candlestick Squire" Creature lvl1 hero0
t=4 ph=3 ap=0 snaps=1753 hooks=12 inst=44 rollout "Candlestick Squire" Creature lvl1 hero0
t=4 ph=3 ap=0 snaps=1755 hooks=12 inst=44 rollout "Candlestick Squire" Creature lvl1 hero0
t=4 ph=3 ap=0 snaps=1757 hooks=12 inst=44 rollout "Candlestick Squire" Creature lvl1 hero0
t=4 ph=3 ap=0 snaps=1759 hooks=12 inst=44 rollout "Candlestick Squire" Creature lvl1 hero0
t=4 ph=3 ap=0 snaps=1761 hooks=12 inst=44 rollout "Candlestick Squire" Creature lvl1 hero0
t=4 ph=3 ap=0 snaps=1766 hooks=12 inst=44 rollout "Candlestick Squire" Creature lvl1 hero0
t=4 ph=3 ap=0 snaps=1770 hooks=12 inst=44 rollout "Candlestick Squire" Creature lvl1 hero0
t=4 ph=3 ap=0 snaps=1773 hooks=12 inst=44 rollout "Candlestick Squire" Creature lvl1 hero0
t=4 ph=3 ap=0 snaps=1775 hooks=12 inst=44 rollout "Candlestick Squire" Creature lvl1 hero0
t=4 ph=3 ap=0 snaps=1779 hooks=12 inst=44 rollout "Candlestick Squire" Creature lvl1 hero0
t=4 ph=3 ap=0 snaps=1782 hooks=12 inst=44 rollout "Candlestick Squire" Creature lvl1 hero0
t=4 ph=3 ap=0 snaps=1785 hooks=12 inst=44 rollout "Candlestick Squire" Creature lvl1 hero0
t=4 ph=3 ap=0 snaps=1786 hooks=12 inst=44 rollout "Candlestick Squire" Creature lvl1 hero0
t=4 ph=3 ap=0 snaps=1788 hooks=12 inst=44 rollout "Candlestick Squire" Creature lvl1 hero0
t=4 ph=3 ap=0 snaps=1790 hooks=12 inst=44 rollout "Candlestick Squire" Creature lvl1 hero0
t=4 ph=3 ap=0 snaps=1791 hooks=12 inst=44 rollout "Candlestick Squire" Creature lvl1 hero0
t=4 ph=3 ap=0 snaps=1796 hooks=12 inst=44 rollout "Candlestick Squire" Creature lvl1 hero0
t=4 ph=3 ap=0 snaps=1797 hooks=12 inst=44 rollout "Candlestick Squire" Creature lvl1 hero0
t=4 ph=3 ap=0 snaps=1803 hooks=12 inst=44 rollout "Candlestick Squire" Creature lvl1 hero0
t=4 ph=3 ap=0 snaps=1812 hooks=12 inst=44 rollout "Candlestick Squire" Creature lvl1 hero0
t=4 ph=3 ap=0 snaps=1816 hooks=12 inst=44 rollout "Candlestick Squire" Creature lvl1 hero0
t=4 ph=3 ap=0 snaps=1818 hooks=12 inst=44 rollout "Candlestick Squire" Creature lvl1 hero0
t=4 ph=3 ap=0 snaps=1821 hooks=12 inst=44 rollout "Candlestick Squire" Creature lvl1 hero0
t=4 ph=3 ap=0 snaps=1827 hooks=12 inst=44 rollout "Candlestick Squire" Creature lvl1 hero0
t=4 ph=3 ap=0 snaps=1833 hooks=12 inst=44 rollout "Candlestick Squire" Creature lvl1 hero0
t=4 ph=3 ap=0 snaps=1839 hooks=12 inst=44 rollout "Candlestick Squire" Creature lvl1 hero0
t=4 ph=3 ap=0 snaps=1847 hooks=12 inst=44 rollout "Candlestick Squire" Creature lvl1 hero0
t=4 ph=3 ap=0 snaps=1848 hooks=12 inst=44 rollout "Candlestick Squire" Creature lvl1 hero0
t=4 ph=3 ap=0 snaps=1850 hooks=12 inst=44 rollout "Candlestick Squire" Creature lvl1 hero0
t=4 ph=3 ap=0 snaps=1864 hooks=12 inst=44 rollout "Candlestick Squire" Creature lvl1 hero0
t=4 ph=3 ap=0 snaps=1865 hooks=12 inst=44 rollout "Candlestick Squire" Creature lvl1 hero0
t=4 ph=3 ap=0 snaps=1869 hooks=12 inst=44 summon "Candlestick Squire" p0/h0
t=4 ph=5 ap=0 snaps=1872 hooks=21 inst=45 switchTurn ending p0
t=5 ph=2 ap=1 snaps=1872 hooks=10 inst=46 cpuTurnStart cpu=p1 hand=6
t=5 ph=5 ap=1 snaps=1949 hooks=39 inst=52 switchTurn ending p1
t=6 ph=2 ap=0 snaps=1949 hooks=10 inst=53 cpuTurnStart cpu=p0 hand=2
t=6 ph=5 ap=0 snaps=1962 hooks=17 inst=53 switchTurn ending p0
t=7 ph=2 ap=1 snaps=1962 hooks=10 inst=54 cpuTurnStart cpu=p1 hand=8
t=7 ph=3 ap=1 snaps=2019 hooks=23 inst=56 rollout "Chain Lightning" Spell lvl3 hero1
t=7 ph=3 ap=1 snaps=2033 hooks=23 inst=56 rollout "Chain Lightning" Spell lvl3 hero1
t=7 ph=3 ap=1 snaps=2035 hooks=23 inst=56 rollout "Chain Lightning" Spell lvl3 hero1
t=7 ph=3 ap=1 snaps=2045 hooks=23 inst=56 rollout "Chain Lightning" Spell lvl3 hero1
t=7 ph=3 ap=1 snaps=2051 hooks=23 inst=56 rollout "Chain Lightning" Spell lvl3 hero1
t=7 ph=3 ap=1 snaps=2055 hooks=23 inst=56 rollout "Chain Lightning" Spell lvl3 hero1
t=7 ph=3 ap=1 snaps=2056 hooks=23 inst=56 rollout "Chain Lightning" Spell lvl3 hero1
t=7 ph=3 ap=1 snaps=2058 hooks=23 inst=56 rollout "Chain Lightning" Spell lvl3 hero1
t=7 ph=3 ap=1 snaps=2060 hooks=23 inst=56 rollout "Chain Lightning" Spell lvl3 hero1
t=7 ph=3 ap=1 snaps=2067 hooks=23 inst=56 rollout "Chain Lightning" Spell lvl3 hero1
t=7 ph=3 ap=1 snaps=2068 hooks=23 inst=56 rollout "Chain Lightning" Spell lvl3 hero1
t=7 ph=3 ap=1 snaps=2088 hooks=23 inst=56 rollout "Chain Lightning" Spell lvl3 hero1
t=7 ph=3 ap=1 snaps=2091 hooks=23 inst=56 rollout "Chain Lightning" Spell lvl3 hero1
t=7 ph=3 ap=1 snaps=2092 hooks=23 inst=56 rollout "Chain Lightning" Spell lvl3 hero1
t=7 ph=3 ap=1 snaps=2097 hooks=23 inst=56 rollout "Chain Lightning" Spell lvl3 hero1
t=7 ph=3 ap=1 snaps=2103 hooks=23 inst=56 rollout "Chain Lightning" Spell lvl3 hero1
t=7 ph=3 ap=1 snaps=2104 hooks=23 inst=56 rollout "Chain Lightning" Spell lvl3 hero1
t=7 ph=3 ap=1 snaps=2107 hooks=23 inst=56 rollout "Chain Lightning" Spell lvl3 hero1
t=7 ph=3 ap=1 snaps=2137 hooks=23 inst=56 rollout "Chain Lightning" Spell lvl3 hero1
t=7 ph=3 ap=1 snaps=2139 hooks=23 inst=56 rollout "Chain Lightning" Spell lvl3 hero1
t=7 ph=3 ap=1 snaps=2140 hooks=23 inst=56 rollout "Chain Lightning" Spell lvl3 hero1
t=7 ph=3 ap=1 snaps=2152 hooks=23 inst=56 rollout "Chain Lightning" Spell lvl3 hero1
t=7 ph=3 ap=1 snaps=2153 hooks=23 inst=56 rollout "Chain Lightning" Spell lvl3 hero1
t=7 ph=3 ap=1 snaps=2156 hooks=23 inst=56 rollout "Chain Lightning" Spell lvl3 hero1
t=7 ph=3 ap=1 snaps=2159 hooks=23 inst=56 rollout "Chain Lightning" Spell lvl3 hero1
t=7 ph=3 ap=1 snaps=2160 hooks=23 inst=56 rollout "Chain Lightning" Spell lvl3 hero1
t=7 ph=3 ap=1 snaps=2162 hooks=23 inst=56 rollout "Chain Lightning" Spell lvl3 hero1
t=7 ph=3 ap=1 snaps=2164 hooks=23 inst=56 rollout "Chain Lightning" Spell lvl3 hero1
t=7 ph=3 ap=1 snaps=2168 hooks=23 inst=56 rollout "Chain Lightning" Spell lvl3 hero1
t=7 ph=3 ap=1 snaps=2172 hooks=23 inst=56 rollout "Chain Lightning" Spell lvl3 hero1
t=7 ph=3 ap=1 snaps=2174 hooks=23 inst=56 rollout "Chain Lightning" Spell lvl3 hero1
t=7 ph=3 ap=1 snaps=2202 hooks=23 inst=56 rollout "Chain Lightning" Spell lvl3 hero1
t=7 ph=3 ap=1 snaps=2203 hooks=23 inst=56 rollout "Chain Lightning" Spell lvl3 hero1
t=7 ph=3 ap=1 snaps=2206 hooks=23 inst=56 rollout "Chain Lightning" Spell lvl3 hero1
t=7 ph=3 ap=1 snaps=2221 hooks=23 inst=56 rollout "Chain Lightning" Spell lvl3 hero1
t=7 ph=3 ap=1 snaps=2232 hooks=23 inst=56 rollout "Chain Lightning" Spell lvl3 hero1
t=7 ph=3 ap=1 snaps=2249 hooks=23 inst=56 rollout "Chain Lightning" Spell lvl3 hero1
t=7 ph=3 ap=1 snaps=2254 hooks=23 inst=56 rollout "Chain Lightning" Spell lvl3 hero1
t=7 ph=3 ap=1 snaps=2257 hooks=23 inst=56 rollout "Chain Lightning" Spell lvl3 hero1
t=7 ph=3 ap=1 snaps=2264 hooks=23 inst=56 rollout "Chain Lightning" Spell lvl3 hero1
t=7 ph=3 ap=1 snaps=2265 hooks=23 inst=56 rollout "Chain Lightning" Spell lvl3 hero1
t=7 ph=3 ap=1 snaps=2269 hooks=23 inst=56 rollout "Chain Lightning" Spell lvl3 hero1
t=7 ph=3 ap=1 snaps=2281 hooks=23 inst=56 rollout "Chain Lightning" Spell lvl3 hero1
t=7 ph=3 ap=1 snaps=2282 hooks=23 inst=56 rollout "Chain Lightning" Spell lvl3 hero1
t=7 ph=3 ap=1 snaps=2288 hooks=23 inst=56 rollout "Chain Lightning" Spell lvl3 hero1
t=7 ph=3 ap=1 snaps=2290 hooks=23 inst=56 rollout "Chain Lightning" Spell lvl3 hero1
t=7 ph=3 ap=1 snaps=2291 hooks=23 inst=56 rollout "Chain Lightning" Spell lvl3 hero1
t=7 ph=3 ap=1 snaps=2296 hooks=23 inst=56 rollout "Chain Lightning" Spell lvl3 hero1
t=7 ph=3 ap=1 snaps=2302 hooks=23 inst=56 rollout "Chain Lightning" Spell lvl3 hero1
t=7 ph=3 ap=1 snaps=2311 hooks=23 inst=56 rollout "Chain Lightning" Spell lvl3 hero1
t=7 ph=3 ap=1 snaps=2313 hooks=23 inst=56 rollout "Chain Lightning" Spell lvl3 hero1
t=7 ph=3 ap=1 snaps=2315 hooks=23 inst=56 rollout "Chain Lightning" Spell lvl3 hero1
t=7 ph=3 ap=1 snaps=2316 hooks=23 inst=56 rollout "Chain Lightning" Spell lvl3 hero1
t=7 ph=3 ap=1 snaps=2318 hooks=23 inst=56 rollout "Chain Lightning" Spell lvl3 hero1
t=7 ph=3 ap=1 snaps=2323 hooks=23 inst=56 rollout "Chain Lightning" Spell lvl3 hero1
t=7 ph=3 ap=1 snaps=2325 hooks=23 inst=56 rollout "Chain Lightning" Spell lvl3 hero1
t=7 ph=3 ap=1 snaps=2340 hooks=23 inst=56 rollout "Chain Lightning" Spell lvl3 hero1
t=7 ph=3 ap=1 snaps=2349 hooks=23 inst=56 rollout "Chain Lightning" Spell lvl3 hero1
t=7 ph=3 ap=1 snaps=2353 hooks=23 inst=56 rollout "Chain Lightning" Spell lvl3 hero1
t=7 ph=3 ap=1 snaps=2356 hooks=23 inst=56 rollout "Chain Lightning" Spell lvl3 hero1
t=7 ph=3 ap=1 snaps=2368 hooks=23 inst=56 rollout "Chain Lightning" Spell lvl3 hero1
t=7 ph=3 ap=1 snaps=2378 hooks=23 inst=56 rollout "Chain Lightning" Spell lvl3 hero1
t=7 ph=3 ap=1 snaps=2388 hooks=23 inst=56 rollout "Chain Lightning" Spell lvl3 hero1
t=7 ph=3 ap=1 snaps=2390 hooks=23 inst=56 rollout "Chain Lightning" Spell lvl3 hero1
t=7 ph=3 ap=1 snaps=2392 hooks=23 inst=56 rollout "Chain Lightning" Spell lvl3 hero1
t=7 ph=3 ap=1 snaps=2395 hooks=23 inst=56 rollout "Chain Lightning" Spell lvl3 hero1
t=7 ph=3 ap=1 snaps=2397 hooks=23 inst=56 rollout "Chain Lightning" Spell lvl3 hero1
t=7 ph=3 ap=1 snaps=2401 hooks=23 inst=56 rollout "Chain Lightning" Spell lvl3 hero1
t=7 ph=3 ap=1 snaps=2406 hooks=23 inst=56 rollout "Chain Lightning" Spell lvl3 hero1
t=7 ph=3 ap=1 snaps=2407 hooks=23 inst=56 rollout "Chain Lightning" Spell lvl3 hero1
t=7 ph=3 ap=1 snaps=2408 hooks=23 inst=56 rollout "Chain Lightning" Spell lvl3 hero1
t=7 ph=3 ap=1 snaps=2410 hooks=23 inst=56 rollout "Chain Lightning" Spell lvl3 hero1
t=7 ph=3 ap=1 snaps=2411 hooks=23 inst=56 rollout "Chain Lightning" Spell lvl3 hero1
t=7 ph=3 ap=1 snaps=2413 hooks=23 inst=56 rollout "Chain Lightning" Spell lvl3 hero1
t=7 ph=3 ap=1 snaps=2415 hooks=23 inst=56 rollout "Chain Lightning" Spell lvl3 hero1
t=7 ph=3 ap=1 snaps=2416 hooks=23 inst=56 rollout "Chain Lightning" Spell lvl3 hero1
t=7 ph=3 ap=1 snaps=2417 hooks=23 inst=56 rollout "Chain Lightning" Spell lvl3 hero1
t=7 ph=3 ap=1 snaps=2419 hooks=23 inst=56 rollout "Chain Lightning" Spell lvl3 hero1
t=7 ph=3 ap=1 snaps=2425 hooks=23 inst=56 rollout "Chain Lightning" Spell lvl3 hero1
t=7 ph=3 ap=1 snaps=2427 hooks=23 inst=56 rollout "Chain Lightning" Spell lvl3 hero1

=== GAME 3/1000: Great Weapon Master vs Poison Torture @ 2026-05-01T09:33:53.901Z ===
t=1 ph=2 ap=1 snaps=0 hooks=10 inst=29 cpuTurnStart cpu=p1 hand=6
t=1 ph=5 ap=1 snaps=3 hooks=27 inst=33 switchTurn ending p1
t=2 ph=2 ap=0 snaps=3 hooks=13 inst=34 cpuTurnStart cpu=p0 hand=6
t=2 ph=3 ap=0 snaps=18 hooks=24 inst=35 rollout "Thieving Strike" Attack lvl2 hero1
t=2 ph=3 ap=0 snaps=19 hooks=24 inst=35 rollout "Quick Attack" Attack lvl1 hero1
t=2 ph=3 ap=0 snaps=24 hooks=24 inst=35 rollout "Thieving Strike" Attack lvl2 hero1
t=2 ph=3 ap=0 snaps=25 hooks=24 inst=35 rollout "Thieving Strike" Attack lvl2 hero1
t=2 ph=3 ap=0 snaps=26 hooks=24 inst=35 rollout "Thieving Strike" Attack lvl2 hero1
t=2 ph=3 ap=0 snaps=29 hooks=24 inst=35 rollout "Thieving Strike" Attack lvl2 hero1
t=2 ph=3 ap=0 snaps=30 hooks=24 inst=35 rollout "Quick Attack" Attack lvl1 hero1
t=2 ph=3 ap=0 snaps=34 hooks=24 inst=35 rollout "Quick Attack" Attack lvl1 hero1
t=2 ph=3 ap=0 snaps=39 hooks=24 inst=35 rollout "Quick Attack" Attack lvl1 hero1
t=2 ph=3 ap=0 snaps=44 hooks=24 inst=35 rollout "Quick Attack" Attack lvl1 hero1
t=2 ph=3 ap=0 snaps=47 hooks=24 inst=35 rollout "Quick Attack" Attack lvl1 hero1
t=2 ph=3 ap=0 snaps=52 hooks=24 inst=35 rollout "Quick Attack" Attack lvl1 hero1
t=2 ph=3 ap=0 snaps=55 hooks=24 inst=35 rollout "Quick Attack" Attack lvl1 hero1
t=2 ph=3 ap=0 snaps=60 hooks=24 inst=35 rollout "Quick Attack" Attack lvl1 hero1
t=2 ph=3 ap=0 snaps=62 hooks=24 inst=35 rollout "Quick Attack" Attack lvl1 hero1
t=2 ph=3 ap=0 snaps=65 hooks=24 inst=35 rollout "Thieving Strike" Attack lvl2 hero1
t=2 ph=3 ap=0 snaps=66 hooks=24 inst=35 rollout "Thieving Strike" Attack lvl2 hero1
t=2 ph=3 ap=0 snaps=67 hooks=24 inst=35 rollout "Thieving Strike" Attack lvl2 hero1
t=2 ph=3 ap=0 snaps=68 hooks=24 inst=35 rollout "Thieving Strike" Attack lvl2 hero1
t=2 ph=3 ap=0 snaps=69 hooks=24 inst=35 rollout "Thieving Strike" Attack lvl2 hero1
t=2 ph=3 ap=0 snaps=70 hooks=24 inst=35 rollout "Thieving Strike" Attack lvl2 hero1
t=2 ph=3 ap=0 snaps=71 hooks=24 inst=35 rollout "Thieving Strike" Attack lvl2 hero1
t=2 ph=3 ap=0 snaps=72 hooks=24 inst=35 rollout "Thieving Strike" Attack lvl2 hero1
t=2 ph=3 ap=0 snaps=73 hooks=24 inst=35 rollout "Thieving Strike" Attack lvl2 hero1
t=2 ph=3 ap=0 snaps=74 hooks=24 inst=35 rollout "Thieving Strike" Attack lvl2 hero1
t=2 ph=3 ap=0 snaps=75 hooks=24 inst=35 rollout "Thieving Strike" Attack lvl2 hero1
t=2 ph=3 ap=0 snaps=76 hooks=24 inst=35 rollout "Thieving Strike" Attack lvl2 hero1
t=2 ph=3 ap=0 snaps=77 hooks=24 inst=35 rollout "Thieving Strike" Attack lvl2 hero1
t=2 ph=3 ap=0 snaps=78 hooks=24 inst=35 rollout "Thieving Strike" Attack lvl2 hero1
t=2 ph=3 ap=0 snaps=79 hooks=24 inst=35 rollout "Thieving Strike" Attack lvl2 hero1
t=2 ph=3 ap=0 snaps=80 hooks=24 inst=35 rollout "Thieving Strike" Attack lvl2 hero1
t=2 ph=3 ap=0 snaps=81 hooks=24 inst=35 rollout "Thieving Strike" Attack lvl2 hero1
t=2 ph=3 ap=0 snaps=82 hooks=24 inst=35 rollout "Thieving Strike" Attack lvl2 hero1
t=2 ph=3 ap=0 snaps=83 hooks=24 inst=35 rollout "Thieving Strike" Attack lvl2 hero1
t=2 ph=3 ap=0 snaps=84 hooks=24 inst=35 rollout "Thieving Strike" Attack lvl2 hero1
t=2 ph=3 ap=0 snaps=85 hooks=24 inst=35 rollout "Thieving Strike" Attack lvl2 hero1
t=2 ph=3 ap=0 snaps=86 hooks=24 inst=35 rollout "Thieving Strike" Attack lvl2 hero1
t=2 ph=3 ap=0 snaps=87 hooks=24 inst=35 rollout "Thieving Strike" Attack lvl2 hero1
t=2 ph=3 ap=0 snaps=88 hooks=24 inst=35 rollout "Thieving Strike" Attack lvl2 hero1
t=2 ph=3 ap=0 snaps=89 hooks=24 inst=35 rollout "Thieving Strike" Attack lvl2 hero1
t=2 ph=3 ap=0 snaps=90 hooks=24 inst=35 rollout "Thieving Strike" Attack lvl2 hero1
t=2 ph=3 ap=0 snaps=91 hooks=24 inst=35 rollout "Thieving Strike" Attack lvl2 hero1
t=2 ph=3 ap=0 snaps=92 hooks=24 inst=35 rollout "Thieving Strike" Attack lvl2 hero1
t=2 ph=3 ap=0 snaps=93 hooks=24 inst=35 rollout "Thieving Strike" Attack lvl2 hero1
t=2 ph=3 ap=0 snaps=94 hooks=24 inst=35 rollout "Thieving Strike" Attack lvl2 hero1
t=2 ph=3 ap=0 snaps=95 hooks=24 inst=35 rollout "Thieving Strike" Attack lvl2 hero1
t=2 ph=3 ap=0 snaps=96 hooks=24 inst=35 rollout "Thieving Strike" Attack lvl2 hero1
t=2 ph=3 ap=0 snaps=97 hooks=24 inst=35 rollout "Thieving Strike" Attack lvl2 hero1
t=2 ph=3 ap=0 snaps=98 hooks=24 inst=35 rollout "Thieving Strike" Attack lvl2 hero1
t=2 ph=3 ap=0 snaps=99 hooks=24 inst=35 rollout "Thieving Strike" Attack lvl2 hero1
t=2 ph=3 ap=0 snaps=100 hooks=24 inst=35 rollout "Thieving Strike" Attack lvl2 hero1
t=2 ph=3 ap=0 snaps=101 hooks=24 inst=35 rollout "Thieving Strike" Attack lvl2 hero1
t=2 ph=3 ap=0 snaps=102 hooks=24 inst=35 rollout "Thieving Strike" Attack lvl2 hero1
t=2 ph=3 ap=0 snaps=103 hooks=24 inst=35 rollout "Thieving Strike" Attack lvl2 hero1
t=2 ph=3 ap=0 snaps=104 hooks=24 inst=35 rollout "Thieving Strike" Attack lvl2 hero1
t=2 ph=3 ap=0 snaps=105 hooks=24 inst=35 rollout "Thieving Strike" Attack lvl2 hero1
t=2 ph=3 ap=0 snaps=106 hooks=24 inst=35 rollout "Thieving Strike" Attack lvl2 hero1
t=2 ph=3 ap=0 snaps=107 hooks=24 inst=35 rollout "Thieving Strike" Attack lvl2 hero1
t=2 ph=3 ap=0 snaps=108 hooks=24 inst=35 rollout "Thieving Strike" Attack lvl2 hero1
t=2 ph=3 ap=0 snaps=109 hooks=24 inst=35 rollout "Thieving Strike" Attack lvl2 hero1
t=2 ph=3 ap=0 snaps=110 hooks=24 inst=35 rollout "Thieving Strike" Attack lvl2 hero1
t=2 ph=3 ap=0 snaps=111 hooks=24 inst=35 rollout "Thieving Strike" Attack lvl2 hero1
t=2 ph=3 ap=0 snaps=112 hooks=24 inst=35 rollout "Thieving Strike" Attack lvl2 hero1
t=2 ph=3 ap=0 snaps=113 hooks=24 inst=35 rollout "Thieving Strike" Attack lvl2 hero1
t=2 ph=3 ap=0 snaps=114 hooks=24 inst=35 rollout "Thieving Strike" Attack lvl2 hero1
t=2 ph=3 ap=0 snaps=115 hooks=24 inst=35 rollout "Thieving Strike" Attack lvl2 hero1
t=2 ph=3 ap=0 snaps=116 hooks=24 inst=35 rollout "Thieving Strike" Attack lvl2 hero1
t=2 ph=3 ap=0 snaps=117 hooks=24 inst=35 rollout "Thieving Strike" Attack lvl2 hero1
t=2 ph=3 ap=0 snaps=118 hooks=24 inst=35 rollout "Thieving Strike" Attack lvl2 hero1
t=2 ph=3 ap=0 snaps=119 hooks=24 inst=35 rollout "Thieving Strike" Attack lvl2 hero1
t=2 ph=3 ap=0 snaps=120 hooks=24 inst=35 rollout "Thieving Strike" Attack lvl2 hero1
t=2 ph=3 ap=0 snaps=121 hooks=24 inst=35 rollout "Thieving Strike" Attack lvl2 hero1
t=2 ph=3 ap=0 snaps=122 hooks=24 inst=35 rollout "Thieving Strike" Attack lvl2 hero1
t=2 ph=3 ap=0 snaps=123 hooks=24 inst=35 rollout "Thieving Strike" Attack lvl2 hero1
t=2 ph=3 ap=0 snaps=124 hooks=24 inst=35 rollout "Thieving Strike" Attack lvl2 hero1
t=2 ph=3 ap=0 snaps=125 hooks=24 inst=35 rollout "Thieving Strike" Attack lvl2 hero1
t=2 ph=3 ap=0 snaps=126 hooks=24 inst=35 rollout "Thieving Strike" Attack lvl2 hero1
t=2 ph=3 ap=0 snaps=127 hooks=24 inst=35 rollout "Thieving Strike" Attack lvl2 hero1
t=2 ph=3 ap=0 snaps=128 hooks=24 inst=35 rollout "Thieving Strike" Attack lvl2 hero1
t=2 ph=3 ap=0 snaps=129 hooks=24 inst=35 rollout "Thieving Strike" Attack lvl2 hero1
t=2 ph=5 ap=0 snaps=137 hooks=35 inst=35 switchTurn ending p0
t=3 ph=2 ap=1 snaps=137 hooks=10 inst=36 cpuTurnStart cpu=p1 hand=4
t=3 ph=3 ap=1 snaps=145 hooks=19 inst=39 rollout "Poison Pollen" Spell lvl1 hero1
t=3 ph=3 ap=1 snaps=151 hooks=19 inst=39 rollout "Poison Pollen" Spell lvl1 hero2
t=3 ph=3 ap=1 snaps=155 hooks=19 inst=39 rollout "Poison Pollen" Spell lvl1 hero1
t=3 ph=3 ap=1 snaps=159 hooks=19 inst=39 rollout "Poison Pollen" Spell lvl1 hero1
t=3 ph=3 ap=1 snaps=163 hooks=19 inst=39 rollout "Poison Pollen" Spell lvl1 hero1
t=3 ph=3 ap=1 snaps=165 hooks=19 inst=39 rollout "Poison Pollen" Spell lvl1 hero1
t=3 ph=3 ap=1 snaps=170 hooks=19 inst=39 rollout "Poison Pollen" Spell lvl1 hero1
t=3 ph=3 ap=1 snaps=173 hooks=19 inst=39 rollout "Poison Pollen" Spell lvl1 hero1
t=3 ph=3 ap=1 snaps=178 hooks=19 inst=39 rollout "Poison Pollen" Spell lvl1 hero2
t=3 ph=3 ap=1 snaps=180 hooks=19 inst=39 rollout "Poison Pollen" Spell lvl1 hero2
t=3 ph=3 ap=1 snaps=184 hooks=19 inst=39 rollout "Poison Pollen" Spell lvl1 hero2
t=3 ph=3 ap=1 snaps=190 hooks=19 inst=39 rollout "Poison Pollen" Spell lvl1 hero2
t=3 ph=3 ap=1 snaps=193 hooks=19 inst=39 rollout "Poison Pollen" Spell lvl1 hero2
t=3 ph=3 ap=1 snaps=195 hooks=19 inst=39 rollout "Poison Pollen" Spell lvl1 hero2
t=3 ph=3 ap=1 snaps=200 hooks=19 inst=39 rollout "Poison Pollen" Spell lvl1 hero1
t=3 ph=3 ap=1 snaps=204 hooks=19 inst=39 rollout "Poison Pollen" Spell lvl1 hero1
t=3 ph=3 ap=1 snaps=207 hooks=19 inst=39 rollout "Poison Pollen" Spell lvl1 hero2
t=3 ph=3 ap=1 snaps=212 hooks=19 inst=39 rollout "Poison Pollen" Spell lvl1 hero2
t=3 ph=3 ap=1 snaps=216 hooks=19 inst=39 rollout "Poison Pollen" Spell lvl1 hero2
t=3 ph=3 ap=1 snaps=218 hooks=19 inst=39 rollout "Poison Pollen" Spell lvl1 hero2
t=3 ph=3 ap=1 snaps=223 hooks=19 inst=39 rollout "Poison Pollen" Spell lvl1 hero2
t=3 ph=3 ap=1 snaps=225 hooks=19 inst=39 rollout "Poison Pollen" Spell lvl1 hero2
t=3 ph=3 ap=1 snaps=227 hooks=19 inst=39 rollout "Poison Pollen" Spell lvl1 hero2
t=3 ph=3 ap=1 snaps=230 hooks=19 inst=39 rollout "Poison Pollen" Spell lvl1 hero2
t=3 ph=3 ap=1 snaps=232 hooks=19 inst=39 rollout "Poison Pollen" Spell lvl1 hero2
t=3 ph=3 ap=1 snaps=234 hooks=19 inst=39 rollout "Poison Pollen" Spell lvl1 hero2
t=3 ph=3 ap=1 snaps=239 hooks=19 inst=39 rollout "Poison Pollen" Spell lvl1 hero2
t=3 ph=3 ap=1 snaps=244 hooks=19 inst=39 rollout "Poison Pollen" Spell lvl1 hero2
t=3 ph=3 ap=1 snaps=253 hooks=19 inst=39 rollout "Poison Pollen" Spell lvl1 hero2
t=3 ph=3 ap=1 snaps=256 hooks=19 inst=39 rollout "Poison Pollen" Spell lvl1 hero2
t=3 ph=3 ap=1 snaps=258 hooks=19 inst=39 rollout "Poison Pollen" Spell lvl1 hero2
t=3 ph=3 ap=1 snaps=260 hooks=19 inst=39 rollout "Poison Pollen" Spell lvl1 hero2
t=3 ph=3 ap=1 snaps=265 hooks=19 inst=39 rollout "Poison Pollen" Spell lvl1 hero2
t=3 ph=3 ap=1 snaps=269 hooks=19 inst=39 rollout "Poison Pollen" Spell lvl1 hero1
t=3 ph=3 ap=1 snaps=271 hooks=19 inst=39 rollout "Poison Pollen" Spell lvl1 hero2
t=3 ph=3 ap=1 snaps=274 hooks=19 inst=39 rollout "Poison Pollen" Spell lvl1 hero2
t=3 ph=3 ap=1 snaps=277 hooks=19 inst=39 rollout "Poison Pollen" Spell lvl1 hero2
t=3 ph=3 ap=1 snaps=279 hooks=19 inst=39 rollout "Poison Pollen" Spell lvl1 hero2
t=3 ph=3 ap=1 snaps=284 hooks=19 inst=39 rollout "Poison Pollen" Spell lvl1 hero2
t=3 ph=3 ap=1 snaps=287 hooks=19 inst=39 rollout "Poison Pollen" Spell lvl1 hero2
t=3 ph=3 ap=1 snaps=294 hooks=19 inst=39 rollout "Poison Pollen" Spell lvl1 hero2
t=3 ph=3 ap=1 snaps=296 hooks=19 inst=39 rollout "Poison Pollen" Spell lvl1 hero2
t=3 ph=3 ap=1 snaps=298 hooks=19 inst=39 rollout "Poison Pollen" Spell lvl1 hero2
t=3 ph=3 ap=1 snaps=301 hooks=19 inst=39 rollout "Poison Pollen" Spell lvl1 hero2
t=3 ph=3 ap=1 snaps=304 hooks=19 inst=39 rollout "Poison Pollen" Spell lvl1 hero2
t=3 ph=3 ap=1 snaps=307 hooks=19 inst=39 rollout "Poison Pollen" Spell lvl1 hero2
t=3 ph=3 ap=1 snaps=312 hooks=19 inst=39 rollout "Poison Pollen" Spell lvl1 hero2
t=3 ph=3 ap=1 snaps=314 hooks=19 inst=39 rollout "Poison Pollen" Spell lvl1 hero2
t=3 ph=3 ap=1 snaps=317 hooks=19 inst=39 rollout "Poison Pollen" Spell lvl1 hero2
t=3 ph=3 ap=1 snaps=321 hooks=19 inst=39 rollout "Poison Pollen" Spell lvl1 hero2
t=3 ph=3 ap=1 snaps=324 hooks=19 inst=39 rollout "Poison Pollen" Spell lvl1 hero2
t=3 ph=3 ap=1 snaps=329 hooks=19 inst=39 rollout "Poison Pollen" Spell lvl1 hero2
t=3 ph=3 ap=1 snaps=332 hooks=19 inst=39 rollout "Poison Pollen" Spell lvl1 hero2
t=3 ph=3 ap=1 snaps=334 hooks=19 inst=39 rollout "Poison Pollen" Spell lvl1 hero2
t=3 ph=3 ap=1 snaps=336 hooks=19 inst=39 rollout "Poison Pollen" Spell lvl1 hero2
t=3 ph=3 ap=1 snaps=343 hooks=19 inst=39 rollout "Poison Pollen" Spell lvl1 hero2
t=3 ph=3 ap=1 snaps=345 hooks=19 inst=39 rollout "Poison Pollen" Spell lvl1 hero2
t=3 ph=3 ap=1 snaps=348 hooks=19 inst=39 rollout "Poison Pollen" Spell lvl1 hero2
t=3 ph=3 ap=1 snaps=353 hooks=19 inst=39 rollout "Poison Pollen" Spell lvl1 hero2
t=3 ph=3 ap=1 snaps=358 hooks=19 inst=39 rollout "Poison Pollen" Spell lvl1 hero2
t=3 ph=3 ap=1 snaps=363 hooks=19 inst=39 rollout "Poison Pollen" Spell lvl1 hero2
t=3 ph=3 ap=1 snaps=367 hooks=19 inst=39 rollout "Poison Pollen" Spell lvl1 hero2
t=3 ph=3 ap=1 snaps=371 hooks=19 inst=39 rollout "Poison Pollen" Spell lvl1 hero2
t=3 ph=3 ap=1 snaps=376 hooks=19 inst=39 rollout "Poison Pollen" Spell lvl1 hero2
t=3 ph=3 ap=1 snaps=380 hooks=19 inst=39 rollout "Poison Pollen" Spell lvl1 hero2
t=3 ph=3 ap=1 snaps=383 hooks=19 inst=39 rollout "Poison Pollen" Spell lvl1 hero2
t=3 ph=3 ap=1 snaps=387 hooks=19 inst=39 rollout "Poison Pollen" Spell lvl1 hero2
t=3 ph=3 ap=1 snaps=389 hooks=19 inst=39 rollout "Poison Pollen" Spell lvl1 hero2
t=3 ph=3 ap=1 snaps=392 hooks=19 inst=39 rollout "Poison Pollen" Spell lvl1 hero2
t=3 ph=3 ap=1 snaps=396 hooks=19 inst=39 rollout "Poison Pollen" Spell lvl1 hero2
t=3 ph=3 ap=1 snaps=400 hooks=19 inst=39 rollout "Poison Pollen" Spell lvl1 hero2
t=3 ph=3 ap=1 snaps=404 hooks=19 inst=39 rollout "Poison Pollen" Spell lvl1 hero2
t=3 ph=3 ap=1 snaps=406 hooks=19 inst=39 rollout "Poison Pollen" Spell lvl1 hero2
t=3 ph=3 ap=1 snaps=410 hooks=19 inst=39 rollout "Poison Pollen" Spell lvl1 hero2
t=3 ph=3 ap=1 snaps=415 hooks=19 inst=39 rollout "Poison Pollen" Spell lvl1 hero2
t=3 ph=3 ap=1 snaps=419 hooks=19 inst=39 rollout "Poison Pollen" Spell lvl1 hero2
t=3 ph=3 ap=1 snaps=421 hooks=19 inst=39 rollout "Poison Pollen" Spell lvl1 hero2
t=3 ph=3 ap=1 snaps=423 hooks=19 inst=39 rollout "Poison Pollen" Spell lvl1 hero2
t=3 ph=3 ap=1 snaps=425 hooks=19 inst=39 rollout "Poison Pollen" Spell lvl1 hero2
t=3 ph=3 ap=1 snaps=429 hooks=19 inst=39 rollout "Poison Pollen" Spell lvl1 hero2
t=3 ph=5 ap=1 snaps=431 hooks=30 inst=39 switchTurn ending p1
t=4 ph=2 ap=0 snaps=431 hooks=13 inst=40 cpuTurnStart cpu=p0 hand=5
t=4 ph=3 ap=0 snaps=443 hooks=20 inst=40 rollout "Hammer Throw" Attack lvl1 hero1
t=4 ph=3 ap=0 snaps=444 hooks=20 inst=40 rollout "Hammer Throw" Attack lvl1 hero1
t=4 ph=3 ap=0 snaps=445 hooks=20 inst=40 rollout "Hammer Throw" Attack lvl1 hero1
t=4 ph=3 ap=0 snaps=446 hooks=20 inst=40 rollout "Hammer Throw" Attack lvl1 hero1
t=4 ph=3 ap=0 snaps=450 hooks=20 inst=40 rollout "Hammer Throw" Attack lvl1 hero1
t=4 ph=3 ap=0 snaps=460 hooks=20 inst=40 rollout "Hammer Throw" Attack lvl1 hero1
t=4 ph=3 ap=0 snaps=461 hooks=20 inst=40 rollout "Hammer Throw" Attack lvl1 hero1
t=4 ph=3 ap=0 snaps=462 hooks=20 inst=40 rollout "Hammer Throw" Attack lvl1 hero1
t=4 ph=3 ap=0 snaps=468 hooks=20 inst=40 rollout "Hammer Throw" Attack lvl1 hero1
t=4 ph=3 ap=0 snaps=469 hooks=20 inst=40 rollout "Hammer Throw" Attack lvl1 hero1
t=4 ph=3 ap=0 snaps=470 hooks=20 inst=40 rollout "Hammer Throw" Attack lvl1 hero1
t=4 ph=3 ap=0 snaps=473 hooks=20 inst=40 rollout "Hammer Throw" Attack lvl1 hero1
t=4 ph=3 ap=0 snaps=475 hooks=20 inst=40 rollout "Hammer Throw" Attack lvl1 hero1
t=4 ph=3 ap=0 snaps=478 hooks=20 inst=40 rollout "Hammer Throw" Attack lvl1 hero1
t=4 ph=3 ap=0 snaps=483 hooks=20 inst=40 rollout "Hammer Throw" Attack lvl1 hero1
t=4 ph=3 ap=0 snaps=484 hooks=20 inst=40 rollout "Hammer Throw" Attack lvl1 hero1
t=4 ph=3 ap=0 snaps=491 hooks=20 inst=40 rollout "Hammer Throw" Attack lvl1 hero1
t=4 ph=3 ap=0 snaps=492 hooks=20 inst=40 rollout "Hammer Throw" Attack lvl1 hero1
t=4 ph=3 ap=0 snaps=495 hooks=20 inst=40 rollout "Hammer Throw" Attack lvl1 hero1
t=4 ph=3 ap=0 snaps=500 hooks=20 inst=40 rollout "Hammer Throw" Attack lvl1 hero1
t=4 ph=3 ap=0 snaps=501 hooks=20 inst=40 rollout "Hammer Throw" Attack lvl1 hero1
t=4 ph=3 ap=0 snaps=505 hooks=20 inst=40 rollout "Hammer Throw" Attack lvl1 hero1
t=4 ph=3 ap=0 snaps=506 hooks=20 inst=40 rollout "Hammer Throw" Attack lvl1 hero1
t=4 ph=3 ap=0 snaps=508 hooks=20 inst=40 rollout "Hammer Throw" Attack lvl1 hero1
t=4 ph=3 ap=0 snaps=513 hooks=20 inst=40 rollout "Hammer Throw" Attack lvl1 hero1
t=4 ph=3 ap=0 snaps=514 hooks=20 inst=40 rollout "Hammer Throw" Attack lvl1 hero1
t=4 ph=3 ap=0 snaps=517 hooks=20 inst=40 rollout "Hammer Throw" Attack lvl1 hero1
t=4 ph=3 ap=0 snaps=520 hooks=20 inst=40 rollout "Hammer Throw" Attack lvl1 hero1
t=4 ph=3 ap=0 snaps=524 hooks=20 inst=40 rollout "Hammer Throw" Attack lvl1 hero1
t=4 ph=3 ap=0 snaps=527 hooks=20 inst=40 rollout "Hammer Throw" Attack lvl1 hero1
t=4 ph=3 ap=0 snaps=534 hooks=20 inst=40 rollout "Hammer Throw" Attack lvl1 hero1
t=4 ph=3 ap=0 snaps=539 hooks=20 inst=40 rollout "Hammer Throw" Attack lvl1 hero1
t=4 ph=3 ap=0 snaps=540 hooks=20 inst=40 rollout "Hammer Throw" Attack lvl1 hero1
t=4 ph=3 ap=0 snaps=542 hooks=20 inst=40 rollout "Hammer Throw" Attack lvl1 hero1
t=4 ph=3 ap=0 snaps=548 hooks=20 inst=40 rollout "Hammer Throw" Attack lvl1 hero1
t=4 ph=3 ap=0 snaps=551 hooks=20 inst=40 rollout "Hammer Throw" Attack lvl1 hero1
t=4 ph=3 ap=0 snaps=553 hooks=20 inst=40 rollout "Hammer Throw" Attack lvl1 hero1
t=4 ph=3 ap=0 snaps=559 hooks=20 inst=40 rollout "Hammer Throw" Attack lvl1 hero1
t=4 ph=3 ap=0 snaps=563 hooks=20 inst=40 rollout "Hammer Throw" Attack lvl1 hero1
t=4 ph=3 ap=0 snaps=564 hooks=20 inst=40 rollout "Hammer Throw" Attack lvl1 hero1
t=4 ph=3 ap=0 snaps=565 hooks=20 inst=40 rollout "Hammer Throw" Attack lvl1 hero1
t=4 ph=3 ap=0 snaps=567 hooks=20 inst=40 rollout "Hammer Throw" Attack lvl1 hero1
t=4 ph=3 ap=0 snaps=568 hooks=20 inst=40 rollout "Hammer Throw" Attack lvl1 hero1
t=4 ph=3 ap=0 snaps=572 hooks=20 inst=40 rollout "Hammer Throw" Attack lvl1 hero1
t=4 ph=3 ap=0 snaps=577 hooks=20 inst=40 rollout "Hammer Throw" Attack lvl1 hero1
t=4 ph=3 ap=0 snaps=578 hooks=20 inst=40 rollout "Hammer Throw" Attack lvl1 hero1
t=4 ph=3 ap=0 snaps=581 hooks=20 inst=40 rollout "Hammer Throw" Attack lvl1 hero1
t=4 ph=3 ap=0 snaps=582 hooks=20 inst=40 rollout "Hammer Throw" Attack lvl1 hero1
t=4 ph=3 ap=0 snaps=585 hooks=20 inst=40 rollout "Hammer Throw" Attack lvl1 hero1
t=4 ph=3 ap=0 snaps=586 hooks=20 inst=40 rollout "Hammer Throw" Attack lvl1 hero1
t=4 ph=3 ap=0 snaps=590 hooks=20 inst=40 rollout "Hammer Throw" Attack lvl1 hero1
t=4 ph=3 ap=0 snaps=593 hooks=20 inst=40 rollout "Hammer Throw" Attack lvl1 hero1
t=4 ph=3 ap=0 snaps=597 hooks=20 inst=40 rollout "Hammer Throw" Attack lvl1 hero1
t=4 ph=3 ap=0 snaps=600 hooks=20 inst=40 rollout "Hammer Throw" Attack lvl1 hero1
t=4 ph=3 ap=0 snaps=605 hooks=20 inst=40 rollout "Hammer Throw" Attack lvl1 hero1
t=4 ph=3 ap=0 snaps=609 hooks=20 inst=40 rollout "Hammer Throw" Attack lvl1 hero1
t=4 ph=3 ap=0 snaps=613 hooks=20 inst=40 rollout "Hammer Throw" Attack lvl1 hero1
t=4 ph=3 ap=0 snaps=614 hooks=20 inst=40 rollout "Hammer Throw" Attack lvl1 hero1
t=4 ph=3 ap=0 snaps=617 hooks=20 inst=40 rollout "Hammer Throw" Attack lvl1 hero1
t=4 ph=3 ap=0 snaps=621 hooks=20 inst=40 rollout "Hammer Throw" Attack lvl1 hero1
t=4 ph=3 ap=0 snaps=624 hooks=20 inst=40 rollout "Hammer Throw" Attack lvl1 hero1
t=4 ph=3 ap=0 snaps=626 hooks=20 inst=40 rollout "Hammer Throw" Attack lvl1 hero1
t=4 ph=3 ap=0 snaps=630 hooks=20 inst=40 rollout "Hammer Throw" Attack lvl1 hero1
t=4 ph=3 ap=0 snaps=634 hooks=20 inst=40 rollout "Hammer Throw" Attack lvl1 hero1
t=4 ph=3 ap=0 snaps=635 hooks=20 inst=40 rollout "Hammer Throw" Attack lvl1 hero1
t=4 ph=3 ap=0 snaps=642 hooks=20 inst=40 rollout "Hammer Throw" Attack lvl1 hero1
t=4 ph=3 ap=0 snaps=643 hooks=20 inst=40 rollout "Hammer Throw" Attack lvl1 hero1
t=4 ph=3 ap=0 snaps=647 hooks=20 inst=40 rollout "Hammer Throw" Attack lvl1 hero1
t=4 ph=3 ap=0 snaps=649 hooks=20 inst=40 rollout "Hammer Throw" Attack lvl1 hero1
t=4 ph=3 ap=0 snaps=652 hooks=20 inst=40 rollout "Hammer Throw" Attack lvl1 hero1
t=4 ph=3 ap=0 snaps=655 hooks=20 inst=40 rollout "Hammer Throw" Attack lvl1 hero1
t=4 ph=3 ap=0 snaps=657 hooks=20 inst=40 rollout "Hammer Throw" Attack lvl1 hero1
t=4 ph=3 ap=0 snaps=661 hooks=20 inst=40 rollout "Hammer Throw" Attack lvl1 hero1
t=4 ph=3 ap=0 snaps=665 hooks=20 inst=40 rollout "Hammer Throw" Attack lvl1 hero1
t=4 ph=3 ap=0 snaps=667 hooks=20 inst=40 rollout "Hammer Throw" Attack lvl1 hero1
t=4 ph=3 ap=0 snaps=669 hooks=20 inst=40 rollout "Hammer Throw" Attack lvl1 hero1
t=4 ph=3 ap=0 snaps=670 hooks=20 inst=40 rollout "Hammer Throw" Attack lvl1 hero1
t=4 ph=3 ap=0 snaps=673 hooks=20 inst=40 rollout "Hammer Throw" Attack lvl1 hero1
t=4 ph=3 ap=0 snaps=678 hooks=20 inst=40 rollout "Hammer Throw" Attack lvl1 hero1
t=4 ph=3 ap=0 snaps=681 hooks=20 inst=40 rollout "Hammer Throw" Attack lvl1 hero1
t=4 ph=5 ap=0 snaps=691 hooks=33 inst=40 switchTurn ending p0
t=5 ph=2 ap=1 snaps=691 hooks=10 inst=41 cpuTurnStart cpu=p1 hand=3
t=5 ph=5 ap=1 snaps=708 hooks=44 inst=49 switchTurn ending p1
t=6 ph=2 ap=0 snaps=708 hooks=14 inst=50 cpuTurnStart cpu=p0 hand=4
t=6 ph=5 ap=0 snaps=728 hooks=34 inst=56 switchTurn ending p0
t=7 ph=2 ap=1 snaps=728 hooks=13 inst=57 cpuTurnStart cpu=p1 hand=5
t=7 ph=3 ap=1 snaps=733 hooks=15 inst=57 rollout "Poison Pollen" Spell lvl1 hero1
t=7 ph=3 ap=1 snaps=737 hooks=15 inst=57 rollout "Poison Pollen" Spell lvl1 hero2
t=7 ph=3 ap=1 snaps=739 hooks=15 inst=57 rollout "Intrude" Spell lvl0 hero0
t=7 ph=3 ap=1 snaps=743 hooks=15 inst=57 rollout "Intrude" Spell lvl0 hero1
t=7 ph=3 ap=1 snaps=751 hooks=15 inst=57 rollout "Intrude" Spell lvl0 hero2
t=7 ph=3 ap=1 snaps=754 hooks=15 inst=57 rollout "Poison Pollen" Spell lvl1 hero1
t=7 ph=3 ap=1 snaps=758 hooks=15 inst=57 rollout "Poison Pollen" Spell lvl1 hero1
t=7 ph=3 ap=1 snaps=761 hooks=15 inst=57 rollout "Poison Pollen" Spell lvl1 hero1
t=7 ph=3 ap=1 snaps=764 hooks=15 inst=57 rollout "Poison Pollen" Spell lvl1 hero2
t=7 ph=3 ap=1 snaps=765 hooks=15 inst=57 rollout "Poison Pollen" Spell lvl1 hero2
t=7 ph=3 ap=1 snaps=768 hooks=15 inst=57 rollout "Poison Pollen" Spell lvl1 hero2
t=7 ph=3 ap=1 snaps=769 hooks=15 inst=57 rollout "Intrude" Spell lvl0 hero0
t=7 ph=3 ap=1 snaps=773 hooks=15 inst=57 rollout "Intrude" Spell lvl0 hero0
t=7 ph=3 ap=1 snaps=789 hooks=15 inst=57 rollout "Intrude" Spell lvl0 hero0
t=7 ph=3 ap=1 snaps=793 hooks=15 inst=57 rollout "Intrude" Spell lvl0 hero1
t=7 ph=3 ap=1 snaps=797 hooks=15 inst=57 rollout "Intrude" Spell lvl0 hero1
t=7 ph=3 ap=1 snaps=802 hooks=15 inst=57 rollout "Intrude" Spell lvl0 hero1
t=7 ph=3 ap=1 snaps=805 hooks=15 inst=57 rollout "Intrude" Spell lvl0 hero1
t=7 ph=3 ap=1 snaps=808 hooks=15 inst=57 rollout "Intrude" Spell lvl0 hero1
t=7 ph=3 ap=1 snaps=810 hooks=15 inst=57 rollout "Intrude" Spell lvl0 hero1
t=7 ph=3 ap=1 snaps=813 hooks=15 inst=57 rollout "Intrude" Spell lvl0 hero1
t=7 ph=3 ap=1 snaps=817 hooks=15 inst=57 rollout "Intrude" Spell lvl0 hero2
t=7 ph=3 ap=1 snaps=823 hooks=15 inst=57 rollout "Intrude" Spell lvl0 hero2
t=7 ph=3 ap=1 snaps=831 hooks=15 inst=57 rollout "Intrude" Spell lvl0 hero2
t=7 ph=3 ap=1 snaps=841 hooks=15 inst=57 rollout "Intrude" Spell lvl0 hero2
t=7 ph=3 ap=1 snaps=846 hooks=15 inst=57 rollout "Intrude" Spell lvl0 hero2
t=7 ph=3 ap=1 snaps=850 hooks=15 inst=57 rollout "Intrude" Spell lvl0 hero2
t=7 ph=3 ap=1 snaps=855 hooks=15 inst=57 rollout "Intrude" Spell lvl0 hero2
t=7 ph=3 ap=1 snaps=858 hooks=15 inst=57 rollout "Poison Pollen" Spell lvl1 hero2
t=7 ph=3 ap=1 snaps=863 hooks=15 inst=57 rollout "Intrude" Spell lvl0 hero1
t=7 ph=3 ap=1 snaps=870 hooks=15 inst=57 rollout "Intrude" Spell lvl0 hero1
t=7 ph=3 ap=1 snaps=874 hooks=15 inst=57 rollout "Intrude" Spell lvl0 hero0
t=7 ph=3 ap=1 snaps=879 hooks=15 inst=57 rollout "Intrude" Spell lvl0 hero2
t=7 ph=3 ap=1 snaps=885 hooks=15 inst=57 rollout "Intrude" Spell lvl0 hero0
t=7 ph=3 ap=1 snaps=895 hooks=15 inst=57 rollout "Intrude" Spell lvl0 hero0
t=7 ph=3 ap=1 snaps=899 hooks=15 inst=57 rollout "Intrude" Spell lvl0 hero1
t=7 ph=3 ap=1 snaps=903 hooks=15 inst=57 rollout "Intrude" Spell lvl0 hero2
t=7 ph=3 ap=1 snaps=907 hooks=15 inst=57 rollout "Intrude" Spell lvl0 hero1
t=7 ph=3 ap=1 snaps=910 hooks=15 inst=57 rollout "Poison Pollen" Spell lvl1 hero2
t=7 ph=3 ap=1 snaps=913 hooks=15 inst=57 rollout "Poison Pollen" Spell lvl1 hero2
t=7 ph=3 ap=1 snaps=915 hooks=15 inst=57 rollout "Intrude" Spell lvl0 hero1
t=7 ph=3 ap=1 snaps=918 hooks=15 inst=57 rollout "Intrude" Spell lvl0 hero1
t=7 ph=3 ap=1 snaps=923 hooks=15 inst=57 rollout "Intrude" Spell lvl0 hero1
t=7 ph=3 ap=1 snaps=927 hooks=15 inst=57 rollout "Intrude" Spell lvl0 hero2
t=7 ph=3 ap=1 snaps=930 hooks=15 inst=57 rollout "Intrude" Spell lvl0 hero1
t=7 ph=3 ap=1 snaps=941 hooks=15 inst=57 rollout "Intrude" Spell lvl0 hero0
t=7 ph=3 ap=1 snaps=945 hooks=15 inst=57 rollout "Intrude" Spell lvl0 hero1
t=7 ph=3 ap=1 snaps=949 hooks=15 inst=57 rollout "Intrude" Spell lvl0 hero2
t=7 ph=3 ap=1 snaps=953 hooks=15 inst=57 rollout "Intrude" Spell lvl0 hero2
t=7 ph=3 ap=1 snaps=963 hooks=15 inst=57 rollout "Poison Pollen" Spell lvl1 hero2
t=7 ph=3 ap=1 snaps=969 hooks=15 inst=57 rollout "Poison Pollen" Spell lvl1 hero2
t=7 ph=3 ap=1 snaps=971 hooks=15 inst=57 rollout "Poison Pollen" Spell lvl1 hero2
t=7 ph=3 ap=1 snaps=973 hooks=15 inst=57 rollout "Intrude" Spell lvl0 hero0
t=7 ph=3 ap=1 snaps=976 hooks=15 inst=57 rollout "Intrude" Spell lvl0 hero0
t=7 ph=3 ap=1 snaps=983 hooks=15 inst=57 rollout "Intrude" Spell lvl0 hero2
t=7 ph=3 ap=1 snaps=994 hooks=15 inst=57 rollout "Poison Pollen" Spell lvl1 hero1
t=7 ph=3 ap=1 snaps=999 hooks=15 inst=57 rollout "Poison Pollen" Spell lvl1 hero2
t=7 ph=3 ap=1 snaps=1000 hooks=15 inst=57 rollout "Poison Pollen" Spell lvl1 hero2
t=7 ph=3 ap=1 snaps=1007 hooks=15 inst=57 rollout "Intrude" Spell lvl0 hero1
t=7 ph=3 ap=1 snaps=1013 hooks=15 inst=57 rollout "Intrude" Spell lvl0 hero0
t=7 ph=3 ap=1 snaps=1020 hooks=15 inst=57 rollout "Intrude" Spell lvl0 hero0
t=7 ph=3 ap=1 snaps=1024 hooks=15 inst=57 rollout "Intrude" Spell lvl0 hero0
t=7 ph=3 ap=1 snaps=1030 hooks=15 inst=57 rollout "Intrude" Spell lvl0 hero0
t=7 ph=3 ap=1 snaps=1032 hooks=15 inst=57 rollout "Intrude" Spell lvl0 hero0
t=7 ph=3 ap=1 snaps=1035 hooks=15 inst=57 rollout "Intrude" Spell lvl0 hero0
t=7 ph=3 ap=1 snaps=1040 hooks=15 inst=57 rollout "Intrude" Spell lvl0 hero0
t=7 ph=3 ap=1 snaps=1042 hooks=15 inst=57 rollout "Intrude" Spell lvl0 hero0
t=7 ph=3 ap=1 snaps=1045 hooks=15 inst=57 rollout "Intrude" Spell lvl0 hero0
t=7 ph=3 ap=1 snaps=1052 hooks=15 inst=57 rollout "Intrude" Spell lvl0 hero0
t=7 ph=3 ap=1 snaps=1058 hooks=15 inst=57 rollout "Intrude" Spell lvl0 hero0
t=7 ph=3 ap=1 snaps=1064 hooks=15 inst=57 rollout "Intrude" Spell lvl0 hero0
t=7 ph=3 ap=1 snaps=1068 hooks=15 inst=57 rollout "Intrude" Spell lvl0 hero0
t=7 ph=3 ap=1 snaps=1071 hooks=15 inst=57 rollout "Intrude" Spell lvl0 hero0
t=7 ph=3 ap=1 snaps=1074 hooks=15 inst=57 rollout "Intrude" Spell lvl0 hero0
t=7 ph=3 ap=1 snaps=1078 hooks=15 inst=57 rollout "Intrude" Spell lvl0 hero0
t=7 ph=3 ap=1 snaps=1079 hooks=15 inst=57 rollout "Intrude" Spell lvl0 hero0
t=7 ph=3 ap=1 snaps=1082 hooks=15 inst=57 rollout "Intrude" Spell lvl0 hero0
t=7 ph=3 ap=1 snaps=1095 hooks=15 inst=57 rollout "Intrude" Spell lvl0 hero0
t=7 ph=3 ap=1 snaps=1100 hooks=15 inst=57 rollout "Intrude" Spell lvl0 hero0
t=7 ph=3 ap=1 snaps=1106 hooks=15 inst=57 rollout "Intrude" Spell lvl0 hero0
t=7 ph=5 ap=1 snaps=1164 hooks=31 inst=60 switchTurn ending p1
t=8 ph=2 ap=0 snaps=1164 hooks=13 inst=61 cpuTurnStart cpu=p0 hand=4
t=8 ph=5 ap=0 snaps=1180 hooks=22 inst=62 switchTurn ending p0
t=9 ph=2 ap=1 snaps=1180 hooks=13 inst=63 cpuTurnStart cpu=p1 hand=6
t=9 ph=3 ap=1 snaps=1190 hooks=20 inst=64 rollout "Poison Pollen" Spell lvl1 hero1
t=9 ph=3 ap=1 snaps=1195 hooks=20 inst=64 rollout "Poison Pollen" Spell lvl1 hero2
t=9 ph=3 ap=1 snaps=1201 hooks=20 inst=64 rollout "Poison Pollen" Spell lvl1 hero1
t=9 ph=3 ap=1 snaps=1205 hooks=20 inst=64 rollout "Poison Pollen" Spell lvl1 hero1
t=9 ph=3 ap=1 snaps=1209 hooks=20 inst=64 rollout "Poison Pollen" Spell lvl1 hero1
t=9 ph=3 ap=1 snaps=1212 hooks=20 inst=64 rollout "Poison Pollen" Spell lvl1 hero2
t=9 ph=3 ap=1 snaps=1219 hooks=20 inst=64 rollout "Poison Pollen" Spell lvl1 hero2
t=9 ph=3 ap=1 snaps=1223 hooks=20 inst=64 rollout "Poison Pollen" Spell lvl1 hero2
t=9 ph=3 ap=1 snaps=1229 hooks=20 inst=64 rollout "Poison Pollen" Spell lvl1 hero2
t=9 ph=3 ap=1 snaps=1231 hooks=20 inst=64 rollout "Poison Pollen" Spell lvl1 hero2
t=9 ph=3 ap=1 snaps=1234 hooks=20 inst=64 rollout "Poison Pollen" Spell lvl1 hero2
t=9 ph=3 ap=1 snaps=1239 hooks=20 inst=64 rollout "Poison Pollen" Spell lvl1 hero2
t=9 ph=3 ap=1 snaps=1244 hooks=20 inst=64 rollout "Poison Pollen" Spell lvl1 hero2
t=9 ph=3 ap=1 snaps=1248 hooks=20 inst=64 rollout "Poison Pollen" Spell lvl1 hero2
t=9 ph=3 ap=1 snaps=1251 hooks=20 inst=64 rollout "Poison Pollen" Spell lvl1 hero2
t=9 ph=3 ap=1 snaps=1255 hooks=20 inst=64 rollout "Poison Pollen" Spell lvl1 hero2
t=9 ph=3 ap=1 snaps=1260 hooks=20 inst=64 rollout "Poison Pollen" Spell lvl1 hero1
t=9 ph=3 ap=1 snaps=1263 hooks=20 inst=64 rollout "Poison Pollen" Spell lvl1 hero2
t=9 ph=3 ap=1 snaps=1264 hooks=20 inst=64 rollout "Poison Pollen" Spell lvl1 hero2
t=9 ph=3 ap=1 snaps=1268 hooks=20 inst=64 rollout "Poison Pollen" Spell lvl1 hero2
t=9 ph=3 ap=1 snaps=1273 hooks=20 inst=64 rollout "Poison Pollen" Spell lvl1 hero2
t=9 ph=3 ap=1 snaps=1276 hooks=20 inst=64 rollout "Poison Pollen" Spell lvl1 hero2
t=9 ph=3 ap=1 snaps=1282 hooks=20 inst=64 rollout "Poison Pollen" Spell lvl1 hero2
t=9 ph=3 ap=1 snaps=1287 hooks=20 inst=64 rollout "Poison Pollen" Spell lvl1 hero2
t=9 ph=3 ap=1 snaps=1293 hooks=20 inst=64 rollout "Poison Pollen" Spell lvl1 hero2
t=9 ph=3 ap=1 snaps=1298 hooks=20 inst=64 rollout "Poison Pollen" Spell lvl1 hero2
t=9 ph=3 ap=1 snaps=1302 hooks=20 inst=64 rollout "Poison Pollen" Spell lvl1 hero2
t=9 ph=3 ap=1 snaps=1306 hooks=20 inst=64 rollout "Poison Pollen" Spell lvl1 hero2
t=9 ph=3 ap=1 snaps=1312 hooks=20 inst=64 rollout "Poison Pollen" Spell lvl1 hero2
t=9 ph=3 ap=1 snaps=1315 hooks=20 inst=64 rollout "Poison Pollen" Spell lvl1 hero2
t=9 ph=3 ap=1 snaps=1318 hooks=20 inst=64 rollout "Poison Pollen" Spell lvl1 hero2
t=9 ph=3 ap=1 snaps=1324 hooks=20 inst=64 rollout "Poison Pollen" Spell lvl1 hero2
t=9 ph=3 ap=1 snaps=1326 hooks=20 inst=64 rollout "Poison Pollen" Spell lvl1 hero2
t=9 ph=3 ap=1 snaps=1328 hooks=20 inst=64 rollout "Poison Pollen" Spell lvl1 hero2
t=9 ph=3 ap=1 snaps=1331 hooks=20 inst=64 rollout "Poison Pollen" Spell lvl1 hero2
t=9 ph=3 ap=1 snaps=1336 hooks=20 inst=64 rollout "Poison Pollen" Spell lvl1 hero2
t=9 ph=3 ap=1 snaps=1339 hooks=20 inst=64 rollout "Poison Pollen" Spell lvl1 hero2
t=9 ph=3 ap=1 snaps=1345 hooks=20 inst=64 rollout "Poison Pollen" Spell lvl1 hero2
t=9 ph=3 ap=1 snaps=1350 hooks=20 inst=64 rollout "Poison Pollen" Spell lvl1 hero2
t=9 ph=3 ap=1 snaps=1355 hooks=20 inst=64 rollout "Poison Pollen" Spell lvl1 hero2
t=9 ph=3 ap=1 snaps=1357 hooks=20 inst=64 rollout "Poison Pollen" Spell lvl1 hero2
t=9 ph=3 ap=1 snaps=1365 hooks=20 inst=64 rollout "Poison Pollen" Spell lvl1 hero2
t=9 ph=3 ap=1 snaps=1367 hooks=20 inst=64 rollout "Poison Pollen" Spell lvl1 hero2
t=9 ph=3 ap=1 snaps=1373 hooks=20 inst=64 rollout "Poison Pollen" Spell lvl1 hero2
t=9 ph=3 ap=1 snaps=1378 hooks=20 inst=64 rollout "Poison Pollen" Spell lvl1 hero2
t=9 ph=3 ap=1 snaps=1381 hooks=20 inst=64 rollout "Poison Pollen" Spell lvl1 hero2
t=9 ph=3 ap=1 snaps=1385 hooks=20 inst=64 rollout "Poison Pollen" Spell lvl1 hero2
t=9 ph=3 ap=1 snaps=1390 hooks=20 inst=64 rollout "Poison Pollen" Spell lvl1 hero2
t=9 ph=3 ap=1 snaps=1392 hooks=20 inst=64 rollout "Poison Pollen" Spell lvl1 hero2
t=9 ph=3 ap=1 snaps=1397 hooks=20 inst=64 rollout "Poison Pollen" Spell lvl1 hero2
t=9 ph=3 ap=1 snaps=1399 hooks=20 inst=64 rollout "Poison Pollen" Spell lvl1 hero2
t=9 ph=3 ap=1 snaps=1404 hooks=20 inst=64 rollout "Poison Pollen" Spell lvl1 hero2
t=9 ph=3 ap=1 snaps=1407 hooks=20 inst=64 rollout "Poison Pollen" Spell lvl1 hero2
t=9 ph=3 ap=1 snaps=1410 hooks=20 inst=64 rollout "Poison Pollen" Spell lvl1 hero2
t=9 ph=3 ap=1 snaps=1414 hooks=20 inst=64 rollout "Poison Pollen" Spell lvl1 hero2
t=9 ph=3 ap=1 snaps=1417 hooks=20 inst=64 rollout "Poison Pollen" Spell lvl1 hero2
t=9 ph=3 ap=1 snaps=1420 hooks=20 inst=64 rollout "Poison Pollen" Spell lvl1 hero2
t=9 ph=3 ap=1 snaps=1423 hooks=20 inst=64 rollout "Poison Pollen" Spell lvl1 hero2
t=9 ph=3 ap=1 snaps=1427 hooks=20 inst=64 rollout "Poison Pollen" Spell lvl1 hero2
t=9 ph=3 ap=1 snaps=1429 hooks=20 inst=64 rollout "Poison Pollen" Spell lvl1 hero2
t=9 ph=3 ap=1 snaps=1435 hooks=20 inst=64 rollout "Poison Pollen" Spell lvl1 hero2
t=9 ph=3 ap=1 snaps=1439 hooks=20 inst=64 rollout "Poison Pollen" Spell lvl1 hero2
t=9 ph=3 ap=1 snaps=1442 hooks=20 inst=64 rollout "Poison Pollen" Spell lvl1 hero2
t=9 ph=3 ap=1 snaps=1444 hooks=20 inst=64 rollout "Poison Pollen" Spell lvl1 hero2
t=9 ph=3 ap=1 snaps=1446 hooks=20 inst=64 rollout "Poison Pollen" Spell lvl1 hero2
t=9 ph=3 ap=1 snaps=1451 hooks=20 inst=64 rollout "Poison Pollen" Spell lvl1 hero2
t=9 ph=3 ap=1 snaps=1456 hooks=20 inst=64 rollout "Poison Pollen" Spell lvl1 hero2
t=9 ph=3 ap=1 snaps=1459 hooks=20 inst=64 rollout "Poison Pollen" Spell lvl1 hero2
t=9 ph=3 ap=1 snaps=1461 hooks=20 inst=64 rollout "Poison Pollen" Spell lvl1 hero2
t=9 ph=3 ap=1 snaps=1469 hooks=20 inst=64 rollout "Poison Pollen" Spell lvl1 hero2
t=9 ph=3 ap=1 snaps=1472 hooks=20 inst=64 rollout "Poison Pollen" Spell lvl1 hero2
t=9 ph=3 ap=1 snaps=1475 hooks=20 inst=64 rollout "Poison Pollen" Spell lvl1 hero2
t=9 ph=3 ap=1 snaps=1480 hooks=20 inst=64 rollout "Poison Pollen" Spell lvl1 hero2
t=9 ph=3 ap=1 snaps=1483 hooks=20 inst=64 rollout "Poison Pollen" Spell lvl1 hero2
t=9 ph=3 ap=1 snaps=1486 hooks=20 inst=64 rollout "Poison Pollen" Spell lvl1 hero2
t=9 ph=3 ap=1 snaps=1488 hooks=20 inst=64 rollout "Poison Pollen" Spell lvl1 hero2
t=9 ph=3 ap=1 snaps=1491 hooks=20 inst=64 rollout "Poison Pollen" Spell lvl1 hero2
t=9 ph=3 ap=1 snaps=1493 hooks=20 inst=64 rollout "Poison Pollen" Spell lvl1 hero2
t=9 ph=3 ap=1 snaps=1499 hooks=20 inst=64 rollout "Poison Pollen" Spell lvl1 hero2
t=9 ph=3 ap=1 snaps=1502 hooks=20 inst=64 rollout "Poison Pollen" Spell lvl1 hero2
t=9 ph=5 ap=1 snaps=1518 hooks=39 inst=62 switchTurn ending p1
t=10 ph=2 ap=0 snaps=1518 hooks=13 inst=63 cpuTurnStart cpu=p0 hand=4
t=10 ph=5 ap=0 snaps=1556 hooks=22 inst=63 switchTurn ending p0
t=11 ph=2 ap=1 snaps=1556 hooks=10 inst=64 cpuTurnStart cpu=p1 hand=5
t=11 ph=3 ap=1 snaps=1572 hooks=26 inst=69 rollout "Hammer Throw" Attack lvl1 hero1
t=11 ph=3 ap=1 snaps=1576 hooks=26 inst=69 rollout "Hammer Throw" Attack lvl1 hero1
t=11 ph=3 ap=1 snaps=1580 hooks=26 inst=69 rollout "Adventurousness" AbilityAction lvl1 hero0
t=11 ph=3 ap=1 snaps=1584 hooks=26 inst=69 rollout "Hammer Throw" Attack lvl1 hero1
t=11 ph=3 ap=1 snaps=1588 hooks=26 inst=69 rollout "Hammer Throw" Attack lvl1 hero1
t=11 ph=3 ap=1 snaps=1591 hooks=26 inst=69 rollout "Hammer Throw" Attack lvl1 hero1
t=11 ph=3 ap=1 snaps=1598 hooks=26 inst=69 rollout "Hammer Throw" Attack lvl1 hero1
t=11 ph=3 ap=1 snaps=1606 hooks=26 inst=69 rollout "Hammer Throw" Attack lvl1 hero1
t=11 ph=3 ap=1 snaps=1609 hooks=26 inst=69 rollout "Hammer Throw" Attack lvl1 hero1
t=11 ph=3 ap=1 snaps=1613 hooks=26 inst=69 rollout "Hammer Throw" Attack lvl1 hero1
t=11 ph=3 ap=1 snaps=1619 hooks=26 inst=69 rollout "Hammer Throw" Attack lvl1 hero1
t=11 ph=3 ap=1 snaps=1626 hooks=26 inst=69 rollout "Hammer Throw" Attack lvl1 hero1
t=11 ph=3 ap=1 snaps=1630 hooks=26 inst=69 rollout "Hammer Throw" Attack lvl1 hero1
t=11 ph=3 ap=1 snaps=1635 hooks=26 inst=69 rollout "Adventurousness" AbilityAction lvl1 hero0
t=11 ph=3 ap=1 snaps=1643 hooks=26 inst=69 rollout "Adventurousness" AbilityAction lvl1 hero0
t=11 ph=3 ap=1 snaps=1648 hooks=26 inst=69 rollout "Adventurousness" AbilityAction lvl1 hero0
t=11 ph=3 ap=1 snaps=1654 hooks=26 inst=69 rollout "Adventurousness" AbilityAction lvl1 hero0
t=11 ph=3 ap=1 snaps=1661 hooks=26 inst=69 rollout "Adventurousness" AbilityAction lvl1 hero0
t=11 ph=3 ap=1 snaps=1667 hooks=26 inst=69 rollout "Adventurousness" AbilityAction lvl1 hero0
t=11 ph=3 ap=1 snaps=1672 hooks=26 inst=69 rollout "Adventurousness" AbilityAction lvl1 hero0
t=11 ph=3 ap=1 snaps=1677 hooks=26 inst=69 rollout "Adventurousness" AbilityAction lvl1 hero0
t=11 ph=3 ap=1 snaps=1682 hooks=26 inst=69 rollout "Adventurousness" AbilityAction lvl1 hero0
t=11 ph=3 ap=1 snaps=1687 hooks=26 inst=69 rollout "Adventurousness" AbilityAction lvl1 hero0
t=11 ph=3 ap=1 snaps=1695 hooks=26 inst=69 rollout "Adventurousness" AbilityAction lvl1 hero0
t=11 ph=3 ap=1 snaps=1703 hooks=26 inst=69 rollout "Adventurousness" AbilityAction lvl1 hero0
t=11 ph=3 ap=1 snaps=1708 hooks=26 inst=69 rollout "Adventurousness" AbilityAction lvl1 hero0
t=11 ph=3 ap=1 snaps=1713 hooks=26 inst=69 rollout "Adventurousness" AbilityAction lvl1 hero0
t=11 ph=3 ap=1 snaps=1720 hooks=26 inst=69 rollout "Adventurousness" AbilityAction lvl1 hero0
t=11 ph=3 ap=1 snaps=1729 hooks=26 inst=69 rollout "Adventurousness" AbilityAction lvl1 hero0
t=11 ph=3 ap=1 snaps=1735 hooks=26 inst=69 rollout "Adventurousness" AbilityAction lvl1 hero0
t=11 ph=3 ap=1 snaps=1743 hooks=26 inst=69 rollout "Adventurousness" AbilityAction lvl1 hero0
t=11 ph=3 ap=1 snaps=1749 hooks=26 inst=69 rollout "Adventurousness" AbilityAction lvl1 hero0
t=11 ph=3 ap=1 snaps=1754 hooks=26 inst=69 rollout "Adventurousness" AbilityAction lvl1 hero0
t=11 ph=3 ap=1 snaps=1763 hooks=26 inst=69 rollout "Adventurousness" AbilityAction lvl1 hero0
t=11 ph=3 ap=1 snaps=1768 hooks=26 inst=69 rollout "Adventurousness" AbilityAction lvl1 hero0
t=11 ph=3 ap=1 snaps=1775 hooks=26 inst=69 rollout "Adventurousness" AbilityAction lvl1 hero0
t=11 ph=3 ap=1 snaps=1782 hooks=26 inst=69 rollout "Adventurousness" AbilityAction lvl1 hero0
t=11 ph=3 ap=1 snaps=1787 hooks=26 inst=69 rollout "Adventurousness" AbilityAction lvl1 hero0
t=11 ph=3 ap=1 snaps=1791 hooks=26 inst=69 rollout "Adventurousness" AbilityAction lvl1 hero0
t=11 ph=3 ap=1 snaps=1799 hooks=26 inst=69 rollout "Adventurousness" AbilityAction lvl1 hero0
t=11 ph=3 ap=1 snaps=1804 hooks=26 inst=69 rollout "Adventurousness" AbilityAction lvl1 hero0
t=11 ph=3 ap=1 snaps=1810 hooks=26 inst=69 rollout "Adventurousness" AbilityAction lvl1 hero0
t=11 ph=3 ap=1 snaps=1815 hooks=26 inst=69 rollout "Adventurousness" AbilityAction lvl1 hero0
t=11 ph=3 ap=1 snaps=1819 hooks=26 inst=69 rollout "Adventurousness" AbilityAction lvl1 hero0
t=11 ph=3 ap=1 snaps=1828 hooks=26 inst=69 rollout "Adventurousness" AbilityAction lvl1 hero0
t=11 ph=3 ap=1 snaps=1837 hooks=26 inst=69 rollout "Adventurousness" AbilityAction lvl1 hero0
t=11 ph=3 ap=1 snaps=1847 hooks=26 inst=69 rollout "Adventurousness" AbilityAction lvl1 hero0
t=11 ph=3 ap=1 snaps=1852 hooks=26 inst=69 rollout "Adventurousness" AbilityAction lvl1 hero0
t=11 ph=3 ap=1 snaps=1861 hooks=26 inst=69 rollout "Adventurousness" AbilityAction lvl1 hero0
t=11 ph=3 ap=1 snaps=1865 hooks=26 inst=69 rollout "Adventurousness" AbilityAction lvl1 hero0
t=11 ph=3 ap=1 snaps=1872 hooks=26 inst=69 rollout "Adventurousness" AbilityAction lvl1 hero0
t=11 ph=3 ap=1 snaps=1877 hooks=26 inst=69 rollout "Adventurousness" AbilityAction lvl1 hero0
t=11 ph=3 ap=1 snaps=1883 hooks=26 inst=69 rollout "Adventurousness" AbilityAction lvl1 hero0
t=11 ph=3 ap=1 snaps=1892 hooks=26 inst=69 rollout "Adventurousness" AbilityAction lvl1 hero0
t=11 ph=3 ap=1 snaps=1901 hooks=26 inst=69 rollout "Adventurousness" AbilityAction lvl1 hero0
t=11 ph=3 ap=1 snaps=1907 hooks=26 inst=69 rollout "Adventurousness" AbilityAction lvl1 hero0
t=11 ph=3 ap=1 snaps=1915 hooks=26 inst=69 rollout "Adventurousness" AbilityAction lvl1 hero0
t=11 ph=3 ap=1 snaps=1921 hooks=26 inst=69 rollout "Adventurousness" AbilityAction lvl1 hero0
t=11 ph=3 ap=1 snaps=1926 hooks=26 inst=69 rollout "Adventurousness" AbilityAction lvl1 hero0
t=11 ph=3 ap=1 snaps=1931 hooks=26 inst=69 rollout "Adventurousness" AbilityAction lvl1 hero0
t=11 ph=3 ap=1 snaps=1940 hooks=26 inst=69 rollout "Adventurousness" AbilityAction lvl1 hero0
t=11 ph=3 ap=1 snaps=1944 hooks=26 inst=69 rollout "Adventurousness" AbilityAction lvl1 hero0
t=11 ph=3 ap=1 snaps=1953 hooks=26 inst=69 rollout "Adventurousness" AbilityAction lvl1 hero0
t=11 ph=3 ap=1 snaps=1958 hooks=26 inst=69 rollout "Adventurousness" AbilityAction lvl1 hero0
t=11 ph=3 ap=1 snaps=1967 hooks=26 inst=69 rollout "Adventurousness" AbilityAction lvl1 hero0
t=11 ph=3 ap=1 snaps=1975 hooks=26 inst=69 rollout "Adventurousness" AbilityAction lvl1 hero0
t=11 ph=3 ap=1 snaps=1983 hooks=26 inst=69 rollout "Adventurousness" AbilityAction lvl1 hero0
t=11 ph=3 ap=1 snaps=1989 hooks=26 inst=69 rollout "Adventurousness" AbilityAction lvl1 hero0
t=11 ph=3 ap=1 snaps=1994 hooks=26 inst=69 rollout "Adventurousness" AbilityAction lvl1 hero0
t=11 ph=3 ap=1 snaps=2000 hooks=26 inst=69 rollout "Adventurousness" AbilityAction lvl1 hero0
t=11 ph=3 ap=1 snaps=2009 hooks=26 inst=69 rollout "Adventurousness" AbilityAction lvl1 hero0
t=11 ph=3 ap=1 snaps=2013 hooks=26 inst=69 rollout "Adventurousness" AbilityAction lvl1 hero0
t=11 ph=3 ap=1 snaps=2018 hooks=26 inst=69 rollout "Adventurousness" AbilityAction lvl1 hero0
t=11 ph=3 ap=1 snaps=2024 hooks=26 inst=69 rollout "Adventurousness" AbilityAction lvl1 hero0
t=11 ph=3 ap=1 snaps=2033 hooks=26 inst=69 rollout "Adventurousness" AbilityAction lvl1 hero0
t=11 ph=3 ap=1 snaps=2041 hooks=26 inst=69 rollout "Adventurousness" AbilityAction lvl1 hero0
t=11 ph=3 ap=1 snaps=2046 hooks=26 inst=69 rollout "Adventurousness" AbilityAction lvl1 hero0
t=11 ph=3 ap=1 snaps=2053 hooks=26 inst=69 rollout "Adventurousness" AbilityAction lvl1 hero0
t=11 ph=3 ap=1 snaps=2058 hooks=26 inst=69 rollout "Adventurousness" AbilityAction lvl1 hero0
t=11 ph=3 ap=1 snaps=2063 hooks=26 inst=69 rollout "Adventurousness" AbilityAction lvl1 hero0
t=11 ph=5 ap=1 snaps=2072 hooks=34 inst=69 switchTurn ending p1
t=12 ph=2 ap=0 snaps=2072 hooks=14 inst=70 cpuTurnStart cpu=p0 hand=5
t=12 ph=5 ap=0 snaps=2107 hooks=23 inst=71 switchTurn ending p0
t=13 ph=2 ap=1 snaps=2107 hooks=10 inst=72 cpuTurnStart cpu=p1 hand=7
t=13 ph=3 ap=1 snaps=2116 hooks=17 inst=73 rollout "Hammer Throw" Attack lvl1 hero1
t=13 ph=3 ap=1 snaps=2121 hooks=17 inst=73 rollout "Adventurousness" AbilityAction lvl2 hero0
t=13 ph=3 ap=1 snaps=2127 hooks=17 inst=73 rollout "Hammer Throw" Attack lvl1 hero1
t=13 ph=3 ap=1 snaps=2132 hooks=17 inst=73 rollout "Hammer Throw" Attack lvl1 hero1
t=13 ph=3 ap=1 snaps=2136 hooks=17 inst=73 rollout "Hammer Throw" Attack lvl1 hero1
t=13 ph=3 ap=1 snaps=2143 hooks=17 inst=73 rollout "Hammer Throw" Attack lvl1 hero1
t=13 ph=3 ap=1 snaps=2150 hooks=17 inst=73 rollout "Hammer Throw" Attack lvl1 hero1
t=13 ph=3 ap=1 snaps=2157 hooks=17 inst=73 rollout "Adventurousness" AbilityAction lvl2 hero0
t=13 ph=3 ap=1 snaps=2161 hooks=17 inst=73 rollout "Adventurousness" AbilityAction lvl2 hero0
t=13 ph=3 ap=1 snaps=2165 hooks=17 inst=73 rollout "Adventurousness" AbilityAction lvl2 hero0
t=13 ph=3 ap=1 snaps=2181 hooks=17 inst=73 rollout "Adventurousness" AbilityAction lvl2 hero0
t=13 ph=3 ap=1 snaps=2190 hooks=17 inst=73 rollout "Adventurousness" AbilityAction lvl2 hero0
t=13 ph=3 ap=1 snaps=2196 hooks=17 inst=73 rollout "Adventurousness" AbilityAction lvl2 hero0
t=13 ph=3 ap=1 snaps=2201 hooks=17 inst=73 rollout "Adventurousness" AbilityAction lvl2 hero0
t=13 ph=3 ap=1 snaps=2205 hooks=17 inst=73 rollout "Adventurousness" AbilityAction lvl2 hero0
t=13 ph=3 ap=1 snaps=2218 hooks=17 inst=73 rollout "Adventurousness" AbilityAction lvl2 hero0
t=13 ph=3 ap=1 snaps=2222 hooks=17 inst=73 rollout "Adventurousness" AbilityAction lvl2 hero0
t=13 ph=3 ap=1 snaps=2226 hooks=17 inst=73 rollout "Adventurousness" AbilityAction lvl2 hero0
t=13 ph=3 ap=1 snaps=2235 hooks=17 inst=73 rollout "Adventurousness" AbilityAction lvl2 hero0
t=13 ph=3 ap=1 snaps=2240 hooks=17 inst=73 rollout "Adventurousness" AbilityAction lvl2 hero0
t=13 ph=3 ap=1 snaps=2254 hooks=17 inst=73 rollout "Adventurousness" AbilityAction lvl2 hero0
t=13 ph=3 ap=1 snaps=2260 hooks=17 inst=73 rollout "Adventurousness" AbilityAction lvl2 hero0
t=13 ph=3 ap=1 snaps=2266 hooks=17 inst=73 rollout "Adventurousness" AbilityAction lvl2 hero0
t=13 ph=3 ap=1 snaps=2275 hooks=17 inst=73 rollout "Adventurousness" AbilityAction lvl2 hero0
t=13 ph=3 ap=1 snaps=2280 hooks=17 inst=73 rollout "Adventurousness" AbilityAction lvl2 hero0
t=13 ph=3 ap=1 snaps=2285 hooks=17 inst=73 rollout "Adventurousness" AbilityAction lvl2 hero0
t=13 ph=3 ap=1 snaps=2289 hooks=17 inst=73 rollout "Adventurousness" AbilityAction lvl2 hero0
t=13 ph=3 ap=1 snaps=2297 hooks=17 inst=73 rollout "Adventurousness" AbilityAction lvl2 hero0
t=13 ph=3 ap=1 snaps=2303 hooks=17 inst=73 rollout "Adventurousness" AbilityAction lvl2 hero0
t=13 ph=3 ap=1 snaps=2309 hooks=17 inst=73 rollout "Adventurousness" AbilityAction lvl2 hero0
t=13 ph=3 ap=1 snaps=2317 hooks=17 inst=73 rollout "Adventurousness" AbilityAction lvl2 hero0
t=13 ph=3 ap=1 snaps=2321 hooks=17 inst=73 rollout "Adventurousness" AbilityAction lvl2 hero0
t=13 ph=3 ap=1 snaps=2325 hooks=17 inst=73 rollout "Adventurousness" AbilityAction lvl2 hero0
t=13 ph=3 ap=1 snaps=2335 hooks=17 inst=73 rollout "Adventurousness" AbilityAction lvl2 hero0
t=13 ph=3 ap=1 snaps=2340 hooks=17 inst=73 rollout "Adventurousness" AbilityAction lvl2 hero0
t=13 ph=3 ap=1 snaps=2344 hooks=17 inst=73 rollout "Adventurousness" AbilityAction lvl2 hero0
t=13 ph=3 ap=1 snaps=2360 hooks=17 inst=73 rollout "Adventurousness" AbilityAction lvl2 hero0
t=13 ph=3 ap=1 snaps=2368 hooks=17 inst=73 rollout "Adventurousness" AbilityAction lvl2 hero0
t=13 ph=3 ap=1 snaps=2374 hooks=17 inst=73 rollout "Adventurousness" AbilityAction lvl2 hero0
t=13 ph=3 ap=1 snaps=2388 hooks=17 inst=73 rollout "Adventurousness" AbilityAction lvl2 hero0
t=13 ph=3 ap=1 snaps=2393 hooks=17 inst=73 rollout "Adventurousness" AbilityAction lvl2 hero0
t=13 ph=3 ap=1 snaps=2403 hooks=17 inst=73 rollout "Adventurousness" AbilityAction lvl2 hero0
t=13 ph=3 ap=1 snaps=2411 hooks=17 inst=73 rollout "Adventurousness" AbilityAction lvl2 hero0
t=13 ph=3 ap=1 snaps=2416 hooks=17 inst=73 rollout "Adventurousness" AbilityAction lvl2 hero0
t=13 ph=3 ap=1 snaps=2421 hooks=17 inst=73 rollout "Adventurousness" AbilityAction lvl2 hero0
t=13 ph=3 ap=1 snaps=2426 hooks=17 inst=73 rollout "Adventurousness" AbilityAction lvl2 hero0
t=13 ph=3 ap=1 snaps=2433 hooks=17 inst=73 rollout "Adventurousness" AbilityAction lvl2 hero0
t=13 ph=3 ap=1 snaps=2439 hooks=17 inst=73 rollout "Adventurousness" AbilityAction lvl2 hero0
t=13 ph=3 ap=1 snaps=2443 hooks=17 inst=73 rollout "Adventurousness" AbilityAction lvl2 hero0
t=13 ph=3 ap=1 snaps=2448 hooks=17 inst=73 rollout "Adventurousness" AbilityAction lvl2 hero0
t=13 ph=3 ap=1 snaps=2456 hooks=17 inst=73 rollout "Adventurousness" AbilityAction lvl2 hero0
t=13 ph=3 ap=1 snaps=2460 hooks=17 inst=73 rollout "Adventurousness" AbilityAction lvl2 hero0
t=13 ph=3 ap=1 snaps=2469 hooks=17 inst=73 rollout "Adventurousness" AbilityAction lvl2 hero0
t=13 ph=3 ap=1 snaps=2481 hooks=17 inst=73 rollout "Adventurousness" AbilityAction lvl2 hero0
t=13 ph=3 ap=1 snaps=2488 hooks=17 inst=73 rollout "Adventurousness" AbilityAction lvl2 hero0
t=13 ph=3 ap=1 snaps=2500 hooks=17 inst=73 rollout "Adventurousness" AbilityAction lvl2 hero0
t=13 ph=3 ap=1 snaps=2509 hooks=17 inst=73 rollout "Adventurousness" AbilityAction lvl2 hero0
t=13 ph=3 ap=1 snaps=2516 hooks=17 inst=73 rollout "Adventurousness" AbilityAction lvl2 hero0
t=13 ph=3 ap=1 snaps=2524 hooks=17 inst=73 rollout "Adventurousness" AbilityAction lvl2 hero0
t=13 ph=3 ap=1 snaps=2532 hooks=17 inst=73 rollout "Adventurousness" AbilityAction lvl2 hero0
t=13 ph=3 ap=1 snaps=2535 hooks=17 inst=73 rollout "Adventurousness" AbilityAction lvl2 hero0
t=13 ph=3 ap=1 snaps=2539 hooks=17 inst=73 rollout "Adventurousness" AbilityAction lvl2 hero0
t=13 ph=3 ap=1 snaps=2545 hooks=17 inst=73 rollout "Adventurousness" AbilityAction lvl2 hero0
t=13 ph=3 ap=1 snaps=2555 hooks=17 inst=73 rollout "Adventurousness" AbilityAction lvl2 hero0
t=13 ph=3 ap=1 snaps=2565 hooks=17 inst=73 rollout "Adventurousness" AbilityAction lvl2 hero0
t=13 ph=3 ap=1 snaps=2572 hooks=17 inst=73 rollout "Adventurousness" AbilityAction lvl2 hero0
t=13 ph=3 ap=1 snaps=2576 hooks=17 inst=73 rollout "Adventurousness" AbilityAction lvl2 hero0
t=13 ph=3 ap=1 snaps=2585 hooks=17 inst=73 rollout "Adventurousness" AbilityAction lvl2 hero0
t=13 ph=3 ap=1 snaps=2595 hooks=17 inst=73 rollout "Adventurousness" AbilityAction lvl2 hero0
t=13 ph=3 ap=1 snaps=2601 hooks=17 inst=73 rollout "Adventurousness" AbilityAction lvl2 hero0
t=13 ph=3 ap=1 snaps=2606 hooks=17 inst=73 rollout "Adventurousness" AbilityAction lvl2 hero0
t=13 ph=3 ap=1 snaps=2612 hooks=17 inst=73 rollout "Adventurousness" AbilityAction lvl2 hero0
t=13 ph=3 ap=1 snaps=2627 hooks=17 inst=73 rollout "Adventurousness" AbilityAction lvl2 hero0
t=13 ph=3 ap=1 snaps=2634 hooks=17 inst=73 rollout "Adventurousness" AbilityAction lvl2 hero0
t=13 ph=3 ap=1 snaps=2638 hooks=17 inst=73 rollout "Adventurousness" AbilityAction lvl2 hero0
t=13 ph=3 ap=1 snaps=2649 hooks=17 inst=73 rollout "Adventurousness" AbilityAction lvl2 hero0
t=13 ph=3 ap=1 snaps=2662 hooks=17 inst=73 rollout "Adventurousness" AbilityAction lvl2 hero0
t=13 ph=3 ap=1 snaps=2668 hooks=17 inst=73 rollout "Adventurousness" AbilityAction lvl2 hero0
t=13 ph=3 ap=1 snaps=2673 hooks=17 inst=73 rollout "Adventurousness" AbilityAction lvl2 hero0
t=13 ph=3 ap=1 snaps=2681 hooks=17 inst=73 rollout "Adventurousness" AbilityAction lvl2 hero0
t=13 ph=5 ap=1 snaps=2691 hooks=25 inst=73 switchTurn ending p1
t=14 ph=2 ap=0 snaps=2691 hooks=13 inst=74 cpuTurnStart cpu=p0 hand=5
t=14 ph=5 ap=0 snaps=2733 hooks=29 inst=74 switchTurn ending p0
t=15 ph=2 ap=1 snaps=2733 hooks=10 inst=75 cpuTurnStart cpu=p1 hand=6
t=15 ph=3 ap=1 snaps=2836 hooks=22 inst=78 rollout "Adventurousness" AbilityAction lvl2 hero0
t=15 ph=3 ap=1 snaps=2841 hooks=22 inst=78 rollout "Adventurousness" AbilityAction lvl2 hero0
t=15 ph=3 ap=1 snaps=2848 hooks=22 inst=78 rollout "Adventurousness" AbilityAction lvl2 hero0
t=15 ph=3 ap=1 snaps=2857 hooks=22 inst=78 rollout "Adventurousness" AbilityAction lvl2 hero0
t=15 ph=3 ap=1 snaps=2863 hooks=22 inst=78 rollout "Adventurousness" AbilityAction lvl2 hero0
t=15 ph=3 ap=1 snaps=2867 hooks=22 inst=78 rollout "Adventurousness" AbilityAction lvl2 hero0
t=15 ph=3 ap=1 snaps=2879 hooks=22 inst=78 rollout "Adventurousness" AbilityAction lvl2 hero0
t=15 ph=3 ap=1 snaps=2891 hooks=22 inst=78 rollout "Adventurousness" AbilityAction lvl2 hero0
t=15 ph=3 ap=1 snaps=2897 hooks=22 inst=78 rollout "Adventurousness" AbilityAction lvl2 hero0
t=15 ph=3 ap=1 snaps=2906 hooks=22 inst=78 rollout "Adventurousness" AbilityAction lvl2 hero0
t=15 ph=3 ap=1 snaps=2910 hooks=22 inst=78 rollout "Adventurousness" AbilityAction lvl2 hero0
t=15 ph=3 ap=1 snaps=2917 hooks=22 inst=78 rollout "Adventurousness" AbilityAction lvl2 hero0
t=15 ph=3 ap=1 snaps=2923 hooks=22 inst=78 rollout "Adventurousness" AbilityAction lvl2 hero0
t=15 ph=3 ap=1 snaps=2929 hooks=22 inst=78 rollout "Adventurousness" AbilityAction lvl2 hero0
t=15 ph=3 ap=1 snaps=2935 hooks=22 inst=78 rollout "Adventurousness" AbilityAction lvl2 hero0
t=15 ph=3 ap=1 snaps=2938 hooks=22 inst=78 rollout "Adventurousness" AbilityAction lvl2 hero0
t=15 ph=3 ap=1 snaps=2942 hooks=22 inst=78 rollout "Adventurousness" AbilityAction lvl2 hero0
t=15 ph=3 ap=1 snaps=2946 hooks=22 inst=78 rollout "Adventurousness" AbilityAction lvl2 hero0
t=15 ph=3 ap=1 snaps=2953 hooks=22 inst=78 rollout "Adventurousness" AbilityAction lvl2 hero0
t=15 ph=3 ap=1 snaps=2964 hooks=22 inst=78 rollout "Adventurousness" AbilityAction lvl2 hero0
t=15 ph=3 ap=1 snaps=2970 hooks=22 inst=78 rollout "Adventurousness" AbilityAction lvl2 hero0
t=15 ph=3 ap=1 snaps=2981 hooks=22 inst=78 rollout "Adventurousness" AbilityAction lvl2 hero0
t=15 ph=3 ap=1 snaps=2989 hooks=22 inst=78 rollout "Adventurousness" AbilityAction lvl2 hero0
t=15 ph=3 ap=1 snaps=2993 hooks=22 inst=78 rollout "Adventurousness" AbilityAction lvl2 hero0
t=15 ph=3 ap=1 snaps=3002 hooks=22 inst=78 rollout "Adventurousness" AbilityAction lvl2 hero0
t=15 ph=3 ap=1 snaps=3010 hooks=22 inst=78 rollout "Adventurousness" AbilityAction lvl2 hero0
t=15 ph=3 ap=1 snaps=3016 hooks=22 inst=78 rollout "Adventurousness" AbilityAction lvl2 hero0
t=15 ph=3 ap=1 snaps=3020 hooks=22 inst=78 rollout "Adventurousness" AbilityAction lvl2 hero0
t=15 ph=3 ap=1 snaps=3028 hooks=22 inst=78 rollout "Adventurousness" AbilityAction lvl2 hero0
t=15 ph=3 ap=1 snaps=3032 hooks=22 inst=78 rollout "Adventurousness" AbilityAction lvl2 hero0
t=15 ph=3 ap=1 snaps=3036 hooks=22 inst=78 rollout "Adventurousness" AbilityAction lvl2 hero0
t=15 ph=3 ap=1 snaps=3043 hooks=22 inst=78 rollout "Adventurousness" AbilityAction lvl2 hero0
t=15 ph=3 ap=1 snaps=3053 hooks=22 inst=78 rollout "Adventurousness" AbilityAction lvl2 hero0
t=15 ph=3 ap=1 snaps=3059 hooks=22 inst=78 rollout "Adventurousness" AbilityAction lvl2 hero0
t=15 ph=3 ap=1 snaps=3066 hooks=22 inst=78 rollout "Adventurousness" AbilityAction lvl2 hero0
t=15 ph=3 ap=1 snaps=3077 hooks=22 inst=78 rollout "Adventurousness" AbilityAction lvl2 hero0
t=15 ph=3 ap=1 snaps=3083 hooks=22 inst=78 rollout "Adventurousness" AbilityAction lvl2 hero0
t=15 ph=3 ap=1 snaps=3090 hooks=22 inst=78 rollout "Adventurousness" AbilityAction lvl2 hero0
t=15 ph=3 ap=1 snaps=3094 hooks=22 inst=78 rollout "Adventurousness" AbilityAction lvl2 hero0
t=15 ph=3 ap=1 snaps=3098 hooks=22 inst=78 rollout "Adventurousness" AbilityAction lvl2 hero0
t=15 ph=3 ap=1 snaps=3104 hooks=22 inst=78 rollout "Adventurousness" AbilityAction lvl2 hero0
t=15 ph=3 ap=1 snaps=3112 hooks=22 inst=78 rollout "Adventurousness" AbilityAction lvl2 hero0
t=15 ph=3 ap=1 snaps=3119 hooks=22 inst=78 rollout "Adventurousness" AbilityAction lvl2 hero0
t=15 ph=3 ap=1 snaps=3129 hooks=22 inst=78 rollout "Adventurousness" AbilityAction lvl2 hero0
t=15 ph=3 ap=1 snaps=3140 hooks=22 inst=78 rollout "Adventurousness" AbilityAction lvl2 hero0
t=15 ph=3 ap=1 snaps=3148 hooks=22 inst=78 rollout "Adventurousness" AbilityAction lvl2 hero0
t=15 ph=3 ap=1 snaps=3154 hooks=22 inst=78 rollout "Adventurousness" AbilityAction lvl2 hero0
t=15 ph=3 ap=1 snaps=3164 hooks=22 inst=78 rollout "Adventurousness" AbilityAction lvl2 hero0
t=15 ph=3 ap=1 snaps=3175 hooks=22 inst=78 rollout "Adventurousness" AbilityAction lvl2 hero0
t=15 ph=3 ap=1 snaps=3184 hooks=22 inst=78 rollout "Adventurousness" AbilityAction lvl2 hero0
t=15 ph=3 ap=1 snaps=3189 hooks=22 inst=78 rollout "Adventurousness" AbilityAction lvl2 hero0
t=15 ph=3 ap=1 snaps=3192 hooks=22 inst=78 rollout "Adventurousness" AbilityAction lvl2 hero0
t=15 ph=3 ap=1 snaps=3207 hooks=22 inst=78 rollout "Adventurousness" AbilityAction lvl2 hero0
t=15 ph=3 ap=1 snaps=3211 hooks=22 inst=78 rollout "Adventurousness" AbilityAction lvl2 hero0
t=15 ph=3 ap=1 snaps=3217 hooks=22 inst=78 rollout "Adventurousness" AbilityAction lvl2 hero0
t=15 ph=3 ap=1 snaps=3221 hooks=22 inst=78 rollout "Adventurousness" AbilityAction lvl2 hero0
t=15 ph=3 ap=1 snaps=3228 hooks=22 inst=78 rollout "Adventurousness" AbilityAction lvl2 hero0
t=15 ph=3 ap=1 snaps=3235 hooks=22 inst=78 rollout "Adventurousness" AbilityAction lvl2 hero0
t=15 ph=3 ap=1 snaps=3243 hooks=22 inst=78 rollout "Adventurousness" AbilityAction lvl2 hero0
t=15 ph=3 ap=1 snaps=3248 hooks=22 inst=78 rollout "Adventurousness" AbilityAction lvl2 hero0
t=15 ph=3 ap=1 snaps=3255 hooks=22 inst=78 rollout "Adventurousness" AbilityAction lvl2 hero0
t=15 ph=3 ap=1 snaps=3259 hooks=22 inst=78 rollout "Adventurousness" AbilityAction lvl2 hero0
t=15 ph=3 ap=1 snaps=3264 hooks=22 inst=78 rollout "Adventurousness" AbilityAction lvl2 hero0
t=15 ph=3 ap=1 snaps=3270 hooks=22 inst=78 rollout "Adventurousness" AbilityAction lvl2 hero0
t=15 ph=3 ap=1 snaps=3273 hooks=22 inst=78 rollout "Adventurousness" AbilityAction lvl2 hero0
t=15 ph=3 ap=1 snaps=3281 hooks=22 inst=78 rollout "Adventurousness" AbilityAction lvl2 hero0
t=15 ph=3 ap=1 snaps=3286 hooks=22 inst=78 rollout "Adventurousness" AbilityAction lvl2 hero0
t=15 ph=3 ap=1 snaps=3288 hooks=22 inst=78 rollout "Adventurousness" AbilityAction lvl2 hero0
t=15 ph=3 ap=1 snaps=3292 hooks=22 inst=78 rollout "Adventurousness" AbilityAction lvl2 hero0
t=15 ph=3 ap=1 snaps=3296 hooks=22 inst=78 rollout "Adventurousness" AbilityAction lvl2 hero0
t=15 ph=3 ap=1 snaps=3299 hooks=22 inst=78 rollout "Adventurousness" AbilityAction lvl2 hero0
t=15 ph=3 ap=1 snaps=3301 hooks=22 inst=78 rollout "Adventurousness" AbilityAction lvl2 hero0
t=15 ph=3 ap=1 snaps=3305 hooks=22 inst=78 rollout "Adventurousness" AbilityAction lvl2 hero0
t=15 ph=3 ap=1 snaps=3311 hooks=22 inst=78 rollout "Adventurousness" AbilityAction lvl2 hero0
t=15 ph=3 ap=1 snaps=3318 hooks=22 inst=78 rollout "Adventurousness" AbilityAction lvl2 hero0
t=15 ph=3 ap=1 snaps=3322 hooks=22 inst=78 rollout "Adventurousness" AbilityAction lvl2 hero0
t=15 ph=3 ap=1 snaps=3328 hooks=22 inst=78 rollout "Adventurousness" AbilityAction lvl2 hero0
t=15 ph=3 ap=1 snaps=3335 hooks=22 inst=78 rollout "Adventurousness" AbilityAction lvl2 hero0
t=15 ph=3 ap=1 snaps=3345 hooks=22 inst=78 rollout "Adventurousness" AbilityAction lvl2 hero0
t=15 ph=3 ap=1 snaps=3354 hooks=22 inst=78 rollout "Adventurousness" AbilityAction lvl2 hero0
t=15 ph=5 ap=1 snaps=3372 hooks=30 inst=78 switchTurn ending p1
t=16 ph=2 ap=0 snaps=3372 hooks=10 inst=79 cpuTurnStart cpu=p0 hand=4
t=16 ph=5 ap=0 snaps=3400 hooks=18 inst=79 switchTurn ending p0
t=17 ph=2 ap=1 snaps=3400 hooks=10 inst=80 cpuTurnStart cpu=p1 hand=7
t=17 ph=3 ap=1 snaps=3506 hooks=22 inst=82 rollout "Adventurousness" AbilityAction lvl3 hero0
t=17 ph=3 ap=1 snaps=3509 hooks=22 inst=82 rollout "Adventurousness" AbilityAction lvl3 hero0
t=17 ph=3 ap=1 snaps=3511 hooks=22 inst=82 rollout "Adventurousness" AbilityAction lvl3 hero0
t=17 ph=3 ap=1 snaps=3515 hooks=22 inst=82 rollout "Adventurousness" AbilityAction lvl3 hero0
t=17 ph=3 ap=1 snaps=3519 hooks=22 inst=82 rollout "Adventurousness" AbilityAction lvl3 hero0
t=17 ph=3 ap=1 snaps=3521 hooks=22 inst=82 rollout "Adventurousness" AbilityAction lvl3 hero0
t=17 ph=3 ap=1 snaps=3526 hooks=22 inst=82 rollout "Adventurousness" AbilityAction lvl3 hero0
t=17 ph=3 ap=1 snaps=3529 hooks=22 inst=82 rollout "Adventurousness" AbilityAction lvl3 hero0
t=17 ph=3 ap=1 snaps=3530 hooks=22 inst=82 rollout "Adventurousness" AbilityAction lvl3 hero0
t=17 ph=3 ap=1 snaps=3533 hooks=22 inst=82 rollout "Adventurousness" AbilityAction lvl3 hero0
t=17 ph=3 ap=1 snaps=3534 hooks=22 inst=82 rollout "Adventurousness" AbilityAction lvl3 hero0
t=17 ph=3 ap=1 snaps=3535 hooks=22 inst=82 rollout "Adventurousness" AbilityAction lvl3 hero0
t=17 ph=3 ap=1 snaps=3538 hooks=22 inst=82 rollout "Adventurousness" AbilityAction lvl3 hero0
t=17 ph=3 ap=1 snaps=3541 hooks=22 inst=82 rollout "Adventurousness" AbilityAction lvl3 hero0
t=17 ph=3 ap=1 snaps=3547 hooks=22 inst=82 rollout "Adventurousness" AbilityAction lvl3 hero0
t=17 ph=3 ap=1 snaps=3550 hooks=22 inst=82 rollout "Adventurousness" AbilityAction lvl3 hero0
t=17 ph=3 ap=1 snaps=3553 hooks=22 inst=82 rollout "Adventurousness" AbilityAction lvl3 hero0
t=17 ph=3 ap=1 snaps=3556 hooks=22 inst=82 rollout "Adventurousness" AbilityAction lvl3 hero0
t=17 ph=3 ap=1 snaps=3560 hooks=22 inst=82 rollout "Adventurousness" AbilityAction lvl3 hero0
t=17 ph=3 ap=1 snaps=3561 hooks=22 inst=82 rollout "Adventurousness" AbilityAction lvl3 hero0
t=17 ph=3 ap=1 snaps=3564 hooks=22 inst=82 rollout "Adventurousness" AbilityAction lvl3 hero0
t=17 ph=3 ap=1 snaps=3567 hooks=22 inst=82 rollout "Adventurousness" AbilityAction lvl3 hero0
t=17 ph=3 ap=1 snaps=3568 hooks=22 inst=82 rollout "Adventurousness" AbilityAction lvl3 hero0
t=17 ph=3 ap=1 snaps=3571 hooks=22 inst=82 rollout "Adventurousness" AbilityAction lvl3 hero0
t=17 ph=3 ap=1 snaps=3574 hooks=22 inst=82 rollout "Adventurousness" AbilityAction lvl3 hero0
t=17 ph=3 ap=1 snaps=3577 hooks=22 inst=82 rollout "Adventurousness" AbilityAction lvl3 hero0
t=17 ph=3 ap=1 snaps=3578 hooks=22 inst=82 rollout "Adventurousness" AbilityAction lvl3 hero0
t=17 ph=3 ap=1 snaps=3580 hooks=22 inst=82 rollout "Adventurousness" AbilityAction lvl3 hero0
t=17 ph=3 ap=1 snaps=3584 hooks=22 inst=82 rollout "Adventurousness" AbilityAction lvl3 hero0
t=17 ph=3 ap=1 snaps=3588 hooks=22 inst=82 rollout "Adventurousness" AbilityAction lvl3 hero0
t=17 ph=3 ap=1 snaps=3590 hooks=22 inst=82 rollout "Adventurousness" AbilityAction lvl3 hero0
t=17 ph=3 ap=1 snaps=3593 hooks=22 inst=82 rollout "Adventurousness" AbilityAction lvl3 hero0
t=17 ph=3 ap=1 snaps=3596 hooks=22 inst=82 rollout "Adventurousness" AbilityAction lvl3 hero0
t=17 ph=3 ap=1 snaps=3597 hooks=22 inst=82 rollout "Adventurousness" AbilityAction lvl3 hero0
t=17 ph=3 ap=1 snaps=3599 hooks=22 inst=82 rollout "Adventurousness" AbilityAction lvl3 hero0
t=17 ph=3 ap=1 snaps=3603 hooks=22 inst=82 rollout "Adventurousness" AbilityAction lvl3 hero0
t=17 ph=3 ap=1 snaps=3607 hooks=22 inst=82 rollout "Adventurousness" AbilityAction lvl3 hero0
t=17 ph=3 ap=1 snaps=3608 hooks=22 inst=82 rollout "Adventurousness" AbilityAction lvl3 hero0
t=17 ph=3 ap=1 snaps=3609 hooks=22 inst=82 rollout "Adventurousness" AbilityAction lvl3 hero0
t=17 ph=3 ap=1 snaps=3613 hooks=22 inst=82 rollout "Adventurousness" AbilityAction lvl3 hero0
t=17 ph=3 ap=1 snaps=3615 hooks=22 inst=82 rollout "Adventurousness" AbilityAction lvl3 hero0
t=17 ph=3 ap=1 snaps=3618 hooks=22 inst=82 rollout "Adventurousness" AbilityAction lvl3 hero0
t=17 ph=3 ap=1 snaps=3620 hooks=22 inst=82 rollout "Adventurousness" AbilityAction lvl3 hero0
t=17 ph=3 ap=1 snaps=3623 hooks=22 inst=82 rollout "Adventurousness" AbilityAction lvl3 hero0
t=17 ph=3 ap=1 snaps=3625 hooks=22 inst=82 rollout "Adventurousness" AbilityAction lvl3 hero0
t=17 ph=3 ap=1 snaps=3628 hooks=22 inst=82 rollout "Adventurousness" AbilityAction lvl3 hero0
t=17 ph=3 ap=1 snaps=3630 hooks=22 inst=82 rollout "Adventurousness" AbilityAction lvl3 hero0
t=17 ph=3 ap=1 snaps=3632 hooks=22 inst=82 rollout "Adventurousness" AbilityAction lvl3 hero0
t=17 ph=3 ap=1 snaps=3636 hooks=22 inst=82 rollout "Adventurousness" AbilityAction lvl3 hero0
t=17 ph=3 ap=1 snaps=3638 hooks=22 inst=82 rollout "Adventurousness" AbilityAction lvl3 hero0
t=17 ph=3 ap=1 snaps=3639 hooks=22 inst=82 rollout "Adventurousness" AbilityAction lvl3 hero0
t=17 ph=3 ap=1 snaps=3642 hooks=22 inst=82 rollout "Adventurousness" AbilityAction lvl3 hero0
t=17 ph=3 ap=1 snaps=3647 hooks=22 inst=82 rollout "Adventurousness" AbilityAction lvl3 hero0
t=17 ph=3 ap=1 snaps=3648 hooks=22 inst=82 rollout "Adventurousness" AbilityAction lvl3 hero0
t=17 ph=3 ap=1 snaps=3651 hooks=22 inst=82 rollout "Adventurousness" AbilityAction lvl3 hero0
t=17 ph=3 ap=1 snaps=3652 hooks=22 inst=82 rollout "Adventurousness" AbilityAction lvl3 hero0
t=17 ph=3 ap=1 snaps=3653 hooks=22 inst=82 rollout "Adventurousness" AbilityAction lvl3 hero0
t=17 ph=3 ap=1 snaps=3654 hooks=22 inst=82 rollout "Adventurousness" AbilityAction lvl3 hero0
t=17 ph=3 ap=1 snaps=3661 hooks=22 inst=82 rollout "Adventurousness" AbilityAction lvl3 hero0
t=17 ph=3 ap=1 snaps=3663 hooks=22 inst=82 rollout "Adventurousness" AbilityAction lvl3 hero0
t=17 ph=3 ap=1 snaps=3664 hooks=22 inst=82 rollout "Adventurousness" AbilityAction lvl3 hero0
t=17 ph=3 ap=1 snaps=3667 hooks=22 inst=82 rollout "Adventurousness" AbilityAction lvl3 hero0
t=17 ph=3 ap=1 snaps=3668 hooks=22 inst=82 rollout "Adventurousness" AbilityAction lvl3 hero0
t=17 ph=3 ap=1 snaps=3671 hooks=22 inst=82 rollout "Adventurousness" AbilityAction lvl3 hero0
t=17 ph=3 ap=1 snaps=3673 hooks=22 inst=82 rollout "Adventurousness" AbilityAction lvl3 hero0
t=17 ph=3 ap=1 snaps=3677 hooks=22 inst=82 rollout "Adventurousness" AbilityAction lvl3 hero0
t=17 ph=3 ap=1 snaps=3679 hooks=22 inst=82 rollout "Adventurousness" AbilityAction lvl3 hero0
t=17 ph=3 ap=1 snaps=3682 hooks=22 inst=82 rollout "Adventurousness" AbilityAction lvl3 hero0
t=17 ph=3 ap=1 snaps=3686 hooks=22 inst=82 rollout "Adventurousness" AbilityAction lvl3 hero0
t=17 ph=3 ap=1 snaps=3688 hooks=22 inst=82 rollout "Adventurousness" AbilityAction lvl3 hero0
t=17 ph=3 ap=1 snaps=3690 hooks=22 inst=82 rollout "Adventurousness" AbilityAction lvl3 hero0
t=17 ph=3 ap=1 snaps=3694 hooks=22 inst=82 rollout "Adventurousness" AbilityAction lvl3 hero0
t=17 ph=3 ap=1 snaps=3695 hooks=22 inst=82 rollout "Adventurousness" AbilityAction lvl3 hero0
t=17 ph=3 ap=1 snaps=3697 hooks=22 inst=82 rollout "Adventurousness" AbilityAction lvl3 hero0
t=17 ph=3 ap=1 snaps=3699 hooks=22 inst=82 rollout "Adventurousness" AbilityAction lvl3 hero0
t=17 ph=3 ap=1 snaps=3700 hooks=22 inst=82 rollout "Adventurousness" AbilityAction lvl3 hero0
t=17 ph=3 ap=1 snaps=3702 hooks=22 inst=82 rollout "Adventurousness" AbilityAction lvl3 hero0
t=17 ph=3 ap=1 snaps=3705 hooks=22 inst=82 rollout "Adventurousness" AbilityAction lvl3 hero0
t=17 ph=3 ap=1 snaps=3708 hooks=22 inst=82 rollout "Adventurousness" AbilityAction lvl3 hero0
t=17 ph=3 ap=1 snaps=3711 hooks=22 inst=82 rollout "Adventurousness" AbilityAction lvl3 hero0
t=17 ph=5 ap=1 snaps=3723 hooks=30 inst=82 switchTurn ending p1
t=18 ph=2 ap=0 snaps=3723 hooks=13 inst=83 cpuTurnStart cpu=p0 hand=5
t=18 ph=5 ap=0 snaps=3750 hooks=22 inst=84 switchTurn ending p0
t=19 ph=2 ap=1 snaps=3750 hooks=10 inst=85 cpuTurnStart cpu=p1 hand=6
t=19 ph=3 ap=1 snaps=3769 hooks=23 inst=87 rollout "Intrude" Spell lvl0 hero0
t=19 ph=3 ap=1 snaps=3773 hooks=23 inst=87 rollout "Intrude" Spell lvl0 hero1
t=19 ph=3 ap=1 snaps=3777 hooks=23 inst=87 rollout "Intrude" Spell lvl0 hero2
t=19 ph=3 ap=1 snaps=3778 hooks=23 inst=87 rollout "Adventurousness" AbilityAction lvl3 hero0
t=19 ph=3 ap=1 snaps=3784 hooks=23 inst=87 rollout "Intrude" Spell lvl0 hero0
t=19 ph=3 ap=1 snaps=3787 hooks=23 inst=87 rollout "Intrude" Spell lvl0 hero0
t=19 ph=3 ap=1 snaps=3790 hooks=23 inst=87 rollout "Intrude" Spell lvl0 hero1
t=19 ph=3 ap=1 snaps=3792 hooks=23 inst=87 rollout "Intrude" Spell lvl0 hero1
t=19 ph=3 ap=1 snaps=3796 hooks=23 inst=87 rollout "Intrude" Spell lvl0 hero2
t=19 ph=3 ap=1 snaps=3798 hooks=23 inst=87 rollout "Intrude" Spell lvl0 hero2
t=19 ph=3 ap=1 snaps=3803 hooks=23 inst=87 rollout "Adventurousness" AbilityAction lvl3 hero0
t=19 ph=3 ap=1 snaps=3811 hooks=23 inst=87 rollout "Adventurousness" AbilityAction lvl3 hero0
t=19 ph=3 ap=1 snaps=3821 hooks=23 inst=87 rollout "Intrude" Spell lvl0 hero0
t=19 ph=3 ap=1 snaps=3823 hooks=23 inst=87 rollout "Intrude" Spell lvl0 hero1
t=19 ph=3 ap=1 snaps=3825 hooks=23 inst=87 rollout "Adventurousness" AbilityAction lvl3 hero0
t=19 ph=3 ap=1 snaps=3832 hooks=23 inst=87 rollout "Adventurousness" AbilityAction lvl3 hero0
t=19 ph=3 ap=1 snaps=3835 hooks=23 inst=87 rollout "Adventurousness" AbilityAction lvl3 hero0
t=19 ph=3 ap=1 snaps=3841 hooks=23 inst=87 rollout "Adventurousness" AbilityAction lvl3 hero0
t=19 ph=3 ap=1 snaps=3847 hooks=23 inst=87 rollout "Adventurousness" AbilityAction lvl3 hero0
t=19 ph=3 ap=1 snaps=3851 hooks=23 inst=87 rollout "Adventurousness" AbilityAction lvl3 hero0
t=19 ph=3 ap=1 snaps=3857 hooks=23 inst=87 rollout "Adventurousness" AbilityAction lvl3 hero0
t=19 ph=3 ap=1 snaps=3865 hooks=23 inst=87 rollout "Adventurousness" AbilityAction lvl3 hero0
t=19 ph=3 ap=1 snaps=3873 hooks=23 inst=87 rollout "Adventurousness" AbilityAction lvl3 hero0
t=19 ph=3 ap=1 snaps=3879 hooks=23 inst=87 rollout "Adventurousness" AbilityAction lvl3 hero0
t=19 ph=3 ap=1 snaps=3880 hooks=23 inst=87 rollout "Adventurousness" AbilityAction lvl3 hero0
t=19 ph=3 ap=1 snaps=3881 hooks=23 inst=87 rollout "Adventurousness" AbilityAction lvl3 hero0
t=19 ph=3 ap=1 snaps=3888 hooks=23 inst=87 rollout "Adventurousness" AbilityAction lvl3 hero0
t=19 ph=3 ap=1 snaps=3891 hooks=23 inst=87 rollout "Adventurousness" AbilityAction lvl3 hero0
t=19 ph=3 ap=1 snaps=3896 hooks=23 inst=87 rollout "Adventurousness" AbilityAction lvl3 hero0
t=19 ph=3 ap=1 snaps=3900 hooks=23 inst=87 rollout "Adventurousness" AbilityAction lvl3 hero0
t=19 ph=3 ap=1 snaps=3903 hooks=23 inst=87 rollout "Intrude" Spell lvl0 hero1
t=19 ph=3 ap=1 snaps=3907 hooks=23 inst=87 rollout "Intrude" Spell lvl0 hero1
t=19 ph=3 ap=1 snaps=3908 hooks=23 inst=87 rollout "Intrude" Spell lvl0 hero1
t=19 ph=3 ap=1 snaps=3911 hooks=23 inst=87 rollout "Intrude" Spell lvl0 hero1
t=19 ph=3 ap=1 snaps=3913 hooks=23 inst=87 rollout "Intrude" Spell lvl0 hero1
t=19 ph=3 ap=1 snaps=3915 hooks=23 inst=87 rollout "Intrude" Spell lvl0 hero0
t=19 ph=3 ap=1 snaps=3920 hooks=23 inst=87 rollout "Adventurousness" AbilityAction lvl3 hero0
t=19 ph=3 ap=1 snaps=3924 hooks=23 inst=87 rollout "Adventurousness" AbilityAction lvl3 hero0
t=19 ph=3 ap=1 snaps=3927 hooks=23 inst=87 rollout "Adventurousness" AbilityAction lvl3 hero0
t=19 ph=3 ap=1 snaps=3931 hooks=23 inst=87 rollout "Adventurousness" AbilityAction lvl3 hero0
t=19 ph=3 ap=1 snaps=3937 hooks=23 inst=87 rollout "Adventurousness" AbilityAction lvl3 hero0
t=19 ph=3 ap=1 snaps=3941 hooks=23 inst=87 rollout "Adventurousness" AbilityAction lvl3 hero0
t=19 ph=3 ap=1 snaps=3947 hooks=23 inst=87 rollout "Intrude" Spell lvl0 hero1
t=19 ph=3 ap=1 snaps=3948 hooks=23 inst=87 rollout "Adventurousness" AbilityAction lvl3 hero0
t=19 ph=3 ap=1 snaps=3953 hooks=23 inst=87 rollout "Adventurousness" AbilityAction lvl3 hero0
t=19 ph=3 ap=1 snaps=3958 hooks=23 inst=87 rollout "Adventurousness" AbilityAction lvl3 hero0
t=19 ph=3 ap=1 snaps=3962 hooks=23 inst=87 rollout "Intrude" Spell lvl0 hero1
t=19 ph=3 ap=1 snaps=3966 hooks=23 inst=87 rollout "Adventurousness" AbilityAction lvl3 hero0
t=19 ph=3 ap=1 snaps=3968 hooks=23 inst=87 rollout "Adventurousness" AbilityAction lvl3 hero0
t=19 ph=3 ap=1 snaps=3972 hooks=23 inst=87 rollout "Adventurousness" AbilityAction lvl3 hero0
t=19 ph=3 ap=1 snaps=3977 hooks=23 inst=87 rollout "Intrude" Spell lvl0 hero0
t=19 ph=3 ap=1 snaps=3980 hooks=23 inst=87 rollout "Intrude" Spell lvl0 hero1
t=19 ph=3 ap=1 snaps=3983 hooks=23 inst=87 rollout "Adventurousness" AbilityAction lvl3 hero0
t=19 ph=3 ap=1 snaps=3989 hooks=23 inst=87 rollout "Adventurousness" AbilityAction lvl3 hero0
t=19 ph=3 ap=1 snaps=3990 hooks=23 inst=87 rollout "Adventurousness" AbilityAction lvl3 hero0
t=19 ph=3 ap=1 snaps=3996 hooks=23 inst=87 rollout "Adventurousness" AbilityAction lvl3 hero0
t=19 ph=3 ap=1 snaps=4005 hooks=23 inst=87 rollout "Adventurousness" AbilityAction lvl3 hero0
t=19 ph=3 ap=1 snaps=4007 hooks=23 inst=87 rollout "Intrude" Spell lvl0 hero1
t=19 ph=3 ap=1 snaps=4009 hooks=23 inst=87 rollout "Adventurousness" AbilityAction lvl3 hero0
t=19 ph=3 ap=1 snaps=4010 hooks=23 inst=87 rollout "Adventurousness" AbilityAction lvl3 hero0
t=19 ph=3 ap=1 snaps=4015 hooks=23 inst=87 rollout "Adventurousness" AbilityAction lvl3 hero0
t=19 ph=3 ap=1 snaps=4018 hooks=23 inst=87 rollout "Intrude" Spell lvl0 hero1
t=19 ph=3 ap=1 snaps=4024 hooks=23 inst=87 rollout "Adventurousness" AbilityAction lvl3 hero0
t=19 ph=3 ap=1 snaps=4029 hooks=23 inst=87 rollout "Adventurousness" AbilityAction lvl3 hero0
t=19 ph=3 ap=1 snaps=4034 hooks=23 inst=87 rollout "Adventurousness" AbilityAction lvl3 hero0
t=19 ph=3 ap=1 snaps=4036 hooks=23 inst=87 rollout "Adventurousness" AbilityAction lvl3 hero0
t=19 ph=3 ap=1 snaps=4043 hooks=23 inst=87 rollout "Adventurousness" AbilityAction lvl3 hero0
t=19 ph=3 ap=1 snaps=4045 hooks=23 inst=87 rollout "Adventurousness" AbilityAction lvl3 hero0
t=19 ph=3 ap=1 snaps=4054 hooks=23 inst=87 rollout "Adventurousness" AbilityAction lvl3 hero0
t=19 ph=3 ap=1 snaps=4062 hooks=23 inst=87 rollout "Adventurousness" AbilityAction lvl3 hero0
t=19 ph=3 ap=1 snaps=4076 hooks=23 inst=87 rollout "Adventurousness" AbilityAction lvl3 hero0
t=19 ph=3 ap=1 snaps=4080 hooks=23 inst=87 rollout "Adventurousness" AbilityAction lvl3 hero0
t=19 ph=3 ap=1 snaps=4086 hooks=23 inst=87 rollout "Intrude" Spell lvl0 hero0
t=19 ph=3 ap=1 snaps=4089 hooks=23 inst=87 rollout "Intrude" Spell lvl0 hero0
t=19 ph=3 ap=1 snaps=4092 hooks=23 inst=87 rollout "Intrude" Spell lvl0 hero0
t=19 ph=3 ap=1 snaps=4094 hooks=23 inst=87 rollout "Intrude" Spell lvl0 hero0
t=19 ph=3 ap=1 snaps=4096 hooks=23 inst=87 rollout "Intrude" Spell lvl0 hero0
t=19 ph=3 ap=1 snaps=4098 hooks=23 inst=87 rollout "Adventurousness" AbilityAction lvl3 hero0
t=19 ph=3 ap=1 snaps=4104 hooks=23 inst=87 rollout "Adventurousness" AbilityAction lvl3 hero0
t=19 ph=3 ap=1 snaps=4108 hooks=23 inst=87 rollout "Adventurousness" AbilityAction lvl3 hero0
t=19 ph=5 ap=1 snaps=4118 hooks=31 inst=87 switchTurn ending p1
t=20 ph=2 ap=0 snaps=4118 hooks=13 inst=88 cpuTurnStart cpu=p0 hand=5
t=20 ph=5 ap=0 snaps=4134 hooks=34 inst=89 switchTurn ending p0
t=21 ph=2 ap=1 snaps=4134 hooks=10 inst=90 cpuTurnStart cpu=p1 hand=5
t=21 ph=3 ap=1 snaps=4226 hooks=18 inst=92 rollout "Intrude" Spell lvl0 hero0
t=21 ph=3 ap=1 snaps=4233 hooks=18 inst=92 rollout "Intrude" Spell lvl0 hero1
t=21 ph=3 ap=1 snaps=4235 hooks=18 inst=92 rollout "Intrude" Spell lvl0 hero2
t=21 ph=3 ap=1 snaps=4237 hooks=18 inst=92 rollout "Adventurousness" AbilityAction lvl3 hero0
t=21 ph=3 ap=1 snaps=4242 hooks=18 inst=92 rollout "Intrude" Spell lvl0 hero0
t=21 ph=3 ap=1 snaps=4247 hooks=18 inst=92 rollout "Intrude" Spell lvl0 hero0
t=21 ph=3 ap=1 snaps=4252 hooks=18 inst=92 rollout "Intrude" Spell lvl0 hero1
t=21 ph=3 ap=1 snaps=4259 hooks=18 inst=92 rollout "Intrude" Spell lvl0 hero1
t=21 ph=3 ap=1 snaps=4268 hooks=18 inst=92 rollout "Intrude" Spell lvl0 hero2
t=21 ph=3 ap=1 snaps=4285 hooks=18 inst=92 rollout "Intrude" Spell lvl0 hero2
t=21 ph=3 ap=1 snaps=4299 hooks=18 inst=92 rollout "Adventurousness" AbilityAction lvl3 hero0
t=21 ph=3 ap=1 snaps=4310 hooks=18 inst=92 rollout "Adventurousness" AbilityAction lvl3 hero0
t=21 ph=3 ap=1 snaps=4317 hooks=18 inst=92 rollout "Intrude" Spell lvl0 hero0
t=21 ph=3 ap=1 snaps=4323 hooks=18 inst=92 rollout "Intrude" Spell lvl0 hero0
t=21 ph=3 ap=1 snaps=4328 hooks=18 inst=92 rollout "Intrude" Spell lvl0 hero0
t=21 ph=3 ap=1 snaps=4332 hooks=18 inst=92 rollout "Intrude" Spell lvl0 hero0
t=21 ph=3 ap=1 snaps=4335 hooks=18 inst=92 rollout "Intrude" Spell lvl0 hero0
t=21 ph=3 ap=1 snaps=4338 hooks=18 inst=92 rollout "Intrude" Spell lvl0 hero0
t=21 ph=3 ap=1 snaps=4342 hooks=18 inst=92 rollout "Intrude" Spell lvl0 hero0
t=21 ph=3 ap=1 snaps=4347 hooks=18 inst=92 rollout "Intrude" Spell lvl0 hero0
t=21 ph=3 ap=1 snaps=4351 hooks=18 inst=92 rollout "Intrude" Spell lvl0 hero0
t=21 ph=3 ap=1 snaps=4356 hooks=18 inst=92 rollout "Intrude" Spell lvl0 hero0
t=21 ph=3 ap=1 snaps=4359 hooks=18 inst=92 rollout "Intrude" Spell lvl0 hero0
t=21 ph=3 ap=1 snaps=4366 hooks=18 inst=92 rollout "Intrude" Spell lvl0 hero0
t=21 ph=3 ap=1 snaps=4368 hooks=18 inst=92 rollout "Intrude" Spell lvl0 hero0
t=21 ph=3 ap=1 snaps=4372 hooks=18 inst=92 rollout "Intrude" Spell lvl0 hero0
t=21 ph=3 ap=1 snaps=4376 hooks=18 inst=92 rollout "Intrude" Spell lvl0 hero0
t=21 ph=3 ap=1 snaps=4382 hooks=18 inst=92 rollout "Intrude" Spell lvl0 hero0
t=21 ph=3 ap=1 snaps=4386 hooks=18 inst=92 rollout "Intrude" Spell lvl0 hero0
t=21 ph=3 ap=1 snaps=4393 hooks=18 inst=92 rollout "Intrude" Spell lvl0 hero0
t=21 ph=3 ap=1 snaps=4398 hooks=18 inst=92 rollout "Intrude" Spell lvl0 hero0
t=21 ph=3 ap=1 snaps=4401 hooks=18 inst=92 rollout "Intrude" Spell lvl0 hero0
t=21 ph=3 ap=1 snaps=4404 hooks=18 inst=92 rollout "Intrude" Spell lvl0 hero0
t=21 ph=3 ap=1 snaps=4408 hooks=18 inst=92 rollout "Intrude" Spell lvl0 hero0
t=21 ph=3 ap=1 snaps=4414 hooks=18 inst=92 rollout "Intrude" Spell lvl0 hero0
t=21 ph=3 ap=1 snaps=4419 hooks=18 inst=92 rollout "Intrude" Spell lvl0 hero0
t=21 ph=3 ap=1 snaps=4423 hooks=18 inst=92 rollout "Intrude" Spell lvl0 hero0
t=21 ph=3 ap=1 snaps=4427 hooks=18 inst=92 rollout "Intrude" Spell lvl0 hero0
t=21 ph=3 ap=1 snaps=4430 hooks=18 inst=92 rollout "Intrude" Spell lvl0 hero0
t=21 ph=3 ap=1 snaps=4435 hooks=18 inst=92 rollout "Intrude" Spell lvl0 hero0
t=21 ph=3 ap=1 snaps=4439 hooks=18 inst=92 rollout "Intrude" Spell lvl0 hero0
t=21 ph=3 ap=1 snaps=4445 hooks=18 inst=92 rollout "Intrude" Spell lvl0 hero0
t=21 ph=3 ap=1 snaps=4448 hooks=18 inst=92 rollout "Intrude" Spell lvl0 hero0
t=21 ph=3 ap=1 snaps=4452 hooks=18 inst=92 rollout "Intrude" Spell lvl0 hero0
t=21 ph=3 ap=1 snaps=4455 hooks=18 inst=92 rollout "Intrude" Spell lvl0 hero0
t=21 ph=3 ap=1 snaps=4457 hooks=18 inst=92 rollout "Intrude" Spell lvl0 hero0
t=21 ph=3 ap=1 snaps=4461 hooks=18 inst=92 rollout "Intrude" Spell lvl0 hero0
t=21 ph=3 ap=1 snaps=4466 hooks=18 inst=92 rollout "Intrude" Spell lvl0 hero0
t=21 ph=3 ap=1 snaps=4471 hooks=18 inst=92 rollout "Intrude" Spell lvl0 hero0
t=21 ph=3 ap=1 snaps=4476 hooks=18 inst=92 rollout "Intrude" Spell lvl0 hero0
t=21 ph=3 ap=1 snaps=4479 hooks=18 inst=92 rollout "Intrude" Spell lvl0 hero0
t=21 ph=3 ap=1 snaps=4481 hooks=18 inst=92 rollout "Intrude" Spell lvl0 hero0
t=21 ph=3 ap=1 snaps=4484 hooks=18 inst=92 rollout "Intrude" Spell lvl0 hero0
t=21 ph=3 ap=1 snaps=4490 hooks=18 inst=92 rollout "Intrude" Spell lvl0 hero0
t=21 ph=3 ap=1 snaps=4492 hooks=18 inst=92 rollout "Intrude" Spell lvl0 hero0
t=21 ph=3 ap=1 snaps=4496 hooks=18 inst=92 rollout "Intrude" Spell lvl0 hero0
t=21 ph=3 ap=1 snaps=4500 hooks=18 inst=92 rollout "Intrude" Spell lvl0 hero0
t=21 ph=3 ap=1 snaps=4504 hooks=18 inst=92 rollout "Intrude" Spell lvl0 hero0
t=21 ph=3 ap=1 snaps=4510 hooks=18 inst=92 rollout "Intrude" Spell lvl0 hero1
t=21 ph=3 ap=1 snaps=4518 hooks=18 inst=92 rollout "Intrude" Spell lvl0 hero0
t=21 ph=3 ap=1 snaps=4525 hooks=18 inst=92 rollout "Intrude" Spell lvl0 hero0
t=21 ph=3 ap=1 snaps=4529 hooks=18 inst=92 rollout "Intrude" Spell lvl0 hero1
t=21 ph=3 ap=1 snaps=4533 hooks=18 inst=92 rollout "Intrude" Spell lvl0 hero1
t=21 ph=3 ap=1 snaps=4536 hooks=18 inst=92 rollout "Intrude" Spell lvl0 hero1
t=21 ph=3 ap=1 snaps=4541 hooks=18 inst=92 rollout "Intrude" Spell lvl0 hero1
t=21 ph=3 ap=1 snaps=4545 hooks=18 inst=92 rollout "Intrude" Spell lvl0 hero1
t=21 ph=3 ap=1 snaps=4550 hooks=18 inst=92 rollout "Intrude" Spell lvl0 hero1
t=21 ph=3 ap=1 snaps=4555 hooks=18 inst=92 rollout "Intrude" Spell lvl0 hero1
t=21 ph=3 ap=1 snaps=4560 hooks=18 inst=92 rollout "Intrude" Spell lvl0 hero1
t=21 ph=3 ap=1 snaps=4566 hooks=18 inst=92 rollout "Intrude" Spell lvl0 hero1
t=21 ph=3 ap=1 snaps=4571 hooks=18 inst=92 rollout "Intrude" Spell lvl0 hero1
t=21 ph=3 ap=1 snaps=4576 hooks=18 inst=92 rollout "Intrude" Spell lvl0 hero1
t=21 ph=3 ap=1 snaps=4585 hooks=18 inst=92 rollout "Intrude" Spell lvl0 hero1
t=21 ph=3 ap=1 snaps=4589 hooks=18 inst=92 rollout "Intrude" Spell lvl0 hero1
t=21 ph=3 ap=1 snaps=4594 hooks=18 inst=92 rollout "Intrude" Spell lvl0 hero1
t=21 ph=3 ap=1 snaps=4601 hooks=18 inst=92 rollout "Intrude" Spell lvl0 hero1
t=21 ph=3 ap=1 snaps=4606 hooks=18 inst=92 rollout "Intrude" Spell lvl0 hero1
t=21 ph=3 ap=1 snaps=4611 hooks=18 inst=92 rollout "Intrude" Spell lvl0 hero1
t=21 ph=3 ap=1 snaps=4619 hooks=18 inst=92 rollout "Intrude" Spell lvl0 hero1
t=21 ph=3 ap=1 snaps=4624 hooks=18 inst=92 rollout "Intrude" Spell lvl0 hero1
t=21 ph=5 ap=1 snaps=4633 hooks=28 inst=93 switchTurn ending p1
t=22 ph=2 ap=0 snaps=4633 hooks=13 inst=94 cpuTurnStart cpu=p0 hand=3
t=22 ph=3 ap=0 snaps=4636 hooks=15 inst=94 rollout "Thieving Strike" Attack lvl2 hero1
t=22 ph=3 ap=0 snaps=4638 hooks=15 inst=94 rollout "Thieving Strike" Attack lvl2 hero1
t=22 ph=3 ap=0 snaps=4647 hooks=15 inst=94 rollout "Thieving Strike" Attack lvl2 hero1
t=22 ph=3 ap=0 snaps=4648 hooks=15 inst=94 rollout "Thieving Strike" Attack lvl2 hero1
t=22 ph=3 ap=0 snaps=4654 hooks=15 inst=94 rollout "Thieving Strike" Attack lvl2 hero1
t=22 ph=3 ap=0 snaps=4658 hooks=15 inst=94 rollout "Thieving Strike" Attack lvl2 hero1
t=22 ph=3 ap=0 snaps=4659 hooks=15 inst=94 rollout "Thieving Strike" Attack lvl2 hero1
t=22 ph=3 ap=0 snaps=4660 hooks=15 inst=94 rollout "Thieving Strike" Attack lvl2 hero1
t=22 ph=3 ap=0 snaps=4661 hooks=15 inst=94 rollout "Thieving Strike" Attack lvl2 hero1
t=22 ph=3 ap=0 snaps=4662 hooks=15 inst=94 rollout "Thieving Strike" Attack lvl2 hero1
t=22 ph=3 ap=0 snaps=4663 hooks=15 inst=94 rollout "Thieving Strike" Attack lvl2 hero1
t=22 ph=3 ap=0 snaps=4664 hooks=15 inst=94 rollout "Thieving Strike" Attack lvl2 hero1
t=22 ph=3 ap=0 snaps=4665 hooks=15 inst=94 rollout "Thieving Strike" Attack lvl2 hero1
t=22 ph=3 ap=0 snaps=4666 hooks=15 inst=94 rollout "Thieving Strike" Attack lvl2 hero1
t=22 ph=3 ap=0 snaps=4667 hooks=15 inst=94 rollout "Thieving Strike" Attack lvl2 hero1
t=22 ph=3 ap=0 snaps=4668 hooks=15 inst=94 rollout "Thieving Strike" Attack lvl2 hero1
t=22 ph=3 ap=0 snaps=4669 hooks=15 inst=94 rollout "Thieving Strike" Attack lvl2 hero1
t=22 ph=3 ap=0 snaps=4670 hooks=15 inst=94 rollout "Thieving Strike" Attack lvl2 hero1
t=22 ph=3 ap=0 snaps=4671 hooks=15 inst=94 rollout "Thieving Strike" Attack lvl2 hero1
t=22 ph=3 ap=0 snaps=4672 hooks=15 inst=94 rollout "Thieving Strike" Attack lvl2 hero1
t=22 ph=3 ap=0 snaps=4673 hooks=15 inst=94 rollout "Thieving Strike" Attack lvl2 hero1
t=22 ph=3 ap=0 snaps=4674 hooks=15 inst=94 rollout "Thieving Strike" Attack lvl2 hero1
t=22 ph=3 ap=0 snaps=4675 hooks=15 inst=94 rollout "Thieving Strike" Attack lvl2 hero1
t=22 ph=3 ap=0 snaps=4676 hooks=15 inst=94 rollout "Thieving Strike" Attack lvl2 hero1
t=22 ph=3 ap=0 snaps=4677 hooks=15 inst=94 rollout "Thieving Strike" Attack lvl2 hero1
t=22 ph=3 ap=0 snaps=4678 hooks=15 inst=94 rollout "Thieving Strike" Attack lvl2 hero1
t=22 ph=3 ap=0 snaps=4679 hooks=15 inst=94 rollout "Thieving Strike" Attack lvl2 hero1
t=22 ph=3 ap=0 snaps=4680 hooks=15 inst=94 rollout "Thieving Strike" Attack lvl2 hero1
t=22 ph=3 ap=0 snaps=4681 hooks=15 inst=94 rollout "Thieving Strike" Attack lvl2 hero1
t=22 ph=3 ap=0 snaps=4682 hooks=15 inst=94 rollout "Thieving Strike" Attack lvl2 hero1
t=22 ph=3 ap=0 snaps=4683 hooks=15 inst=94 rollout "Thieving Strike" Attack lvl2 hero1
t=22 ph=3 ap=0 snaps=4684 hooks=15 inst=94 rollout "Thieving Strike" Attack lvl2 hero1
t=22 ph=3 ap=0 snaps=4685 hooks=15 inst=94 rollout "Thieving Strike" Attack lvl2 hero1
t=22 ph=3 ap=0 snaps=4686 hooks=15 inst=94 rollout "Thieving Strike" Attack lvl2 hero1
t=22 ph=3 ap=0 snaps=4687 hooks=15 inst=94 rollout "Thieving Strike" Attack lvl2 hero1
t=22 ph=3 ap=0 snaps=4688 hooks=15 inst=94 rollout "Thieving Strike" Attack lvl2 hero1
t=22 ph=3 ap=0 snaps=4689 hooks=15 inst=94 rollout "Thieving Strike" Attack lvl2 hero1
t=22 ph=3 ap=0 snaps=4690 hooks=15 inst=94 rollout "Thieving Strike" Attack lvl2 hero1
t=22 ph=3 ap=0 snaps=4691 hooks=15 inst=94 rollout "Thieving Strike" Attack lvl2 hero1
t=22 ph=3 ap=0 snaps=4692 hooks=15 inst=94 rollout "Thieving Strike" Attack lvl2 hero1
t=22 ph=3 ap=0 snaps=4693 hooks=15 inst=94 rollout "Thieving Strike" Attack lvl2 hero1
t=22 ph=3 ap=0 snaps=4694 hooks=15 inst=94 rollout "Thieving Strike" Attack lvl2 hero1
t=22 ph=3 ap=0 snaps=4695 hooks=15 inst=94 rollout "Thieving Strike" Attack lvl2 hero1
t=22 ph=3 ap=0 snaps=4696 hooks=15 inst=94 rollout "Thieving Strike" Attack lvl2 hero1
t=22 ph=3 ap=0 snaps=4697 hooks=15 inst=94 rollout "Thieving Strike" Attack lvl2 hero1
t=22 ph=3 ap=0 snaps=4698 hooks=15 inst=94 rollout "Thieving Strike" Attack lvl2 hero1
t=22 ph=3 ap=0 snaps=4699 hooks=15 inst=94 rollout "Thieving Strike" Attack lvl2 hero1
t=22 ph=3 ap=0 snaps=4700 hooks=15 inst=94 rollout "Thieving Strike" Attack lvl2 hero1
t=22 ph=3 ap=0 snaps=4701 hooks=15 inst=94 rollout "Thieving Strike" Attack lvl2 hero1
t=22 ph=3 ap=0 snaps=4702 hooks=15 inst=94 rollout "Thieving Strike" Attack lvl2 hero1
t=22 ph=3 ap=0 snaps=4703 hooks=15 inst=94 rollout "Thieving Strike" Attack lvl2 hero1
t=22 ph=3 ap=0 snaps=4704 hooks=15 inst=94 rollout "Thieving Strike" Attack lvl2 hero1
t=22 ph=3 ap=0 snaps=4705 hooks=15 inst=94 rollout "Thieving Strike" Attack lvl2 hero1
t=22 ph=3 ap=0 snaps=4706 hooks=15 inst=94 rollout "Thieving Strike" Attack lvl2 hero1
t=22 ph=3 ap=0 snaps=4707 hooks=15 inst=94 rollout "Thieving Strike" Attack lvl2 hero1
t=22 ph=3 ap=0 snaps=4708 hooks=15 inst=94 rollout "Thieving Strike" Attack lvl2 hero1
t=22 ph=3 ap=0 snaps=4709 hooks=15 inst=94 rollout "Thieving Strike" Attack lvl2 hero1
t=22 ph=3 ap=0 snaps=4710 hooks=15 inst=94 rollout "Thieving Strike" Attack lvl2 hero1
t=22 ph=3 ap=0 snaps=4711 hooks=15 inst=94 rollout "Thieving Strike" Attack lvl2 hero1
t=22 ph=3 ap=0 snaps=4712 hooks=15 inst=94 rollout "Thieving Strike" Attack lvl2 hero1
t=22 ph=3 ap=0 snaps=4713 hooks=15 inst=94 rollout "Thieving Strike" Attack lvl2 hero1
t=22 ph=3 ap=0 snaps=4714 hooks=15 inst=94 rollout "Thieving Strike" Attack lvl2 hero1
t=22 ph=3 ap=0 snaps=4715 hooks=15 inst=94 rollout "Thieving Strike" Attack lvl2 hero1
t=22 ph=3 ap=0 snaps=4716 hooks=15 inst=94 rollout "Thieving Strike" Attack lvl2 hero1
t=22 ph=3 ap=0 snaps=4717 hooks=15 inst=94 rollout "Thieving Strike" Attack lvl2 hero1
t=22 ph=3 ap=0 snaps=4718 hooks=15 inst=94 rollout "Thieving Strike" Attack lvl2 hero1
t=22 ph=3 ap=0 snaps=4719 hooks=15 inst=94 rollout "Thieving Strike" Attack lvl2 hero1
t=22 ph=3 ap=0 snaps=4720 hooks=15 inst=94 rollout "Thieving Strike" Attack lvl2 hero1
t=22 ph=3 ap=0 snaps=4721 hooks=15 inst=94 rollout "Thieving Strike" Attack lvl2 hero1
t=22 ph=3 ap=0 snaps=4722 hooks=15 inst=94 rollout "Thieving Strike" Attack lvl2 hero1
t=22 ph=3 ap=0 snaps=4723 hooks=15 inst=94 rollout "Thieving Strike" Attack lvl2 hero1
t=22 ph=3 ap=0 snaps=4724 hooks=15 inst=94 rollout "Thieving Strike" Attack lvl2 hero1
t=22 ph=3 ap=0 snaps=4725 hooks=15 inst=94 rollout "Thieving Strike" Attack lvl2 hero1
t=22 ph=3 ap=0 snaps=4726 hooks=15 inst=94 rollout "Thieving Strike" Attack lvl2 hero1
t=22 ph=3 ap=0 snaps=4727 hooks=15 inst=94 rollout "Thieving Strike" Attack lvl2 hero1
t=22 ph=3 ap=0 snaps=4728 hooks=15 inst=94 rollout "Thieving Strike" Attack lvl2 hero1
t=22 ph=3 ap=0 snaps=4729 hooks=15 inst=94 rollout "Thieving Strike" Attack lvl2 hero1
t=22 ph=3 ap=0 snaps=4730 hooks=15 inst=94 rollout "Thieving Strike" Attack lvl2 hero1
t=22 ph=3 ap=0 snaps=4731 hooks=15 inst=94 rollout "Thieving Strike" Attack lvl2 hero1
t=22 ph=3 ap=0 snaps=4732 hooks=15 inst=94 rollout "Thieving Strike" Attack lvl2 hero1
t=22 ph=5 ap=0 snaps=4737 hooks=30 inst=93 switchTurn ending p0
t=23 ph=2 ap=1 snaps=4737 hooks=12 inst=94 cpuTurnStart cpu=p1 hand=4
t=23 ph=3 ap=1 snaps=4744 hooks=21 inst=95 rollout "Adventurousness" AbilityAction lvl3 hero0
t=23 ph=3 ap=1 snaps=4747 hooks=21 inst=95 rollout "Adventurousness" AbilityAction lvl3 hero0
t=23 ph=3 ap=1 snaps=4749 hooks=21 inst=95 rollout "Adventurousness" AbilityAction lvl3 hero0
t=23 ph=3 ap=1 snaps=4751 hooks=21 inst=95 rollout "Adventurousness" AbilityAction lvl3 hero0
t=23 ph=3 ap=1 snaps=4755 hooks=21 inst=95 rollout "Adventurousness" AbilityAction lvl3 hero0
t=23 ph=3 ap=1 snaps=4757 hooks=21 inst=95 rollout "Adventurousness" AbilityAction lvl3 hero0
t=23 ph=3 ap=1 snaps=4758 hooks=21 inst=95 rollout "Adventurousness" AbilityAction lvl3 hero0
t=23 ph=3 ap=1 snaps=4760 hooks=21 inst=95 rollout "Adventurousness" AbilityAction lvl3 hero0
t=23 ph=3 ap=1 snaps=4762 hooks=21 inst=95 rollout "Adventurousness" AbilityAction lvl3 hero0
t=23 ph=3 ap=1 snaps=4763 hooks=21 inst=95 rollout "Adventurousness" AbilityAction lvl3 hero0
t=23 ph=3 ap=1 snaps=4765 hooks=21 inst=95 rollout "Adventurousness" AbilityAction lvl3 hero0
t=23 ph=3 ap=1 snaps=4769 hooks=21 inst=95 rollout "Adventurousness" AbilityAction lvl3 hero0
t=23 ph=3 ap=1 snaps=4772 hooks=21 inst=95 rollout "Adventurousness" AbilityAction lvl3 hero0
t=23 ph=3 ap=1 snaps=4774 hooks=21 inst=95 rollout "Adventurousness" AbilityAction lvl3 hero0
t=23 ph=3 ap=1 snaps=4780 hooks=21 inst=95 rollout "Adventurousness" AbilityAction lvl3 hero0
t=23 ph=3 ap=1 snaps=4782 hooks=21 inst=95 rollout "Adventurousness" AbilityAction lvl3 hero0
t=23 ph=3 ap=1 snaps=4784 hooks=21 inst=95 rollout "Adventurousness" AbilityAction lvl3 hero0
t=23 ph=3 ap=1 snaps=4787 hooks=21 inst=95 rollout "Adventurousness" AbilityAction lvl3 hero0
t=23 ph=3 ap=1 snaps=4791 hooks=21 inst=95 rollout "Adventurousness" AbilityAction lvl3 hero0
t=23 ph=3 ap=1 snaps=4794 hooks=21 inst=95 rollout "Adventurousness" AbilityAction lvl3 hero0
t=23 ph=3 ap=1 snaps=4796 hooks=21 inst=95 rollout "Adventurousness" AbilityAction lvl3 hero0
t=23 ph=3 ap=1 snaps=4799 hooks=21 inst=95 rollout "Adventurousness" AbilityAction lvl3 hero0
t=23 ph=3 ap=1 snaps=4802 hooks=21 inst=95 rollout "Adventurousness" AbilityAction lvl3 hero0
t=23 ph=3 ap=1 snaps=4804 hooks=21 inst=95 rollout "Adventurousness" AbilityAction lvl3 hero0
t=23 ph=3 ap=1 snaps=4806 hooks=21 inst=95 rollout "Adventurousness" AbilityAction lvl3 hero0
t=23 ph=3 ap=1 snaps=4807 hooks=21 inst=95 rollout "Adventurousness" AbilityAction lvl3 hero0
t=23 ph=3 ap=1 snaps=4810 hooks=21 inst=95 rollout "Adventurousness" AbilityAction lvl3 hero0
t=23 ph=3 ap=1 snaps=4813 hooks=21 inst=95 rollout "Adventurousness" AbilityAction lvl3 hero0
t=23 ph=3 ap=1 snaps=4816 hooks=21 inst=95 rollout "Adventurousness" AbilityAction lvl3 hero0
t=23 ph=3 ap=1 snaps=4818 hooks=21 inst=95 rollout "Adventurousness" AbilityAction lvl3 hero0
t=23 ph=3 ap=1 snaps=4822 hooks=21 inst=95 rollout "Adventurousness" AbilityAction lvl3 hero0
t=23 ph=3 ap=1 snaps=4825 hooks=21 inst=95 rollout "Adventurousness" AbilityAction lvl3 hero0
t=23 ph=3 ap=1 snaps=4827 hooks=21 inst=95 rollout "Adventurousness" AbilityAction lvl3 hero0
t=23 ph=3 ap=1 snaps=4829 hooks=21 inst=95 rollout "Adventurousness" AbilityAction lvl3 hero0
t=23 ph=3 ap=1 snaps=4832 hooks=21 inst=95 rollout "Adventurousness" AbilityAction lvl3 hero0
t=23 ph=3 ap=1 snaps=4835 hooks=21 inst=95 rollout "Adventurousness" AbilityAction lvl3 hero0
t=23 ph=3 ap=1 snaps=4838 hooks=21 inst=95 rollout "Adventurousness" AbilityAction lvl3 hero0
t=23 ph=3 ap=1 snaps=4840 hooks=21 inst=95 rollout "Adventurousness" AbilityAction lvl3 hero0
t=23 ph=3 ap=1 snaps=4842 hooks=21 inst=95 rollout "Adventurousness" AbilityAction lvl3 hero0
t=23 ph=3 ap=1 snaps=4845 hooks=21 inst=95 rollout "Adventurousness" AbilityAction lvl3 hero0
t=23 ph=3 ap=1 snaps=4846 hooks=21 inst=95 rollout "Adventurousness" AbilityAction lvl3 hero0
t=23 ph=3 ap=1 snaps=4847 hooks=21 inst=95 rollout "Adventurousness" AbilityAction lvl3 hero0
t=23 ph=3 ap=1 snaps=4850 hooks=21 inst=95 rollout "Adventurousness" AbilityAction lvl3 hero0
t=23 ph=3 ap=1 snaps=4852 hooks=21 inst=95 rollout "Adventurousness" AbilityAction lvl3 hero0
t=23 ph=3 ap=1 snaps=4855 hooks=21 inst=95 rollout "Adventurousness" AbilityAction lvl3 hero0
t=23 ph=3 ap=1 snaps=4857 hooks=21 inst=95 rollout "Adventurousness" AbilityAction lvl3 hero0
t=23 ph=3 ap=1 snaps=4860 hooks=21 inst=95 rollout "Adventurousness" AbilityAction lvl3 hero0
t=23 ph=3 ap=1 snaps=4861 hooks=21 inst=95 rollout "Adventurousness" AbilityAction lvl3 hero0
t=23 ph=3 ap=1 snaps=4866 hooks=21 inst=95 rollout "Adventurousness" AbilityAction lvl3 hero0
t=23 ph=3 ap=1 snaps=4867 hooks=21 inst=95 rollout "Adventurousness" AbilityAction lvl3 hero0
t=23 ph=3 ap=1 snaps=4871 hooks=21 inst=95 rollout "Adventurousness" AbilityAction lvl3 hero0
t=23 ph=3 ap=1 snaps=4873 hooks=21 inst=95 rollout "Adventurousness" AbilityAction lvl3 hero0
t=23 ph=3 ap=1 snaps=4876 hooks=21 inst=95 rollout "Adventurousness" AbilityAction lvl3 hero0
t=23 ph=3 ap=1 snaps=4878 hooks=21 inst=95 rollout "Adventurousness" AbilityAction lvl3 hero0
t=23 ph=3 ap=1 snaps=4881 hooks=21 inst=95 rollout "Adventurousness" AbilityAction lvl3 hero0
t=23 ph=3 ap=1 snaps=4885 hooks=21 inst=95 rollout "Adventurousness" AbilityAction lvl3 hero0
t=23 ph=3 ap=1 snaps=4889 hooks=21 inst=95 rollout "Adventurousness" AbilityAction lvl3 hero0
t=23 ph=3 ap=1 snaps=4891 hooks=21 inst=95 rollout "Adventurousness" AbilityAction lvl3 hero0
t=23 ph=3 ap=1 snaps=4894 hooks=21 inst=95 rollout "Adventurousness" AbilityAction lvl3 hero0
t=23 ph=3 ap=1 snaps=4895 hooks=21 inst=95 rollout "Adventurousness" AbilityAction lvl3 hero0
t=23 ph=3 ap=1 snaps=4898 hooks=21 inst=95 rollout "Adventurousness" AbilityAction lvl3 hero0
t=23 ph=3 ap=1 snaps=4901 hooks=21 inst=95 rollout "Adventurousness" AbilityAction lvl3 hero0
t=23 ph=3 ap=1 snaps=4903 hooks=21 inst=95 rollout "Adventurousness" AbilityAction lvl3 hero0
t=23 ph=3 ap=1 snaps=4907 hooks=21 inst=95 rollout "Adventurousness" AbilityAction lvl3 hero0
t=23 ph=3 ap=1 snaps=4910 hooks=21 inst=95 rollout "Adventurousness" AbilityAction lvl3 hero0
t=23 ph=3 ap=1 snaps=4913 hooks=21 inst=95 rollout "Adventurousness" AbilityAction lvl3 hero0
t=23 ph=3 ap=1 snaps=4914 hooks=21 inst=95 rollout "Adventurousness" AbilityAction lvl3 hero0
t=23 ph=3 ap=1 snaps=4918 hooks=21 inst=95 rollout "Adventurousness" AbilityAction lvl3 hero0
t=23 ph=3 ap=1 snaps=4920 hooks=21 inst=95 rollout "Adventurousness" AbilityAction lvl3 hero0
t=23 ph=3 ap=1 snaps=4922 hooks=21 inst=95 rollout "Adventurousness" AbilityAction lvl3 hero0
t=23 ph=3 ap=1 snaps=4925 hooks=21 inst=95 rollout "Adventurousness" AbilityAction lvl3 hero0
t=23 ph=3 ap=1 snaps=4928 hooks=21 inst=95 rollout "Adventurousness" AbilityAction lvl3 hero0
t=23 ph=3 ap=1 snaps=4930 hooks=21 inst=95 rollout "Adventurousness" AbilityAction lvl3 hero0
t=23 ph=3 ap=1 snaps=4932 hooks=21 inst=95 rollout "Adventurousness" AbilityAction lvl3 hero0
t=23 ph=3 ap=1 snaps=4935 hooks=21 inst=95 rollout "Adventurousness" AbilityAction lvl3 hero0
t=23 ph=3 ap=1 snaps=4937 hooks=21 inst=95 rollout "Adventurousness" AbilityAction lvl3 hero0
t=23 ph=3 ap=1 snaps=4939 hooks=21 inst=95 rollout "Adventurousness" AbilityAction lvl3 hero0
t=23 ph=3 ap=1 snaps=4942 hooks=21 inst=95 rollout "Adventurousness" AbilityAction lvl3 hero0
t=23 ph=3 ap=1 snaps=4944 hooks=21 inst=95 rollout "Adventurousness" AbilityAction lvl3 hero0
t=23 ph=3 ap=1 snaps=4946 hooks=21 inst=95 rollout "Adventurousness" AbilityAction lvl3 hero0
t=23 ph=5 ap=1 snaps=4952 hooks=29 inst=95 switchTurn ending p1
t=24 ph=2 ap=0 snaps=4952 hooks=13 inst=96 cpuTurnStart cpu=p0 hand=4
t=24 ph=5 ap=0 snaps=5005 hooks=23 inst=97 switchTurn ending p0
t=25 ph=2 ap=1 snaps=5005 hooks=12 inst=98 cpuTurnStart cpu=p1 hand=6
t=25 ph=3 ap=1 snaps=5021 hooks=21 inst=100 rollout "Adventurousness" AbilityAction lvl3 hero0
t=25 ph=3 ap=1 snaps=5024 hooks=21 inst=100 rollout "Adventurousness" AbilityAction lvl3 hero0
t=25 ph=3 ap=1 snaps=5026 hooks=21 inst=100 rollout "Adventurousness" AbilityAction lvl3 hero0
t=25 ph=3 ap=1 snaps=5029 hooks=21 inst=100 rollout "Adventurousness" AbilityAction lvl3 hero0
t=25 ph=3 ap=1 snaps=5031 hooks=21 inst=100 rollout "Adventurousness" AbilityAction lvl3 hero0
t=25 ph=3 ap=1 snaps=5032 hooks=21 inst=100 rollout "Adventurousness" AbilityAction lvl3 hero0
t=25 ph=3 ap=1 snaps=5034 hooks=21 inst=100 rollout "Adventurousness" AbilityAction lvl3 hero0
t=25 ph=3 ap=1 snaps=5037 hooks=21 inst=100 rollout "Adventurousness" AbilityAction lvl3 hero0
t=25 ph=3 ap=1 snaps=5039 hooks=21 inst=100 rollout "Adventurousness" AbilityAction lvl3 hero0
t=25 ph=3 ap=1 snaps=5042 hooks=21 inst=100 rollout "Adventurousness" AbilityAction lvl3 hero0
t=25 ph=3 ap=1 snaps=5045 hooks=21 inst=100 rollout "Adventurousness" AbilityAction lvl3 hero0
t=25 ph=3 ap=1 snaps=5047 hooks=21 inst=100 rollout "Adventurousness" AbilityAction lvl3 hero0
t=25 ph=3 ap=1 snaps=5049 hooks=21 inst=100 rollout "Adventurousness" AbilityAction lvl3 hero0
t=25 ph=3 ap=1 snaps=5051 hooks=21 inst=100 rollout "Adventurousness" AbilityAction lvl3 hero0
t=25 ph=3 ap=1 snaps=5053 hooks=21 inst=100 rollout "Adventurousness" AbilityAction lvl3 hero0
t=25 ph=3 ap=1 snaps=5055 hooks=21 inst=100 rollout "Adventurousness" AbilityAction lvl3 hero0
t=25 ph=3 ap=1 snaps=5056 hooks=21 inst=100 rollout "Adventurousness" AbilityAction lvl3 hero0
t=25 ph=3 ap=1 snaps=5057 hooks=21 inst=100 rollout "Adventurousness" AbilityAction lvl3 hero0
t=25 ph=3 ap=1 snaps=5059 hooks=21 inst=100 rollout "Adventurousness" AbilityAction lvl3 hero0
t=25 ph=3 ap=1 snaps=5061 hooks=21 inst=100 rollout "Adventurousness" AbilityAction lvl3 hero0
t=25 ph=3 ap=1 snaps=5065 hooks=21 inst=100 rollout "Adventurousness" AbilityAction lvl3 hero0
t=25 ph=3 ap=1 snaps=5067 hooks=21 inst=100 rollout "Adventurousness" AbilityAction lvl3 hero0
t=25 ph=3 ap=1 snaps=5071 hooks=21 inst=100 rollout "Adventurousness" AbilityAction lvl3 hero0
t=25 ph=3 ap=1 snaps=5073 hooks=21 inst=100 rollout "Adventurousness" AbilityAction lvl3 hero0
t=25 ph=3 ap=1 snaps=5075 hooks=21 inst=100 rollout "Adventurousness" AbilityAction lvl3 hero0
t=25 ph=3 ap=1 snaps=5077 hooks=21 inst=100 rollout "Adventurousness" AbilityAction lvl3 hero0
t=25 ph=3 ap=1 snaps=5080 hooks=21 inst=100 rollout "Adventurousness" AbilityAction lvl3 hero0
t=25 ph=3 ap=1 snaps=5082 hooks=21 inst=100 rollout "Adventurousness" AbilityAction lvl3 hero0
t=25 ph=3 ap=1 snaps=5085 hooks=21 inst=100 rollout "Adventurousness" AbilityAction lvl3 hero0
t=25 ph=3 ap=1 snaps=5087 hooks=21 inst=100 rollout "Adventurousness" AbilityAction lvl3 hero0
t=25 ph=3 ap=1 snaps=5089 hooks=21 inst=100 rollout "Adventurousness" AbilityAction lvl3 hero0
t=25 ph=3 ap=1 snaps=5092 hooks=21 inst=100 rollout "Adventurousness" AbilityAction lvl3 hero0
t=25 ph=3 ap=1 snaps=5095 hooks=21 inst=100 rollout "Adventurousness" AbilityAction lvl3 hero0
t=25 ph=3 ap=1 snaps=5097 hooks=21 inst=100 rollout "Adventurousness" AbilityAction lvl3 hero0
t=25 ph=3 ap=1 snaps=5098 hooks=21 inst=100 rollout "Adventurousness" AbilityAction lvl3 hero0
t=25 ph=3 ap=1 snaps=5101 hooks=21 inst=100 rollout "Adventurousness" AbilityAction lvl3 hero0
t=25 ph=3 ap=1 snaps=5103 hooks=21 inst=100 rollout "Adventurousness" AbilityAction lvl3 hero0
t=25 ph=3 ap=1 snaps=5108 hooks=21 inst=100 rollout "Adventurousness" AbilityAction lvl3 hero0
t=25 ph=3 ap=1 snaps=5110 hooks=21 inst=100 rollout "Adventurousness" AbilityAction lvl3 hero0
t=25 ph=3 ap=1 snaps=5112 hooks=21 inst=100 rollout "Adventurousness" AbilityAction lvl3 hero0
t=25 ph=3 ap=1 snaps=5113 hooks=21 inst=100 rollout "Adventurousness" AbilityAction lvl3 hero0
t=25 ph=3 ap=1 snaps=5115 hooks=21 inst=100 rollout "Adventurousness" AbilityAction lvl3 hero0
t=25 ph=3 ap=1 snaps=5118 hooks=21 inst=100 rollout "Adventurousness" AbilityAction lvl3 hero0
t=25 ph=3 ap=1 snaps=5120 hooks=21 inst=100 rollout "Adventurousness" AbilityAction lvl3 hero0
t=25 ph=3 ap=1 snaps=5121 hooks=21 inst=100 rollout "Adventurousness" AbilityAction lvl3 hero0
t=25 ph=3 ap=1 snaps=5124 hooks=21 inst=100 rollout "Adventurousness" AbilityAction lvl3 hero0
t=25 ph=3 ap=1 snaps=5128 hooks=21 inst=100 rollout "Adventurousness" AbilityAction lvl3 hero0
t=25 ph=3 ap=1 snaps=5132 hooks=21 inst=100 rollout "Adventurousness" AbilityAction lvl3 hero0
t=25 ph=3 ap=1 snaps=5135 hooks=21 inst=100 rollout "Adventurousness" AbilityAction lvl3 hero0
t=25 ph=3 ap=1 snaps=5137 hooks=21 inst=100 rollout "Adventurousness" AbilityAction lvl3 hero0
t=25 ph=3 ap=1 snaps=5140 hooks=21 inst=100 rollout "Adventurousness" AbilityAction lvl3 hero0
t=25 ph=3 ap=1 snaps=5142 hooks=21 inst=100 rollout "Adventurousness" AbilityAction lvl3 hero0
t=25 ph=3 ap=1 snaps=5144 hooks=21 inst=100 rollout "Adventurousness" AbilityAction lvl3 hero0
t=25 ph=3 ap=1 snaps=5145 hooks=21 inst=100 rollout "Adventurousness" AbilityAction lvl3 hero0
t=25 ph=3 ap=1 snaps=5148 hooks=21 inst=100 rollout "Adventurousness" AbilityAction lvl3 hero0
t=25 ph=3 ap=1 snaps=5150 hooks=21 inst=100 rollout "Adventurousness" AbilityAction lvl3 hero0
t=25 ph=3 ap=1 snaps=5152 hooks=21 inst=100 rollout "Adventurousness" AbilityAction lvl3 hero0
t=25 ph=3 ap=1 snaps=5154 hooks=21 inst=100 rollout "Adventurousness" AbilityAction lvl3 hero0
t=25 ph=3 ap=1 snaps=5157 hooks=21 inst=100 rollout "Adventurousness" AbilityAction lvl3 hero0
t=25 ph=3 ap=1 snaps=5159 hooks=21 inst=100 rollout "Adventurousness" AbilityAction lvl3 hero0
t=25 ph=3 ap=1 snaps=5161 hooks=21 inst=100 rollout "Adventurousness" AbilityAction lvl3 hero0
t=25 ph=3 ap=1 snaps=5163 hooks=21 inst=100 rollout "Adventurousness" AbilityAction lvl3 hero0
t=25 ph=3 ap=1 snaps=5165 hooks=21 inst=100 rollout "Adventurousness" AbilityAction lvl3 hero0
t=25 ph=3 ap=1 snaps=5169 hooks=21 inst=100 rollout "Adventurousness" AbilityAction lvl3 hero0
t=25 ph=3 ap=1 snaps=5172 hooks=21 inst=100 rollout "Adventurousness" AbilityAction lvl3 hero0
t=25 ph=3 ap=1 snaps=5175 hooks=21 inst=100 rollout "Adventurousness" AbilityAction lvl3 hero0
t=25 ph=3 ap=1 snaps=5176 hooks=21 inst=100 rollout "Adventurousness" AbilityAction lvl3 hero0
t=25 ph=3 ap=1 snaps=5178 hooks=21 inst=100 rollout "Adventurousness" AbilityAction lvl3 hero0
t=25 ph=3 ap=1 snaps=5180 hooks=21 inst=100 rollout "Adventurousness" AbilityAction lvl3 hero0
t=25 ph=3 ap=1 snaps=5182 hooks=21 inst=100 rollout "Adventurousness" AbilityAction lvl3 hero0
t=25 ph=3 ap=1 snaps=5185 hooks=21 inst=100 rollout "Adventurousness" AbilityAction lvl3 hero0
t=25 ph=3 ap=1 snaps=5187 hooks=21 inst=100 rollout "Adventurousness" AbilityAction lvl3 hero0
t=25 ph=3 ap=1 snaps=5189 hooks=21 inst=100 rollout "Adventurousness" AbilityAction lvl3 hero0
t=25 ph=3 ap=1 snaps=5191 hooks=21 inst=100 rollout "Adventurousness" AbilityAction lvl3 hero0
t=25 ph=3 ap=1 snaps=5194 hooks=21 inst=100 rollout "Adventurousness" AbilityAction lvl3 hero0
t=25 ph=3 ap=1 snaps=5196 hooks=21 inst=100 rollout "Adventurousness" AbilityAction lvl3 hero0
t=25 ph=3 ap=1 snaps=5197 hooks=21 inst=100 rollout "Adventurousness" AbilityAction lvl3 hero0
t=25 ph=3 ap=1 snaps=5200 hooks=21 inst=100 rollout "Adventurousness" AbilityAction lvl3 hero0
t=25 ph=3 ap=1 snaps=5201 hooks=21 inst=100 rollout "Adventurousness" AbilityAction lvl3 hero0
t=25 ph=3 ap=1 snaps=5205 hooks=21 inst=100 rollout "Adventurousness" AbilityAction lvl3 hero0
t=25 ph=5 ap=1 snaps=5216 hooks=29 inst=100 switchTurn ending p1
t=26 ph=2 ap=0 snaps=5216 hooks=13 inst=101 cpuTurnStart cpu=p0 hand=4
t=26 ph=5 ap=0 snaps=5232 hooks=22 inst=102 switchTurn ending p0
t=27 ph=2 ap=1 snaps=5232 hooks=12 inst=103 cpuTurnStart cpu=p1 hand=7
t=27 ph=3 ap=1 snaps=5243 hooks=21 inst=104 rollout "Quick Attack" Attack lvl1 hero1
t=27 ph=3 ap=1 snaps=5245 hooks=21 inst=104 rollout "Quick Attack" Attack lvl1 hero0
t=27 ph=3 ap=1 snaps=5247 hooks=21 inst=104 rollout "Adventurousness" AbilityAction lvl3 hero0
t=27 ph=3 ap=1 snaps=5249 hooks=21 inst=104 rollout "Quick Attack" Attack lvl1 hero1
t=27 ph=3 ap=1 snaps=5251 hooks=21 inst=104 rollout "Quick Attack" Attack lvl1 hero1
t=27 ph=3 ap=1 snaps=5253 hooks=21 inst=104 rollout "Quick Attack" Attack lvl1 hero1
t=27 ph=3 ap=1 snaps=5256 hooks=21 inst=104 rollout "Quick Attack" Attack lvl1 hero1
t=27 ph=3 ap=1 snaps=5260 hooks=21 inst=104 rollout "Quick Attack" Attack lvl1 hero0
t=27 ph=3 ap=1 snaps=5262 hooks=21 inst=104 rollout "Quick Attack" Attack lvl1 hero0
t=27 ph=3 ap=1 snaps=5265 hooks=21 inst=104 rollout "Quick Attack" Attack lvl1 hero0
t=27 ph=3 ap=1 snaps=5268 hooks=21 inst=104 rollout "Quick Attack" Attack lvl1 hero0
t=27 ph=3 ap=1 snaps=5270 hooks=21 inst=104 rollout "Adventurousness" AbilityAction lvl3 hero0
t=27 ph=3 ap=1 snaps=5272 hooks=21 inst=104 rollout "Adventurousness" AbilityAction lvl3 hero0
t=27 ph=3 ap=1 snaps=5274 hooks=21 inst=104 rollout "Quick Attack" Attack lvl1 hero1
t=27 ph=3 ap=1 snaps=5277 hooks=21 inst=104 rollout "Quick Attack" Attack lvl1 hero1
t=27 ph=3 ap=1 snaps=5279 hooks=21 inst=104 rollout "Quick Attack" Attack lvl1 hero0
t=27 ph=3 ap=1 snaps=5282 hooks=21 inst=104 rollout "Quick Attack" Attack lvl1 hero0
t=27 ph=3 ap=1 snaps=5283 hooks=21 inst=104 rollout "Quick Attack" Attack lvl1 hero0
t=27 ph=3 ap=1 snaps=5285 hooks=21 inst=104 rollout "Adventurousness" AbilityAction lvl3 hero0
t=27 ph=3 ap=1 snaps=5287 hooks=21 inst=104 rollout "Quick Attack" Attack lvl1 hero1
t=27 ph=3 ap=1 snaps=5290 hooks=21 inst=104 rollout "Quick Attack" Attack lvl1 hero1
t=27 ph=3 ap=1 snaps=5292 hooks=21 inst=104 rollout "Quick Attack" Attack lvl1 hero0
t=27 ph=3 ap=1 snaps=5297 hooks=21 inst=104 rollout "Adventurousness" AbilityAction lvl3 hero0
t=27 ph=3 ap=1 snaps=5299 hooks=21 inst=104 rollout "Quick Attack" Attack lvl1 hero1
t=27 ph=3 ap=1 snaps=5301 hooks=21 inst=104 rollout "Adventurousness" AbilityAction lvl3 hero0
t=27 ph=3 ap=1 snaps=5306 hooks=21 inst=104 rollout "Quick Attack" Attack lvl1 hero1
t=27 ph=3 ap=1 snaps=5309 hooks=21 inst=104 rollout "Quick Attack" Attack lvl1 hero1
t=27 ph=3 ap=1 snaps=5312 hooks=21 inst=104 rollout "Quick Attack" Attack lvl1 hero1
t=27 ph=3 ap=1 snaps=5314 hooks=21 inst=104 rollout "Quick Attack" Attack lvl1 hero1
t=27 ph=3 ap=1 snaps=5316 hooks=21 inst=104 rollout "Quick Attack" Attack lvl1 hero1
t=27 ph=3 ap=1 snaps=5319 hooks=21 inst=104 rollout "Quick Attack" Attack lvl1 hero1
t=27 ph=3 ap=1 snaps=5322 hooks=21 inst=104 rollout "Quick Attack" Attack lvl1 hero1
t=27 ph=3 ap=1 snaps=5325 hooks=21 inst=104 rollout "Quick Attack" Attack lvl1 hero1
t=27 ph=3 ap=1 snaps=5328 hooks=21 inst=104 rollout "Quick Attack" Attack lvl1 hero1
t=27 ph=3 ap=1 snaps=5330 hooks=21 inst=104 rollout "Quick Attack" Attack lvl1 hero1
t=27 ph=3 ap=1 snaps=5332 hooks=21 inst=104 rollout "Quick Attack" Attack lvl1 hero1
t=27 ph=3 ap=1 snaps=5335 hooks=21 inst=104 rollout "Quick Attack" Attack lvl1 hero1
t=27 ph=3 ap=1 snaps=5337 hooks=21 inst=104 rollout "Quick Attack" Attack lvl1 hero1
t=27 ph=3 ap=1 snaps=5340 hooks=21 inst=104 rollout "Quick Attack" Attack lvl1 hero1
t=27 ph=3 ap=1 snaps=5343 hooks=21 inst=104 rollout "Quick Attack" Attack lvl1 hero1
t=27 ph=3 ap=1 snaps=5345 hooks=21 inst=104 rollout "Quick Attack" Attack lvl1 hero1
t=27 ph=3 ap=1 snaps=5348 hooks=21 inst=104 rollout "Quick Attack" Attack lvl1 hero1
t=27 ph=3 ap=1 snaps=5349 hooks=21 inst=104 rollout "Quick Attack" Attack lvl1 hero1
t=27 ph=3 ap=1 snaps=5351 hooks=21 inst=104 rollout "Quick Attack" Attack lvl1 hero1
t=27 ph=3 ap=1 snaps=5353 hooks=21 inst=104 rollout "Quick Attack" Attack lvl1 hero1
t=27 ph=3 ap=1 snaps=5356 hooks=21 inst=104 rollout "Quick Attack" Attack lvl1 hero1
t=27 ph=3 ap=1 snaps=5357 hooks=21 inst=104 rollout "Quick Attack" Attack lvl1 hero1
t=27 ph=3 ap=1 snaps=5359 hooks=21 inst=104 rollout "Quick Attack" Attack lvl1 hero1
t=27 ph=3 ap=1 snaps=5362 hooks=21 inst=104 rollout "Quick Attack" Attack lvl1 hero1
t=27 ph=3 ap=1 snaps=5365 hooks=21 inst=104 rollout "Quick Attack" Attack lvl1 hero1
t=27 ph=3 ap=1 snaps=5369 hooks=21 inst=104 rollout "Quick Attack" Attack lvl1 hero1
t=27 ph=3 ap=1 snaps=5374 hooks=21 inst=104 rollout "Quick Attack" Attack lvl1 hero1
t=27 ph=3 ap=1 snaps=5376 hooks=21 inst=104 rollout "Quick Attack" Attack lvl1 hero1
t=27 ph=3 ap=1 snaps=5379 hooks=21 inst=104 rollout "Quick Attack" Attack lvl1 hero1
t=27 ph=3 ap=1 snaps=5381 hooks=21 inst=104 rollout "Quick Attack" Attack lvl1 hero1
t=27 ph=3 ap=1 snaps=5383 hooks=21 inst=104 rollout "Quick Attack" Attack lvl1 hero1
t=27 ph=3 ap=1 snaps=5385 hooks=21 inst=104 rollout "Adventurousness" AbilityAction lvl3 hero0
t=27 ph=3 ap=1 snaps=5387 hooks=21 inst=104 rollout "Adventurousness" AbilityAction lvl3 hero0
t=27 ph=3 ap=1 snaps=5391 hooks=21 inst=104 rollout "Quick Attack" Attack lvl1 hero1
t=27 ph=3 ap=1 snaps=5394 hooks=21 inst=104 rollout "Quick Attack" Attack lvl1 hero1
t=27 ph=3 ap=1 snaps=5396 hooks=21 inst=104 rollout "Quick Attack" Attack lvl1 hero1
t=27 ph=3 ap=1 snaps=5397 hooks=21 inst=104 rollout "Quick Attack" Attack lvl1 hero1
t=27 ph=3 ap=1 snaps=5399 hooks=21 inst=104 rollout "Quick Attack" Attack lvl1 hero1
t=27 ph=3 ap=1 snaps=5401 hooks=21 inst=104 rollout "Quick Attack" Attack lvl1 hero1
t=27 ph=3 ap=1 snaps=5402 hooks=21 inst=104 rollout "Quick Attack" Attack lvl1 hero1
t=27 ph=3 ap=1 snaps=5405 hooks=21 inst=104 rollout "Quick Attack" Attack lvl1 hero1
t=27 ph=3 ap=1 snaps=5408 hooks=21 inst=104 rollout "Quick Attack" Attack lvl1 hero1
t=27 ph=3 ap=1 snaps=5410 hooks=21 inst=104 rollout "Quick Attack" Attack lvl1 hero1
t=27 ph=3 ap=1 snaps=5413 hooks=21 inst=104 rollout "Quick Attack" Attack lvl1 hero1
t=27 ph=3 ap=1 snaps=5415 hooks=21 inst=104 rollout "Quick Attack" Attack lvl1 hero1
t=27 ph=3 ap=1 snaps=5417 hooks=21 inst=104 rollout "Quick Attack" Attack lvl1 hero1
t=27 ph=3 ap=1 snaps=5419 hooks=21 inst=104 rollout "Quick Attack" Attack lvl1 hero1
t=27 ph=3 ap=1 snaps=5421 hooks=21 inst=104 rollout "Quick Attack" Attack lvl1 hero1
t=27 ph=3 ap=1 snaps=5423 hooks=21 inst=104 rollout "Quick Attack" Attack lvl1 hero1
t=27 ph=3 ap=1 snaps=5425 hooks=21 inst=104 rollout "Quick Attack" Attack lvl1 hero1
t=27 ph=3 ap=1 snaps=5426 hooks=21 inst=104 rollout "Quick Attack" Attack lvl1 hero1
t=27 ph=3 ap=1 snaps=5428 hooks=21 inst=104 rollout "Quick Attack" Attack lvl1 hero1
t=27 ph=3 ap=1 snaps=5431 hooks=21 inst=104 rollout "Quick Attack" Attack lvl1 hero1
t=27 ph=3 ap=1 snaps=5434 hooks=21 inst=104 rollout "Quick Attack" Attack lvl1 hero1
t=27 ph=3 ap=1 snaps=5435 hooks=21 inst=104 rollout "Quick Attack" Attack lvl1 hero1
t=27 ph=5 ap=1 snaps=5442 hooks=34 inst=104 switchTurn ending p1
t=28 ph=2 ap=0 snaps=5442 hooks=13 inst=105 cpuTurnStart cpu=p0 hand=3
t=28 ph=5 ap=0 snaps=5458 hooks=24 inst=106 switchTurn ending p0
t=29 ph=2 ap=1 snaps=5458 hooks=12 inst=107 cpuTurnStart cpu=p1 hand=7
t=29 ph=3 ap=1 snaps=5469 hooks=21 inst=108 rollout "Adventurousness" AbilityAction lvl3 hero0
t=29 ph=3 ap=1 snaps=5470 hooks=21 inst=108 rollout "Adventurousness" AbilityAction lvl3 hero0
t=29 ph=3 ap=1 snaps=5472 hooks=21 inst=108 rollout "Adventurousness" AbilityAction lvl3 hero0
t=29 ph=3 ap=1 snaps=5474 hooks=21 inst=108 rollout "Adventurousness" AbilityAction lvl3 hero0
t=29 ph=3 ap=1 snaps=5477 hooks=21 inst=108 rollout "Adventurousness" AbilityAction lvl3 hero0
t=29 ph=3 ap=1 snaps=5479 hooks=21 inst=108 rollout "Adventurousness" AbilityAction lvl3 hero0
t=29 ph=3 ap=1 snaps=5481 hooks=21 inst=108 rollout "Adventurousness" AbilityAction lvl3 hero0
t=29 ph=3 ap=1 snaps=5483 hooks=21 inst=108 rollout "Adventurousness" AbilityAction lvl3 hero0
t=29 ph=3 ap=1 snaps=5485 hooks=21 inst=108 rollout "Adventurousness" AbilityAction lvl3 hero0
t=29 ph=3 ap=1 snaps=5488 hooks=21 inst=108 rollout "Adventurousness" AbilityAction lvl3 hero0
t=29 ph=3 ap=1 snaps=5490 hooks=21 inst=108 rollout "Adventurousness" AbilityAction lvl3 hero0
t=29 ph=3 ap=1 snaps=5493 hooks=21 inst=108 rollout "Adventurousness" AbilityAction lvl3 hero0
t=29 ph=3 ap=1 snaps=5496 hooks=21 inst=108 rollout "Adventurousness" AbilityAction lvl3 hero0
t=29 ph=3 ap=1 snaps=5498 hooks=21 inst=108 rollout "Adventurousness" AbilityAction lvl3 hero0
t=29 ph=3 ap=1 snaps=5499 hooks=21 inst=108 rollout "Adventurousness" AbilityAction lvl3 hero0
t=29 ph=3 ap=1 snaps=5501 hooks=21 inst=108 rollout "Adventurousness" AbilityAction lvl3 hero0
t=29 ph=3 ap=1 snaps=5502 hooks=21 inst=108 rollout "Adventurousness" AbilityAction lvl3 hero0
t=29 ph=3 ap=1 snaps=5505 hooks=21 inst=108 rollout "Adventurousness" AbilityAction lvl3 hero0
t=29 ph=3 ap=1 snaps=5507 hooks=21 inst=108 rollout "Adventurousness" AbilityAction lvl3 hero0
t=29 ph=3 ap=1 snaps=5510 hooks=21 inst=108 rollout "Adventurousness" AbilityAction lvl3 hero0
t=29 ph=3 ap=1 snaps=5513 hooks=21 inst=108 rollout "Adventurousness" AbilityAction lvl3 hero0
t=29 ph=3 ap=1 snaps=5516 hooks=21 inst=108 rollout "Adventurousness" AbilityAction lvl3 hero0
t=29 ph=3 ap=1 snaps=5518 hooks=21 inst=108 rollout "Adventurousness" AbilityAction lvl3 hero0
t=29 ph=3 ap=1 snaps=5521 hooks=21 inst=108 rollout "Adventurousness" AbilityAction lvl3 hero0
t=29 ph=3 ap=1 snaps=5523 hooks=21 inst=108 rollout "Adventurousness" AbilityAction lvl3 hero0
t=29 ph=3 ap=1 snaps=5525 hooks=21 inst=108 rollout "Adventurousness" AbilityAction lvl3 hero0
t=29 ph=3 ap=1 snaps=5527 hooks=21 inst=108 rollout "Adventurousness" AbilityAction lvl3 hero0
t=29 ph=3 ap=1 snaps=5529 hooks=21 inst=108 rollout "Adventurousness" AbilityAction lvl3 hero0
t=29 ph=3 ap=1 snaps=5532 hooks=21 inst=108 rollout "Adventurousness" AbilityAction lvl3 hero0
t=29 ph=3 ap=1 snaps=5534 hooks=21 inst=108 rollout "Adventurousness" AbilityAction lvl3 hero0
t=29 ph=3 ap=1 snaps=5536 hooks=21 inst=108 rollout "Adventurousness" AbilityAction lvl3 hero0
t=29 ph=3 ap=1 snaps=5539 hooks=21 inst=108 rollout "Adventurousness" AbilityAction lvl3 hero0
t=29 ph=3 ap=1 snaps=5541 hooks=21 inst=108 rollout "Adventurousness" AbilityAction lvl3 hero0
t=29 ph=3 ap=1 snaps=5542 hooks=21 inst=108 rollout "Adventurousness" AbilityAction lvl3 hero0
t=29 ph=3 ap=1 snaps=5544 hooks=21 inst=108 rollout "Adventurousness" AbilityAction lvl3 hero0
t=29 ph=3 ap=1 snaps=5546 hooks=21 inst=108 rollout "Adventurousness" AbilityAction lvl3 hero0
t=29 ph=3 ap=1 snaps=5548 hooks=21 inst=108 rollout "Adventurousness" AbilityAction lvl3 hero0
t=29 ph=3 ap=1 snaps=5551 hooks=21 inst=108 rollout "Adventurousness" AbilityAction lvl3 hero0
t=29 ph=3 ap=1 snaps=5552 hooks=21 inst=108 rollout "Adventurousness" AbilityAction lvl3 hero0
t=29 ph=3 ap=1 snaps=5554 hooks=21 inst=108 rollout "Adventurousness" AbilityAction lvl3 hero0
t=29 ph=3 ap=1 snaps=5557 hooks=21 inst=108 rollout "Adventurousness" AbilityAction lvl3 hero0
t=29 ph=3 ap=1 snaps=5560 hooks=21 inst=108 rollout "Adventurousness" AbilityAction lvl3 hero0
t=29 ph=3 ap=1 snaps=5563 hooks=21 inst=108 rollout "Adventurousness" AbilityAction lvl3 hero0
t=29 ph=3 ap=1 snaps=5565 hooks=21 inst=108 rollout "Adventurousness" AbilityAction lvl3 hero0
t=29 ph=3 ap=1 snaps=5567 hooks=21 inst=108 rollout "Adventurousness" AbilityAction lvl3 hero0
t=29 ph=3 ap=1 snaps=5569 hooks=21 inst=108 rollout "Adventurousness" AbilityAction lvl3 hero0
t=29 ph=3 ap=1 snaps=5571 hooks=21 inst=108 rollout "Adventurousness" AbilityAction lvl3 hero0
t=29 ph=3 ap=1 snaps=5574 hooks=21 inst=108 rollout "Adventurousness" AbilityAction lvl3 hero0
t=29 ph=3 ap=1 snaps=5576 hooks=21 inst=108 rollout "Adventurousness" AbilityAction lvl3 hero0
t=29 ph=3 ap=1 snaps=5578 hooks=21 inst=108 rollout "Adventurousness" AbilityAction lvl3 hero0
t=29 ph=3 ap=1 snaps=5581 hooks=21 inst=108 rollout "Adventurousness" AbilityAction lvl3 hero0
t=29 ph=3 ap=1 snaps=5582 hooks=21 inst=108 rollout "Adventurousness" AbilityAction lvl3 hero0
t=29 ph=3 ap=1 snaps=5585 hooks=21 inst=108 rollout "Adventurousness" AbilityAction lvl3 hero0
t=29 ph=3 ap=1 snaps=5586 hooks=21 inst=108 rollout "Adventurousness" AbilityAction lvl3 hero0
t=29 ph=3 ap=1 snaps=5590 hooks=21 inst=108 rollout "Adventurousness" AbilityAction lvl3 hero0
t=29 ph=3 ap=1 snaps=5592 hooks=21 inst=108 rollout "Adventurousness" AbilityAction lvl3 hero0
t=29 ph=3 ap=1 snaps=5594 hooks=21 inst=108 rollout "Adventurousness" AbilityAction lvl3 hero0
t=29 ph=3 ap=1 snaps=5596 hooks=21 inst=108 rollout "Adventurousness" AbilityAction lvl3 hero0
t=29 ph=3 ap=1 snaps=5599 hooks=21 inst=108 rollout "Adventurousness" AbilityAction lvl3 hero0
t=29 ph=3 ap=1 snaps=5601 hooks=21 inst=108 rollout "Adventurousness" AbilityAction lvl3 hero0
t=29 ph=3 ap=1 snaps=5603 hooks=21 inst=108 rollout "Adventurousness" AbilityAction lvl3 hero0
t=29 ph=3 ap=1 snaps=5604 hooks=21 inst=108 rollout "Adventurousness" AbilityAction lvl3 hero0
t=29 ph=3 ap=1 snaps=5606 hooks=21 inst=108 rollout "Adventurousness" AbilityAction lvl3 hero0
t=29 ph=3 ap=1 snaps=5610 hooks=21 inst=108 rollout "Adventurousness" AbilityAction lvl3 hero0
t=29 ph=3 ap=1 snaps=5612 hooks=21 inst=108 rollout "Adventurousness" AbilityAction lvl3 hero0
t=29 ph=3 ap=1 snaps=5615 hooks=21 inst=108 rollout "Adventurousness" AbilityAction lvl3 hero0
t=29 ph=3 ap=1 snaps=5617 hooks=21 inst=108 rollout "Adventurousness" AbilityAction lvl3 hero0
t=29 ph=3 ap=1 snaps=5618 hooks=21 inst=108 rollout "Adventurousness" AbilityAction lvl3 hero0
t=29 ph=3 ap=1 snaps=5620 hooks=21 inst=108 rollout "Adventurousness" AbilityAction lvl3 hero0
t=29 ph=3 ap=1 snaps=5622 hooks=21 inst=108 rollout "Adventurousness" AbilityAction lvl3 hero0
t=29 ph=3 ap=1 snaps=5625 hooks=21 inst=108 rollout "Adventurousness" AbilityAction lvl3 hero0
t=29 ph=3 ap=1 snaps=5627 hooks=21 inst=108 rollout "Adventurousness" AbilityAction lvl3 hero0
t=29 ph=3 ap=1 snaps=5629 hooks=21 inst=108 rollout "Adventurousness" AbilityAction lvl3 hero0
t=29 ph=3 ap=1 snaps=5633 hooks=21 inst=108 rollout "Adventurousness" AbilityAction lvl3 hero0
t=29 ph=3 ap=1 snaps=5635 hooks=21 inst=108 rollout "Adventurousness" AbilityAction lvl3 hero0
t=29 ph=3 ap=1 snaps=5636 hooks=21 inst=108 rollout "Adventurousness" AbilityAction lvl3 hero0
t=29 ph=3 ap=1 snaps=5637 hooks=21 inst=108 rollout "Adventurousness" AbilityAction lvl3 hero0
t=29 ph=3 ap=1 snaps=5639 hooks=21 inst=108 rollout "Adventurousness" AbilityAction lvl3 hero0
t=29 ph=3 ap=1 snaps=5640 hooks=21 inst=108 rollout "Adventurousness" AbilityAction lvl3 hero0
t=29 ph=3 ap=1 snaps=5642 hooks=21 inst=108 rollout "Adventurousness" AbilityAction lvl3 hero0
t=29 ph=5 ap=1 snaps=5650 hooks=30 inst=108 switchTurn ending p1
t=30 ph=2 ap=0 snaps=5650 hooks=18 inst=106 cpuTurnStart cpu=p0 hand=3
t=30 ph=5 ap=0 snaps=5660 hooks=25 inst=106 switchTurn ending p0
t=31 ph=2 ap=1 snaps=5660 hooks=12 inst=107 cpuTurnStart cpu=p1 hand=8
t=31 ph=3 ap=1 snaps=5685 hooks=30 inst=108 rollout "Adventurousness" AbilityAction lvl3 hero0
t=31 ph=3 ap=1 snaps=5688 hooks=30 inst=108 rollout "Adventurousness" AbilityAction lvl3 hero0
t=31 ph=3 ap=1 snaps=5690 hooks=30 inst=108 rollout "Adventurousness" AbilityAction lvl3 hero0
t=31 ph=3 ap=1 snaps=5692 hooks=30 inst=108 rollout "Adventurousness" AbilityAction lvl3 hero0
t=31 ph=3 ap=1 snaps=5693 hooks=30 inst=108 rollout "Adventurousness" AbilityAction lvl3 hero0
t=31 ph=3 ap=1 snaps=5697 hooks=30 inst=108 rollout "Adventurousness" AbilityAction lvl3 hero0
t=31 ph=3 ap=1 snaps=5699 hooks=30 inst=108 rollout "Adventurousness" AbilityAction lvl3 hero0
t=31 ph=3 ap=1 snaps=5702 hooks=30 inst=108 rollout "Adventurousness" AbilityAction lvl3 hero0
t=31 ph=3 ap=1 snaps=5705 hooks=30 inst=108 rollout "Adventurousness" AbilityAction lvl3 hero0
t=31 ph=3 ap=1 snaps=5707 hooks=30 inst=108 rollout "Adventurousness" AbilityAction lvl3 hero0
t=31 ph=3 ap=1 snaps=5711 hooks=30 inst=108 rollout "Adventurousness" AbilityAction lvl3 hero0
t=31 ph=3 ap=1 snaps=5713 hooks=30 inst=108 rollout "Adventurousness" AbilityAction lvl3 hero0
t=31 ph=3 ap=1 snaps=5715 hooks=30 inst=108 rollout "Adventurousness" AbilityAction lvl3 hero0
t=31 ph=3 ap=1 snaps=5717 hooks=30 inst=108 rollout "Adventurousness" AbilityAction lvl3 hero0
t=31 ph=3 ap=1 snaps=5720 hooks=30 inst=108 rollout "Adventurousness" AbilityAction lvl3 hero0
t=31 ph=3 ap=1 snaps=5722 hooks=30 inst=108 rollout "Adventurousness" AbilityAction lvl3 hero0
t=31 ph=3 ap=1 snaps=5724 hooks=30 inst=108 rollout "Adventurousness" AbilityAction lvl3 hero0
t=31 ph=3 ap=1 snaps=5727 hooks=30 inst=108 rollout "Adventurousness" AbilityAction lvl3 hero0
t=31 ph=3 ap=1 snaps=5730 hooks=30 inst=108 rollout "Adventurousness" AbilityAction lvl3 hero0
t=31 ph=3 ap=1 snaps=5733 hooks=30 inst=108 rollout "Adventurousness" AbilityAction lvl3 hero0
t=31 ph=3 ap=1 snaps=5735 hooks=30 inst=108 rollout "Adventurousness" AbilityAction lvl3 hero0
t=31 ph=3 ap=1 snaps=5738 hooks=30 inst=108 rollout "Adventurousness" AbilityAction lvl3 hero0
t=31 ph=3 ap=1 snaps=5740 hooks=30 inst=108 rollout "Adventurousness" AbilityAction lvl3 hero0
t=31 ph=3 ap=1 snaps=5743 hooks=30 inst=108 rollout "Adventurousness" AbilityAction lvl3 hero0
t=31 ph=3 ap=1 snaps=5747 hooks=30 inst=108 rollout "Adventurousness" AbilityAction lvl3 hero0
t=31 ph=3 ap=1 snaps=5749 hooks=30 inst=108 rollout "Adventurousness" AbilityAction lvl3 hero0
t=31 ph=3 ap=1 snaps=5751 hooks=30 inst=108 rollout "Adventurousness" AbilityAction lvl3 hero0
t=31 ph=3 ap=1 snaps=5753 hooks=30 inst=108 rollout "Adventurousness" AbilityAction lvl3 hero0
t=31 ph=3 ap=1 snaps=5756 hooks=30 inst=108 rollout "Adventurousness" AbilityAction lvl3 hero0
t=31 ph=3 ap=1 snaps=5760 hooks=30 inst=108 rollout "Adventurousness" AbilityAction lvl3 hero0
t=31 ph=3 ap=1 snaps=5764 hooks=30 inst=108 rollout "Adventurousness" AbilityAction lvl3 hero0
t=31 ph=3 ap=1 snaps=5766 hooks=30 inst=108 rollout "Adventurousness" AbilityAction lvl3 hero0
t=31 ph=3 ap=1 snaps=5769 hooks=30 inst=108 rollout "Adventurousness" AbilityAction lvl3 hero0
t=31 ph=3 ap=1 snaps=5774 hooks=30 inst=108 rollout "Adventurousness" AbilityAction lvl3 hero0
t=31 ph=3 ap=1 snaps=5776 hooks=30 inst=108 rollout "Adventurousness" AbilityAction lvl3 hero0
t=31 ph=3 ap=1 snaps=5778 hooks=30 inst=108 rollout "Adventurousness" AbilityAction lvl3 hero0
t=31 ph=3 ap=1 snaps=5780 hooks=30 inst=108 rollout "Adventurousness" AbilityAction lvl3 hero0
t=31 ph=3 ap=1 snaps=5782 hooks=30 inst=108 rollout "Adventurousness" AbilityAction lvl3 hero0
t=31 ph=3 ap=1 snaps=5786 hooks=30 inst=108 rollout "Adventurousness" AbilityAction lvl3 hero0
t=31 ph=3 ap=1 snaps=5788 hooks=30 inst=108 rollout "Adventurousness" AbilityAction lvl3 hero0
t=31 ph=3 ap=1 snaps=5790 hooks=30 inst=108 rollout "Adventurousness" AbilityAction lvl3 hero0
t=31 ph=3 ap=1 snaps=5795 hooks=30 inst=108 rollout "Adventurousness" AbilityAction lvl3 hero0
t=31 ph=3 ap=1 snaps=5797 hooks=30 inst=108 rollout "Adventurousness" AbilityAction lvl3 hero0
t=31 ph=3 ap=1 snaps=5799 hooks=30 inst=108 rollout "Adventurousness" AbilityAction lvl3 hero0
t=31 ph=3 ap=1 snaps=5800 hooks=30 inst=108 rollout "Adventurousness" AbilityAction lvl3 hero0
t=31 ph=3 ap=1 snaps=5802 hooks=30 inst=108 rollout "Adventurousness" AbilityAction lvl3 hero0
t=31 ph=3 ap=1 snaps=5804 hooks=30 inst=108 rollout "Adventurousness" AbilityAction lvl3 hero0
t=31 ph=3 ap=1 snaps=5806 hooks=30 inst=108 rollout "Adventurousness" AbilityAction lvl3 hero0
t=31 ph=3 ap=1 snaps=5807 hooks=30 inst=108 rollout "Adventurousness" AbilityAction lvl3 hero0
t=31 ph=3 ap=1 snaps=5809 hooks=30 inst=108 rollout "Adventurousness" AbilityAction lvl3 hero0
t=31 ph=3 ap=1 snaps=5810 hooks=30 inst=108 rollout "Adventurousness" AbilityAction lvl3 hero0
t=31 ph=3 ap=1 snaps=5813 hooks=30 inst=108 rollout "Adventurousness" AbilityAction lvl3 hero0
t=31 ph=3 ap=1 snaps=5815 hooks=30 inst=108 rollout "Adventurousness" AbilityAction lvl3 hero0
t=31 ph=3 ap=1 snaps=5818 hooks=30 inst=108 rollout "Adventurousness" AbilityAction lvl3 hero0
t=31 ph=3 ap=1 snaps=5819 hooks=30 inst=108 rollout "Adventurousness" AbilityAction lvl3 hero0
t=31 ph=3 ap=1 snaps=5822 hooks=30 inst=108 rollout "Adventurousness" AbilityAction lvl3 hero0
t=31 ph=3 ap=1 snaps=5825 hooks=30 inst=108 rollout "Adventurousness" AbilityAction lvl3 hero0
t=31 ph=3 ap=1 snaps=5827 hooks=30 inst=108 rollout "Adventurousness" AbilityAction lvl3 hero0
t=31 ph=3 ap=1 snaps=5830 hooks=30 inst=108 rollout "Adventurousness" AbilityAction lvl3 hero0
t=31 ph=3 ap=1 snaps=5833 hooks=30 inst=108 rollout "Adventurousness" AbilityAction lvl3 hero0
t=31 ph=3 ap=1 snaps=5836 hooks=30 inst=108 rollout "Adventurousness" AbilityAction lvl3 hero0
t=31 ph=3 ap=1 snaps=5838 hooks=30 inst=108 rollout "Adventurousness" AbilityAction lvl3 hero0
t=31 ph=3 ap=1 snaps=5840 hooks=30 inst=108 rollout "Adventurousness" AbilityAction lvl3 hero0
t=31 ph=3 ap=1 snaps=5842 hooks=30 inst=108 rollout "Adventurousness" AbilityAction lvl3 hero0
t=31 ph=3 ap=1 snaps=5844 hooks=30 inst=108 rollout "Adventurousness" AbilityAction lvl3 hero0
t=31 ph=3 ap=1 snaps=5846 hooks=30 inst=108 rollout "Adventurousness" AbilityAction lvl3 hero0
t=31 ph=3 ap=1 snaps=5848 hooks=30 inst=108 rollout "Adventurousness" AbilityAction lvl3 hero0
t=31 ph=3 ap=1 snaps=5850 hooks=30 inst=108 rollout "Adventurousness" AbilityAction lvl3 hero0
t=31 ph=3 ap=1 snaps=5852 hooks=30 inst=108 rollout "Adventurousness" AbilityAction lvl3 hero0
t=31 ph=3 ap=1 snaps=5854 hooks=30 inst=108 rollout "Adventurousness" AbilityAction lvl3 hero0
t=31 ph=3 ap=1 snaps=5857 hooks=30 inst=108 rollout "Adventurousness" AbilityAction lvl3 hero0
t=31 ph=3 ap=1 snaps=5859 hooks=30 inst=108 rollout "Adventurousness" AbilityAction lvl3 hero0
t=31 ph=3 ap=1 snaps=5861 hooks=30 inst=108 rollout "Adventurousness" AbilityAction lvl3 hero0
t=31 ph=3 ap=1 snaps=5863 hooks=30 inst=108 rollout "Adventurousness" AbilityAction lvl3 hero0
t=31 ph=3 ap=1 snaps=5866 hooks=30 inst=108 rollout "Adventurousness" AbilityAction lvl3 hero0
t=31 ph=3 ap=1 snaps=5868 hooks=30 inst=108 rollout "Adventurousness" AbilityAction lvl3 hero0
t=31 ph=3 ap=1 snaps=5871 hooks=30 inst=108 rollout "Adventurousness" AbilityAction lvl3 hero0
t=31 ph=3 ap=1 snaps=5873 hooks=30 inst=108 rollout "Adventurousness" AbilityAction lvl3 hero0
t=31 ph=3 ap=1 snaps=5875 hooks=30 inst=108 rollout "Adventurousness" AbilityAction lvl3 hero0
t=31 ph=3 ap=1 snaps=5878 hooks=30 inst=108 rollout "Adventurousness" AbilityAction lvl3 hero0
t=31 ph=5 ap=1 snaps=5885 hooks=39 inst=108 switchTurn ending p1
t=32 ph=2 ap=0 snaps=5885 hooks=13 inst=109 cpuTurnStart cpu=p0 hand=4
t=32 ph=5 ap=0 snaps=5905 hooks=23 inst=110 switchTurn ending p0
t=33 ph=2 ap=1 snaps=5905 hooks=15 inst=111 cpuTurnStart cpu=p1 hand=8
t=33 ph=3 ap=1 snaps=5930 hooks=26 inst=112 rollout "Adventurousness" AbilityAction lvl3 hero0
t=33 ph=3 ap=1 snaps=5933 hooks=26 inst=112 rollout "Adventurousness" AbilityAction lvl3 hero0
t=33 ph=3 ap=1 snaps=5936 hooks=26 inst=112 rollout "Adventurousness" AbilityAction lvl3 hero0
t=33 ph=3 ap=1 snaps=5938 hooks=26 inst=112 rollout "Adventurousness" AbilityAction lvl3 hero0
t=33 ph=3 ap=1 snaps=5940 hooks=26 inst=112 rollout "Adventurousness" AbilityAction lvl3 hero0
t=33 ph=3 ap=1 snaps=5942 hooks=26 inst=112 rollout "Adventurousness" AbilityAction lvl3 hero0
t=33 ph=3 ap=1 snaps=5945 hooks=26 inst=112 rollout "Adventurousness" AbilityAction lvl3 hero0
t=33 ph=3 ap=1 snaps=5948 hooks=26 inst=112 rollout "Adventurousness" AbilityAction lvl3 hero0
t=33 ph=3 ap=1 snaps=5951 hooks=26 inst=112 rollout "Adventurousness" AbilityAction lvl3 hero0
t=33 ph=3 ap=1 snaps=5952 hooks=26 inst=112 rollout "Adventurousness" AbilityAction lvl3 hero0
t=33 ph=3 ap=1 snaps=5953 hooks=26 inst=112 rollout "Adventurousness" AbilityAction lvl3 hero0
t=33 ph=3 ap=1 snaps=5955 hooks=26 inst=112 rollout "Adventurousness" AbilityAction lvl3 hero0
t=33 ph=3 ap=1 snaps=5958 hooks=26 inst=112 rollout "Adventurousness" AbilityAction lvl3 hero0
t=33 ph=3 ap=1 snaps=5960 hooks=26 inst=112 rollout "Adventurousness" AbilityAction lvl3 hero0
t=33 ph=3 ap=1 snaps=5962 hooks=26 inst=112 rollout "Adventurousness" AbilityAction lvl3 hero0
t=33 ph=3 ap=1 snaps=5965 hooks=26 inst=112 rollout "Adventurousness" AbilityAction lvl3 hero0
t=33 ph=3 ap=1 snaps=5967 hooks=26 inst=112 rollout "Adventurousness" AbilityAction lvl3 hero0
t=33 ph=3 ap=1 snaps=5969 hooks=26 inst=112 rollout "Adventurousness" AbilityAction lvl3 hero0
t=33 ph=3 ap=1 snaps=5972 hooks=26 inst=112 rollout "Adventurousness" AbilityAction lvl3 hero0
t=33 ph=3 ap=1 snaps=5974 hooks=26 inst=112 rollout "Adventurousness" AbilityAction lvl3 hero0
t=33 ph=3 ap=1 snaps=5975 hooks=26 inst=112 rollout "Adventurousness" AbilityAction lvl3 hero0
t=33 ph=3 ap=1 snaps=5978 hooks=26 inst=112 rollout "Adventurousness" AbilityAction lvl3 hero0
t=33 ph=3 ap=1 snaps=5980 hooks=26 inst=112 rollout "Adventurousness" AbilityAction lvl3 hero0
t=33 ph=3 ap=1 snaps=5981 hooks=26 inst=112 rollout "Adventurousness" AbilityAction lvl3 hero0
t=33 ph=3 ap=1 snaps=5982 hooks=26 inst=112 rollout "Adventurousness" AbilityAction lvl3 hero0
t=33 ph=3 ap=1 snaps=5985 hooks=26 inst=112 rollout "Adventurousness" AbilityAction lvl3 hero0
t=33 ph=3 ap=1 snaps=5987 hooks=26 inst=112 rollout "Adventurousness" AbilityAction lvl3 hero0
t=33 ph=3 ap=1 snaps=5989 hooks=26 inst=112 rollout "Adventurousness" AbilityAction lvl3 hero0
t=33 ph=3 ap=1 snaps=5991 hooks=26 inst=112 rollout "Adventurousness" AbilityAction lvl3 hero0
t=33 ph=3 ap=1 snaps=5992 hooks=26 inst=112 rollout "Adventurousness" AbilityAction lvl3 hero0
t=33 ph=3 ap=1 snaps=5995 hooks=26 inst=112 rollout "Adventurousness" AbilityAction lvl3 hero0
t=33 ph=3 ap=1 snaps=5998 hooks=26 inst=112 rollout "Adventurousness" AbilityAction lvl3 hero0
t=33 ph=3 ap=1 snaps=6001 hooks=26 inst=112 rollout "Adventurousness" AbilityAction lvl3 hero0
t=33 ph=3 ap=1 snaps=6004 hooks=26 inst=112 rollout "Adventurousness" AbilityAction lvl3 hero0
t=33 ph=3 ap=1 snaps=6005 hooks=26 inst=112 rollout "Adventurousness" AbilityAction lvl3 hero0
t=33 ph=3 ap=1 snaps=6006 hooks=26 inst=112 rollout "Adventurousness" AbilityAction lvl3 hero0
t=33 ph=3 ap=1 snaps=6008 hooks=26 inst=112 rollout "Adventurousness" AbilityAction lvl3 hero0
t=33 ph=3 ap=1 snaps=6010 hooks=26 inst=112 rollout "Adventurousness" AbilityAction lvl3 hero0
t=33 ph=3 ap=1 snaps=6013 hooks=26 inst=112 rollout "Adventurousness" AbilityAction lvl3 hero0
t=33 ph=3 ap=1 snaps=6016 hooks=26 inst=112 rollout "Adventurousness" AbilityAction lvl3 hero0
t=33 ph=3 ap=1 snaps=6018 hooks=26 inst=112 rollout "Adventurousness" AbilityAction lvl3 hero0
t=33 ph=3 ap=1 snaps=6020 hooks=26 inst=112 rollout "Adventurousness" AbilityAction lvl3 hero0
t=33 ph=3 ap=1 snaps=6022 hooks=26 inst=112 rollout "Adventurousness" AbilityAction lvl3 hero0
t=33 ph=3 ap=1 snaps=6023 hooks=26 inst=112 rollout "Adventurousness" AbilityAction lvl3 hero0
t=33 ph=3 ap=1 snaps=6026 hooks=26 inst=112 rollout "Adventurousness" AbilityAction lvl3 hero0
t=33 ph=3 ap=1 snaps=6028 hooks=26 inst=112 rollout "Adventurousness" AbilityAction lvl3 hero0
t=33 ph=3 ap=1 snaps=6029 hooks=26 inst=112 rollout "Adventurousness" AbilityAction lvl3 hero0
t=33 ph=3 ap=1 snaps=6031 hooks=26 inst=112 rollout "Adventurousness" AbilityAction lvl3 hero0
t=33 ph=3 ap=1 snaps=6033 hooks=26 inst=112 rollout "Adventurousness" AbilityAction lvl3 hero0
t=33 ph=3 ap=1 snaps=6035 hooks=26 inst=112 rollout "Adventurousness" AbilityAction lvl3 hero0
t=33 ph=3 ap=1 snaps=6037 hooks=26 inst=112 rollout "Adventurousness" AbilityAction lvl3 hero0
t=33 ph=3 ap=1 snaps=6039 hooks=26 inst=112 rollout "Adventurousness" AbilityAction lvl3 hero0
t=33 ph=3 ap=1 snaps=6041 hooks=26 inst=112 rollout "Adventurousness" AbilityAction lvl3 hero0
t=33 ph=3 ap=1 snaps=6043 hooks=26 inst=112 rollout "Adventurousness" AbilityAction lvl3 hero0
t=33 ph=3 ap=1 snaps=6045 hooks=26 inst=112 rollout "Adventurousness" AbilityAction lvl3 hero0
t=33 ph=3 ap=1 snaps=6048 hooks=26 inst=112 rollout "Adventurousness" AbilityAction lvl3 hero0
t=33 ph=3 ap=1 snaps=6051 hooks=26 inst=112 rollout "Adventurousness" AbilityAction lvl3 hero0
t=33 ph=3 ap=1 snaps=6053 hooks=26 inst=112 rollout "Adventurousness" AbilityAction lvl3 hero0
t=33 ph=3 ap=1 snaps=6056 hooks=26 inst=112 rollout "Adventurousness" AbilityAction lvl3 hero0
t=33 ph=3 ap=1 snaps=6057 hooks=26 inst=112 rollout "Adventurousness" AbilityAction lvl3 hero0
t=33 ph=3 ap=1 snaps=6058 hooks=26 inst=112 rollout "Adventurousness" AbilityAction lvl3 hero0
t=33 ph=3 ap=1 snaps=6060 hooks=26 inst=112 rollout "Adventurousness" AbilityAction lvl3 hero0
t=33 ph=3 ap=1 snaps=6063 hooks=26 inst=112 rollout "Adventurousness" AbilityAction lvl3 hero0
t=33 ph=3 ap=1 snaps=6065 hooks=26 inst=112 rollout "Adventurousness" AbilityAction lvl3 hero0
t=33 ph=3 ap=1 snaps=6068 hooks=26 inst=112 rollout "Adventurousness" AbilityAction lvl3 hero0
t=33 ph=3 ap=1 snaps=6070 hooks=26 inst=112 rollout "Adventurousness" AbilityAction lvl3 hero0
t=33 ph=3 ap=1 snaps=6072 hooks=26 inst=112 rollout "Adventurousness" AbilityAction lvl3 hero0
t=33 ph=3 ap=1 snaps=6074 hooks=26 inst=112 rollout "Adventurousness" AbilityAction lvl3 hero0
t=33 ph=3 ap=1 snaps=6077 hooks=26 inst=112 rollout "Adventurousness" AbilityAction lvl3 hero0
t=33 ph=3 ap=1 snaps=6079 hooks=26 inst=112 rollout "Adventurousness" AbilityAction lvl3 hero0
t=33 ph=3 ap=1 snaps=6080 hooks=26 inst=112 rollout "Adventurousness" AbilityAction lvl3 hero0
t=33 ph=3 ap=1 snaps=6081 hooks=26 inst=112 rollout "Adventurousness" AbilityAction lvl3 hero0
t=33 ph=3 ap=1 snaps=6082 hooks=26 inst=112 rollout "Adventurousness" AbilityAction lvl3 hero0
t=33 ph=3 ap=1 snaps=6084 hooks=26 inst=112 rollout "Adventurousness" AbilityAction lvl3 hero0
t=33 ph=3 ap=1 snaps=6086 hooks=26 inst=112 rollout "Adventurousness" AbilityAction lvl3 hero0
t=33 ph=3 ap=1 snaps=6088 hooks=26 inst=112 rollout "Adventurousness" AbilityAction lvl3 hero0
t=33 ph=3 ap=1 snaps=6092 hooks=26 inst=112 rollout "Adventurousness" AbilityAction lvl3 hero0
t=33 ph=3 ap=1 snaps=6093 hooks=26 inst=112 rollout "Adventurousness" AbilityAction lvl3 hero0
t=33 ph=3 ap=1 snaps=6096 hooks=26 inst=112 rollout "Adventurousness" AbilityAction lvl3 hero0
t=33 ph=3 ap=1 snaps=6098 hooks=26 inst=112 rollout "Adventurousness" AbilityAction lvl3 hero0
t=33 ph=5 ap=1 snaps=6109 hooks=36 inst=112 switchTurn ending p1
t=34 ph=2 ap=0 snaps=6109 hooks=14 inst=113 cpuTurnStart cpu=p0 hand=5
t=34 ph=3 ap=0 snaps=6133 hooks=24 inst=114 rollout "Critical Strike" Attack lvl3 hero1
t=34 ph=3 ap=0 snaps=6134 hooks=24 inst=114 rollout "Critical Strike" Attack lvl3 hero1
t=34 ph=3 ap=0 snaps=6136 hooks=24 inst=114 rollout "Critical Strike" Attack lvl3 hero1
t=34 ph=3 ap=0 snaps=6137 hooks=24 inst=114 rollout "Critical Strike" Attack lvl3 hero1
t=34 ph=3 ap=0 snaps=6138 hooks=24 inst=114 rollout "Critical Strike" Attack lvl3 hero1
t=34 ph=3 ap=0 snaps=6139 hooks=24 inst=114 rollout "Critical Strike" Attack lvl3 hero1
t=34 ph=3 ap=0 snaps=6140 hooks=24 inst=114 rollout "Critical Strike" Attack lvl3 hero1
t=34 ph=3 ap=0 snaps=6141 hooks=24 inst=114 rollout "Critical Strike" Attack lvl3 hero1
t=34 ph=3 ap=0 snaps=6142 hooks=24 inst=114 rollout "Critical Strike" Attack lvl3 hero1
t=34 ph=3 ap=0 snaps=6143 hooks=24 inst=114 rollout "Critical Strike" Attack lvl3 hero1
t=34 ph=3 ap=0 snaps=6144 hooks=24 inst=114 rollout "Critical Strike" Attack lvl3 hero1
t=34 ph=3 ap=0 snaps=6145 hooks=24 inst=114 rollout "Critical Strike" Attack lvl3 hero1
t=34 ph=3 ap=0 snaps=6146 hooks=24 inst=114 rollout "Critical Strike" Attack lvl3 hero1
t=34 ph=3 ap=0 snaps=6147 hooks=24 inst=114 rollout "Critical Strike" Attack lvl3 hero1
t=34 ph=3 ap=0 snaps=6148 hooks=24 inst=114 rollout "Critical Strike" Attack lvl3 hero1
t=34 ph=3 ap=0 snaps=6149 hooks=24 inst=114 rollout "Critical Strike" Attack lvl3 hero1
t=34 ph=3 ap=0 snaps=6150 hooks=24 inst=114 rollout "Critical Strike" Attack lvl3 hero1
t=34 ph=3 ap=0 snaps=6151 hooks=24 inst=114 rollout "Critical Strike" Attack lvl3 hero1
t=34 ph=3 ap=0 snaps=6152 hooks=24 inst=114 rollout "Critical Strike" Attack lvl3 hero1
t=34 ph=3 ap=0 snaps=6154 hooks=24 inst=114 rollout "Critical Strike" Attack lvl3 hero1
t=34 ph=3 ap=0 snaps=6155 hooks=24 inst=114 rollout "Critical Strike" Attack lvl3 hero1
t=34 ph=3 ap=0 snaps=6156 hooks=24 inst=114 rollout "Critical Strike" Attack lvl3 hero1
t=34 ph=3 ap=0 snaps=6157 hooks=24 inst=114 rollout "Critical Strike" Attack lvl3 hero1
t=34 ph=3 ap=0 snaps=6158 hooks=24 inst=114 rollout "Critical Strike" Attack lvl3 hero1
t=34 ph=3 ap=0 snaps=6159 hooks=24 inst=114 rollout "Critical Strike" Attack lvl3 hero1
t=34 ph=3 ap=0 snaps=6160 hooks=24 inst=114 rollout "Critical Strike" Attack lvl3 hero1
t=34 ph=3 ap=0 snaps=6161 hooks=24 inst=114 rollout "Critical Strike" Attack lvl3 hero1
t=34 ph=3 ap=0 snaps=6163 hooks=24 inst=114 rollout "Critical Strike" Attack lvl3 hero1
t=34 ph=3 ap=0 snaps=6164 hooks=24 inst=114 rollout "Critical Strike" Attack lvl3 hero1
t=34 ph=3 ap=0 snaps=6165 hooks=24 inst=114 rollout "Critical Strike" Attack lvl3 hero1
t=34 ph=3 ap=0 snaps=6166 hooks=24 inst=114 rollout "Critical Strike" Attack lvl3 hero1
t=34 ph=3 ap=0 snaps=6167 hooks=24 inst=114 rollout "Critical Strike" Attack lvl3 hero1
t=34 ph=3 ap=0 snaps=6168 hooks=24 inst=114 rollout "Critical Strike" Attack lvl3 hero1
t=34 ph=3 ap=0 snaps=6169 hooks=24 inst=114 rollout "Critical Strike" Attack lvl3 hero1
t=34 ph=3 ap=0 snaps=6170 hooks=24 inst=114 rollout "Critical Strike" Attack lvl3 hero1
t=34 ph=3 ap=0 snaps=6172 hooks=24 inst=114 rollout "Critical Strike" Attack lvl3 hero1
t=34 ph=3 ap=0 snaps=6173 hooks=24 inst=114 rollout "Critical Strike" Attack lvl3 hero1
t=34 ph=3 ap=0 snaps=6174 hooks=24 inst=114 rollout "Critical Strike" Attack lvl3 hero1
t=34 ph=3 ap=0 snaps=6175 hooks=24 inst=114 rollout "Critical Strike" Attack lvl3 hero1
t=34 ph=3 ap=0 snaps=6176 hooks=24 inst=114 rollout "Critical Strike" Attack lvl3 hero1
t=34 ph=3 ap=0 snaps=6177 hooks=24 inst=114 rollout "Critical Strike" Attack lvl3 hero1
t=34 ph=3 ap=0 snaps=6178 hooks=24 inst=114 rollout "Critical Strike" Attack lvl3 hero1
t=34 ph=3 ap=0 snaps=6179 hooks=24 inst=114 rollout "Critical Strike" Attack lvl3 hero1
t=34 ph=3 ap=0 snaps=6180 hooks=24 inst=114 rollout "Critical Strike" Attack lvl3 hero1
t=34 ph=3 ap=0 snaps=6181 hooks=24 inst=114 rollout "Critical Strike" Attack lvl3 hero1
t=34 ph=3 ap=0 snaps=6182 hooks=24 inst=114 rollout "Critical Strike" Attack lvl3 hero1
t=34 ph=3 ap=0 snaps=6183 hooks=24 inst=114 rollout "Critical Strike" Attack lvl3 hero1
t=34 ph=3 ap=0 snaps=6184 hooks=24 inst=114 rollout "Critical Strike" Attack lvl3 hero1
t=34 ph=3 ap=0 snaps=6185 hooks=24 inst=114 rollout "Critical Strike" Attack lvl3 hero1
t=34 ph=3 ap=0 snaps=6186 hooks=24 inst=114 rollout "Critical Strike" Attack lvl3 hero1
t=34 ph=3 ap=0 snaps=6187 hooks=24 inst=114 rollout "Critical Strike" Attack lvl3 hero1
t=34 ph=3 ap=0 snaps=6188 hooks=24 inst=114 rollout "Critical Strike" Attack lvl3 hero1
t=34 ph=3 ap=0 snaps=6189 hooks=24 inst=114 rollout "Critical Strike" Attack lvl3 hero1
t=34 ph=3 ap=0 snaps=6190 hooks=24 inst=114 rollout "Critical Strike" Attack lvl3 hero1
t=34 ph=3 ap=0 snaps=6191 hooks=24 inst=114 rollout "Critical Strike" Attack lvl3 hero1
t=34 ph=3 ap=0 snaps=6192 hooks=24 inst=114 rollout "Critical Strike" Attack lvl3 hero1
t=34 ph=3 ap=0 snaps=6193 hooks=24 inst=114 rollout "Critical Strike" Attack lvl3 hero1
t=34 ph=3 ap=0 snaps=6194 hooks=24 inst=114 rollout "Critical Strike" Attack lvl3 hero1
t=34 ph=3 ap=0 snaps=6195 hooks=24 inst=114 rollout "Critical Strike" Attack lvl3 hero1
t=34 ph=3 ap=0 snaps=6196 hooks=24 inst=114 rollout "Critical Strike" Attack lvl3 hero1
t=34 ph=3 ap=0 snaps=6197 hooks=24 inst=114 rollout "Critical Strike" Attack lvl3 hero1
t=34 ph=3 ap=0 snaps=6198 hooks=24 inst=114 rollout "Critical Strike" Attack lvl3 hero1
t=34 ph=3 ap=0 snaps=6199 hooks=24 inst=114 rollout "Critical Strike" Attack lvl3 hero1
t=34 ph=3 ap=0 snaps=6200 hooks=24 inst=114 rollout "Critical Strike" Attack lvl3 hero1
t=34 ph=3 ap=0 snaps=6201 hooks=24 inst=114 rollout "Critical Strike" Attack lvl3 hero1
t=34 ph=3 ap=0 snaps=6202 hooks=24 inst=114 rollout "Critical Strike" Attack lvl3 hero1
t=34 ph=3 ap=0 snaps=6203 hooks=24 inst=114 rollout "Critical Strike" Attack lvl3 hero1
t=34 ph=3 ap=0 snaps=6204 hooks=24 inst=114 rollout "Critical Strike" Attack lvl3 hero1
t=34 ph=3 ap=0 snaps=6205 hooks=24 inst=114 rollout "Critical Strike" Attack lvl3 hero1
t=34 ph=3 ap=0 snaps=6206 hooks=24 inst=114 rollout "Critical Strike" Attack lvl3 hero1
t=34 ph=3 ap=0 snaps=6207 hooks=24 inst=114 rollout "Critical Strike" Attack lvl3 hero1
t=34 ph=3 ap=0 snaps=6208 hooks=24 inst=114 rollout "Critical Strike" Attack lvl3 hero1
t=34 ph=3 ap=0 snaps=6209 hooks=24 inst=114 rollout "Critical Strike" Attack lvl3 hero1
t=34 ph=3 ap=0 snaps=6210 hooks=24 inst=114 rollout "Critical Strike" Attack lvl3 hero1
t=34 ph=3 ap=0 snaps=6211 hooks=24 inst=114 rollout "Critical Strike" Attack lvl3 hero1
t=34 ph=3 ap=0 snaps=6212 hooks=24 inst=114 rollout "Critical Strike" Attack lvl3 hero1
t=34 ph=3 ap=0 snaps=6213 hooks=24 inst=114 rollout "Critical Strike" Attack lvl3 hero1
t=34 ph=3 ap=0 snaps=6214 hooks=24 inst=114 rollout "Critical Strike" Attack lvl3 hero1
t=34 ph=3 ap=0 snaps=6215 hooks=24 inst=114 rollout "Critical Strike" Attack lvl3 hero1
t=34 ph=3 ap=0 snaps=6216 hooks=24 inst=114 rollout "Critical Strike" Attack lvl3 hero1
t=34 ph=5 ap=0 snaps=6218 hooks=38 inst=113 switchTurn ending p0
t=35 ph=2 ap=1 snaps=6218 hooks=12 inst=114 cpuTurnStart cpu=p1 hand=7
t=35 ph=5 ap=1 snaps=6240 hooks=28 inst=113 switchTurn ending p1
t=36 ph=2 ap=0 snaps=6240 hooks=13 inst=114 cpuTurnStart cpu=p0 hand=2
t=36 ph=5 ap=0 snaps=6257 hooks=21 inst=115 switchTurn ending p0
t=37 ph=2 ap=1 snaps=6257 hooks=12 inst=116 cpuTurnStart cpu=p1 hand=7
t=37 ph=5 ap=1 snaps=6283 hooks=33 inst=117 switchTurn ending p1

=== GAME 4/1000: Deepsea Terror vs Shadows over Blackport @ 2026-05-01T09:34:21.365Z ===
t=1 ph=2 ap=0 snaps=0 hooks=10 inst=29 cpuTurnStart cpu=p0 hand=6
t=1 ph=3 ap=0 snaps=17 hooks=19 inst=31 rollout "Sandy Blob" Creature lvl0 hero0
t=1 ph=3 ap=0 snaps=35 hooks=19 inst=31 rollout "Sandy Blob" Creature lvl0 hero0
t=1 ph=3 ap=0 snaps=50 hooks=19 inst=31 rollout "Sandy Blob" Creature lvl0 hero0
t=1 ph=3 ap=0 snaps=61 hooks=19 inst=31 rollout "Deepsea Monstrosity" Creature lvl2 hero2
t=1 ph=3 ap=0 snaps=70 hooks=19 inst=31 rollout "Deepsea Monstrosity" Creature lvl2 hero2
t=1 ph=3 ap=0 snaps=78 hooks=19 inst=31 rollout "Deepsea Monstrosity" Creature lvl2 hero2
t=1 ph=3 ap=0 snaps=85 hooks=19 inst=31 rollout "Deepsea Pirate" Creature lvl1 hero1
t=1 ph=3 ap=0 snaps=97 hooks=19 inst=31 rollout "Deepsea Pirate" Creature lvl1 hero1
t=1 ph=3 ap=0 snaps=112 hooks=19 inst=31 rollout "Deepsea Pirate" Creature lvl1 hero1
t=1 ph=3 ap=0 snaps=119 hooks=19 inst=31 rollout "Deepsea Primordium" Creature lvl0 hero0
t=1 ph=3 ap=0 snaps=126 hooks=19 inst=31 rollout "Deepsea Primordium" Creature lvl0 hero0
t=1 ph=3 ap=0 snaps=147 hooks=19 inst=31 rollout "Deepsea Primordium" Creature lvl0 hero0
t=1 ph=3 ap=0 snaps=153 hooks=19 inst=31 rollout "Sandy Blob" Creature lvl0 hero0
t=1 ph=3 ap=0 snaps=180 hooks=19 inst=31 rollout "Sandy Blob" Creature lvl0 hero0
t=1 ph=3 ap=0 snaps=200 hooks=19 inst=31 rollout "Sandy Blob" Creature lvl0 hero0
t=1 ph=3 ap=0 snaps=224 hooks=19 inst=31 rollout "Sandy Blob" Creature lvl0 hero0
t=1 ph=3 ap=0 snaps=240 hooks=19 inst=31 rollout "Sandy Blob" Creature lvl0 hero0
t=1 ph=3 ap=0 snaps=255 hooks=19 inst=31 rollout "Sandy Blob" Creature lvl0 hero0
t=1 ph=3 ap=0 snaps=268 hooks=19 inst=31 rollout "Sandy Blob" Creature lvl0 hero0
t=1 ph=3 ap=0 snaps=283 hooks=19 inst=31 rollout "Sandy Blob" Creature lvl0 hero0
t=1 ph=3 ap=0 snaps=301 hooks=19 inst=31 rollout "Sandy Blob" Creature lvl0 hero0
t=1 ph=3 ap=0 snaps=319 hooks=19 inst=31 rollout "Sandy Blob" Creature lvl0 hero0
t=1 ph=3 ap=0 snaps=334 hooks=19 inst=31 rollout "Sandy Blob" Creature lvl0 hero0
t=1 ph=3 ap=0 snaps=349 hooks=19 inst=31 rollout "Sandy Blob" Creature lvl0 hero0
t=1 ph=3 ap=0 snaps=365 hooks=19 inst=31 rollout "Sandy Blob" Creature lvl0 hero0
t=1 ph=3 ap=0 snaps=377 hooks=19 inst=31 rollout "Sandy Blob" Creature lvl0 hero0
t=1 ph=3 ap=0 snaps=389 hooks=19 inst=31 rollout "Sandy Blob" Creature lvl0 hero0
t=1 ph=3 ap=0 snaps=412 hooks=19 inst=31 rollout "Sandy Blob" Creature lvl0 hero0
t=1 ph=3 ap=0 snaps=433 hooks=19 inst=31 rollout "Sandy Blob" Creature lvl0 hero0
t=1 ph=3 ap=0 snaps=451 hooks=19 inst=31 rollout "Sandy Blob" Creature lvl0 hero0
t=1 ph=3 ap=0 snaps=465 hooks=19 inst=31 rollout "Sandy Blob" Creature lvl0 hero0
t=1 ph=3 ap=0 snaps=478 hooks=19 inst=31 rollout "Sandy Blob" Creature lvl0 hero0
t=1 ph=3 ap=0 snaps=492 hooks=19 inst=31 rollout "Sandy Blob" Creature lvl0 hero0
t=1 ph=3 ap=0 snaps=506 hooks=19 inst=31 rollout "Sandy Blob" Creature lvl0 hero0
t=1 ph=3 ap=0 snaps=528 hooks=19 inst=31 rollout "Sandy Blob" Creature lvl0 hero0
t=1 ph=3 ap=0 snaps=543 hooks=19 inst=31 rollout "Sandy Blob" Creature lvl0 hero0
t=1 ph=3 ap=0 snaps=561 hooks=19 inst=31 rollout "Sandy Blob" Creature lvl0 hero0
t=1 ph=3 ap=0 snaps=589 hooks=19 inst=31 rollout "Sandy Blob" Creature lvl0 hero0
t=1 ph=3 ap=0 snaps=609 hooks=19 inst=31 rollout "Sandy Blob" Creature lvl0 hero0
t=1 ph=3 ap=0 snaps=632 hooks=19 inst=31 rollout "Sandy Blob" Creature lvl0 hero0
t=1 ph=3 ap=0 snaps=655 hooks=19 inst=31 rollout "Sandy Blob" Creature lvl0 hero0
t=1 ph=3 ap=0 snaps=681 hooks=19 inst=31 rollout "Sandy Blob" Creature lvl0 hero0
t=1 ph=3 ap=0 snaps=696 hooks=19 inst=31 rollout "Sandy Blob" Creature lvl0 hero0
t=1 ph=3 ap=0 snaps=725 hooks=19 inst=31 rollout "Sandy Blob" Creature lvl0 hero0
t=1 ph=3 ap=0 snaps=742 hooks=19 inst=31 rollout "Sandy Blob" Creature lvl0 hero0
t=1 ph=3 ap=0 snaps=759 hooks=19 inst=31 rollout "Sandy Blob" Creature lvl0 hero0
t=1 ph=3 ap=0 snaps=771 hooks=19 inst=31 rollout "Sandy Blob" Creature lvl0 hero0
t=1 ph=3 ap=0 snaps=787 hooks=19 inst=31 rollout "Sandy Blob" Creature lvl0 hero0
t=1 ph=3 ap=0 snaps=796 hooks=19 inst=31 rollout "Sandy Blob" Creature lvl0 hero0
t=1 ph=3 ap=0 snaps=817 hooks=19 inst=31 rollout "Sandy Blob" Creature lvl0 hero0
t=1 ph=3 ap=0 snaps=831 hooks=19 inst=31 rollout "Sandy Blob" Creature lvl0 hero0
t=1 ph=3 ap=0 snaps=850 hooks=19 inst=31 rollout "Deepsea Monstrosity" Creature lvl2 hero2
t=1 ph=3 ap=0 snaps=857 hooks=19 inst=31 rollout "Deepsea Monstrosity" Creature lvl2 hero2
t=1 ph=3 ap=0 snaps=867 hooks=19 inst=31 rollout "Deepsea Monstrosity" Creature lvl2 hero2
t=1 ph=3 ap=0 snaps=876 hooks=19 inst=31 rollout "Deepsea Monstrosity" Creature lvl2 hero2
t=1 ph=3 ap=0 snaps=892 hooks=19 inst=31 rollout "Deepsea Monstrosity" Creature lvl2 hero2
t=1 ph=3 ap=0 snaps=909 hooks=19 inst=31 rollout "Deepsea Monstrosity" Creature lvl2 hero2
t=1 ph=3 ap=0 snaps=919 hooks=19 inst=31 rollout "Deepsea Monstrosity" Creature lvl2 hero2
t=1 ph=3 ap=0 snaps=934 hooks=19 inst=31 rollout "Deepsea Monstrosity" Creature lvl2 hero2
t=1 ph=3 ap=0 snaps=947 hooks=19 inst=31 rollout "Deepsea Monstrosity" Creature lvl2 hero2
t=1 ph=3 ap=0 snaps=954 hooks=19 inst=31 rollout "Deepsea Monstrosity" Creature lvl2 hero2
t=1 ph=3 ap=0 snaps=961 hooks=19 inst=31 rollout "Deepsea Monstrosity" Creature lvl2 hero2
t=1 ph=3 ap=0 snaps=968 hooks=19 inst=31 rollout "Deepsea Monstrosity" Creature lvl2 hero2
t=1 ph=3 ap=0 snaps=981 hooks=19 inst=31 rollout "Deepsea Monstrosity" Creature lvl2 hero2
t=1 ph=3 ap=0 snaps=988 hooks=19 inst=31 rollout "Deepsea Monstrosity" Creature lvl2 hero2
t=1 ph=3 ap=0 snaps=1011 hooks=19 inst=31 rollout "Deepsea Monstrosity" Creature lvl2 hero2
t=1 ph=3 ap=0 snaps=1027 hooks=19 inst=31 rollout "Deepsea Monstrosity" Creature lvl2 hero2
t=1 ph=3 ap=0 snaps=1034 hooks=19 inst=31 rollout "Deepsea Monstrosity" Creature lvl2 hero2
t=1 ph=3 ap=0 snaps=1046 hooks=19 inst=31 rollout "Deepsea Monstrosity" Creature lvl2 hero2
t=1 ph=3 ap=0 snaps=1064 hooks=19 inst=31 rollout "Deepsea Monstrosity" Creature lvl2 hero2
t=1 ph=3 ap=0 snaps=1075 hooks=19 inst=31 rollout "Deepsea Monstrosity" Creature lvl2 hero2
t=1 ph=3 ap=0 snaps=1095 hooks=19 inst=31 rollout "Deepsea Monstrosity" Creature lvl2 hero2
t=1 ph=3 ap=0 snaps=1104 hooks=19 inst=31 rollout "Deepsea Monstrosity" Creature lvl2 hero2
t=1 ph=3 ap=0 snaps=1117 hooks=19 inst=31 rollout "Deepsea Monstrosity" Creature lvl2 hero2
t=1 ph=3 ap=0 snaps=1130 hooks=19 inst=31 rollout "Deepsea Monstrosity" Creature lvl2 hero2
t=1 ph=3 ap=0 snaps=1140 hooks=19 inst=31 rollout "Deepsea Monstrosity" Creature lvl2 hero2
t=1 ph=3 ap=0 snaps=1149 hooks=19 inst=31 rollout "Deepsea Monstrosity" Creature lvl2 hero2
t=1 ph=3 ap=0 snaps=1159 hooks=19 inst=31 rollout "Deepsea Monstrosity" Creature lvl2 hero2
t=1 ph=3 ap=0 snaps=1163 hooks=19 inst=31 rollout "Deepsea Monstrosity" Creature lvl2 hero2
t=1 ph=3 ap=0 snaps=1176 hooks=19 inst=31 rollout "Deepsea Monstrosity" Creature lvl2 hero2
t=1 ph=3 ap=0 snaps=1183 hooks=19 inst=31 rollout "Deepsea Monstrosity" Creature lvl2 hero2
t=1 ph=3 ap=0 snaps=1190 hooks=19 inst=31 rollout "Deepsea Monstrosity" Creature lvl2 hero2
t=1 ph=3 ap=0 snaps=1201 hooks=19 inst=31 rollout "Deepsea Monstrosity" Creature lvl2 hero2
t=1 ph=3 ap=0 snaps=1214 hooks=19 inst=31 rollout "Deepsea Monstrosity" Creature lvl2 hero2
t=1 ph=3 ap=0 snaps=1222 hooks=19 inst=31 rollout "Deepsea Monstrosity" Creature lvl2 hero2
t=1 ph=3 ap=0 snaps=1232 hooks=19 inst=31 rollout "Deepsea Monstrosity" Creature lvl2 hero2
t=1 ph=3 ap=0 snaps=1239 hooks=19 inst=31 rollout "Deepsea Monstrosity" Creature lvl2 hero2
t=1 ph=3 ap=0 snaps=1246 hooks=19 inst=31 rollout "Deepsea Monstrosity" Creature lvl2 hero2
t=1 ph=3 ap=0 snaps=1253 hooks=19 inst=31 rollout "Deepsea Monstrosity" Creature lvl2 hero2
t=1 ph=3 ap=0 snaps=1260 hooks=19 inst=31 rollout "Deepsea Monstrosity" Creature lvl2 hero2
t=1 ph=3 ap=0 snaps=1267 hooks=19 inst=31 rollout "Deepsea Pirate" Creature lvl1 hero1
t=1 ph=3 ap=0 snaps=1271 hooks=19 inst=31 rollout "Deepsea Pirate" Creature lvl1 hero1
t=1 ph=3 ap=0 snaps=1280 hooks=19 inst=31 rollout "Deepsea Pirate" Creature lvl1 hero1
t=1 ph=3 ap=0 snaps=1297 hooks=19 inst=31 rollout "Deepsea Pirate" Creature lvl1 hero1
t=1 ph=3 ap=0 snaps=1310 hooks=19 inst=31 rollout "Deepsea Pirate" Creature lvl1 hero1
t=1 ph=3 ap=0 snaps=1318 hooks=19 inst=31 rollout "Deepsea Pirate" Creature lvl1 hero1
t=1 ph=3 ap=0 snaps=1328 hooks=19 inst=31 rollout "Deepsea Pirate" Creature lvl1 hero1
t=1 ph=3 ap=0 snaps=1342 hooks=19 inst=31 rollout "Deepsea Pirate" Creature lvl1 hero1
t=1 ph=3 ap=0 snaps=1352 hooks=19 inst=31 rollout "Deepsea Pirate" Creature lvl1 hero1
t=1 ph=3 ap=0 snaps=1360 hooks=19 inst=31 rollout "Deepsea Pirate" Creature lvl1 hero1
t=1 ph=3 ap=0 snaps=1374 hooks=19 inst=31 rollout "Deepsea Pirate" Creature lvl1 hero1
t=1 ph=3 ap=0 snaps=1384 hooks=19 inst=31 rollout "Deepsea Pirate" Creature lvl1 hero1
t=1 ph=3 ap=0 snaps=1401 hooks=19 inst=31 rollout "Deepsea Pirate" Creature lvl1 hero1
t=1 ph=3 ap=0 snaps=1413 hooks=19 inst=31 rollout "Deepsea Pirate" Creature lvl1 hero1
t=1 ph=3 ap=0 snaps=1431 hooks=19 inst=31 rollout "Deepsea Pirate" Creature lvl1 hero1
t=1 ph=3 ap=0 snaps=1455 hooks=19 inst=31 rollout "Deepsea Pirate" Creature lvl1 hero1
t=1 ph=3 ap=0 snaps=1474 hooks=19 inst=31 rollout "Deepsea Pirate" Creature lvl1 hero1
t=1 ph=3 ap=0 snaps=1481 hooks=19 inst=31 rollout "Deepsea Pirate" Creature lvl1 hero1
t=1 ph=3 ap=0 snaps=1488 hooks=19 inst=31 rollout "Deepsea Pirate" Creature lvl1 hero1
t=1 ph=3 ap=0 snaps=1505 hooks=19 inst=31 rollout "Deepsea Pirate" Creature lvl1 hero1
t=1 ph=3 ap=0 snaps=1514 hooks=19 inst=31 rollout "Deepsea Pirate" Creature lvl1 hero1
t=1 ph=3 ap=0 snaps=1524 hooks=19 inst=31 rollout "Deepsea Pirate" Creature lvl1 hero1
t=1 ph=3 ap=0 snaps=1534 hooks=19 inst=31 rollout "Deepsea Pirate" Creature lvl1 hero1
t=1 ph=3 ap=0 snaps=1546 hooks=19 inst=31 rollout "Deepsea Pirate" Creature lvl1 hero1
t=1 ph=3 ap=0 snaps=1556 hooks=19 inst=31 rollout "Deepsea Pirate" Creature lvl1 hero1
t=1 ph=3 ap=0 snaps=1566 hooks=19 inst=31 rollout "Deepsea Pirate" Creature lvl1 hero1
t=1 ph=3 ap=0 snaps=1578 hooks=19 inst=31 rollout "Deepsea Pirate" Creature lvl1 hero1
t=1 ph=3 ap=0 snaps=1586 hooks=19 inst=31 rollout "Deepsea Pirate" Creature lvl1 hero1
t=1 ph=3 ap=0 snaps=1601 hooks=19 inst=31 rollout "Deepsea Pirate" Creature lvl1 hero1
t=1 ph=3 ap=0 snaps=1617 hooks=19 inst=31 rollout "Deepsea Pirate" Creature lvl1 hero1
t=1 ph=3 ap=0 snaps=1624 hooks=19 inst=31 rollout "Deepsea Pirate" Creature lvl1 hero1
t=1 ph=3 ap=0 snaps=1634 hooks=19 inst=31 rollout "Deepsea Pirate" Creature lvl1 hero1
t=1 ph=3 ap=0 snaps=1659 hooks=19 inst=31 rollout "Deepsea Pirate" Creature lvl1 hero1
t=1 ph=3 ap=0 snaps=1678 hooks=19 inst=31 rollout "Deepsea Pirate" Creature lvl1 hero1
t=1 ph=3 ap=0 snaps=1696 hooks=19 inst=31 rollout "Deepsea Pirate" Creature lvl1 hero1
t=1 ph=3 ap=0 snaps=1705 hooks=19 inst=31 rollout "Deepsea Pirate" Creature lvl1 hero1
t=1 ph=3 ap=0 snaps=1712 hooks=19 inst=31 rollout "Deepsea Pirate" Creature lvl1 hero1
t=1 ph=3 ap=0 snaps=1722 hooks=19 inst=31 rollout "Deepsea Pirate" Creature lvl1 hero1
t=1 ph=3 ap=0 snaps=1740 hooks=19 inst=31 rollout "Deepsea Pirate" Creature lvl1 hero1
t=1 ph=3 ap=0 snaps=1761 hooks=19 inst=31 rollout "Deepsea Primordium" Creature lvl0 hero0
t=1 ph=3 ap=0 snaps=1766 hooks=19 inst=31 rollout "Deepsea Primordium" Creature lvl0 hero0
t=1 ph=3 ap=0 snaps=1771 hooks=19 inst=31 rollout "Deepsea Primordium" Creature lvl0 hero0
t=1 ph=3 ap=0 snaps=1778 hooks=19 inst=31 rollout "Deepsea Primordium" Creature lvl0 hero0
t=1 ph=3 ap=0 snaps=1803 hooks=19 inst=31 rollout "Deepsea Primordium" Creature lvl0 hero0
t=1 ph=3 ap=0 snaps=1809 hooks=19 inst=31 rollout "Deepsea Primordium" Creature lvl0 hero0
t=1 ph=3 ap=0 snaps=1814 hooks=19 inst=31 summon "Deepsea Pirate" p0/h1
t=1 ph=5 ap=0 snaps=1817 hooks=28 inst=32 switchTurn ending p0
t=2 ph=2 ap=1 snaps=1817 hooks=13 inst=33 cpuTurnStart cpu=p1 hand=6
t=2 ph=3 ap=1 snaps=1837 hooks=38 inst=43 rollout "Vinepire" Creature lvl1 hero2
t=2 ph=3 ap=1 snaps=1849 hooks=38 inst=43 rollout "Vinepire" Creature lvl1 hero2
t=2 ph=3 ap=1 snaps=1867 hooks=38 inst=43 rollout "Vinepire" Creature lvl1 hero2
t=2 ph=3 ap=1 snaps=1877 hooks=38 inst=43 rollout "Vinepire" Creature lvl1 hero2
t=2 ph=3 ap=1 snaps=1883 hooks=38 inst=43 rollout "Vinepire" Creature lvl1 hero2
t=2 ph=3 ap=1 snaps=1893 hooks=38 inst=43 rollout "Vinepire" Creature lvl1 hero2
t=2 ph=3 ap=1 snaps=1897 hooks=38 inst=43 rollout "Sleeping Beauty" Creature lvl1 hero2
t=2 ph=3 ap=1 snaps=1901 hooks=38 inst=43 rollout "Sleeping Beauty" Creature lvl1 hero2
t=2 ph=3 ap=1 snaps=1905 hooks=38 inst=43 rollout "Sleeping Beauty" Creature lvl1 hero2
t=2 ph=3 ap=1 snaps=1920 hooks=38 inst=43 rollout "Vinepire" Creature lvl1 hero2
t=2 ph=3 ap=1 snaps=1924 hooks=38 inst=43 rollout "Vinepire" Creature lvl1 hero2
t=2 ph=3 ap=1 snaps=1934 hooks=38 inst=43 rollout "Vinepire" Creature lvl1 hero2
t=2 ph=3 ap=1 snaps=1938 hooks=38 inst=43 rollout "Vinepire" Creature lvl1 hero2
t=2 ph=3 ap=1 snaps=1942 hooks=38 inst=43 rollout "Vinepire" Creature lvl1 hero2
t=2 ph=3 ap=1 snaps=1946 hooks=38 inst=43 rollout "Vinepire" Creature lvl1 hero2
t=2 ph=3 ap=1 snaps=1963 hooks=38 inst=43 rollout "Vinepire" Creature lvl1 hero2
t=2 ph=3 ap=1 snaps=1967 hooks=38 inst=43 rollout "Vinepire" Creature lvl1 hero2
t=2 ph=3 ap=1 snaps=1971 hooks=38 inst=43 rollout "Vinepire" Creature lvl1 hero2
t=2 ph=3 ap=1 snaps=1978 hooks=38 inst=43 rollout "Vinepire" Creature lvl1 hero2
t=2 ph=3 ap=1 snaps=1994 hooks=38 inst=43 rollout "Vinepire" Creature lvl1 hero2
t=2 ph=3 ap=1 snaps=2008 hooks=38 inst=43 rollout "Vinepire" Creature lvl1 hero2
t=2 ph=3 ap=1 snaps=2014 hooks=38 inst=43 rollout "Vinepire" Creature lvl1 hero2
t=2 ph=3 ap=1 snaps=2027 hooks=38 inst=43 rollout "Vinepire" Creature lvl1 hero2
t=2 ph=3 ap=1 snaps=2046 hooks=38 inst=43 rollout "Vinepire" Creature lvl1 hero2
t=2 ph=3 ap=1 snaps=2052 hooks=38 inst=43 rollout "Vinepire" Creature lvl1 hero2
t=2 ph=3 ap=1 snaps=2058 hooks=38 inst=43 rollout "Vinepire" Creature lvl1 hero2
t=2 ph=3 ap=1 snaps=2064 hooks=38 inst=43 rollout "Vinepire" Creature lvl1 hero2
t=2 ph=3 ap=1 snaps=2072 hooks=38 inst=43 rollout "Vinepire" Creature lvl1 hero2
t=2 ph=3 ap=1 snaps=2092 hooks=38 inst=43 rollout "Vinepire" Creature lvl1 hero2
t=2 ph=3 ap=1 snaps=2100 hooks=38 inst=43 rollout "Vinepire" Creature lvl1 hero2
t=2 ph=3 ap=1 snaps=2111 hooks=38 inst=43 rollout "Vinepire" Creature lvl1 hero2
t=2 ph=3 ap=1 snaps=2123 hooks=38 inst=43 rollout "Vinepire" Creature lvl1 hero2
t=2 ph=3 ap=1 snaps=2129 hooks=38 inst=43 rollout "Vinepire" Creature lvl1 hero2
t=2 ph=3 ap=1 snaps=2135 hooks=38 inst=43 rollout "Vinepire" Creature lvl1 hero2
t=2 ph=3 ap=1 snaps=2143 hooks=38 inst=43 rollout "Vinepire" Creature lvl1 hero2
t=2 ph=3 ap=1 snaps=2153 hooks=38 inst=43 rollout "Vinepire" Creature lvl1 hero2
t=2 ph=3 ap=1 snaps=2161 hooks=38 inst=43 rollout "Vinepire" Creature lvl1 hero2
t=2 ph=3 ap=1 snaps=2176 hooks=38 inst=43 rollout "Vinepire" Creature lvl1 hero2
t=2 ph=3 ap=1 snaps=2182 hooks=38 inst=43 rollout "Vinepire" Creature lvl1 hero2
t=2 ph=3 ap=1 snaps=2195 hooks=38 inst=43 rollout "Vinepire" Creature lvl1 hero2
t=2 ph=3 ap=1 snaps=2207 hooks=38 inst=43 rollout "Vinepire" Creature lvl1 hero2
t=2 ph=3 ap=1 snaps=2217 hooks=38 inst=43 rollout "Vinepire" Creature lvl1 hero2
t=2 ph=3 ap=1 snaps=2221 hooks=38 inst=43 rollout "Vinepire" Creature lvl1 hero2
t=2 ph=3 ap=1 snaps=2228 hooks=38 inst=43 rollout "Vinepire" Creature lvl1 hero2
t=2 ph=3 ap=1 snaps=2249 hooks=38 inst=43 rollout "Vinepire" Creature lvl1 hero2
t=2 ph=3 ap=1 snaps=2265 hooks=38 inst=43 rollout "Vinepire" Creature lvl1 hero2
t=2 ph=3 ap=1 snaps=2283 hooks=38 inst=43 rollout "Vinepire" Creature lvl1 hero2
t=2 ph=3 ap=1 snaps=2298 hooks=38 inst=43 rollout "Vinepire" Creature lvl1 hero2
t=2 ph=3 ap=1 snaps=2302 hooks=38 inst=43 rollout "Vinepire" Creature lvl1 hero2
t=2 ph=3 ap=1 snaps=2313 hooks=38 inst=43 rollout "Vinepire" Creature lvl1 hero2
t=2 ph=3 ap=1 snaps=2331 hooks=38 inst=43 rollout "Vinepire" Creature lvl1 hero2
t=2 ph=3 ap=1 snaps=2337 hooks=38 inst=43 rollout "Vinepire" Creature lvl1 hero2
t=2 ph=3 ap=1 snaps=2350 hooks=38 inst=43 rollout "Vinepire" Creature lvl1 hero2
t=2 ph=3 ap=1 snaps=2356 hooks=38 inst=43 rollout "Vinepire" Creature lvl1 hero2
t=2 ph=3 ap=1 snaps=2365 hooks=38 inst=43 rollout "Vinepire" Creature lvl1 hero2
t=2 ph=3 ap=1 snaps=2369 hooks=38 inst=43 rollout "Vinepire" Creature lvl1 hero2
t=2 ph=3 ap=1 snaps=2379 hooks=38 inst=43 rollout "Vinepire" Creature lvl1 hero2
t=2 ph=3 ap=1 snaps=2393 hooks=38 inst=43 rollout "Vinepire" Creature lvl1 hero2
t=2 ph=3 ap=1 snaps=2405 hooks=38 inst=43 rollout "Vinepire" Creature lvl1 hero2
t=2 ph=3 ap=1 snaps=2423 hooks=38 inst=43 rollout "Vinepire" Creature lvl1 hero2
t=2 ph=3 ap=1 snaps=2429 hooks=38 inst=43 rollout "Vinepire" Creature lvl1 hero2
t=2 ph=3 ap=1 snaps=2435 hooks=38 inst=43 rollout "Vinepire" Creature lvl1 hero2
t=2 ph=3 ap=1 snaps=2449 hooks=38 inst=43 rollout "Vinepire" Creature lvl1 hero2
t=2 ph=3 ap=1 snaps=2453 hooks=38 inst=43 rollout "Vinepire" Creature lvl1 hero2
t=2 ph=3 ap=1 snaps=2460 hooks=38 inst=43 rollout "Vinepire" Creature lvl1 hero2
t=2 ph=3 ap=1 snaps=2466 hooks=38 inst=43 rollout "Vinepire" Creature lvl1 hero2
t=2 ph=3 ap=1 snaps=2477 hooks=38 inst=43 rollout "Sleeping Beauty" Creature lvl1 hero2
t=2 ph=3 ap=1 snaps=2492 hooks=38 inst=43 rollout "Sleeping Beauty" Creature lvl1 hero2
t=2 ph=3 ap=1 snaps=2505 hooks=38 inst=43 rollout "Sleeping Beauty" Creature lvl1 hero2
t=2 ph=3 ap=1 snaps=2529 hooks=38 inst=43 rollout "Sleeping Beauty" Creature lvl1 hero2
t=2 ph=3 ap=1 snaps=2533 hooks=38 inst=43 rollout "Sleeping Beauty" Creature lvl1 hero2
t=2 ph=3 ap=1 snaps=2552 hooks=38 inst=43 rollout "Sleeping Beauty" Creature lvl1 hero2
t=2 ph=3 ap=1 snaps=2560 hooks=38 inst=43 rollout "Sleeping Beauty" Creature lvl1 hero2
t=2 ph=3 ap=1 snaps=2569 hooks=38 inst=43 rollout "Sleeping Beauty" Creature lvl1 hero2
t=2 ph=3 ap=1 snaps=2578 hooks=38 inst=43 rollout "Sleeping Beauty" Creature lvl1 hero2
t=2 ph=3 ap=1 snaps=2592 hooks=38 inst=43 rollout "Sleeping Beauty" Creature lvl1 hero2
t=2 ph=3 ap=1 snaps=2596 hooks=38 inst=43 rollout "Sleeping Beauty" Creature lvl1 hero2
t=2 ph=3 ap=1 snaps=2608 hooks=38 inst=43 rollout "Sleeping Beauty" Creature lvl1 hero2
t=2 ph=3 ap=1 snaps=2620 hooks=38 inst=43 rollout "Sleeping Beauty" Creature lvl1 hero2
t=2 ph=3 ap=1 snaps=2631 hooks=38 inst=43 rollout "Sleeping Beauty" Creature lvl1 hero2
t=2 ph=3 ap=1 snaps=2635 hooks=38 inst=43 summon "Sleeping Beauty" p1/h2
t=2 ph=5 ap=1 snaps=2636 hooks=56 inst=44 switchTurn ending p1
t=3 ph=2 ap=0 snaps=2636 hooks=10 inst=45 cpuTurnStart cpu=p0 hand=4
t=3 ph=3 ap=0 snaps=2642 hooks=15 inst=45 rollout "Sandy Blob" Creature lvl0 hero0
t=3 ph=3 ap=0 snaps=2649 hooks=15 inst=45 rollout "Sandy Blob" Creature lvl0 hero0
t=3 ph=3 ap=0 snaps=2650 hooks=15 inst=45 rollout "Sandy Blob" Creature lvl0 hero0
t=3 ph=3 ap=0 snaps=2651 hooks=15 inst=45 rollout "Sandy Blob" Creature lvl0 hero0
t=3 ph=3 ap=0 snaps=2654 hooks=15 inst=45 rollout "Sandy Blob" Creature lvl0 hero0
t=3 ph=3 ap=0 snaps=2665 hooks=15 inst=45 rollout "Sandy Blob" Creature lvl0 hero0
t=3 ph=3 ap=0 snaps=2671 hooks=15 inst=45 rollout "Sandy Blob" Creature lvl0 hero0
t=3 ph=3 ap=0 snaps=2674 hooks=15 inst=45 rollout "Sandy Blob" Creature lvl0 hero0
t=3 ph=3 ap=0 snaps=2685 hooks=15 inst=45 rollout "Sandy Blob" Creature lvl0 hero0
t=3 ph=3 ap=0 snaps=2691 hooks=15 inst=45 rollout "Sandy Blob" Creature lvl0 hero0
t=3 ph=3 ap=0 snaps=2692 hooks=15 inst=45 rollout "Sandy Blob" Creature lvl0 hero0
t=3 ph=3 ap=0 snaps=2695 hooks=15 inst=45 rollout "Sandy Blob" Creature lvl0 hero0
t=3 ph=3 ap=0 snaps=2698 hooks=15 inst=45 rollout "Sandy Blob" Creature lvl0 hero0
t=3 ph=3 ap=0 snaps=2707 hooks=15 inst=45 rollout "Sandy Blob" Creature lvl0 hero0
t=3 ph=3 ap=0 snaps=2719 hooks=15 inst=45 rollout "Sandy Blob" Creature lvl0 hero0
t=3 ph=3 ap=0 snaps=2722 hooks=15 inst=45 rollout "Sandy Blob" Creature lvl0 hero0
t=3 ph=3 ap=0 snaps=2736 hooks=15 inst=45 rollout "Sandy Blob" Creature lvl0 hero0
t=3 ph=3 ap=0 snaps=2744 hooks=15 inst=45 rollout "Sandy Blob" Creature lvl0 hero0
t=3 ph=3 ap=0 snaps=2753 hooks=15 inst=45 rollout "Sandy Blob" Creature lvl0 hero0
t=3 ph=3 ap=0 snaps=2767 hooks=15 inst=45 rollout "Sandy Blob" Creature lvl0 hero0
t=3 ph=3 ap=0 snaps=2770 hooks=15 inst=45 rollout "Sandy Blob" Creature lvl0 hero0
t=3 ph=3 ap=0 snaps=2784 hooks=15 inst=45 rollout "Sandy Blob" Creature lvl0 hero0
t=3 ph=3 ap=0 snaps=2785 hooks=15 inst=45 rollout "Sandy Blob" Creature lvl0 hero0
t=3 ph=3 ap=0 snaps=2805 hooks=15 inst=45 rollout "Sandy Blob" Creature lvl0 hero0
t=3 ph=3 ap=0 snaps=2806 hooks=15 inst=45 rollout "Sandy Blob" Creature lvl0 hero0
t=3 ph=3 ap=0 snaps=2819 hooks=15 inst=45 rollout "Sandy Blob" Creature lvl0 hero0
t=3 ph=3 ap=0 snaps=2828 hooks=15 inst=45 rollout "Sandy Blob" Creature lvl0 hero0
t=3 ph=3 ap=0 snaps=2840 hooks=15 inst=45 rollout "Sandy Blob" Creature lvl0 hero0
t=3 ph=3 ap=0 snaps=2841 hooks=15 inst=45 rollout "Sandy Blob" Creature lvl0 hero0
t=3 ph=3 ap=0 snaps=2850 hooks=15 inst=45 rollout "Sandy Blob" Creature lvl0 hero0
t=3 ph=3 ap=0 snaps=2865 hooks=15 inst=45 rollout "Sandy Blob" Creature lvl0 hero0
t=3 ph=3 ap=0 snaps=2869 hooks=15 inst=45 rollout "Sandy Blob" Creature lvl0 hero0
t=3 ph=3 ap=0 snaps=2870 hooks=15 inst=45 rollout "Sandy Blob" Creature lvl0 hero0
t=3 ph=3 ap=0 snaps=2891 hooks=15 inst=45 rollout "Sandy Blob" Creature lvl0 hero0
t=3 ph=3 ap=0 snaps=2902 hooks=15 inst=45 rollout "Sandy Blob" Creature lvl0 hero0
t=3 ph=3 ap=0 snaps=2906 hooks=15 inst=45 rollout "Sandy Blob" Creature lvl0 hero0
t=3 ph=3 ap=0 snaps=2907 hooks=15 inst=45 rollout "Sandy Blob" Creature lvl0 hero0
t=3 ph=3 ap=0 snaps=2908 hooks=15 inst=45 rollout "Sandy Blob" Creature lvl0 hero0
t=3 ph=3 ap=0 snaps=2911 hooks=15 inst=45 rollout "Sandy Blob" Creature lvl0 hero0
t=3 ph=3 ap=0 snaps=2923 hooks=15 inst=45 rollout "Sandy Blob" Creature lvl0 hero0
t=3 ph=3 ap=0 snaps=2924 hooks=15 inst=45 rollout "Sandy Blob" Creature lvl0 hero0
t=3 ph=3 ap=0 snaps=2925 hooks=15 inst=45 rollout "Sandy Blob" Creature lvl0 hero0
t=3 ph=3 ap=0 snaps=2926 hooks=15 inst=45 rollout "Sandy Blob" Creature lvl0 hero0
t=3 ph=3 ap=0 snaps=2933 hooks=15 inst=45 rollout "Sandy Blob" Creature lvl0 hero0
t=3 ph=3 ap=0 snaps=2939 hooks=15 inst=45 rollout "Sandy Blob" Creature lvl0 hero0
t=3 ph=3 ap=0 snaps=2940 hooks=15 inst=45 rollout "Sandy Blob" Creature lvl0 hero0
t=3 ph=3 ap=0 snaps=2943 hooks=15 inst=45 rollout "Sandy Blob" Creature lvl0 hero0
t=3 ph=3 ap=0 snaps=2960 hooks=15 inst=45 rollout "Sandy Blob" Creature lvl0 hero0
t=3 ph=3 ap=0 snaps=2961 hooks=15 inst=45 rollout "Sandy Blob" Creature lvl0 hero0
t=3 ph=3 ap=0 snaps=2962 hooks=15 inst=45 rollout "Sandy Blob" Creature lvl0 hero0
t=3 ph=3 ap=0 snaps=2968 hooks=15 inst=45 rollout "Sandy Blob" Creature lvl0 hero0
t=3 ph=3 ap=0 snaps=2973 hooks=15 inst=45 rollout "Sandy Blob" Creature lvl0 hero0
t=3 ph=3 ap=0 snaps=2977 hooks=15 inst=45 rollout "Sandy Blob" Creature lvl0 hero0
t=3 ph=3 ap=0 snaps=2980 hooks=15 inst=45 rollout "Sandy Blob" Creature lvl0 hero0
t=3 ph=3 ap=0 snaps=2983 hooks=15 inst=45 rollout "Sandy Blob" Creature lvl0 hero0
t=3 ph=3 ap=0 snaps=2992 hooks=15 inst=45 rollout "Sandy Blob" Creature lvl0 hero0
t=3 ph=3 ap=0 snaps=2996 hooks=15 inst=45 rollout "Sandy Blob" Creature lvl0 hero0
t=3 ph=3 ap=0 snaps=2999 hooks=15 inst=45 rollout "Sandy Blob" Creature lvl0 hero0
t=3 ph=3 ap=0 snaps=3008 hooks=15 inst=45 rollout "Sandy Blob" Creature lvl0 hero0
t=3 ph=3 ap=0 snaps=3021 hooks=15 inst=45 rollout "Sandy Blob" Creature lvl0 hero0
t=3 ph=3 ap=0 snaps=3022 hooks=15 inst=45 rollout "Sandy Blob" Creature lvl0 hero0
t=3 ph=3 ap=0 snaps=3025 hooks=15 inst=45 rollout "Sandy Blob" Creature lvl0 hero0
t=3 ph=3 ap=0 snaps=3037 hooks=15 inst=45 rollout "Sandy Blob" Creature lvl0 hero0
t=3 ph=3 ap=0 snaps=3053 hooks=15 inst=45 rollout "Sandy Blob" Creature lvl0 hero0
t=3 ph=3 ap=0 snaps=3054 hooks=15 inst=45 rollout "Sandy Blob" Creature lvl0 hero0
t=3 ph=3 ap=0 snaps=3057 hooks=15 inst=45 rollout "Sandy Blob" Creature lvl0 hero0
t=3 ph=3 ap=0 snaps=3073 hooks=15 inst=45 rollout "Sandy Blob" Creature lvl0 hero0
t=3 ph=3 ap=0 snaps=3091 hooks=15 inst=45 rollout "Sandy Blob" Creature lvl0 hero0
t=3 ph=3 ap=0 snaps=3094 hooks=15 inst=45 rollout "Sandy Blob" Creature lvl0 hero0
t=3 ph=3 ap=0 snaps=3105 hooks=15 inst=45 rollout "Sandy Blob" Creature lvl0 hero0
t=3 ph=3 ap=0 snaps=3108 hooks=15 inst=45 rollout "Sandy Blob" Creature lvl0 hero0
t=3 ph=3 ap=0 snaps=3117 hooks=15 inst=45 rollout "Sandy Blob" Creature lvl0 hero0
t=3 ph=3 ap=0 snaps=3132 hooks=15 inst=45 rollout "Sandy Blob" Creature lvl0 hero0
t=3 ph=3 ap=0 snaps=3141 hooks=15 inst=45 rollout "Sandy Blob" Creature lvl0 hero0
t=3 ph=3 ap=0 snaps=3155 hooks=15 inst=45 rollout "Sandy Blob" Creature lvl0 hero0
t=3 ph=3 ap=0 snaps=3158 hooks=15 inst=45 rollout "Sandy Blob" Creature lvl0 hero0
t=3 ph=3 ap=0 snaps=3161 hooks=15 inst=45 rollout "Sandy Blob" Creature lvl0 hero0
t=3 ph=3 ap=0 snaps=3176 hooks=15 inst=45 rollout "Sandy Blob" Creature lvl0 hero0
t=3 ph=3 ap=0 snaps=3189 hooks=15 inst=45 rollout "Sandy Blob" Creature lvl0 hero0
t=3 ph=3 ap=0 snaps=3190 hooks=15 inst=45 rollout "Sandy Blob" Creature lvl0 hero0
t=3 ph=3 ap=0 snaps=3191 hooks=15 inst=45 rollout "Sandy Blob" Creature lvl0 hero0
t=3 ph=3 ap=0 snaps=3204 hooks=15 inst=45 summon "Sandy Blob" p0/h0
t=3 ph=5 ap=0 snaps=3210 hooks=24 inst=46 switchTurn ending p0
t=4 ph=2 ap=1 snaps=3210 hooks=10 inst=47 cpuTurnStart cpu=p1 hand=8
t=4 ph=5 ap=1 snaps=3235 hooks=46 inst=55 switchTurn ending p1
t=5 ph=2 ap=0 snaps=3235 hooks=10 inst=56 cpuTurnStart cpu=p0 hand=4
t=5 ph=3 ap=0 snaps=3239 hooks=12 inst=56 rollout "Deepsea Monstrosity" Creature lvl2 hero2
t=5 ph=3 ap=0 snaps=3240 hooks=12 inst=56 rollout "Deepsea Monstrosity" Creature lvl2 hero2
t=5 ph=3 ap=0 snaps=3241 hooks=12 inst=56 rollout "Deepsea Monstrosity" Creature lvl2 hero2
t=5 ph=3 ap=0 snaps=3242 hooks=12 inst=56 rollout "Deepsea Primordium" Creature lvl0 hero0
t=5 ph=3 ap=0 snaps=3244 hooks=12 inst=56 rollout "Deepsea Primordium" Creature lvl0 hero0
t=5 ph=3 ap=0 snaps=3250 hooks=12 inst=56 rollout "Deepsea Jack O' Lantern" Creature lvl1 hero1
t=5 ph=3 ap=0 snaps=3253 hooks=12 inst=56 rollout "Deepsea Jack O' Lantern" Creature lvl1 hero1
t=5 ph=3 ap=0 snaps=3256 hooks=12 inst=56 rollout "Deepsea Jack O' Lantern" Creature lvl1 hero1
t=5 ph=3 ap=0 snaps=3257 hooks=12 inst=56 rollout "Deepsea Monstrosity" Creature lvl2 hero2
t=5 ph=3 ap=0 snaps=3262 hooks=12 inst=56 rollout "Deepsea Monstrosity" Creature lvl2 hero2
t=5 ph=3 ap=0 snaps=3265 hooks=12 inst=56 rollout "Deepsea Monstrosity" Creature lvl2 hero2
t=5 ph=3 ap=0 snaps=3266 hooks=12 inst=56 rollout "Deepsea Monstrosity" Creature lvl2 hero2
t=5 ph=3 ap=0 snaps=3267 hooks=12 inst=56 rollout "Deepsea Monstrosity" Creature lvl2 hero2
t=5 ph=3 ap=0 snaps=3270 hooks=12 inst=56 rollout "Deepsea Monstrosity" Creature lvl2 hero2
t=5 ph=3 ap=0 snaps=3277 hooks=12 inst=56 rollout "Deepsea Monstrosity" Creature lvl2 hero2
t=5 ph=3 ap=0 snaps=3278 hooks=12 inst=56 rollout "Deepsea Monstrosity" Creature lvl2 hero2
t=5 ph=3 ap=0 snaps=3289 hooks=12 inst=56 rollout "Deepsea Monstrosity" Creature lvl2 hero2
t=5 ph=3 ap=0 snaps=3290 hooks=12 inst=56 rollout "Deepsea Monstrosity" Creature lvl2 hero2
t=5 ph=3 ap=0 snaps=3293 hooks=12 inst=56 rollout "Deepsea Monstrosity" Creature lvl2 hero2
t=5 ph=3 ap=0 snaps=3294 hooks=12 inst=56 rollout "Deepsea Monstrosity" Creature lvl2 hero2
t=5 ph=3 ap=0 snaps=3297 hooks=12 inst=56 rollout "Deepsea Monstrosity" Creature lvl2 hero2
t=5 ph=3 ap=0 snaps=3298 hooks=12 inst=56 rollout "Deepsea Monstrosity" Creature lvl2 hero2
t=5 ph=3 ap=0 snaps=3299 hooks=12 inst=56 rollout "Deepsea Monstrosity" Creature lvl2 hero2
t=5 ph=3 ap=0 snaps=3300 hooks=12 inst=56 rollout "Deepsea Monstrosity" Creature lvl2 hero2
t=5 ph=3 ap=0 snaps=3301 hooks=12 inst=56 rollout "Deepsea Monstrosity" Creature lvl2 hero2
t=5 ph=3 ap=0 snaps=3303 hooks=12 inst=56 rollout "Deepsea Monstrosity" Creature lvl2 hero2
t=5 ph=3 ap=0 snaps=3304 hooks=12 inst=56 rollout "Deepsea Monstrosity" Creature lvl2 hero2
t=5 ph=3 ap=0 snaps=3308 hooks=12 inst=56 rollout "Deepsea Primordium" Creature lvl0 hero0
t=5 ph=3 ap=0 snaps=3309 hooks=12 inst=56 rollout "Deepsea Primordium" Creature lvl0 hero0
t=5 ph=3 ap=0 snaps=3313 hooks=12 inst=56 rollout "Deepsea Primordium" Creature lvl0 hero0
t=5 ph=3 ap=0 snaps=3314 hooks=12 inst=56 rollout "Deepsea Primordium" Creature lvl0 hero0
t=5 ph=3 ap=0 snaps=3316 hooks=12 inst=56 rollout "Deepsea Primordium" Creature lvl0 hero0
t=5 ph=3 ap=0 snaps=3317 hooks=12 inst=56 rollout "Deepsea Primordium" Creature lvl0 hero0
t=5 ph=3 ap=0 snaps=3320 hooks=12 inst=56 rollout "Deepsea Primordium" Creature lvl0 hero0
t=5 ph=3 ap=0 snaps=3326 hooks=12 inst=56 rollout "Deepsea Primordium" Creature lvl0 hero0
t=5 ph=3 ap=0 snaps=3327 hooks=12 inst=56 rollout "Deepsea Primordium" Creature lvl0 hero0
t=5 ph=3 ap=0 snaps=3336 hooks=12 inst=56 rollout "Deepsea Primordium" Creature lvl0 hero0
t=5 ph=3 ap=0 snaps=3337 hooks=12 inst=56 rollout "Deepsea Jack O' Lantern" Creature lvl1 hero1
t=5 ph=3 ap=0 snaps=3341 hooks=12 inst=56 rollout "Deepsea Jack O' Lantern" Creature lvl1 hero1
t=5 ph=3 ap=0 snaps=3342 hooks=12 inst=56 rollout "Deepsea Jack O' Lantern" Creature lvl1 hero1
t=5 ph=3 ap=0 snaps=3343 hooks=12 inst=56 rollout "Deepsea Jack O' Lantern" Creature lvl1 hero1
t=5 ph=3 ap=0 snaps=3346 hooks=12 inst=56 rollout "Deepsea Jack O' Lantern" Creature lvl1 hero1
t=5 ph=3 ap=0 snaps=3350 hooks=12 inst=56 rollout "Deepsea Jack O' Lantern" Creature lvl1 hero1
t=5 ph=3 ap=0 snaps=3351 hooks=12 inst=56 rollout "Deepsea Jack O' Lantern" Creature lvl1 hero1
t=5 ph=3 ap=0 snaps=3354 hooks=12 inst=56 rollout "Deepsea Jack O' Lantern" Creature lvl1 hero1
t=5 ph=3 ap=0 snaps=3355 hooks=12 inst=56 rollout "Deepsea Jack O' Lantern" Creature lvl1 hero1
t=5 ph=3 ap=0 snaps=3362 hooks=12 inst=56 rollout "Deepsea Jack O' Lantern" Creature lvl1 hero1
t=5 ph=3 ap=0 snaps=3363 hooks=12 inst=56 rollout "Deepsea Jack O' Lantern" Creature lvl1 hero1
t=5 ph=3 ap=0 snaps=3366 hooks=12 inst=56 rollout "Deepsea Jack O' Lantern" Creature lvl1 hero1
t=5 ph=3 ap=0 snaps=3375 hooks=12 inst=56 rollout "Deepsea Jack O' Lantern" Creature lvl1 hero1
t=5 ph=3 ap=0 snaps=3381 hooks=12 inst=56 rollout "Deepsea Jack O' Lantern" Creature lvl1 hero1
t=5 ph=3 ap=0 snaps=3394 hooks=12 inst=56 rollout "Deepsea Jack O' Lantern" Creature lvl1 hero1
t=5 ph=3 ap=0 snaps=3395 hooks=12 inst=56 rollout "Deepsea Jack O' Lantern" Creature lvl1 hero1
t=5 ph=3 ap=0 snaps=3396 hooks=12 inst=56 rollout "Deepsea Jack O' Lantern" Creature lvl1 hero1
t=5 ph=3 ap=0 snaps=3401 hooks=12 inst=56 rollout "Deepsea Jack O' Lantern" Creature lvl1 hero1
t=5 ph=3 ap=0 snaps=3408 hooks=12 inst=56 rollout "Deepsea Jack O' Lantern" Creature lvl1 hero1
t=5 ph=3 ap=0 snaps=3414 hooks=12 inst=56 rollout "Deepsea Jack O' Lantern" Creature lvl1 hero1
t=5 ph=3 ap=0 snaps=3415 hooks=12 inst=56 rollout "Deepsea Jack O' Lantern" Creature lvl1 hero1
t=5 ph=3 ap=0 snaps=3425 hooks=12 inst=56 rollout "Deepsea Jack O' Lantern" Creature lvl1 hero1
t=5 ph=3 ap=0 snaps=3426 hooks=12 inst=56 rollout "Deepsea Jack O' Lantern" Creature lvl1 hero1
t=5 ph=3 ap=0 snaps=3433 hooks=12 inst=56 rollout "Deepsea Jack O' Lantern" Creature lvl1 hero1
t=5 ph=3 ap=0 snaps=3436 hooks=12 inst=56 rollout "Deepsea Primordium" Creature lvl0 hero0
t=5 ph=3 ap=0 snaps=3437 hooks=12 inst=56 rollout "Deepsea Primordium" Creature lvl0 hero0
t=5 ph=3 ap=0 snaps=3442 hooks=12 inst=56 rollout "Deepsea Primordium" Creature lvl0 hero0
t=5 ph=3 ap=0 snaps=3444 hooks=12 inst=56 rollout "Deepsea Primordium" Creature lvl0 hero0
t=5 ph=3 ap=0 snaps=3446 hooks=12 inst=56 rollout "Deepsea Primordium" Creature lvl0 hero0
t=5 ph=3 ap=0 snaps=3449 hooks=12 inst=56 rollout "Deepsea Primordium" Creature lvl0 hero0
t=5 ph=3 ap=0 snaps=3457 hooks=12 inst=56 rollout "Deepsea Monstrosity" Creature lvl2 hero2
t=5 ph=3 ap=0 snaps=3464 hooks=12 inst=56 rollout "Deepsea Primordium" Creature lvl0 hero0
t=5 ph=3 ap=0 snaps=3465 hooks=12 inst=56 rollout "Deepsea Primordium" Creature lvl0 hero0
t=5 ph=3 ap=0 snaps=3466 hooks=12 inst=56 rollout "Deepsea Monstrosity" Creature lvl2 hero2
t=5 ph=3 ap=0 snaps=3473 hooks=12 inst=56 rollout "Deepsea Monstrosity" Creature lvl2 hero2
t=5 ph=3 ap=0 snaps=3477 hooks=12 inst=56 rollout "Deepsea Monstrosity" Creature lvl2 hero2
t=5 ph=3 ap=0 snaps=3484 hooks=12 inst=56 rollout "Deepsea Primordium" Creature lvl0 hero0
t=5 ph=3 ap=0 snaps=3486 hooks=12 inst=56 rollout "Deepsea Primordium" Creature lvl0 hero0
t=5 ph=3 ap=0 snaps=3491 hooks=12 inst=56 rollout "Deepsea Jack O' Lantern" Creature lvl1 hero1
t=5 ph=3 ap=0 snaps=3492 hooks=12 inst=56 rollout "Deepsea Jack O' Lantern" Creature lvl1 hero1
t=5 ph=3 ap=0 snaps=3498 hooks=12 inst=56 rollout "Deepsea Jack O' Lantern" Creature lvl1 hero1
t=5 ph=3 ap=0 snaps=3499 hooks=12 inst=56 rollout "Deepsea Jack O' Lantern" Creature lvl1 hero1
t=5 ph=3 ap=0 snaps=3502 hooks=12 inst=56 rollout "Deepsea Monstrosity" Creature lvl2 hero2
t=5 ph=3 ap=0 snaps=3503 hooks=12 inst=56 rollout "Deepsea Jack O' Lantern" Creature lvl1 hero1
t=5 ph=3 ap=0 snaps=3507 hooks=12 inst=56 rollout "Deepsea Monstrosity" Creature lvl2 hero2
t=5 ph=3 ap=0 snaps=3510 hooks=12 inst=56 rollout "Deepsea Jack O' Lantern" Creature lvl1 hero1
t=5 ph=3 ap=0 snaps=3513 hooks=12 inst=56 summon "Deepsea Primordium" p0/h0
t=5 ph=5 ap=0 snaps=3517 hooks=30 inst=56 switchTurn ending p0
t=6 ph=2 ap=1 snaps=3517 hooks=10 inst=57 cpuTurnStart cpu=p1 hand=8
t=6 ph=5 ap=1 snaps=3524 hooks=35 inst=63 switchTurn ending p1
t=7 ph=2 ap=0 snaps=3524 hooks=10 inst=64 cpuTurnStart cpu=p0 hand=4
t=7 ph=3 ap=0 snaps=3547 hooks=17 inst=65 rollout "Sandy Blob" Creature lvl0 hero0
t=7 ph=3 ap=0 snaps=3554 hooks=17 inst=65 rollout "Sandy Blob" Creature lvl0 hero0
t=7 ph=3 ap=0 snaps=3555 hooks=17 inst=65 rollout "Sandy Blob" Creature lvl0 hero0
t=7 ph=3 ap=0 snaps=3556 hooks=17 inst=65 rollout "Sandy Blob" Creature lvl0 hero0
t=7 ph=3 ap=0 snaps=3557 hooks=17 inst=65 rollout "Sandy Blob" Creature lvl0 hero0
t=7 ph=3 ap=0 snaps=3558 hooks=17 inst=65 rollout "Sandy Blob" Creature lvl0 hero0
t=7 ph=3 ap=0 snaps=3560 hooks=17 inst=65 rollout "Sandy Blob" Creature lvl0 hero0
t=7 ph=3 ap=0 snaps=3570 hooks=17 inst=65 rollout "Sandy Blob" Creature lvl0 hero0
t=7 ph=3 ap=0 snaps=3571 hooks=17 inst=65 rollout "Sandy Blob" Creature lvl0 hero0
t=7 ph=3 ap=0 snaps=3575 hooks=17 inst=65 rollout "Sandy Blob" Creature lvl0 hero0
t=7 ph=3 ap=0 snaps=3576 hooks=17 inst=65 rollout "Sandy Blob" Creature lvl0 hero0
t=7 ph=3 ap=0 snaps=3577 hooks=17 inst=65 rollout "Sandy Blob" Creature lvl0 hero0
t=7 ph=3 ap=0 snaps=3578 hooks=17 inst=65 rollout "Sandy Blob" Creature lvl0 hero0
t=7 ph=3 ap=0 snaps=3581 hooks=17 inst=65 rollout "Sandy Blob" Creature lvl0 hero0
t=7 ph=3 ap=0 snaps=3582 hooks=17 inst=65 rollout "Sandy Blob" Creature lvl0 hero0
t=7 ph=3 ap=0 snaps=3583 hooks=17 inst=65 rollout "Sandy Blob" Creature lvl0 hero0
t=7 ph=3 ap=0 snaps=3585 hooks=17 inst=65 rollout "Sandy Blob" Creature lvl0 hero0
t=7 ph=3 ap=0 snaps=3590 hooks=17 inst=65 rollout "Sandy Blob" Creature lvl0 hero0
t=7 ph=3 ap=0 snaps=3591 hooks=17 inst=65 rollout "Sandy Blob" Creature lvl0 hero0
t=7 ph=3 ap=0 snaps=3592 hooks=17 inst=65 rollout "Sandy Blob" Creature lvl0 hero0
t=7 ph=3 ap=0 snaps=3601 hooks=17 inst=65 rollout "Sandy Blob" Creature lvl0 hero0
t=7 ph=3 ap=0 snaps=3602 hooks=17 inst=65 rollout "Sandy Blob" Creature lvl0 hero0
t=7 ph=3 ap=0 snaps=3603 hooks=17 inst=65 rollout "Sandy Blob" Creature lvl0 hero0
t=7 ph=3 ap=0 snaps=3610 hooks=17 inst=65 rollout "Sandy Blob" Creature lvl0 hero0
t=7 ph=3 ap=0 snaps=3611 hooks=17 inst=65 rollout "Sandy Blob" Creature lvl0 hero0
t=7 ph=3 ap=0 snaps=3612 hooks=17 inst=65 rollout "Sandy Blob" Creature lvl0 hero0
t=7 ph=3 ap=0 snaps=3613 hooks=17 inst=65 rollout "Sandy Blob" Creature lvl0 hero0
t=7 ph=3 ap=0 snaps=3614 hooks=17 inst=65 rollout "Sandy Blob" Creature lvl0 hero0
t=7 ph=3 ap=0 snaps=3615 hooks=17 inst=65 rollout "Sandy Blob" Creature lvl0 hero0
t=7 ph=3 ap=0 snaps=3616 hooks=17 inst=65 rollout "Sandy Blob" Creature lvl0 hero0
t=7 ph=3 ap=0 snaps=3617 hooks=17 inst=65 rollout "Sandy Blob" Creature lvl0 hero0
t=7 ph=3 ap=0 snaps=3622 hooks=17 inst=65 rollout "Sandy Blob" Creature lvl0 hero0
t=7 ph=3 ap=0 snaps=3623 hooks=17 inst=65 rollout "Sandy Blob" Creature lvl0 hero0
t=7 ph=3 ap=0 snaps=3625 hooks=17 inst=65 rollout "Sandy Blob" Creature lvl0 hero0
t=7 ph=3 ap=0 snaps=3626 hooks=17 inst=65 rollout "Sandy Blob" Creature lvl0 hero0
t=7 ph=3 ap=0 snaps=3627 hooks=17 inst=65 rollout "Sandy Blob" Creature lvl0 hero0
t=7 ph=3 ap=0 snaps=3629 hooks=17 inst=65 rollout "Sandy Blob" Creature lvl0 hero0
t=7 ph=3 ap=0 snaps=3630 hooks=17 inst=65 rollout "Sandy Blob" Creature lvl0 hero0
t=7 ph=3 ap=0 snaps=3638 hooks=17 inst=65 rollout "Sandy Blob" Creature lvl0 hero0
t=7 ph=3 ap=0 snaps=3641 hooks=17 inst=65 rollout "Sandy Blob" Creature lvl0 hero0
t=7 ph=3 ap=0 snaps=3642 hooks=17 inst=65 rollout "Sandy Blob" Creature lvl0 hero0
t=7 ph=3 ap=0 snaps=3651 hooks=17 inst=65 rollout "Sandy Blob" Creature lvl0 hero0
t=7 ph=3 ap=0 snaps=3652 hooks=17 inst=65 rollout "Sandy Blob" Creature lvl0 hero0
t=7 ph=3 ap=0 snaps=3662 hooks=17 inst=65 rollout "Sandy Blob" Creature lvl0 hero0
t=7 ph=3 ap=0 snaps=3663 hooks=17 inst=65 rollout "Sandy Blob" Creature lvl0 hero0
t=7 ph=3 ap=0 snaps=3667 hooks=17 inst=65 rollout "Sandy Blob" Creature lvl0 hero0
t=7 ph=3 ap=0 snaps=3668 hooks=17 inst=65 rollout "Sandy Blob" Creature lvl0 hero0
t=7 ph=3 ap=0 snaps=3669 hooks=17 inst=65 rollout "Sandy Blob" Creature lvl0 hero0
t=7 ph=3 ap=0 snaps=3670 hooks=17 inst=65 rollout "Sandy Blob" Creature lvl0 hero0
t=7 ph=3 ap=0 snaps=3674 hooks=17 inst=65 rollout "Sandy Blob" Creature lvl0 hero0
t=7 ph=3 ap=0 snaps=3675 hooks=17 inst=65 rollout "Sandy Blob" Creature lvl0 hero0
t=7 ph=3 ap=0 snaps=3676 hooks=17 inst=65 rollout "Sandy Blob" Creature lvl0 hero0
t=7 ph=3 ap=0 snaps=3682 hooks=17 inst=65 rollout "Sandy Blob" Creature lvl0 hero0
t=7 ph=3 ap=0 snaps=3683 hooks=17 inst=65 rollout "Sandy Blob" Creature lvl0 hero0
t=7 ph=3 ap=0 snaps=3684 hooks=17 inst=65 rollout "Sandy Blob" Creature lvl0 hero0
t=7 ph=3 ap=0 snaps=3687 hooks=17 inst=65 rollout "Sandy Blob" Creature lvl0 hero0
t=7 ph=3 ap=0 snaps=3688 hooks=17 inst=65 rollout "Sandy Blob" Creature lvl0 hero0
t=7 ph=3 ap=0 snaps=3698 hooks=17 inst=65 rollout "Sandy Blob" Creature lvl0 hero0
t=7 ph=3 ap=0 snaps=3699 hooks=17 inst=65 rollout "Sandy Blob" Creature lvl0 hero0
t=7 ph=3 ap=0 snaps=3700 hooks=17 inst=65 rollout "Sandy Blob" Creature lvl0 hero0
t=7 ph=3 ap=0 snaps=3701 hooks=17 inst=65 rollout "Sandy Blob" Creature lvl0 hero0
t=7 ph=3 ap=0 snaps=3702 hooks=17 inst=65 rollout "Sandy Blob" Creature lvl0 hero0
t=7 ph=3 ap=0 snaps=3703 hooks=17 inst=65 rollout "Sandy Blob" Creature lvl0 hero0
t=7 ph=3 ap=0 snaps=3705 hooks=17 inst=65 rollout "Sandy Blob" Creature lvl0 hero0
t=7 ph=3 ap=0 snaps=3706 hooks=17 inst=65 rollout "Sandy Blob" Creature lvl0 hero0
t=7 ph=3 ap=0 snaps=3708 hooks=17 inst=65 rollout "Sandy Blob" Creature lvl0 hero0
t=7 ph=3 ap=0 snaps=3709 hooks=17 inst=65 rollout "Sandy Blob" Creature lvl0 hero0
t=7 ph=3 ap=0 snaps=3710 hooks=17 inst=65 rollout "Sandy Blob" Creature lvl0 hero0
t=7 ph=3 ap=0 snaps=3712 hooks=17 inst=65 rollout "Sandy Blob" Creature lvl0 hero0
t=7 ph=3 ap=0 snaps=3713 hooks=17 inst=65 rollout "Sandy Blob" Creature lvl0 hero0
t=7 ph=3 ap=0 snaps=3714 hooks=17 inst=65 rollout "Sandy Blob" Creature lvl0 hero0
t=7 ph=3 ap=0 snaps=3722 hooks=17 inst=65 rollout "Sandy Blob" Creature lvl0 hero0
t=7 ph=3 ap=0 snaps=3723 hooks=17 inst=65 rollout "Sandy Blob" Creature lvl0 hero0
t=7 ph=3 ap=0 snaps=3724 hooks=17 inst=65 rollout "Sandy Blob" Creature lvl0 hero0
t=7 ph=3 ap=0 snaps=3727 hooks=17 inst=65 rollout "Sandy Blob" Creature lvl0 hero0
t=7 ph=3 ap=0 snaps=3728 hooks=17 inst=65 rollout "Sandy Blob" Creature lvl0 hero0
t=7 ph=3 ap=0 snaps=3738 hooks=17 inst=65 rollout "Sandy Blob" Creature lvl0 hero0
t=7 ph=3 ap=0 snaps=3739 hooks=17 inst=65 rollout "Sandy Blob" Creature lvl0 hero0
t=7 ph=3 ap=0 snaps=3750 hooks=17 inst=65 rollout "Sandy Blob" Creature lvl0 hero0
t=7 ph=3 ap=0 snaps=3754 hooks=17 inst=65 rollout "Sandy Blob" Creature lvl0 hero0
t=7 ph=3 ap=0 snaps=3755 hooks=17 inst=65 summon "Sandy Blob" p0/h0
t=7 ph=5 ap=0 snaps=3761 hooks=26 inst=66 switchTurn ending p0
t=8 ph=2 ap=1 snaps=3761 hooks=10 inst=67 cpuTurnStart cpu=p1 hand=8
t=8 ph=5 ap=1 snaps=3770 hooks=37 inst=74 switchTurn ending p1
t=9 ph=2 ap=0 snaps=3770 hooks=10 inst=75 cpuTurnStart cpu=p0 hand=3
t=9 ph=5 ap=0 snaps=3787 hooks=20 inst=75 switchTurn ending p0
t=10 ph=2 ap=1 snaps=3787 hooks=10 inst=76 cpuTurnStart cpu=p1 hand=8
t=10 ph=5 ap=1 snaps=3797 hooks=40 inst=87 switchTurn ending p1
t=11 ph=2 ap=0 snaps=3797 hooks=10 inst=88 cpuTurnStart cpu=p0 hand=4
t=11 ph=5 ap=0 snaps=3815 hooks=20 inst=88 switchTurn ending p0
t=12 ph=2 ap=1 snaps=3815 hooks=10 inst=89 cpuTurnStart cpu=p1 hand=8
t=12 ph=3 ap=1 snaps=3848 hooks=22 inst=92 rollout "Trial of Coolness" Spell lvl1 hero1
t=12 ph=3 ap=1 snaps=3850 hooks=22 inst=92 rollout "Trial of Coolness" Spell lvl1 hero1
t=12 ph=3 ap=1 snaps=3854 hooks=22 inst=92 rollout "Trial of Coolness" Spell lvl1 hero1
t=12 ph=3 ap=1 snaps=3855 hooks=22 inst=92 rollout "Trial of Coolness" Spell lvl1 hero1
t=12 ph=3 ap=1 snaps=3856 hooks=22 inst=92 rollout "Trial of Coolness" Spell lvl1 hero1
t=12 ph=3 ap=1 snaps=3857 hooks=22 inst=92 rollout "Trial of Coolness" Spell lvl1 hero1
t=12 ph=3 ap=1 snaps=3858 hooks=22 inst=92 rollout "Trial of Coolness" Spell lvl1 hero1
t=12 ph=3 ap=1 snaps=3860 hooks=22 inst=92 rollout "Trial of Coolness" Spell lvl1 hero1
t=12 ph=3 ap=1 snaps=3861 hooks=22 inst=92 rollout "Trial of Coolness" Spell lvl1 hero1
t=12 ph=3 ap=1 snaps=3862 hooks=22 inst=92 rollout "Trial of Coolness" Spell lvl1 hero1
t=12 ph=3 ap=1 snaps=3863 hooks=22 inst=92 rollout "Trial of Coolness" Spell lvl1 hero1
t=12 ph=3 ap=1 snaps=3864 hooks=22 inst=92 rollout "Trial of Coolness" Spell lvl1 hero1
t=12 ph=3 ap=1 snaps=3865 hooks=22 inst=92 rollout "Trial of Coolness" Spell lvl1 hero1
t=12 ph=3 ap=1 snaps=3866 hooks=22 inst=92 rollout "Trial of Coolness" Spell lvl1 hero1
t=12 ph=3 ap=1 snaps=3870 hooks=22 inst=92 rollout "Trial of Coolness" Spell lvl1 hero1
t=12 ph=3 ap=1 snaps=3871 hooks=22 inst=92 rollout "Trial of Coolness" Spell lvl1 hero1
t=12 ph=3 ap=1 snaps=3875 hooks=22 inst=92 rollout "Trial of Coolness" Spell lvl1 hero1
t=12 ph=3 ap=1 snaps=3879 hooks=22 inst=92 rollout "Trial of Coolness" Spell lvl1 hero1
t=12 ph=3 ap=1 snaps=3880 hooks=22 inst=92 rollout "Trial of Coolness" Spell lvl1 hero1
t=12 ph=3 ap=1 snaps=3881 hooks=22 inst=92 rollout "Trial of Coolness" Spell lvl1 hero1
t=12 ph=3 ap=1 snaps=3882 hooks=22 inst=92 rollout "Trial of Coolness" Spell lvl1 hero1
t=12 ph=3 ap=1 snaps=3883 hooks=22 inst=92 rollout "Trial of Coolness" Spell lvl1 hero1
t=12 ph=3 ap=1 snaps=3884 hooks=22 inst=92 rollout "Trial of Coolness" Spell lvl1 hero1
t=12 ph=3 ap=1 snaps=3885 hooks=22 inst=92 rollout "Trial of Coolness" Spell lvl1 hero1
t=12 ph=3 ap=1 snaps=3895 hooks=22 inst=92 rollout "Trial of Coolness" Spell lvl1 hero1
t=12 ph=3 ap=1 snaps=3896 hooks=22 inst=92 rollout "Trial of Coolness" Spell lvl1 hero1
t=12 ph=3 ap=1 snaps=3897 hooks=22 inst=92 rollout "Trial of Coolness" Spell lvl1 hero1
t=12 ph=3 ap=1 snaps=3898 hooks=22 inst=92 rollout "Trial of Coolness" Spell lvl1 hero1
t=12 ph=3 ap=1 snaps=3899 hooks=22 inst=92 rollout "Trial of Coolness" Spell lvl1 hero1
t=12 ph=3 ap=1 snaps=3903 hooks=22 inst=92 rollout "Trial of Coolness" Spell lvl1 hero1
t=12 ph=3 ap=1 snaps=3904 hooks=22 inst=92 rollout "Trial of Coolness" Spell lvl1 hero1
t=12 ph=3 ap=1 snaps=3908 hooks=22 inst=92 rollout "Trial of Coolness" Spell lvl1 hero1
t=12 ph=3 ap=1 snaps=3912 hooks=22 inst=92 rollout "Trial of Coolness" Spell lvl1 hero1
t=12 ph=3 ap=1 snaps=3913 hooks=22 inst=92 rollout "Trial of Coolness" Spell lvl1 hero1
t=12 ph=3 ap=1 snaps=3914 hooks=22 inst=92 rollout "Trial of Coolness" Spell lvl1 hero1
t=12 ph=3 ap=1 snaps=3915 hooks=22 inst=92 rollout "Trial of Coolness" Spell lvl1 hero1
t=12 ph=3 ap=1 snaps=3916 hooks=22 inst=92 rollout "Trial of Coolness" Spell lvl1 hero1
t=12 ph=3 ap=1 snaps=3920 hooks=22 inst=92 rollout "Trial of Coolness" Spell lvl1 hero1
t=12 ph=3 ap=1 snaps=3921 hooks=22 inst=92 rollout "Trial of Coolness" Spell lvl1 hero1
t=12 ph=3 ap=1 snaps=3922 hooks=22 inst=92 rollout "Trial of Coolness" Spell lvl1 hero1
t=12 ph=3 ap=1 snaps=3923 hooks=22 inst=92 rollout "Trial of Coolness" Spell lvl1 hero1
t=12 ph=3 ap=1 snaps=3926 hooks=22 inst=92 rollout "Trial of Coolness" Spell lvl1 hero1
t=12 ph=3 ap=1 snaps=3927 hooks=22 inst=92 rollout "Trial of Coolness" Spell lvl1 hero1
t=12 ph=3 ap=1 snaps=3930 hooks=22 inst=92 rollout "Trial of Coolness" Spell lvl1 hero1
t=12 ph=3 ap=1 snaps=3931 hooks=22 inst=92 rollout "Trial of Coolness" Spell lvl1 hero1
t=12 ph=3 ap=1 snaps=3932 hooks=22 inst=92 rollout "Trial of Coolness" Spell lvl1 hero1
t=12 ph=3 ap=1 snaps=3933 hooks=22 inst=92 rollout "Trial of Coolness" Spell lvl1 hero1
t=12 ph=3 ap=1 snaps=3934 hooks=22 inst=92 rollout "Trial of Coolness" Spell lvl1 hero1
t=12 ph=3 ap=1 snaps=3935 hooks=22 inst=92 rollout "Trial of Coolness" Spell lvl1 hero1
t=12 ph=3 ap=1 snaps=3936 hooks=22 inst=92 rollout "Trial of Coolness" Spell lvl1 hero1
t=12 ph=3 ap=1 snaps=3937 hooks=22 inst=92 rollout "Trial of Coolness" Spell lvl1 hero1
t=12 ph=3 ap=1 snaps=3938 hooks=22 inst=92 rollout "Trial of Coolness" Spell lvl1 hero1
t=12 ph=3 ap=1 snaps=3939 hooks=22 inst=92 rollout "Trial of Coolness" Spell lvl1 hero1
t=12 ph=3 ap=1 snaps=3940 hooks=22 inst=92 rollout "Trial of Coolness" Spell lvl1 hero1
t=12 ph=3 ap=1 snaps=3942 hooks=22 inst=92 rollout "Trial of Coolness" Spell lvl1 hero1
t=12 ph=3 ap=1 snaps=3943 hooks=22 inst=92 rollout "Trial of Coolness" Spell lvl1 hero1
t=12 ph=3 ap=1 snaps=3944 hooks=22 inst=92 rollout "Trial of Coolness" Spell lvl1 hero1
t=12 ph=3 ap=1 snaps=3945 hooks=22 inst=92 rollout "Trial of Coolness" Spell lvl1 hero1
t=12 ph=3 ap=1 snaps=3946 hooks=22 inst=92 rollout "Trial of Coolness" Spell lvl1 hero1
t=12 ph=3 ap=1 snaps=3950 hooks=22 inst=92 rollout "Trial of Coolness" Spell lvl1 hero1
t=12 ph=3 ap=1 snaps=3951 hooks=22 inst=92 rollout "Trial of Coolness" Spell lvl1 hero1
t=12 ph=3 ap=1 snaps=3952 hooks=22 inst=92 rollout "Trial of Coolness" Spell lvl1 hero1
t=12 ph=3 ap=1 snaps=3953 hooks=22 inst=92 rollout "Trial of Coolness" Spell lvl1 hero1
t=12 ph=3 ap=1 snaps=3954 hooks=22 inst=92 rollout "Trial of Coolness" Spell lvl1 hero1
t=12 ph=3 ap=1 snaps=3961 hooks=22 inst=92 rollout "Trial of Coolness" Spell lvl1 hero1
t=12 ph=3 ap=1 snaps=3962 hooks=22 inst=92 rollout "Trial of Coolness" Spell lvl1 hero1
t=12 ph=3 ap=1 snaps=3963 hooks=22 inst=92 rollout "Trial of Coolness" Spell lvl1 hero1
t=12 ph=3 ap=1 snaps=3964 hooks=22 inst=92 rollout "Trial of Coolness" Spell lvl1 hero1
t=12 ph=3 ap=1 snaps=3972 hooks=22 inst=92 rollout "Trial of Coolness" Spell lvl1 hero1
t=12 ph=3 ap=1 snaps=3973 hooks=22 inst=92 rollout "Trial of Coolness" Spell lvl1 hero1
t=12 ph=3 ap=1 snaps=3974 hooks=22 inst=92 rollout "Trial of Coolness" Spell lvl1 hero1
t=12 ph=3 ap=1 snaps=3978 hooks=22 inst=92 rollout "Trial of Coolness" Spell lvl1 hero1
t=12 ph=3 ap=1 snaps=3979 hooks=22 inst=92 rollout "Trial of Coolness" Spell lvl1 hero1
t=12 ph=3 ap=1 snaps=3980 hooks=22 inst=92 rollout "Trial of Coolness" Spell lvl1 hero1
t=12 ph=3 ap=1 snaps=3981 hooks=22 inst=92 rollout "Trial of Coolness" Spell lvl1 hero1
t=12 ph=3 ap=1 snaps=3982 hooks=22 inst=92 rollout "Trial of Coolness" Spell lvl1 hero1
t=12 ph=3 ap=1 snaps=3983 hooks=22 inst=92 rollout "Trial of Coolness" Spell lvl1 hero1
t=12 ph=3 ap=1 snaps=3984 hooks=22 inst=92 rollout "Trial of Coolness" Spell lvl1 hero1
t=12 ph=3 ap=1 snaps=3988 hooks=22 inst=92 rollout "Trial of Coolness" Spell lvl1 hero1
t=12 ph=3 ap=1 snaps=3992 hooks=22 inst=92 rollout "Trial of Coolness" Spell lvl1 hero1
t=12 ph=3 ap=1 snaps=3993 hooks=22 inst=92 rollout "Trial of Coolness" Spell lvl1 hero1
t=12 ph=3 ap=1 snaps=3995 hooks=22 inst=92 rollout "Trial of Coolness" Spell lvl1 hero1
t=12 ph=3 ap=1 snaps=3998 hooks=22 inst=92 rollout "Trial of Coolness" Spell lvl1 hero1
t=12 ph=3 ap=1 snaps=3999 hooks=22 inst=92 rollout "Trial of Coolness" Spell lvl1 hero1
t=12 ph=3 ap=1 snaps=4003 hooks=22 inst=92 rollout "Trial of Coolness" Spell lvl1 hero1
t=12 ph=3 ap=1 snaps=4004 hooks=22 inst=92 rollout "Trial of Coolness" Spell lvl1 hero1
t=12 ph=3 ap=1 snaps=4007 hooks=22 inst=92 rollout "Trial of Coolness" Spell lvl1 hero1
t=12 ph=3 ap=1 snaps=4008 hooks=22 inst=92 rollout "Trial of Coolness" Spell lvl1 hero1
t=12 ph=3 ap=1 snaps=4009 hooks=22 inst=92 rollout "Trial of Coolness" Spell lvl1 hero1
t=12 ph=3 ap=1 snaps=4010 hooks=22 inst=92 rollout "Trial of Coolness" Spell lvl1 hero1
t=12 ph=3 ap=1 snaps=4011 hooks=22 inst=92 rollout "Trial of Coolness" Spell lvl1 hero1
t=12 ph=3 ap=1 snaps=4012 hooks=22 inst=92 rollout "Trial of Coolness" Spell lvl1 hero1
t=12 ph=3 ap=1 snaps=4013 hooks=22 inst=92 rollout "Trial of Coolness" Spell lvl1 hero1
t=12 ph=3 ap=1 snaps=4017 hooks=22 inst=92 rollout "Trial of Coolness" Spell lvl1 hero1
t=12 ph=3 ap=1 snaps=4021 hooks=22 inst=92 rollout "Trial of Coolness" Spell lvl1 hero1
t=12 ph=3 ap=1 snaps=4022 hooks=22 inst=92 rollout "Trial of Coolness" Spell lvl1 hero1
t=12 ph=3 ap=1 snaps=4023 hooks=22 inst=92 rollout "Trial of Coolness" Spell lvl1 hero1
t=12 ph=3 ap=1 snaps=4024 hooks=22 inst=92 rollout "Trial of Coolness" Spell lvl1 hero1
t=12 ph=3 ap=1 snaps=4025 hooks=22 inst=92 rollout "Trial of Coolness" Spell lvl1 hero1
t=12 ph=3 ap=1 snaps=4026 hooks=22 inst=92 rollout "Trial of Coolness" Spell lvl1 hero1
t=12 ph=3 ap=1 snaps=4027 hooks=22 inst=92 rollout "Trial of Coolness" Spell lvl1 hero1
t=12 ph=3 ap=1 snaps=4031 hooks=22 inst=92 rollout "Trial of Coolness" Spell lvl1 hero1
t=12 ph=3 ap=1 snaps=4032 hooks=22 inst=92 rollout "Trial of Coolness" Spell lvl1 hero1
t=12 ph=3 ap=1 snaps=4036 hooks=22 inst=92 rollout "Trial of Coolness" Spell lvl1 hero1
t=12 ph=3 ap=1 snaps=4037 hooks=22 inst=92 rollout "Trial of Coolness" Spell lvl1 hero1
t=12 ph=3 ap=1 snaps=4038 hooks=22 inst=92 rollout "Trial of Coolness" Spell lvl1 hero1
t=12 ph=3 ap=1 snaps=4039 hooks=22 inst=92 rollout "Trial of Coolness" Spell lvl1 hero1
t=12 ph=3 ap=1 snaps=4040 hooks=22 inst=92 rollout "Trial of Coolness" Spell lvl1 hero1
t=12 ph=3 ap=1 snaps=4041 hooks=22 inst=92 rollout "Trial of Coolness" Spell lvl1 hero1
t=12 ph=3 ap=1 snaps=4047 hooks=22 inst=92 rollout "Trial of Coolness" Spell lvl1 hero1
t=12 ph=3 ap=1 snaps=4048 hooks=22 inst=92 rollout "Trial of Coolness" Spell lvl1 hero1
t=12 ph=3 ap=1 snaps=4049 hooks=22 inst=92 rollout "Trial of Coolness" Spell lvl1 hero1
t=12 ph=3 ap=1 snaps=4050 hooks=22 inst=92 rollout "Trial of Coolness" Spell lvl1 hero1
t=12 ph=3 ap=1 snaps=4051 hooks=22 inst=92 rollout "Trial of Coolness" Spell lvl1 hero1
t=12 ph=3 ap=1 snaps=4052 hooks=22 inst=92 rollout "Trial of Coolness" Spell lvl1 hero1
t=12 ph=3 ap=1 snaps=4053 hooks=22 inst=92 rollout "Trial of Coolness" Spell lvl1 hero1
t=12 ph=3 ap=1 snaps=4056 hooks=22 inst=92 rollout "Trial of Coolness" Spell lvl1 hero1
t=12 ph=3 ap=1 snaps=4057 hooks=22 inst=92 rollout "Trial of Coolness" Spell lvl1 hero1
t=12 ph=3 ap=1 snaps=4058 hooks=22 inst=92 rollout "Trial of Coolness" Spell lvl1 hero1
t=12 ph=3 ap=1 snaps=4059 hooks=22 inst=92 rollout "Trial of Coolness" Spell lvl1 hero1
t=12 ph=3 ap=1 snaps=4060 hooks=22 inst=92 rollout "Trial of Coolness" Spell lvl1 hero1
t=12 ph=3 ap=1 snaps=4064 hooks=22 inst=92 rollout "Trial of Coolness" Spell lvl1 hero1
t=12 ph=3 ap=1 snaps=4065 hooks=22 inst=92 rollout "Trial of Coolness" Spell lvl1 hero1
t=12 ph=3 ap=1 snaps=4066 hooks=22 inst=92 rollout "Trial of Coolness" Spell lvl1 hero1
t=12 ph=3 ap=1 snaps=4070 hooks=22 inst=92 rollout "Trial of Coolness" Spell lvl1 hero1
t=12 ph=3 ap=1 snaps=4071 hooks=22 inst=92 rollout "Trial of Coolness" Spell lvl1 hero1
t=12 ph=3 ap=1 snaps=4084 hooks=22 inst=92 rollout "Trial of Coolness" Spell lvl1 hero1
t=12 ph=3 ap=1 snaps=4085 hooks=22 inst=92 rollout "Trial of Coolness" Spell lvl1 hero1
t=12 ph=3 ap=1 snaps=4086 hooks=22 inst=92 rollout "Trial of Coolness" Spell lvl1 hero1
t=12 ph=3 ap=1 snaps=4087 hooks=22 inst=92 rollout "Trial of Coolness" Spell lvl1 hero1
t=12 ph=3 ap=1 snaps=4088 hooks=22 inst=92 rollout "Trial of Coolness" Spell lvl1 hero1
t=12 ph=3 ap=1 snaps=4089 hooks=22 inst=92 rollout "Trial of Coolness" Spell lvl1 hero1
t=12 ph=3 ap=1 snaps=4090 hooks=22 inst=92 rollout "Trial of Coolness" Spell lvl1 hero1
t=12 ph=3 ap=1 snaps=4091 hooks=22 inst=92 rollout "Trial of Coolness" Spell lvl1 hero1
t=12 ph=3 ap=1 snaps=4092 hooks=22 inst=92 rollout "Trial of Coolness" Spell lvl1 hero1
t=12 ph=3 ap=1 snaps=4093 hooks=22 inst=92 rollout "Trial of Coolness" Spell lvl1 hero1
t=12 ph=3 ap=1 snaps=4094 hooks=22 inst=92 rollout "Trial of Coolness" Spell lvl1 hero1
t=12 ph=3 ap=1 snaps=4095 hooks=22 inst=92 rollout "Trial of Coolness" Spell lvl1 hero1
t=12 ph=3 ap=1 snaps=4096 hooks=22 inst=92 rollout "Trial of Coolness" Spell lvl1 hero1
t=12 ph=3 ap=1 snaps=4097 hooks=22 inst=92 rollout "Trial of Coolness" Spell lvl1 hero1
t=12 ph=5 ap=1 snaps=4111 hooks=31 inst=92 switchTurn ending p1
t=13 ph=2 ap=0 snaps=4111 hooks=10 inst=93 cpuTurnStart cpu=p0 hand=5
t=13 ph=5 ap=0 snaps=4134 hooks=26 inst=95 switchTurn ending p0
t=14 ph=2 ap=1 snaps=4134 hooks=10 inst=96 cpuTurnStart cpu=p1 hand=6
t=14 ph=5 ap=1 snaps=4192 hooks=24 inst=97 switchTurn ending p1
t=15 ph=2 ap=0 snaps=4192 hooks=10 inst=98 cpuTurnStart cpu=p0 hand=6
t=15 ph=5 ap=0 snaps=4217 hooks=25 inst=101 switchTurn ending p0
t=16 ph=2 ap=1 snaps=4217 hooks=10 inst=102 cpuTurnStart cpu=p1 hand=7
t=16 ph=5 ap=1 snaps=4256 hooks=21 inst=102 switchTurn ending p1
t=17 ph=2 ap=0 snaps=4256 hooks=10 inst=103 cpuTurnStart cpu=p0 hand=6
t=17 ph=5 ap=0 snaps=4290 hooks=22 inst=104 switchTurn ending p0
t=18 ph=2 ap=1 snaps=4290 hooks=10 inst=105 cpuTurnStart cpu=p1 hand=8
t=18 ph=5 ap=1 snaps=4346 hooks=30 inst=107 switchTurn ending p1
t=19 ph=2 ap=0 snaps=4346 hooks=10 inst=108 cpuTurnStart cpu=p0 hand=6
t=19 ph=5 ap=0 snaps=4382 hooks=17 inst=108 switchTurn ending p0
t=20 ph=2 ap=1 snaps=4382 hooks=10 inst=109 cpuTurnStart cpu=p1 hand=8
t=20 ph=5 ap=1 snaps=4433 hooks=23 inst=109 switchTurn ending p1
t=21 ph=2 ap=0 snaps=4433 hooks=10 inst=110 cpuTurnStart cpu=p0 hand=7
t=21 ph=5 ap=0 snaps=4469 hooks=17 inst=110 switchTurn ending p0
t=22 ph=2 ap=1 snaps=4469 hooks=10 inst=111 cpuTurnStart cpu=p1 hand=8
t=22 ph=5 ap=1 snaps=4527 hooks=23 inst=112 switchTurn ending p1
t=23 ph=2 ap=0 snaps=4527 hooks=10 inst=113 cpuTurnStart cpu=p0 hand=8
t=23 ph=5 ap=0 snaps=4589 hooks=23 inst=114 switchTurn ending p0
t=24 ph=2 ap=1 snaps=4589 hooks=10 inst=115 cpuTurnStart cpu=p1 hand=8

=== GAME 5/1000: Steam Dwarf Mines vs Gather That Storm! @ 2026-05-01T09:34:49.434Z ===
t=1 ph=2 ap=0 snaps=0 hooks=10 inst=29 cpuTurnStart cpu=p0 hand=6
t=1 ph=2 ap=0 snaps=2 hooks=10 inst=29 summon "Ska Harpyformer" p0/h0
t=1 ph=3 ap=0 snaps=19 hooks=40 inst=37 rollout "Steam Dwarf Engineer" Creature lvl1 hero2
t=1 ph=3 ap=0 snaps=26 hooks=40 inst=37 rollout "Steam Dwarf Engineer" Creature lvl1 hero2
t=1 ph=3 ap=0 snaps=53 hooks=40 inst=37 rollout "Steam Dwarf Engineer" Creature lvl1 hero2
t=1 ph=3 ap=0 snaps=70 hooks=40 inst=37 rollout "Steam Dwarf Dragon Pilot" Creature lvl1 hero2
t=1 ph=3 ap=0 snaps=71 hooks=40 inst=37 rollout "Steam Dwarf Dragon Pilot" Creature lvl1 hero2
t=1 ph=3 ap=0 snaps=72 hooks=40 inst=37 rollout "Steam Dwarf Dragon Pilot" Creature lvl1 hero2
t=1 ph=3 ap=0 snaps=73 hooks=40 inst=37 rollout "Steam Dwarf Miner" Creature lvl1 hero2
t=1 ph=3 ap=0 snaps=83 hooks=40 inst=37 rollout "Steam Dwarf Miner" Creature lvl1 hero2
t=1 ph=3 ap=0 snaps=93 hooks=40 inst=37 rollout "Steam Dwarf Miner" Creature lvl1 hero2
t=1 ph=3 ap=0 snaps=105 hooks=40 inst=37 rollout "Steam Dwarf Engineer" Creature lvl1 hero2
t=1 ph=3 ap=0 snaps=112 hooks=40 inst=37 rollout "Steam Dwarf Engineer" Creature lvl1 hero2
t=1 ph=3 ap=0 snaps=126 hooks=40 inst=37 rollout "Steam Dwarf Engineer" Creature lvl1 hero2
t=1 ph=3 ap=0 snaps=143 hooks=40 inst=37 rollout "Steam Dwarf Engineer" Creature lvl1 hero2
t=1 ph=3 ap=0 snaps=150 hooks=40 inst=37 rollout "Steam Dwarf Engineer" Creature lvl1 hero2
t=1 ph=3 ap=0 snaps=156 hooks=40 inst=37 rollout "Steam Dwarf Engineer" Creature lvl1 hero2
t=1 ph=3 ap=0 snaps=167 hooks=40 inst=37 rollout "Steam Dwarf Engineer" Creature lvl1 hero2
t=1 ph=3 ap=0 snaps=175 hooks=40 inst=37 rollout "Steam Dwarf Engineer" Creature lvl1 hero2
t=1 ph=3 ap=0 snaps=188 hooks=40 inst=37 rollout "Steam Dwarf Engineer" Creature lvl1 hero2
t=1 ph=3 ap=0 snaps=196 hooks=40 inst=37 rollout "Steam Dwarf Engineer" Creature lvl1 hero2
t=1 ph=3 ap=0 snaps=200 hooks=40 inst=37 rollout "Steam Dwarf Engineer" Creature lvl1 hero2
t=1 ph=3 ap=0 snaps=210 hooks=40 inst=37 rollout "Steam Dwarf Engineer" Creature lvl1 hero2
t=1 ph=3 ap=0 snaps=218 hooks=40 inst=37 rollout "Steam Dwarf Miner" Creature lvl1 hero2
t=1 ph=3 ap=0 snaps=227 hooks=40 inst=37 rollout "Steam Dwarf Miner" Creature lvl1 hero2
t=1 ph=3 ap=0 snaps=233 hooks=40 inst=37 rollout "Steam Dwarf Miner" Creature lvl1 hero2
t=1 ph=3 ap=0 snaps=244 hooks=40 inst=37 rollout "Steam Dwarf Miner" Creature lvl1 hero2
t=1 ph=3 ap=0 snaps=256 hooks=40 inst=37 rollout "Steam Dwarf Miner" Creature lvl1 hero2
t=1 ph=3 ap=0 snaps=265 hooks=40 inst=37 rollout "Steam Dwarf Miner" Creature lvl1 hero2
t=1 ph=3 ap=0 snaps=279 hooks=40 inst=37 rollout "Steam Dwarf Miner" Creature lvl1 hero2
t=1 ph=3 ap=0 snaps=288 hooks=40 inst=37 rollout "Steam Dwarf Miner" Creature lvl1 hero2
t=1 ph=3 ap=0 snaps=311 hooks=40 inst=37 rollout "Steam Dwarf Miner" Creature lvl1 hero2
t=1 ph=3 ap=0 snaps=325 hooks=40 inst=37 rollout "Steam Dwarf Miner" Creature lvl1 hero2
t=1 ph=3 ap=0 snaps=331 hooks=40 inst=37 rollout "Steam Dwarf Miner" Creature lvl1 hero2
t=1 ph=3 ap=0 snaps=341 hooks=40 inst=37 rollout "Steam Dwarf Miner" Creature lvl1 hero2
t=1 ph=3 ap=0 snaps=352 hooks=40 inst=37 rollout "Steam Dwarf Engineer" Creature lvl1 hero2
t=1 ph=3 ap=0 snaps=360 hooks=40 inst=37 rollout "Steam Dwarf Miner" Creature lvl1 hero2
t=1 ph=3 ap=0 snaps=371 hooks=40 inst=37 rollout "Steam Dwarf Engineer" Creature lvl1 hero2
t=1 ph=3 ap=0 snaps=388 hooks=40 inst=37 rollout "Steam Dwarf Miner" Creature lvl1 hero2
t=1 ph=3 ap=0 snaps=400 hooks=40 inst=37 rollout "Steam Dwarf Miner" Creature lvl1 hero2
t=1 ph=3 ap=0 snaps=411 hooks=40 inst=37 rollout "Steam Dwarf Miner" Creature lvl1 hero2
t=1 ph=3 ap=0 snaps=418 hooks=40 inst=37 rollout "Steam Dwarf Engineer" Creature lvl1 hero2
t=1 ph=3 ap=0 snaps=424 hooks=40 inst=37 rollout "Steam Dwarf Miner" Creature lvl1 hero2
t=1 ph=3 ap=0 snaps=430 hooks=40 inst=37 rollout "Steam Dwarf Miner" Creature lvl1 hero2
t=1 ph=3 ap=0 snaps=436 hooks=40 inst=37 rollout "Steam Dwarf Engineer" Creature lvl1 hero2
t=1 ph=3 ap=0 snaps=448 hooks=40 inst=37 rollout "Steam Dwarf Miner" Creature lvl1 hero2
t=1 ph=3 ap=0 snaps=459 hooks=40 inst=37 rollout "Steam Dwarf Engineer" Creature lvl1 hero2
t=1 ph=3 ap=0 snaps=476 hooks=40 inst=37 rollout "Steam Dwarf Miner" Creature lvl1 hero2
t=1 ph=3 ap=0 snaps=496 hooks=40 inst=37 rollout "Steam Dwarf Engineer" Creature lvl1 hero2
t=1 ph=3 ap=0 snaps=505 hooks=40 inst=37 rollout "Steam Dwarf Engineer" Creature lvl1 hero2
t=1 ph=3 ap=0 snaps=514 hooks=40 inst=37 rollout "Steam Dwarf Engineer" Creature lvl1 hero2
t=1 ph=3 ap=0 snaps=529 hooks=40 inst=37 rollout "Steam Dwarf Engineer" Creature lvl1 hero2
t=1 ph=3 ap=0 snaps=533 hooks=40 inst=37 rollout "Steam Dwarf Engineer" Creature lvl1 hero2
t=1 ph=3 ap=0 snaps=555 hooks=40 inst=37 rollout "Steam Dwarf Engineer" Creature lvl1 hero2
t=1 ph=3 ap=0 snaps=566 hooks=40 inst=37 rollout "Steam Dwarf Engineer" Creature lvl1 hero2
t=1 ph=3 ap=0 snaps=579 hooks=40 inst=37 rollout "Steam Dwarf Miner" Creature lvl1 hero2
t=1 ph=3 ap=0 snaps=586 hooks=40 inst=37 rollout "Steam Dwarf Engineer" Creature lvl1 hero2
t=1 ph=3 ap=0 snaps=599 hooks=40 inst=37 rollout "Steam Dwarf Miner" Creature lvl1 hero2
t=1 ph=3 ap=0 snaps=608 hooks=40 inst=37 rollout "Steam Dwarf Engineer" Creature lvl1 hero2
t=1 ph=3 ap=0 snaps=623 hooks=40 inst=37 rollout "Steam Dwarf Engineer" Creature lvl1 hero2
t=1 ph=3 ap=0 snaps=629 hooks=40 inst=37 rollout "Steam Dwarf Engineer" Creature lvl1 hero2
t=1 ph=3 ap=0 snaps=649 hooks=40 inst=37 rollout "Steam Dwarf Engineer" Creature lvl1 hero2
t=1 ph=3 ap=0 snaps=654 hooks=40 inst=37 rollout "Steam Dwarf Engineer" Creature lvl1 hero2
t=1 ph=3 ap=0 snaps=660 hooks=40 inst=37 rollout "Steam Dwarf Engineer" Creature lvl1 hero2
t=1 ph=3 ap=0 snaps=675 hooks=40 inst=37 rollout "Steam Dwarf Engineer" Creature lvl1 hero2
t=1 ph=3 ap=0 snaps=697 hooks=40 inst=37 rollout "Steam Dwarf Engineer" Creature lvl1 hero2
t=1 ph=3 ap=0 snaps=703 hooks=40 inst=37 rollout "Steam Dwarf Engineer" Creature lvl1 hero2
t=1 ph=3 ap=0 snaps=710 hooks=40 inst=37 rollout "Steam Dwarf Engineer" Creature lvl1 hero2
t=1 ph=3 ap=0 snaps=728 hooks=40 inst=37 rollout "Steam Dwarf Engineer" Creature lvl1 hero2
t=1 ph=3 ap=0 snaps=732 hooks=40 inst=37 rollout "Steam Dwarf Engineer" Creature lvl1 hero2
t=1 ph=3 ap=0 snaps=739 hooks=40 inst=37 rollout "Steam Dwarf Engineer" Creature lvl1 hero2
t=1 ph=3 ap=0 snaps=748 hooks=40 inst=37 rollout "Steam Dwarf Engineer" Creature lvl1 hero2
t=1 ph=3 ap=0 snaps=767 hooks=40 inst=37 rollout "Steam Dwarf Engineer" Creature lvl1 hero2
t=1 ph=3 ap=0 snaps=775 hooks=40 inst=37 rollout "Steam Dwarf Engineer" Creature lvl1 hero2
t=1 ph=3 ap=0 snaps=795 hooks=40 inst=37 rollout "Steam Dwarf Engineer" Creature lvl1 hero2
t=1 ph=3 ap=0 snaps=801 hooks=40 inst=37 rollout "Steam Dwarf Engineer" Creature lvl1 hero2
t=1 ph=3 ap=0 snaps=813 hooks=40 inst=37 rollout "Steam Dwarf Engineer" Creature lvl1 hero2
t=1 ph=3 ap=0 snaps=820 hooks=40 inst=37 rollout "Steam Dwarf Engineer" Creature lvl1 hero2
t=1 ph=3 ap=0 snaps=826 hooks=40 inst=37 rollout "Steam Dwarf Engineer" Creature lvl1 hero2
t=1 ph=3 ap=0 snaps=832 hooks=40 inst=37 rollout "Steam Dwarf Engineer" Creature lvl1 hero2
t=1 ph=3 ap=0 snaps=836 hooks=40 inst=37 rollout "Steam Dwarf Engineer" Creature lvl1 hero2
t=1 ph=3 ap=0 snaps=852 hooks=40 inst=37 rollout "Steam Dwarf Engineer" Creature lvl1 hero2
t=1 ph=3 ap=0 snaps=863 hooks=40 inst=37 summon "Steam Dwarf Engineer" p0/h2
t=1 ph=5 ap=0 snaps=869 hooks=49 inst=38 switchTurn ending p0
t=2 ph=2 ap=1 snaps=869 hooks=13 inst=39 cpuTurnStart cpu=p1 hand=6
t=2 ph=3 ap=1 snaps=879 hooks=36 inst=46 rollout "Adventurousness" AbilityAction lvl2 hero2
t=2 ph=3 ap=1 snaps=888 hooks=36 inst=46 rollout "Adventurousness" AbilityAction lvl2 hero2
t=2 ph=3 ap=1 snaps=896 hooks=36 inst=46 rollout "Adventurousness" AbilityAction lvl2 hero2
t=2 ph=3 ap=1 snaps=902 hooks=36 inst=46 rollout "Adventurousness" AbilityAction lvl2 hero2
t=2 ph=3 ap=1 snaps=908 hooks=36 inst=46 rollout "Adventurousness" AbilityAction lvl2 hero2
t=2 ph=3 ap=1 snaps=914 hooks=36 inst=46 rollout "Adventurousness" AbilityAction lvl2 hero2
t=2 ph=3 ap=1 snaps=935 hooks=36 inst=46 rollout "Adventurousness" AbilityAction lvl2 hero2
t=2 ph=3 ap=1 snaps=943 hooks=36 inst=46 rollout "Adventurousness" AbilityAction lvl2 hero2
t=2 ph=3 ap=1 snaps=952 hooks=36 inst=46 rollout "Adventurousness" AbilityAction lvl2 hero2
t=2 ph=3 ap=1 snaps=958 hooks=36 inst=46 rollout "Adventurousness" AbilityAction lvl2 hero2
t=2 ph=3 ap=1 snaps=969 hooks=36 inst=46 rollout "Adventurousness" AbilityAction lvl2 hero2
t=2 ph=3 ap=1 snaps=977 hooks=36 inst=46 rollout "Adventurousness" AbilityAction lvl2 hero2
t=2 ph=3 ap=1 snaps=986 hooks=36 inst=46 rollout "Adventurousness" AbilityAction lvl2 hero2
t=2 ph=3 ap=1 snaps=998 hooks=36 inst=46 rollout "Adventurousness" AbilityAction lvl2 hero2
t=2 ph=3 ap=1 snaps=1011 hooks=36 inst=46 rollout "Adventurousness" AbilityAction lvl2 hero2
t=2 ph=3 ap=1 snaps=1015 hooks=36 inst=46 rollout "Adventurousness" AbilityAction lvl2 hero2
t=2 ph=3 ap=1 snaps=1025 hooks=36 inst=46 rollout "Adventurousness" AbilityAction lvl2 hero2
t=2 ph=3 ap=1 snaps=1039 hooks=36 inst=46 rollout "Adventurousness" AbilityAction lvl2 hero2
t=2 ph=3 ap=1 snaps=1055 hooks=36 inst=46 rollout "Adventurousness" AbilityAction lvl2 hero2
t=2 ph=3 ap=1 snaps=1069 hooks=36 inst=46 rollout "Adventurousness" AbilityAction lvl2 hero2
t=2 ph=3 ap=1 snaps=1083 hooks=36 inst=46 rollout "Adventurousness" AbilityAction lvl2 hero2
t=2 ph=3 ap=1 snaps=1095 hooks=36 inst=46 rollout "Adventurousness" AbilityAction lvl2 hero2
t=2 ph=3 ap=1 snaps=1107 hooks=36 inst=46 rollout "Adventurousness" AbilityAction lvl2 hero2
t=2 ph=3 ap=1 snaps=1116 hooks=36 inst=46 rollout "Adventurousness" AbilityAction lvl2 hero2
t=2 ph=3 ap=1 snaps=1125 hooks=36 inst=46 rollout "Adventurousness" AbilityAction lvl2 hero2
t=2 ph=3 ap=1 snaps=1135 hooks=36 inst=46 rollout "Adventurousness" AbilityAction lvl2 hero2
t=2 ph=3 ap=1 snaps=1153 hooks=36 inst=46 rollout "Adventurousness" AbilityAction lvl2 hero2
t=2 ph=3 ap=1 snaps=1162 hooks=36 inst=46 rollout "Adventurousness" AbilityAction lvl2 hero2
t=2 ph=3 ap=1 snaps=1168 hooks=36 inst=46 rollout "Adventurousness" AbilityAction lvl2 hero2
t=2 ph=3 ap=1 snaps=1175 hooks=36 inst=46 rollout "Adventurousness" AbilityAction lvl2 hero2
t=2 ph=3 ap=1 snaps=1191 hooks=36 inst=46 rollout "Adventurousness" AbilityAction lvl2 hero2
t=2 ph=3 ap=1 snaps=1197 hooks=36 inst=46 rollout "Adventurousness" AbilityAction lvl2 hero2
t=2 ph=3 ap=1 snaps=1204 hooks=36 inst=46 rollout "Adventurousness" AbilityAction lvl2 hero2
t=2 ph=3 ap=1 snaps=1210 hooks=36 inst=46 rollout "Adventurousness" AbilityAction lvl2 hero2
t=2 ph=3 ap=1 snaps=1235 hooks=36 inst=46 rollout "Adventurousness" AbilityAction lvl2 hero2
t=2 ph=3 ap=1 snaps=1246 hooks=36 inst=46 rollout "Adventurousness" AbilityAction lvl2 hero2
t=2 ph=3 ap=1 snaps=1258 hooks=36 inst=46 rollout "Adventurousness" AbilityAction lvl2 hero2
t=2 ph=3 ap=1 snaps=1271 hooks=36 inst=46 rollout "Adventurousness" AbilityAction lvl2 hero2
t=2 ph=3 ap=1 snaps=1296 hooks=36 inst=46 rollout "Adventurousness" AbilityAction lvl2 hero2
t=2 ph=3 ap=1 snaps=1309 hooks=36 inst=46 rollout "Adventurousness" AbilityAction lvl2 hero2
t=2 ph=3 ap=1 snaps=1318 hooks=36 inst=46 rollout "Adventurousness" AbilityAction lvl2 hero2
t=2 ph=3 ap=1 snaps=1332 hooks=36 inst=46 rollout "Adventurousness" AbilityAction lvl2 hero2
t=2 ph=3 ap=1 snaps=1341 hooks=36 inst=46 rollout "Adventurousness" AbilityAction lvl2 hero2
t=2 ph=3 ap=1 snaps=1346 hooks=36 inst=46 rollout "Adventurousness" AbilityAction lvl2 hero2
t=2 ph=3 ap=1 snaps=1358 hooks=36 inst=46 rollout "Adventurousness" AbilityAction lvl2 hero2
t=2 ph=3 ap=1 snaps=1365 hooks=36 inst=46 rollout "Adventurousness" AbilityAction lvl2 hero2
t=2 ph=3 ap=1 snaps=1377 hooks=36 inst=46 rollout "Adventurousness" AbilityAction lvl2 hero2
t=2 ph=3 ap=1 snaps=1386 hooks=36 inst=46 rollout "Adventurousness" AbilityAction lvl2 hero2
t=2 ph=3 ap=1 snaps=1397 hooks=36 inst=46 rollout "Adventurousness" AbilityAction lvl2 hero2
t=2 ph=3 ap=1 snaps=1410 hooks=36 inst=46 rollout "Adventurousness" AbilityAction lvl2 hero2
t=2 ph=3 ap=1 snaps=1426 hooks=36 inst=46 rollout "Adventurousness" AbilityAction lvl2 hero2
t=2 ph=3 ap=1 snaps=1436 hooks=36 inst=46 rollout "Adventurousness" AbilityAction lvl2 hero2
t=2 ph=3 ap=1 snaps=1444 hooks=36 inst=46 rollout "Adventurousness" AbilityAction lvl2 hero2
t=2 ph=3 ap=1 snaps=1457 hooks=36 inst=46 rollout "Adventurousness" AbilityAction lvl2 hero2
t=2 ph=3 ap=1 snaps=1470 hooks=36 inst=46 rollout "Adventurousness" AbilityAction lvl2 hero2
t=2 ph=3 ap=1 snaps=1479 hooks=36 inst=46 rollout "Adventurousness" AbilityAction lvl2 hero2
t=2 ph=3 ap=1 snaps=1486 hooks=36 inst=46 rollout "Adventurousness" AbilityAction lvl2 hero2
t=2 ph=3 ap=1 snaps=1498 hooks=36 inst=46 rollout "Adventurousness" AbilityAction lvl2 hero2
t=2 ph=3 ap=1 snaps=1518 hooks=36 inst=46 rollout "Adventurousness" AbilityAction lvl2 hero2
t=2 ph=3 ap=1 snaps=1529 hooks=36 inst=46 rollout "Adventurousness" AbilityAction lvl2 hero2
t=2 ph=3 ap=1 snaps=1548 hooks=36 inst=46 rollout "Adventurousness" AbilityAction lvl2 hero2
t=2 ph=3 ap=1 snaps=1570 hooks=36 inst=46 rollout "Adventurousness" AbilityAction lvl2 hero2
t=2 ph=3 ap=1 snaps=1578 hooks=36 inst=46 rollout "Adventurousness" AbilityAction lvl2 hero2
t=2 ph=3 ap=1 snaps=1591 hooks=36 inst=46 rollout "Adventurousness" AbilityAction lvl2 hero2
t=2 ph=3 ap=1 snaps=1600 hooks=36 inst=46 rollout "Adventurousness" AbilityAction lvl2 hero2
t=2 ph=3 ap=1 snaps=1614 hooks=36 inst=46 rollout "Adventurousness" AbilityAction lvl2 hero2
t=2 ph=3 ap=1 snaps=1618 hooks=36 inst=46 rollout "Adventurousness" AbilityAction lvl2 hero2
t=2 ph=3 ap=1 snaps=1628 hooks=36 inst=46 rollout "Adventurousness" AbilityAction lvl2 hero2
t=2 ph=3 ap=1 snaps=1641 hooks=36 inst=46 rollout "Adventurousness" AbilityAction lvl2 hero2
t=2 ph=3 ap=1 snaps=1652 hooks=36 inst=46 rollout "Adventurousness" AbilityAction lvl2 hero2
t=2 ph=3 ap=1 snaps=1668 hooks=36 inst=46 rollout "Adventurousness" AbilityAction lvl2 hero2
t=2 ph=3 ap=1 snaps=1682 hooks=36 inst=46 rollout "Adventurousness" AbilityAction lvl2 hero2
t=2 ph=3 ap=1 snaps=1692 hooks=36 inst=46 rollout "Adventurousness" AbilityAction lvl2 hero2
t=2 ph=3 ap=1 snaps=1716 hooks=36 inst=46 rollout "Adventurousness" AbilityAction lvl2 hero2
t=2 ph=3 ap=1 snaps=1733 hooks=36 inst=46 rollout "Adventurousness" AbilityAction lvl2 hero2
t=2 ph=3 ap=1 snaps=1746 hooks=36 inst=46 rollout "Adventurousness" AbilityAction lvl2 hero2
t=2 ph=3 ap=1 snaps=1757 hooks=36 inst=46 rollout "Adventurousness" AbilityAction lvl2 hero2
t=2 ph=3 ap=1 snaps=1766 hooks=36 inst=46 rollout "Adventurousness" AbilityAction lvl2 hero2
t=2 ph=3 ap=1 snaps=1781 hooks=36 inst=46 rollout "Adventurousness" AbilityAction lvl2 hero2
t=2 ph=3 ap=1 snaps=1796 hooks=36 inst=46 rollout "Adventurousness" AbilityAction lvl2 hero2
t=2 ph=5 ap=1 snaps=1814 hooks=44 inst=46 switchTurn ending p1
t=3 ph=2 ap=0 snaps=1814 hooks=10 inst=47 cpuTurnStart cpu=p0 hand=4
t=3 ph=2 ap=0 snaps=1819 hooks=19 inst=50 summon "Aggressive Town Guard" p0/h1
t=3 ph=3 ap=0 snaps=1860 hooks=57 inst=56 rollout "Steam Dwarf Brewer" Creature lvl1 hero2
t=3 ph=3 ap=0 snaps=1865 hooks=57 inst=56 rollout "Steam Dwarf Brewer" Creature lvl1 hero2
t=3 ph=3 ap=0 snaps=1873 hooks=57 inst=56 rollout "Steam Dwarf Brewer" Creature lvl1 hero2
t=3 ph=3 ap=0 snaps=1876 hooks=57 inst=56 rollout "Steam Dwarf Brewer" Creature lvl1 hero2
t=3 ph=3 ap=0 snaps=1884 hooks=57 inst=56 rollout "Steam Dwarf Brewer" Creature lvl1 hero2
t=3 ph=3 ap=0 snaps=1888 hooks=57 inst=56 rollout "Steam Dwarf Brewer" Creature lvl1 hero2
t=3 ph=3 ap=0 snaps=1895 hooks=57 inst=56 rollout "Steam Dwarf Brewer" Creature lvl1 hero2
t=3 ph=3 ap=0 snaps=1905 hooks=57 inst=56 rollout "Steam Dwarf Brewer" Creature lvl1 hero2
t=3 ph=3 ap=0 snaps=1915 hooks=57 inst=56 rollout "Steam Dwarf Brewer" Creature lvl1 hero2
t=3 ph=3 ap=0 snaps=1928 hooks=57 inst=56 rollout "Steam Dwarf Brewer" Creature lvl1 hero2
t=3 ph=3 ap=0 snaps=1932 hooks=57 inst=56 rollout "Steam Dwarf Brewer" Creature lvl1 hero2
t=3 ph=3 ap=0 snaps=1938 hooks=57 inst=56 rollout "Steam Dwarf Brewer" Creature lvl1 hero2
t=3 ph=3 ap=0 snaps=1942 hooks=57 inst=56 rollout "Steam Dwarf Brewer" Creature lvl1 hero2
t=3 ph=3 ap=0 snaps=1945 hooks=57 inst=56 rollout "Steam Dwarf Brewer" Creature lvl1 hero2
t=3 ph=3 ap=0 snaps=1951 hooks=57 inst=56 rollout "Steam Dwarf Brewer" Creature lvl1 hero2
t=3 ph=3 ap=0 snaps=1955 hooks=57 inst=56 rollout "Steam Dwarf Brewer" Creature lvl1 hero2
t=3 ph=3 ap=0 snaps=1961 hooks=57 inst=56 rollout "Steam Dwarf Brewer" Creature lvl1 hero2
t=3 ph=3 ap=0 snaps=1964 hooks=57 inst=56 rollout "Steam Dwarf Brewer" Creature lvl1 hero2
t=3 ph=3 ap=0 snaps=1967 hooks=57 inst=56 rollout "Steam Dwarf Brewer" Creature lvl1 hero2
t=3 ph=3 ap=0 snaps=1971 hooks=57 inst=56 rollout "Steam Dwarf Brewer" Creature lvl1 hero2
t=3 ph=3 ap=0 snaps=1978 hooks=57 inst=56 rollout "Steam Dwarf Brewer" Creature lvl1 hero2
t=3 ph=3 ap=0 snaps=1982 hooks=57 inst=56 rollout "Steam Dwarf Brewer" Creature lvl1 hero2
t=3 ph=3 ap=0 snaps=1986 hooks=57 inst=56 rollout "Steam Dwarf Brewer" Creature lvl1 hero2
t=3 ph=3 ap=0 snaps=1989 hooks=57 inst=56 rollout "Steam Dwarf Brewer" Creature lvl1 hero2
t=3 ph=3 ap=0 snaps=1999 hooks=57 inst=56 rollout "Steam Dwarf Brewer" Creature lvl1 hero2
t=3 ph=3 ap=0 snaps=2002 hooks=57 inst=56 rollout "Steam Dwarf Brewer" Creature lvl1 hero2
t=3 ph=3 ap=0 snaps=2010 hooks=57 inst=56 rollout "Steam Dwarf Brewer" Creature lvl1 hero2
t=3 ph=3 ap=0 snaps=2024 hooks=57 inst=56 rollout "Steam Dwarf Brewer" Creature lvl1 hero2
t=3 ph=3 ap=0 snaps=2031 hooks=57 inst=56 rollout "Steam Dwarf Brewer" Creature lvl1 hero2
t=3 ph=3 ap=0 snaps=2036 hooks=57 inst=56 rollout "Steam Dwarf Brewer" Creature lvl1 hero2
t=3 ph=3 ap=0 snaps=2046 hooks=57 inst=56 rollout "Steam Dwarf Brewer" Creature lvl1 hero2
t=3 ph=3 ap=0 snaps=2050 hooks=57 inst=56 rollout "Steam Dwarf Brewer" Creature lvl1 hero2
t=3 ph=3 ap=0 snaps=2062 hooks=57 inst=56 rollout "Steam Dwarf Brewer" Creature lvl1 hero2
t=3 ph=3 ap=0 snaps=2066 hooks=57 inst=56 rollout "Steam Dwarf Brewer" Creature lvl1 hero2
t=3 ph=3 ap=0 snaps=2069 hooks=57 inst=56 rollout "Steam Dwarf Brewer" Creature lvl1 hero2
t=3 ph=3 ap=0 snaps=2076 hooks=57 inst=56 rollout "Steam Dwarf Brewer" Creature lvl1 hero2
t=3 ph=3 ap=0 snaps=2079 hooks=57 inst=56 rollout "Steam Dwarf Brewer" Creature lvl1 hero2
t=3 ph=3 ap=0 snaps=2104 hooks=57 inst=56 rollout "Steam Dwarf Brewer" Creature lvl1 hero2
t=3 ph=3 ap=0 snaps=2108 hooks=57 inst=56 rollout "Steam Dwarf Brewer" Creature lvl1 hero2
t=3 ph=3 ap=0 snaps=2115 hooks=57 inst=56 rollout "Steam Dwarf Brewer" Creature lvl1 hero2
t=3 ph=3 ap=0 snaps=2119 hooks=57 inst=56 rollout "Steam Dwarf Brewer" Creature lvl1 hero2
t=3 ph=3 ap=0 snaps=2131 hooks=57 inst=56 rollout "Steam Dwarf Brewer" Creature lvl1 hero2
t=3 ph=3 ap=0 snaps=2135 hooks=57 inst=56 rollout "Steam Dwarf Brewer" Creature lvl1 hero2
t=3 ph=3 ap=0 snaps=2150 hooks=57 inst=56 rollout "Steam Dwarf Brewer" Creature lvl1 hero2
t=3 ph=3 ap=0 snaps=2155 hooks=57 inst=56 rollout "Steam Dwarf Brewer" Creature lvl1 hero2
t=3 ph=3 ap=0 snaps=2159 hooks=57 inst=56 rollout "Steam Dwarf Brewer" Creature lvl1 hero2
t=3 ph=3 ap=0 snaps=2176 hooks=57 inst=56 rollout "Steam Dwarf Brewer" Creature lvl1 hero2
t=3 ph=3 ap=0 snaps=2192 hooks=57 inst=56 rollout "Steam Dwarf Brewer" Creature lvl1 hero2
t=3 ph=3 ap=0 snaps=2195 hooks=57 inst=56 rollout "Steam Dwarf Brewer" Creature lvl1 hero2
t=3 ph=3 ap=0 snaps=2199 hooks=57 inst=56 rollout "Steam Dwarf Brewer" Creature lvl1 hero2
t=3 ph=3 ap=0 snaps=2208 hooks=57 inst=56 rollout "Steam Dwarf Brewer" Creature lvl1 hero2
t=3 ph=3 ap=0 snaps=2218 hooks=57 inst=56 rollout "Steam Dwarf Brewer" Creature lvl1 hero2
t=3 ph=3 ap=0 snaps=2222 hooks=57 inst=56 rollout "Steam Dwarf Brewer" Creature lvl1 hero2
t=3 ph=3 ap=0 snaps=2229 hooks=57 inst=56 rollout "Steam Dwarf Brewer" Creature lvl1 hero2
t=3 ph=3 ap=0 snaps=2247 hooks=57 inst=56 rollout "Steam Dwarf Brewer" Creature lvl1 hero2
t=3 ph=3 ap=0 snaps=2251 hooks=57 inst=56 rollout "Steam Dwarf Brewer" Creature lvl1 hero2
t=3 ph=3 ap=0 snaps=2256 hooks=57 inst=56 rollout "Steam Dwarf Brewer" Creature lvl1 hero2
t=3 ph=3 ap=0 snaps=2260 hooks=57 inst=56 rollout "Steam Dwarf Brewer" Creature lvl1 hero2
t=3 ph=3 ap=0 snaps=2268 hooks=57 inst=56 rollout "Steam Dwarf Brewer" Creature lvl1 hero2
t=3 ph=3 ap=0 snaps=2272 hooks=57 inst=56 rollout "Steam Dwarf Brewer" Creature lvl1 hero2
t=3 ph=3 ap=0 snaps=2278 hooks=57 inst=56 rollout "Steam Dwarf Brewer" Creature lvl1 hero2
t=3 ph=3 ap=0 snaps=2286 hooks=57 inst=56 rollout "Steam Dwarf Brewer" Creature lvl1 hero2
t=3 ph=3 ap=0 snaps=2294 hooks=57 inst=56 rollout "Steam Dwarf Brewer" Creature lvl1 hero2
t=3 ph=3 ap=0 snaps=2299 hooks=57 inst=56 rollout "Steam Dwarf Brewer" Creature lvl1 hero2
t=3 ph=3 ap=0 snaps=2317 hooks=57 inst=56 rollout "Steam Dwarf Brewer" Creature lvl1 hero2
t=3 ph=3 ap=0 snaps=2333 hooks=57 inst=56 rollout "Steam Dwarf Brewer" Creature lvl1 hero2
t=3 ph=3 ap=0 snaps=2350 hooks=57 inst=56 rollout "Steam Dwarf Brewer" Creature lvl1 hero2
t=3 ph=3 ap=0 snaps=2355 hooks=57 inst=56 rollout "Steam Dwarf Brewer" Creature lvl1 hero2
t=3 ph=3 ap=0 snaps=2365 hooks=57 inst=56 rollout "Steam Dwarf Brewer" Creature lvl1 hero2
t=3 ph=3 ap=0 snaps=2374 hooks=57 inst=56 rollout "Steam Dwarf Brewer" Creature lvl1 hero2
t=3 ph=3 ap=0 snaps=2390 hooks=57 inst=56 rollout "Steam Dwarf Brewer" Creature lvl1 hero2
t=3 ph=3 ap=0 snaps=2400 hooks=57 inst=56 rollout "Steam Dwarf Brewer" Creature lvl1 hero2
t=3 ph=3 ap=0 snaps=2403 hooks=57 inst=56 rollout "Steam Dwarf Brewer" Creature lvl1 hero2
t=3 ph=3 ap=0 snaps=2407 hooks=57 inst=56 rollout "Steam Dwarf Brewer" Creature lvl1 hero2
t=3 ph=3 ap=0 snaps=2412 hooks=57 inst=56 rollout "Steam Dwarf Brewer" Creature lvl1 hero2
t=3 ph=3 ap=0 snaps=2420 hooks=57 inst=56 rollout "Steam Dwarf Brewer" Creature lvl1 hero2
t=3 ph=3 ap=0 snaps=2424 hooks=57 inst=56 rollout "Steam Dwarf Brewer" Creature lvl1 hero2
t=3 ph=3 ap=0 snaps=2431 hooks=57 inst=56 rollout "Steam Dwarf Brewer" Creature lvl1 hero2
t=3 ph=3 ap=0 snaps=2445 hooks=57 inst=56 rollout "Steam Dwarf Brewer" Creature lvl1 hero2
t=3 ph=3 ap=0 snaps=2448 hooks=57 inst=56 rollout "Steam Dwarf Brewer" Creature lvl1 hero2
t=3 ph=3 ap=0 snaps=2454 hooks=57 inst=56 summon "Steam Dwarf Brewer" p0/h2
t=3 ph=5 ap=0 snaps=2463 hooks=66 inst=57 switchTurn ending p0
t=4 ph=2 ap=1 snaps=2463 hooks=16 inst=58 cpuTurnStart cpu=p1 hand=1
t=4 ph=3 ap=1 snaps=2520 hooks=25 inst=61 rollout "Adventurousness" AbilityAction lvl2 hero2
t=4 ph=3 ap=1 snaps=2523 hooks=25 inst=61 rollout "Adventurousness" AbilityAction lvl2 hero2
t=4 ph=3 ap=1 snaps=2526 hooks=25 inst=61 rollout "Adventurousness" AbilityAction lvl2 hero2
t=4 ph=3 ap=1 snaps=2528 hooks=25 inst=61 rollout "Adventurousness" AbilityAction lvl2 hero2
t=4 ph=3 ap=1 snaps=2531 hooks=25 inst=61 rollout "Adventurousness" AbilityAction lvl2 hero2
t=4 ph=3 ap=1 snaps=2533 hooks=25 inst=61 rollout "Adventurousness" AbilityAction lvl2 hero2
t=4 ph=3 ap=1 snaps=2535 hooks=25 inst=61 rollout "Adventurousness" AbilityAction lvl2 hero2
t=4 ph=3 ap=1 snaps=2538 hooks=25 inst=61 rollout "Adventurousness" AbilityAction lvl2 hero2
t=4 ph=3 ap=1 snaps=2544 hooks=25 inst=61 rollout "Adventurousness" AbilityAction lvl2 hero2
t=4 ph=3 ap=1 snaps=2547 hooks=25 inst=61 rollout "Adventurousness" AbilityAction lvl2 hero2
t=4 ph=3 ap=1 snaps=2549 hooks=25 inst=61 rollout "Adventurousness" AbilityAction lvl2 hero2
t=4 ph=3 ap=1 snaps=2552 hooks=25 inst=61 rollout "Adventurousness" AbilityAction lvl2 hero2
t=4 ph=3 ap=1 snaps=2559 hooks=25 inst=61 rollout "Adventurousness" AbilityAction lvl2 hero2
t=4 ph=3 ap=1 snaps=2562 hooks=25 inst=61 rollout "Adventurousness" AbilityAction lvl2 hero2
t=4 ph=3 ap=1 snaps=2564 hooks=25 inst=61 rollout "Adventurousness" AbilityAction lvl2 hero2
t=4 ph=3 ap=1 snaps=2566 hooks=25 inst=61 rollout "Adventurousness" AbilityAction lvl2 hero2
t=4 ph=3 ap=1 snaps=2568 hooks=25 inst=61 rollout "Adventurousness" AbilityAction lvl2 hero2
t=4 ph=3 ap=1 snaps=2570 hooks=25 inst=61 rollout "Adventurousness" AbilityAction lvl2 hero2
t=4 ph=3 ap=1 snaps=2574 hooks=25 inst=61 rollout "Adventurousness" AbilityAction lvl2 hero2
t=4 ph=3 ap=1 snaps=2577 hooks=25 inst=61 rollout "Adventurousness" AbilityAction lvl2 hero2
t=4 ph=3 ap=1 snaps=2580 hooks=25 inst=61 rollout "Adventurousness" AbilityAction lvl2 hero2
t=4 ph=3 ap=1 snaps=2582 hooks=25 inst=61 rollout "Adventurousness" AbilityAction lvl2 hero2
t=4 ph=3 ap=1 snaps=2586 hooks=25 inst=61 rollout "Adventurousness" AbilityAction lvl2 hero2
t=4 ph=3 ap=1 snaps=2592 hooks=25 inst=61 rollout "Adventurousness" AbilityAction lvl2 hero2
t=4 ph=3 ap=1 snaps=2598 hooks=25 inst=61 rollout "Adventurousness" AbilityAction lvl2 hero2
t=4 ph=3 ap=1 snaps=2600 hooks=25 inst=61 rollout "Adventurousness" AbilityAction lvl2 hero2
t=4 ph=3 ap=1 snaps=2606 hooks=25 inst=61 rollout "Adventurousness" AbilityAction lvl2 hero2
t=4 ph=3 ap=1 snaps=2608 hooks=25 inst=61 rollout "Adventurousness" AbilityAction lvl2 hero2
t=4 ph=3 ap=1 snaps=2611 hooks=25 inst=61 rollout "Adventurousness" AbilityAction lvl2 hero2
t=4 ph=3 ap=1 snaps=2613 hooks=25 inst=61 rollout "Adventurousness" AbilityAction lvl2 hero2
t=4 ph=3 ap=1 snaps=2616 hooks=25 inst=61 rollout "Adventurousness" AbilityAction lvl2 hero2
t=4 ph=3 ap=1 snaps=2622 hooks=25 inst=61 rollout "Adventurousness" AbilityAction lvl2 hero2
t=4 ph=3 ap=1 snaps=2625 hooks=25 inst=61 rollout "Adventurousness" AbilityAction lvl2 hero2
t=4 ph=3 ap=1 snaps=2628 hooks=25 inst=61 rollout "Adventurousness" AbilityAction lvl2 hero2
t=4 ph=3 ap=1 snaps=2631 hooks=25 inst=61 rollout "Adventurousness" AbilityAction lvl2 hero2
t=4 ph=3 ap=1 snaps=2634 hooks=25 inst=61 rollout "Adventurousness" AbilityAction lvl2 hero2
t=4 ph=3 ap=1 snaps=2636 hooks=25 inst=61 rollout "Adventurousness" AbilityAction lvl2 hero2
t=4 ph=3 ap=1 snaps=2638 hooks=25 inst=61 rollout "Adventurousness" AbilityAction lvl2 hero2
t=4 ph=3 ap=1 snaps=2641 hooks=25 inst=61 rollout "Adventurousness" AbilityAction lvl2 hero2
t=4 ph=3 ap=1 snaps=2644 hooks=25 inst=61 rollout "Adventurousness" AbilityAction lvl2 hero2
t=4 ph=3 ap=1 snaps=2646 hooks=25 inst=61 rollout "Adventurousness" AbilityAction lvl2 hero2
t=4 ph=3 ap=1 snaps=2650 hooks=25 inst=61 rollout "Adventurousness" AbilityAction lvl2 hero2
t=4 ph=3 ap=1 snaps=2654 hooks=25 inst=61 rollout "Adventurousness" AbilityAction lvl2 hero2
t=4 ph=3 ap=1 snaps=2658 hooks=25 inst=61 rollout "Adventurousness" AbilityAction lvl2 hero2
t=4 ph=3 ap=1 snaps=2661 hooks=25 inst=61 rollout "Adventurousness" AbilityAction lvl2 hero2
t=4 ph=3 ap=1 snaps=2663 hooks=25 inst=61 rollout "Adventurousness" AbilityAction lvl2 hero2
t=4 ph=3 ap=1 snaps=2667 hooks=25 inst=61 rollout "Adventurousness" AbilityAction lvl2 hero2
t=4 ph=3 ap=1 snaps=2675 hooks=25 inst=61 rollout "Adventurousness" AbilityAction lvl2 hero2
t=4 ph=3 ap=1 snaps=2678 hooks=25 inst=61 rollout "Adventurousness" AbilityAction lvl2 hero2
t=4 ph=3 ap=1 snaps=2680 hooks=25 inst=61 rollout "Adventurousness" AbilityAction lvl2 hero2
t=4 ph=3 ap=1 snaps=2683 hooks=25 inst=61 rollout "Adventurousness" AbilityAction lvl2 hero2
t=4 ph=3 ap=1 snaps=2686 hooks=25 inst=61 rollout "Adventurousness" AbilityAction lvl2 hero2
t=4 ph=3 ap=1 snaps=2688 hooks=25 inst=61 rollout "Adventurousness" AbilityAction lvl2 hero2
t=4 ph=3 ap=1 snaps=2694 hooks=25 inst=61 rollout "Adventurousness" AbilityAction lvl2 hero2
t=4 ph=3 ap=1 snaps=2703 hooks=25 inst=61 rollout "Adventurousness" AbilityAction lvl2 hero2
t=4 ph=3 ap=1 snaps=2708 hooks=25 inst=61 rollout "Adventurousness" AbilityAction lvl2 hero2
t=4 ph=3 ap=1 snaps=2717 hooks=25 inst=61 rollout "Adventurousness" AbilityAction lvl2 hero2
t=4 ph=3 ap=1 snaps=2719 hooks=25 inst=61 rollout "Adventurousness" AbilityAction lvl2 hero2
t=4 ph=3 ap=1 snaps=2722 hooks=25 inst=61 rollout "Adventurousness" AbilityAction lvl2 hero2
t=4 ph=3 ap=1 snaps=2725 hooks=25 inst=61 rollout "Adventurousness" AbilityAction lvl2 hero2
t=4 ph=3 ap=1 snaps=2728 hooks=25 inst=61 rollout "Adventurousness" AbilityAction lvl2 hero2
t=4 ph=3 ap=1 snaps=2732 hooks=25 inst=61 rollout "Adventurousness" AbilityAction lvl2 hero2
t=4 ph=3 ap=1 snaps=2734 hooks=25 inst=61 rollout "Adventurousness" AbilityAction lvl2 hero2
t=4 ph=3 ap=1 snaps=2736 hooks=25 inst=61 rollout "Adventurousness" AbilityAction lvl2 hero2
t=4 ph=3 ap=1 snaps=2739 hooks=25 inst=61 rollout "Adventurousness" AbilityAction lvl2 hero2
t=4 ph=3 ap=1 snaps=2742 hooks=25 inst=61 rollout "Adventurousness" AbilityAction lvl2 hero2
t=4 ph=3 ap=1 snaps=2755 hooks=25 inst=61 rollout "Adventurousness" AbilityAction lvl2 hero2
t=4 ph=3 ap=1 snaps=2757 hooks=25 inst=61 rollout "Adventurousness" AbilityAction lvl2 hero2
t=4 ph=3 ap=1 snaps=2761 hooks=25 inst=61 rollout "Adventurousness" AbilityAction lvl2 hero2
t=4 ph=3 ap=1 snaps=2764 hooks=25 inst=61 rollout "Adventurousness" AbilityAction lvl2 hero2
t=4 ph=3 ap=1 snaps=2766 hooks=25 inst=61 rollout "Adventurousness" AbilityAction lvl2 hero2
t=4 ph=3 ap=1 snaps=2773 hooks=25 inst=61 rollout "Adventurousness" AbilityAction lvl2 hero2
t=4 ph=3 ap=1 snaps=2775 hooks=25 inst=61 rollout "Adventurousness" AbilityAction lvl2 hero2
t=4 ph=3 ap=1 snaps=2779 hooks=25 inst=61 rollout "Adventurousness" AbilityAction lvl2 hero2
t=4 ph=3 ap=1 snaps=2786 hooks=25 inst=61 rollout "Adventurousness" AbilityAction lvl2 hero2
t=4 ph=3 ap=1 snaps=2794 hooks=25 inst=61 rollout "Adventurousness" AbilityAction lvl2 hero2
t=4 ph=3 ap=1 snaps=2796 hooks=25 inst=61 rollout "Adventurousness" AbilityAction lvl2 hero2
t=4 ph=3 ap=1 snaps=2798 hooks=25 inst=61 rollout "Adventurousness" AbilityAction lvl2 hero2
t=4 ph=3 ap=1 snaps=2806 hooks=25 inst=61 rollout "Adventurousness" AbilityAction lvl2 hero2
t=4 ph=3 ap=1 snaps=2808 hooks=25 inst=61 rollout "Adventurousness" AbilityAction lvl2 hero2
t=4 ph=5 ap=1 snaps=2816 hooks=35 inst=62 switchTurn ending p1
t=5 ph=2 ap=0 snaps=2816 hooks=10 inst=63 cpuTurnStart cpu=p0 hand=1
t=5 ph=2 ap=0 snaps=2858 hooks=24 inst=65 summon "Ska Harpyformer" p0/h1
t=5 ph=5 ap=0 snaps=2911 hooks=42 inst=69 switchTurn ending p0
t=6 ph=2 ap=1 snaps=2911 hooks=14 inst=70 cpuTurnStart cpu=p1 hand=1
t=6 ph=3 ap=1 snaps=2952 hooks=20 inst=72 rollout "Adventurousness" AbilityAction lvl2 hero2
t=6 ph=3 ap=1 snaps=2953 hooks=20 inst=72 rollout "Adventurousness" AbilityAction lvl2 hero2
t=6 ph=3 ap=1 snaps=2954 hooks=20 inst=72 rollout "Adventurousness" AbilityAction lvl2 hero2
t=6 ph=3 ap=1 snaps=2955 hooks=20 inst=72 rollout "Adventurousness" AbilityAction lvl2 hero2
t=6 ph=3 ap=1 snaps=2956 hooks=20 inst=72 rollout "Adventurousness" AbilityAction lvl2 hero2
t=6 ph=3 ap=1 snaps=2957 hooks=20 inst=72 rollout "Adventurousness" AbilityAction lvl2 hero2
t=6 ph=3 ap=1 snaps=2963 hooks=20 inst=72 rollout "Adventurousness" AbilityAction lvl2 hero2
t=6 ph=3 ap=1 snaps=2964 hooks=20 inst=72 rollout "Adventurousness" AbilityAction lvl2 hero2
t=6 ph=3 ap=1 snaps=2965 hooks=20 inst=72 rollout "Adventurousness" AbilityAction lvl2 hero2
t=6 ph=3 ap=1 snaps=2966 hooks=20 inst=72 rollout "Adventurousness" AbilityAction lvl2 hero2
t=6 ph=3 ap=1 snaps=2970 hooks=20 inst=72 rollout "Adventurousness" AbilityAction lvl2 hero2
t=6 ph=3 ap=1 snaps=2971 hooks=20 inst=72 rollout "Adventurousness" AbilityAction lvl2 hero2
t=6 ph=3 ap=1 snaps=2975 hooks=20 inst=72 rollout "Adventurousness" AbilityAction lvl2 hero2
t=6 ph=3 ap=1 snaps=2976 hooks=20 inst=72 rollout "Adventurousness" AbilityAction lvl2 hero2
t=6 ph=3 ap=1 snaps=2977 hooks=20 inst=72 rollout "Adventurousness" AbilityAction lvl2 hero2
t=6 ph=3 ap=1 snaps=2979 hooks=20 inst=72 rollout "Adventurousness" AbilityAction lvl2 hero2
t=6 ph=3 ap=1 snaps=2980 hooks=20 inst=72 rollout "Adventurousness" AbilityAction lvl2 hero2
t=6 ph=3 ap=1 snaps=2981 hooks=20 inst=72 rollout "Adventurousness" AbilityAction lvl2 hero2
t=6 ph=3 ap=1 snaps=2983 hooks=20 inst=72 rollout "Adventurousness" AbilityAction lvl2 hero2
t=6 ph=3 ap=1 snaps=2984 hooks=20 inst=72 rollout "Adventurousness" AbilityAction lvl2 hero2
t=6 ph=3 ap=1 snaps=2989 hooks=20 inst=72 rollout "Adventurousness" AbilityAction lvl2 hero2
t=6 ph=3 ap=1 snaps=2990 hooks=20 inst=72 rollout "Adventurousness" AbilityAction lvl2 hero2
t=6 ph=3 ap=1 snaps=2991 hooks=20 inst=72 rollout "Adventurousness" AbilityAction lvl2 hero2
t=6 ph=3 ap=1 snaps=2992 hooks=20 inst=72 rollout "Adventurousness" AbilityAction lvl2 hero2
t=6 ph=3 ap=1 snaps=2993 hooks=20 inst=72 rollout "Adventurousness" AbilityAction lvl2 hero2
t=6 ph=3 ap=1 snaps=2995 hooks=20 inst=72 rollout "Adventurousness" AbilityAction lvl2 hero2
t=6 ph=3 ap=1 snaps=2999 hooks=20 inst=72 rollout "Adventurousness" AbilityAction lvl2 hero2
t=6 ph=3 ap=1 snaps=3000 hooks=20 inst=72 rollout "Adventurousness" AbilityAction lvl2 hero2
t=6 ph=3 ap=1 snaps=3001 hooks=20 inst=72 rollout "Adventurousness" AbilityAction lvl2 hero2
t=6 ph=3 ap=1 snaps=3002 hooks=20 inst=72 rollout "Adventurousness" AbilityAction lvl2 hero2
t=6 ph=3 ap=1 snaps=3003 hooks=20 inst=72 rollout "Adventurousness" AbilityAction lvl2 hero2
t=6 ph=3 ap=1 snaps=3006 hooks=20 inst=72 rollout "Adventurousness" AbilityAction lvl2 hero2
t=6 ph=3 ap=1 snaps=3007 hooks=20 inst=72 rollout "Adventurousness" AbilityAction lvl2 hero2
t=6 ph=3 ap=1 snaps=3010 hooks=20 inst=72 rollout "Adventurousness" AbilityAction lvl2 hero2
t=6 ph=3 ap=1 snaps=3011 hooks=20 inst=72 rollout "Adventurousness" AbilityAction lvl2 hero2
t=6 ph=3 ap=1 snaps=3012 hooks=20 inst=72 rollout "Adventurousness" AbilityAction lvl2 hero2
t=6 ph=3 ap=1 snaps=3013 hooks=20 inst=72 rollout "Adventurousness" AbilityAction lvl2 hero2
t=6 ph=3 ap=1 snaps=3019 hooks=20 inst=72 rollout "Adventurousness" AbilityAction lvl2 hero2
t=6 ph=3 ap=1 snaps=3020 hooks=20 inst=72 rollout "Adventurousness" AbilityAction lvl2 hero2
t=6 ph=3 ap=1 snaps=3021 hooks=20 inst=72 rollout "Adventurousness" AbilityAction lvl2 hero2
t=6 ph=3 ap=1 snaps=3022 hooks=20 inst=72 rollout "Adventurousness" AbilityAction lvl2 hero2
t=6 ph=3 ap=1 snaps=3027 hooks=20 inst=72 rollout "Adventurousness" AbilityAction lvl2 hero2
t=6 ph=3 ap=1 snaps=3028 hooks=20 inst=72 rollout "Adventurousness" AbilityAction lvl2 hero2
t=6 ph=3 ap=1 snaps=3035 hooks=20 inst=72 rollout "Adventurousness" AbilityAction lvl2 hero2
t=6 ph=3 ap=1 snaps=3037 hooks=20 inst=72 rollout "Adventurousness" AbilityAction lvl2 hero2
t=6 ph=3 ap=1 snaps=3038 hooks=20 inst=72 rollout "Adventurousness" AbilityAction lvl2 hero2
t=6 ph=3 ap=1 snaps=3039 hooks=20 inst=72 rollout "Adventurousness" AbilityAction lvl2 hero2
t=6 ph=3 ap=1 snaps=3040 hooks=20 inst=72 rollout "Adventurousness" AbilityAction lvl2 hero2
t=6 ph=3 ap=1 snaps=3041 hooks=20 inst=72 rollout "Adventurousness" AbilityAction lvl2 hero2
t=6 ph=3 ap=1 snaps=3042 hooks=20 inst=72 rollout "Adventurousness" AbilityAction lvl2 hero2
t=6 ph=3 ap=1 snaps=3050 hooks=20 inst=72 rollout "Adventurousness" AbilityAction lvl2 hero2
t=6 ph=3 ap=1 snaps=3057 hooks=20 inst=72 rollout "Adventurousness" AbilityAction lvl2 hero2
t=6 ph=3 ap=1 snaps=3058 hooks=20 inst=72 rollout "Adventurousness" AbilityAction lvl2 hero2
t=6 ph=3 ap=1 snaps=3059 hooks=20 inst=72 rollout "Adventurousness" AbilityAction lvl2 hero2
t=6 ph=3 ap=1 snaps=3060 hooks=20 inst=72 rollout "Adventurousness" AbilityAction lvl2 hero2
t=6 ph=3 ap=1 snaps=3061 hooks=20 inst=72 rollout "Adventurousness" AbilityAction lvl2 hero2
t=6 ph=3 ap=1 snaps=3062 hooks=20 inst=72 rollout "Adventurousness" AbilityAction lvl2 hero2
t=6 ph=3 ap=1 snaps=3063 hooks=20 inst=72 rollout "Adventurousness" AbilityAction lvl2 hero2
t=6 ph=3 ap=1 snaps=3065 hooks=20 inst=72 rollout "Adventurousness" AbilityAction lvl2 hero2
t=6 ph=3 ap=1 snaps=3066 hooks=20 inst=72 rollout "Adventurousness" AbilityAction lvl2 hero2
t=6 ph=3 ap=1 snaps=3067 hooks=20 inst=72 rollout "Adventurousness" AbilityAction lvl2 hero2
t=6 ph=3 ap=1 snaps=3068 hooks=20 inst=72 rollout "Adventurousness" AbilityAction lvl2 hero2
t=6 ph=3 ap=1 snaps=3069 hooks=20 inst=72 rollout "Adventurousness" AbilityAction lvl2 hero2
t=6 ph=3 ap=1 snaps=3070 hooks=20 inst=72 rollout "Adventurousness" AbilityAction lvl2 hero2
t=6 ph=3 ap=1 snaps=3071 hooks=20 inst=72 rollout "Adventurousness" AbilityAction lvl2 hero2
t=6 ph=3 ap=1 snaps=3072 hooks=20 inst=72 rollout "Adventurousness" AbilityAction lvl2 hero2
t=6 ph=3 ap=1 snaps=3088 hooks=20 inst=72 rollout "Adventurousness" AbilityAction lvl2 hero2
t=6 ph=3 ap=1 snaps=3089 hooks=20 inst=72 rollout "Adventurousness" AbilityAction lvl2 hero2
t=6 ph=3 ap=1 snaps=3090 hooks=20 inst=72 rollout "Adventurousness" AbilityAction lvl2 hero2
t=6 ph=3 ap=1 snaps=3099 hooks=20 inst=72 rollout "Adventurousness" AbilityAction lvl2 hero2
t=6 ph=3 ap=1 snaps=3100 hooks=20 inst=72 rollout "Adventurousness" AbilityAction lvl2 hero2
t=6 ph=3 ap=1 snaps=3101 hooks=20 inst=72 rollout "Adventurousness" AbilityAction lvl2 hero2
t=6 ph=3 ap=1 snaps=3102 hooks=20 inst=72 rollout "Adventurousness" AbilityAction lvl2 hero2
t=6 ph=3 ap=1 snaps=3103 hooks=20 inst=72 rollout "Adventurousness" AbilityAction lvl2 hero2
t=6 ph=3 ap=1 snaps=3104 hooks=20 inst=72 rollout "Adventurousness" AbilityAction lvl2 hero2
t=6 ph=3 ap=1 snaps=3105 hooks=20 inst=72 rollout "Adventurousness" AbilityAction lvl2 hero2
t=6 ph=3 ap=1 snaps=3106 hooks=20 inst=72 rollout "Adventurousness" AbilityAction lvl2 hero2
t=6 ph=3 ap=1 snaps=3113 hooks=20 inst=72 rollout "Adventurousness" AbilityAction lvl2 hero2
t=6 ph=3 ap=1 snaps=3114 hooks=20 inst=72 rollout "Adventurousness" AbilityAction lvl2 hero2
t=6 ph=3 ap=1 snaps=3115 hooks=20 inst=72 rollout "Adventurousness" AbilityAction lvl2 hero2
t=6 ph=5 ap=1 snaps=3125 hooks=28 inst=72 switchTurn ending p1
t=7 ph=2 ap=0 snaps=3125 hooks=10 inst=73 cpuTurnStart cpu=p0 hand=2
t=7 ph=5 ap=0 snaps=3196 hooks=39 inst=75 switchTurn ending p0
t=8 ph=2 ap=1 snaps=3196 hooks=12 inst=76 cpuTurnStart cpu=p1 hand=3
t=8 ph=5 ap=1 snaps=3225 hooks=27 inst=80 switchTurn ending p1
t=9 ph=2 ap=0 snaps=3225 hooks=10 inst=81 cpuTurnStart cpu=p0 hand=3
t=9 ph=2 ap=0 snaps=3268 hooks=42 inst=89 summon "Ska Harpyformer" p0/h0
t=9 ph=3 ap=0 snaps=3356 hooks=50 inst=91 rollout "Chain Lightning" Spell lvl3 hero2
t=9 ph=3 ap=0 snaps=3357 hooks=50 inst=91 rollout "Steam Dwarf Exterminator" Creature lvl1 hero2
t=9 ph=3 ap=0 snaps=3361 hooks=50 inst=91 rollout "Steam Dwarf Exterminator" Creature lvl1 hero0
t=9 ph=3 ap=0 snaps=3362 hooks=50 inst=91 rollout "Steam Dwarf Exterminator" Creature lvl1 hero2
t=9 ph=3 ap=0 snaps=3366 hooks=50 inst=91 rollout "Steam Dwarf Exterminator" Creature lvl1 hero2
t=9 ph=3 ap=0 snaps=3371 hooks=50 inst=91 rollout "Steam Dwarf Exterminator" Creature lvl1 hero2
t=9 ph=3 ap=0 snaps=3377 hooks=50 inst=91 rollout "Steam Dwarf Exterminator" Creature lvl1 hero2
t=9 ph=3 ap=0 snaps=3382 hooks=50 inst=91 rollout "Steam Dwarf Exterminator" Creature lvl1 hero2
t=9 ph=3 ap=0 snaps=3383 hooks=50 inst=91 rollout "Steam Dwarf Exterminator" Creature lvl1 hero2
t=9 ph=3 ap=0 snaps=3388 hooks=50 inst=91 rollout "Steam Dwarf Exterminator" Creature lvl1 hero2
t=9 ph=3 ap=0 snaps=3392 hooks=50 inst=91 rollout "Steam Dwarf Exterminator" Creature lvl1 hero2
t=9 ph=3 ap=0 snaps=3393 hooks=50 inst=91 rollout "Steam Dwarf Exterminator" Creature lvl1 hero2
t=9 ph=3 ap=0 snaps=3394 hooks=50 inst=91 rollout "Steam Dwarf Exterminator" Creature lvl1 hero2
t=9 ph=3 ap=0 snaps=3395 hooks=50 inst=91 rollout "Steam Dwarf Exterminator" Creature lvl1 hero2
t=9 ph=3 ap=0 snaps=3397 hooks=50 inst=91 rollout "Steam Dwarf Exterminator" Creature lvl1 hero2
t=9 ph=3 ap=0 snaps=3398 hooks=50 inst=91 rollout "Steam Dwarf Exterminator" Creature lvl1 hero0
t=9 ph=3 ap=0 snaps=3399 hooks=50 inst=91 rollout "Steam Dwarf Exterminator" Creature lvl1 hero0
t=9 ph=3 ap=0 snaps=3403 hooks=50 inst=91 rollout "Steam Dwarf Exterminator" Creature lvl1 hero0
t=9 ph=3 ap=0 snaps=3404 hooks=50 inst=91 rollout "Steam Dwarf Exterminator" Creature lvl1 hero0
t=9 ph=3 ap=0 snaps=3405 hooks=50 inst=91 rollout "Steam Dwarf Exterminator" Creature lvl1 hero0
t=9 ph=3 ap=0 snaps=3409 hooks=50 inst=91 rollout "Steam Dwarf Exterminator" Creature lvl1 hero0
t=9 ph=3 ap=0 snaps=3415 hooks=50 inst=91 rollout "Steam Dwarf Exterminator" Creature lvl1 hero0
t=9 ph=3 ap=0 snaps=3416 hooks=50 inst=91 rollout "Steam Dwarf Exterminator" Creature lvl1 hero0
t=9 ph=3 ap=0 snaps=3417 hooks=50 inst=91 rollout "Steam Dwarf Exterminator" Creature lvl1 hero0
t=9 ph=3 ap=0 snaps=3418 hooks=50 inst=91 rollout "Steam Dwarf Exterminator" Creature lvl1 hero0
t=9 ph=3 ap=0 snaps=3419 hooks=50 inst=91 rollout "Steam Dwarf Exterminator" Creature lvl1 hero0
t=9 ph=3 ap=0 snaps=3420 hooks=50 inst=91 rollout "Steam Dwarf Exterminator" Creature lvl1 hero0
t=9 ph=3 ap=0 snaps=3421 hooks=50 inst=91 rollout "Chain Lightning" Spell lvl3 hero2
t=9 ph=3 ap=0 snaps=3422 hooks=50 inst=91 rollout "Steam Dwarf Exterminator" Creature lvl1 hero2
t=9 ph=3 ap=0 snaps=3423 hooks=50 inst=91 rollout "Steam Dwarf Exterminator" Creature lvl1 hero2
t=9 ph=3 ap=0 snaps=3425 hooks=50 inst=91 rollout "Steam Dwarf Exterminator" Creature lvl1 hero2
t=9 ph=3 ap=0 snaps=3426 hooks=50 inst=91 rollout "Steam Dwarf Exterminator" Creature lvl1 hero2
t=9 ph=3 ap=0 snaps=3427 hooks=50 inst=91 rollout "Steam Dwarf Exterminator" Creature lvl1 hero2
t=9 ph=3 ap=0 snaps=3428 hooks=50 inst=91 rollout "Steam Dwarf Exterminator" Creature lvl1 hero2
t=9 ph=3 ap=0 snaps=3432 hooks=50 inst=91 rollout "Steam Dwarf Exterminator" Creature lvl1 hero2
t=9 ph=3 ap=0 snaps=3440 hooks=50 inst=91 rollout "Steam Dwarf Exterminator" Creature lvl1 hero2
t=9 ph=3 ap=0 snaps=3441 hooks=50 inst=91 rollout "Steam Dwarf Exterminator" Creature lvl1 hero2
t=9 ph=3 ap=0 snaps=3442 hooks=50 inst=91 rollout "Steam Dwarf Exterminator" Creature lvl1 hero2
t=9 ph=3 ap=0 snaps=3443 hooks=50 inst=91 rollout "Steam Dwarf Exterminator" Creature lvl1 hero2
t=9 ph=3 ap=0 snaps=3444 hooks=50 inst=91 rollout "Steam Dwarf Exterminator" Creature lvl1 hero2
t=9 ph=3 ap=0 snaps=3452 hooks=50 inst=91 rollout "Steam Dwarf Exterminator" Creature lvl1 hero2
t=9 ph=3 ap=0 snaps=3453 hooks=50 inst=91 rollout "Steam Dwarf Exterminator" Creature lvl1 hero0
t=9 ph=3 ap=0 snaps=3456 hooks=50 inst=91 rollout "Steam Dwarf Exterminator" Creature lvl1 hero0
t=9 ph=3 ap=0 snaps=3457 hooks=50 inst=91 rollout "Steam Dwarf Exterminator" Creature lvl1 hero0
t=9 ph=3 ap=0 snaps=3465 hooks=50 inst=91 rollout "Steam Dwarf Exterminator" Creature lvl1 hero0
t=9 ph=3 ap=0 snaps=3472 hooks=50 inst=91 rollout "Steam Dwarf Exterminator" Creature lvl1 hero0
t=9 ph=3 ap=0 snaps=3473 hooks=50 inst=91 rollout "Steam Dwarf Exterminator" Creature lvl1 hero0
t=9 ph=3 ap=0 snaps=3474 hooks=50 inst=91 rollout "Steam Dwarf Exterminator" Creature lvl1 hero0
t=9 ph=3 ap=0 snaps=3475 hooks=50 inst=91 rollout "Steam Dwarf Exterminator" Creature lvl1 hero0
t=9 ph=3 ap=0 snaps=3479 hooks=50 inst=91 rollout "Steam Dwarf Exterminator" Creature lvl1 hero0
t=9 ph=3 ap=0 snaps=3480 hooks=50 inst=91 rollout "Steam Dwarf Exterminator" Creature lvl1 hero0
t=9 ph=3 ap=0 snaps=3481 hooks=50 inst=91 rollout "Steam Dwarf Exterminator" Creature lvl1 hero0
t=9 ph=3 ap=0 snaps=3482 hooks=50 inst=91 rollout "Steam Dwarf Exterminator" Creature lvl1 hero0
t=9 ph=3 ap=0 snaps=3483 hooks=50 inst=91 rollout "Steam Dwarf Exterminator" Creature lvl1 hero0
t=9 ph=3 ap=0 snaps=3488 hooks=50 inst=91 rollout "Chain Lightning" Spell lvl3 hero2
t=9 ph=3 ap=0 snaps=3489 hooks=50 inst=91 rollout "Steam Dwarf Exterminator" Creature lvl1 hero2
t=9 ph=3 ap=0 snaps=3490 hooks=50 inst=91 rollout "Steam Dwarf Exterminator" Creature lvl1 hero2
t=9 ph=3 ap=0 snaps=3491 hooks=50 inst=91 rollout "Steam Dwarf Exterminator" Creature lvl1 hero2
t=9 ph=3 ap=0 snaps=3496 hooks=50 inst=91 rollout "Steam Dwarf Exterminator" Creature lvl1 hero2
t=9 ph=3 ap=0 snaps=3497 hooks=50 inst=91 rollout "Steam Dwarf Exterminator" Creature lvl1 hero2
t=9 ph=3 ap=0 snaps=3501 hooks=50 inst=91 rollout "Steam Dwarf Exterminator" Creature lvl1 hero2
t=9 ph=3 ap=0 snaps=3505 hooks=50 inst=91 rollout "Steam Dwarf Exterminator" Creature lvl1 hero2
t=9 ph=3 ap=0 snaps=3506 hooks=50 inst=91 rollout "Steam Dwarf Exterminator" Creature lvl1 hero2
t=9 ph=3 ap=0 snaps=3507 hooks=50 inst=91 rollout "Steam Dwarf Exterminator" Creature lvl1 hero2
t=9 ph=3 ap=0 snaps=3508 hooks=50 inst=91 rollout "Steam Dwarf Exterminator" Creature lvl1 hero2
t=9 ph=3 ap=0 snaps=3509 hooks=50 inst=91 rollout "Steam Dwarf Exterminator" Creature lvl1 hero2
t=9 ph=3 ap=0 snaps=3510 hooks=50 inst=91 rollout "Steam Dwarf Exterminator" Creature lvl1 hero2
t=9 ph=3 ap=0 snaps=3511 hooks=50 inst=91 rollout "Steam Dwarf Exterminator" Creature lvl1 hero2
t=9 ph=3 ap=0 snaps=3516 hooks=50 inst=91 rollout "Steam Dwarf Exterminator" Creature lvl1 hero0
t=9 ph=3 ap=0 snaps=3520 hooks=50 inst=91 rollout "Steam Dwarf Exterminator" Creature lvl1 hero0
t=9 ph=3 ap=0 snaps=3525 hooks=50 inst=91 rollout "Steam Dwarf Exterminator" Creature lvl1 hero0
t=9 ph=3 ap=0 snaps=3526 hooks=50 inst=91 rollout "Steam Dwarf Exterminator" Creature lvl1 hero0
t=9 ph=3 ap=0 snaps=3527 hooks=50 inst=91 rollout "Steam Dwarf Exterminator" Creature lvl1 hero0
t=9 ph=3 ap=0 snaps=3528 hooks=50 inst=91 rollout "Steam Dwarf Exterminator" Creature lvl1 hero0
t=9 ph=3 ap=0 snaps=3529 hooks=50 inst=91 rollout "Steam Dwarf Exterminator" Creature lvl1 hero0
t=9 ph=3 ap=0 snaps=3530 hooks=50 inst=91 rollout "Steam Dwarf Exterminator" Creature lvl1 hero0
t=9 ph=3 ap=0 snaps=3531 hooks=50 inst=91 rollout "Steam Dwarf Exterminator" Creature lvl1 hero0
t=9 ph=3 ap=0 snaps=3532 hooks=50 inst=91 rollout "Steam Dwarf Exterminator" Creature lvl1 hero0
t=9 ph=3 ap=0 snaps=3533 hooks=50 inst=91 rollout "Steam Dwarf Exterminator" Creature lvl1 hero0
t=9 ph=3 ap=0 snaps=3534 hooks=50 inst=91 rollout "Steam Dwarf Exterminator" Creature lvl1 hero0
t=9 ph=3 ap=0 snaps=3535 hooks=50 inst=91 rollout "Steam Dwarf Exterminator" Creature lvl1 hero0
t=9 ph=3 ap=0 snaps=3537 hooks=50 inst=91 rollout "Chain Lightning" Spell lvl3 hero2
t=9 ph=3 ap=0 snaps=3538 hooks=50 inst=91 rollout "Steam Dwarf Exterminator" Creature lvl1 hero2
t=9 ph=3 ap=0 snaps=3539 hooks=50 inst=91 rollout "Steam Dwarf Exterminator" Creature lvl1 hero2
t=9 ph=3 ap=0 snaps=3540 hooks=50 inst=91 rollout "Steam Dwarf Exterminator" Creature lvl1 hero2
t=9 ph=3 ap=0 snaps=3541 hooks=50 inst=91 rollout "Steam Dwarf Exterminator" Creature lvl1 hero2
t=9 ph=3 ap=0 snaps=3542 hooks=50 inst=91 rollout "Steam Dwarf Exterminator" Creature lvl1 hero2
t=9 ph=3 ap=0 snaps=3543 hooks=50 inst=91 rollout "Steam Dwarf Exterminator" Creature lvl1 hero2
t=9 ph=3 ap=0 snaps=3544 hooks=50 inst=91 rollout "Steam Dwarf Exterminator" Creature lvl1 hero2
t=9 ph=3 ap=0 snaps=3548 hooks=50 inst=91 rollout "Steam Dwarf Exterminator" Creature lvl1 hero2
t=9 ph=3 ap=0 snaps=3549 hooks=50 inst=91 rollout "Steam Dwarf Exterminator" Creature lvl1 hero2
t=9 ph=3 ap=0 snaps=3550 hooks=50 inst=91 rollout "Steam Dwarf Exterminator" Creature lvl1 hero2
t=9 ph=3 ap=0 snaps=3551 hooks=50 inst=91 rollout "Steam Dwarf Exterminator" Creature lvl1 hero2
t=9 ph=3 ap=0 snaps=3552 hooks=50 inst=91 rollout "Steam Dwarf Exterminator" Creature lvl1 hero2
t=9 ph=3 ap=0 snaps=3553 hooks=50 inst=91 rollout "Steam Dwarf Exterminator" Creature lvl1 hero2
t=9 ph=3 ap=0 snaps=3559 hooks=50 inst=91 rollout "Steam Dwarf Exterminator" Creature lvl1 hero0
t=9 ph=3 ap=0 snaps=3563 hooks=50 inst=91 rollout "Steam Dwarf Exterminator" Creature lvl1 hero0
t=9 ph=3 ap=0 snaps=3568 hooks=50 inst=91 rollout "Steam Dwarf Exterminator" Creature lvl1 hero0
t=9 ph=3 ap=0 snaps=3569 hooks=50 inst=91 rollout "Steam Dwarf Exterminator" Creature lvl1 hero0
t=9 ph=3 ap=0 snaps=3570 hooks=50 inst=91 rollout "Steam Dwarf Exterminator" Creature lvl1 hero0
t=9 ph=3 ap=0 snaps=3574 hooks=50 inst=91 rollout "Steam Dwarf Exterminator" Creature lvl1 hero0
t=9 ph=3 ap=0 snaps=3579 hooks=50 inst=91 rollout "Steam Dwarf Exterminator" Creature lvl1 hero0
t=9 ph=3 ap=0 snaps=3585 hooks=50 inst=91 rollout "Steam Dwarf Exterminator" Creature lvl1 hero0
t=9 ph=3 ap=0 snaps=3586 hooks=50 inst=91 rollout "Steam Dwarf Exterminator" Creature lvl1 hero0
t=9 ph=3 ap=0 snaps=3587 hooks=50 inst=91 rollout "Steam Dwarf Exterminator" Creature lvl1 hero0
t=9 ph=3 ap=0 snaps=3588 hooks=50 inst=91 rollout "Steam Dwarf Exterminator" Creature lvl1 hero0
t=9 ph=3 ap=0 snaps=3592 hooks=50 inst=91 rollout "Steam Dwarf Exterminator" Creature lvl1 hero0
t=9 ph=3 ap=0 snaps=3593 hooks=50 inst=91 rollout "Steam Dwarf Exterminator" Creature lvl1 hero0
t=9 ph=3 ap=0 snaps=3598 hooks=50 inst=91 rollout "Chain Lightning" Spell lvl3 hero2
t=9 ph=3 ap=0 snaps=3599 hooks=50 inst=91 rollout "Steam Dwarf Exterminator" Creature lvl1 hero2
t=9 ph=3 ap=0 snaps=3600 hooks=50 inst=91 rollout "Steam Dwarf Exterminator" Creature lvl1 hero2
t=9 ph=3 ap=0 snaps=3607 hooks=50 inst=91 rollout "Steam Dwarf Exterminator" Creature lvl1 hero2
t=9 ph=3 ap=0 snaps=3608 hooks=50 inst=91 rollout "Steam Dwarf Exterminator" Creature lvl1 hero2
t=9 ph=3 ap=0 snaps=3613 hooks=50 inst=91 rollout "Steam Dwarf Exterminator" Creature lvl1 hero2
t=9 ph=3 ap=0 snaps=3614 hooks=50 inst=91 rollout "Steam Dwarf Exterminator" Creature lvl1 hero2
t=9 ph=3 ap=0 snaps=3619 hooks=50 inst=91 rollout "Steam Dwarf Exterminator" Creature lvl1 hero2
t=9 ph=3 ap=0 snaps=3624 hooks=50 inst=91 rollout "Steam Dwarf Exterminator" Creature lvl1 hero2
t=9 ph=3 ap=0 snaps=3625 hooks=50 inst=91 rollout "Steam Dwarf Exterminator" Creature lvl1 hero2
t=9 ph=3 ap=0 snaps=3626 hooks=50 inst=91 rollout "Steam Dwarf Exterminator" Creature lvl1 hero2
t=9 ph=3 ap=0 snaps=3627 hooks=50 inst=91 rollout "Steam Dwarf Exterminator" Creature lvl1 hero2
t=9 ph=3 ap=0 snaps=3628 hooks=50 inst=91 rollout "Steam Dwarf Exterminator" Creature lvl1 hero2
t=9 ph=3 ap=0 snaps=3629 hooks=50 inst=91 rollout "Steam Dwarf Exterminator" Creature lvl1 hero2
t=9 ph=3 ap=0 snaps=3630 hooks=50 inst=91 rollout "Steam Dwarf Exterminator" Creature lvl1 hero0
t=9 ph=3 ap=0 snaps=3631 hooks=50 inst=91 rollout "Steam Dwarf Exterminator" Creature lvl1 hero0
t=9 ph=3 ap=0 snaps=3632 hooks=50 inst=91 rollout "Steam Dwarf Exterminator" Creature lvl1 hero0
t=9 ph=3 ap=0 snaps=3633 hooks=50 inst=91 rollout "Steam Dwarf Exterminator" Creature lvl1 hero0
t=9 ph=3 ap=0 snaps=3634 hooks=50 inst=91 rollout "Steam Dwarf Exterminator" Creature lvl1 hero0
t=9 ph=3 ap=0 snaps=3640 hooks=50 inst=91 rollout "Steam Dwarf Exterminator" Creature lvl1 hero0
t=9 ph=3 ap=0 snaps=3641 hooks=50 inst=91 rollout "Steam Dwarf Exterminator" Creature lvl1 hero0
t=9 ph=3 ap=0 snaps=3645 hooks=50 inst=91 rollout "Steam Dwarf Exterminator" Creature lvl1 hero0
t=9 ph=3 ap=0 snaps=3646 hooks=50 inst=91 rollout "Steam Dwarf Exterminator" Creature lvl1 hero0
t=9 ph=3 ap=0 snaps=3647 hooks=50 inst=91 rollout "Steam Dwarf Exterminator" Creature lvl1 hero0
t=9 ph=3 ap=0 snaps=3648 hooks=50 inst=91 rollout "Steam Dwarf Exterminator" Creature lvl1 hero0
t=9 ph=3 ap=0 snaps=3649 hooks=50 inst=91 rollout "Steam Dwarf Exterminator" Creature lvl1 hero0
t=9 ph=3 ap=0 snaps=3650 hooks=50 inst=91 rollout "Steam Dwarf Exterminator" Creature lvl1 hero0
t=9 ph=3 ap=0 snaps=3653 hooks=50 inst=91 rollout "Chain Lightning" Spell lvl3 hero2
t=9 ph=3 ap=0 snaps=3654 hooks=50 inst=91 rollout "Steam Dwarf Exterminator" Creature lvl1 hero2
t=9 ph=3 ap=0 snaps=3655 hooks=50 inst=91 rollout "Steam Dwarf Exterminator" Creature lvl1 hero2
t=9 ph=3 ap=0 snaps=3656 hooks=50 inst=91 rollout "Steam Dwarf Exterminator" Creature lvl1 hero2
t=9 ph=3 ap=0 snaps=3657 hooks=50 inst=91 rollout "Steam Dwarf Exterminator" Creature lvl1 hero2

=== GAME 6/1000: Dance of the Butterflies vs Lightning Caller @ 2026-05-01T09:34:59.837Z ===
t=1 ph=2 ap=0 snaps=0 hooks=10 inst=29 cpuTurnStart cpu=p0 hand=6
t=1 ph=3 ap=0 snaps=34 hooks=35 inst=38 rollout "Brilliant Idea" Spell lvl1 hero1
t=1 ph=3 ap=0 snaps=35 hooks=35 inst=38 rollout "Brilliant Idea" Spell lvl1 hero1
t=1 ph=3 ap=0 snaps=36 hooks=35 inst=38 rollout "Brilliant Idea" Spell lvl1 hero1
t=1 ph=3 ap=0 snaps=37 hooks=35 inst=38 rollout "Brilliant Idea" Spell lvl1 hero1
t=1 ph=3 ap=0 snaps=38 hooks=35 inst=38 rollout "Brilliant Idea" Spell lvl1 hero1
t=1 ph=3 ap=0 snaps=39 hooks=35 inst=38 rollout "Brilliant Idea" Spell lvl1 hero1
t=1 ph=3 ap=0 snaps=40 hooks=35 inst=38 rollout "Brilliant Idea" Spell lvl1 hero1
t=1 ph=3 ap=0 snaps=41 hooks=35 inst=38 rollout "Brilliant Idea" Spell lvl1 hero1
t=1 ph=3 ap=0 snaps=42 hooks=35 inst=38 rollout "Brilliant Idea" Spell lvl1 hero1
t=1 ph=3 ap=0 snaps=43 hooks=35 inst=38 rollout "Brilliant Idea" Spell lvl1 hero1
t=1 ph=3 ap=0 snaps=44 hooks=35 inst=38 rollout "Brilliant Idea" Spell lvl1 hero1
t=1 ph=3 ap=0 snaps=45 hooks=35 inst=38 rollout "Brilliant Idea" Spell lvl1 hero1
t=1 ph=3 ap=0 snaps=46 hooks=35 inst=38 rollout "Brilliant Idea" Spell lvl1 hero1
t=1 ph=3 ap=0 snaps=47 hooks=35 inst=38 rollout "Brilliant Idea" Spell lvl1 hero1
t=1 ph=3 ap=0 snaps=48 hooks=35 inst=38 rollout "Brilliant Idea" Spell lvl1 hero1
t=1 ph=3 ap=0 snaps=49 hooks=35 inst=38 rollout "Brilliant Idea" Spell lvl1 hero1
t=1 ph=3 ap=0 snaps=50 hooks=35 inst=38 rollout "Brilliant Idea" Spell lvl1 hero1
t=1 ph=3 ap=0 snaps=51 hooks=35 inst=38 rollout "Brilliant Idea" Spell lvl1 hero1
t=1 ph=3 ap=0 snaps=52 hooks=35 inst=38 rollout "Brilliant Idea" Spell lvl1 hero1
t=1 ph=3 ap=0 snaps=53 hooks=35 inst=38 rollout "Brilliant Idea" Spell lvl1 hero1
t=1 ph=3 ap=0 snaps=54 hooks=35 inst=38 rollout "Brilliant Idea" Spell lvl1 hero1
t=1 ph=3 ap=0 snaps=55 hooks=35 inst=38 rollout "Brilliant Idea" Spell lvl1 hero1
t=1 ph=3 ap=0 snaps=56 hooks=35 inst=38 rollout "Brilliant Idea" Spell lvl1 hero1
t=1 ph=3 ap=0 snaps=57 hooks=35 inst=38 rollout "Brilliant Idea" Spell lvl1 hero1
t=1 ph=3 ap=0 snaps=58 hooks=35 inst=38 rollout "Brilliant Idea" Spell lvl1 hero1
t=1 ph=3 ap=0 snaps=59 hooks=35 inst=38 rollout "Brilliant Idea" Spell lvl1 hero1
t=1 ph=3 ap=0 snaps=60 hooks=35 inst=38 rollout "Brilliant Idea" Spell lvl1 hero1
t=1 ph=3 ap=0 snaps=61 hooks=35 inst=38 rollout "Brilliant Idea" Spell lvl1 hero1
t=1 ph=3 ap=0 snaps=62 hooks=35 inst=38 rollout "Brilliant Idea" Spell lvl1 hero1
t=1 ph=3 ap=0 snaps=63 hooks=35 inst=38 rollout "Brilliant Idea" Spell lvl1 hero1
t=1 ph=3 ap=0 snaps=64 hooks=35 inst=38 rollout "Brilliant Idea" Spell lvl1 hero1
t=1 ph=3 ap=0 snaps=65 hooks=35 inst=38 rollout "Brilliant Idea" Spell lvl1 hero1
t=1 ph=3 ap=0 snaps=66 hooks=35 inst=38 rollout "Brilliant Idea" Spell lvl1 hero1
t=1 ph=3 ap=0 snaps=67 hooks=35 inst=38 rollout "Brilliant Idea" Spell lvl1 hero1
t=1 ph=3 ap=0 snaps=68 hooks=35 inst=38 rollout "Brilliant Idea" Spell lvl1 hero1
t=1 ph=3 ap=0 snaps=69 hooks=35 inst=38 rollout "Brilliant Idea" Spell lvl1 hero1
t=1 ph=3 ap=0 snaps=70 hooks=35 inst=38 rollout "Brilliant Idea" Spell lvl1 hero1
t=1 ph=3 ap=0 snaps=71 hooks=35 inst=38 rollout "Brilliant Idea" Spell lvl1 hero1
t=1 ph=3 ap=0 snaps=72 hooks=35 inst=38 rollout "Brilliant Idea" Spell lvl1 hero1
t=1 ph=3 ap=0 snaps=73 hooks=35 inst=38 rollout "Brilliant Idea" Spell lvl1 hero1
t=1 ph=3 ap=0 snaps=74 hooks=35 inst=38 rollout "Brilliant Idea" Spell lvl1 hero1
t=1 ph=3 ap=0 snaps=75 hooks=35 inst=38 rollout "Brilliant Idea" Spell lvl1 hero1
t=1 ph=3 ap=0 snaps=76 hooks=35 inst=38 rollout "Brilliant Idea" Spell lvl1 hero1
t=1 ph=3 ap=0 snaps=77 hooks=35 inst=38 rollout "Brilliant Idea" Spell lvl1 hero1
t=1 ph=3 ap=0 snaps=78 hooks=35 inst=38 rollout "Brilliant Idea" Spell lvl1 hero1
t=1 ph=3 ap=0 snaps=79 hooks=35 inst=38 rollout "Brilliant Idea" Spell lvl1 hero1
t=1 ph=3 ap=0 snaps=80 hooks=35 inst=38 rollout "Brilliant Idea" Spell lvl1 hero1
t=1 ph=3 ap=0 snaps=81 hooks=35 inst=38 rollout "Brilliant Idea" Spell lvl1 hero1
t=1 ph=3 ap=0 snaps=82 hooks=35 inst=38 rollout "Brilliant Idea" Spell lvl1 hero1
t=1 ph=3 ap=0 snaps=83 hooks=35 inst=38 rollout "Brilliant Idea" Spell lvl1 hero1
t=1 ph=3 ap=0 snaps=84 hooks=35 inst=38 rollout "Brilliant Idea" Spell lvl1 hero1
t=1 ph=3 ap=0 snaps=85 hooks=35 inst=38 rollout "Brilliant Idea" Spell lvl1 hero1
t=1 ph=3 ap=0 snaps=86 hooks=35 inst=38 rollout "Brilliant Idea" Spell lvl1 hero1
t=1 ph=3 ap=0 snaps=87 hooks=35 inst=38 rollout "Brilliant Idea" Spell lvl1 hero1
t=1 ph=3 ap=0 snaps=88 hooks=35 inst=38 rollout "Brilliant Idea" Spell lvl1 hero1
t=1 ph=3 ap=0 snaps=89 hooks=35 inst=38 rollout "Brilliant Idea" Spell lvl1 hero1
t=1 ph=3 ap=0 snaps=90 hooks=35 inst=38 rollout "Brilliant Idea" Spell lvl1 hero1
t=1 ph=3 ap=0 snaps=91 hooks=35 inst=38 rollout "Brilliant Idea" Spell lvl1 hero1
t=1 ph=3 ap=0 snaps=92 hooks=35 inst=38 rollout "Brilliant Idea" Spell lvl1 hero1
t=1 ph=3 ap=0 snaps=93 hooks=35 inst=38 rollout "Brilliant Idea" Spell lvl1 hero1
t=1 ph=3 ap=0 snaps=94 hooks=35 inst=38 rollout "Brilliant Idea" Spell lvl1 hero1
t=1 ph=3 ap=0 snaps=95 hooks=35 inst=38 rollout "Brilliant Idea" Spell lvl1 hero1
t=1 ph=3 ap=0 snaps=96 hooks=35 inst=38 rollout "Brilliant Idea" Spell lvl1 hero1
t=1 ph=3 ap=0 snaps=97 hooks=35 inst=38 rollout "Brilliant Idea" Spell lvl1 hero1
t=1 ph=3 ap=0 snaps=98 hooks=35 inst=38 rollout "Brilliant Idea" Spell lvl1 hero1
t=1 ph=3 ap=0 snaps=99 hooks=35 inst=38 rollout "Brilliant Idea" Spell lvl1 hero1
t=1 ph=3 ap=0 snaps=100 hooks=35 inst=38 rollout "Brilliant Idea" Spell lvl1 hero1
t=1 ph=3 ap=0 snaps=101 hooks=35 inst=38 rollout "Brilliant Idea" Spell lvl1 hero1
t=1 ph=3 ap=0 snaps=102 hooks=35 inst=38 rollout "Brilliant Idea" Spell lvl1 hero1
t=1 ph=3 ap=0 snaps=103 hooks=35 inst=38 rollout "Brilliant Idea" Spell lvl1 hero1
t=1 ph=3 ap=0 snaps=104 hooks=35 inst=38 rollout "Brilliant Idea" Spell lvl1 hero1
t=1 ph=3 ap=0 snaps=105 hooks=35 inst=38 rollout "Brilliant Idea" Spell lvl1 hero1
t=1 ph=3 ap=0 snaps=106 hooks=35 inst=38 rollout "Brilliant Idea" Spell lvl1 hero1
t=1 ph=3 ap=0 snaps=107 hooks=35 inst=38 rollout "Brilliant Idea" Spell lvl1 hero1
t=1 ph=3 ap=0 snaps=108 hooks=35 inst=38 rollout "Brilliant Idea" Spell lvl1 hero1
t=1 ph=3 ap=0 snaps=109 hooks=35 inst=38 rollout "Brilliant Idea" Spell lvl1 hero1
t=1 ph=3 ap=0 snaps=110 hooks=35 inst=38 rollout "Brilliant Idea" Spell lvl1 hero1
t=1 ph=3 ap=0 snaps=111 hooks=35 inst=38 rollout "Brilliant Idea" Spell lvl1 hero1
t=1 ph=3 ap=0 snaps=112 hooks=35 inst=38 rollout "Brilliant Idea" Spell lvl1 hero1
t=1 ph=3 ap=0 snaps=113 hooks=35 inst=38 rollout "Brilliant Idea" Spell lvl1 hero1
t=1 ph=3 ap=0 snaps=114 hooks=35 inst=38 rollout "Brilliant Idea" Spell lvl1 hero1
t=1 ph=3 ap=0 snaps=115 hooks=35 inst=38 rollout "Brilliant Idea" Spell lvl1 hero1
t=1 ph=3 ap=0 snaps=116 hooks=35 inst=38 rollout "Brilliant Idea" Spell lvl1 hero1
t=1 ph=3 ap=0 snaps=117 hooks=35 inst=38 rollout "Brilliant Idea" Spell lvl1 hero1
t=1 ph=3 ap=0 snaps=118 hooks=35 inst=38 rollout "Brilliant Idea" Spell lvl1 hero1
t=1 ph=3 ap=0 snaps=119 hooks=35 inst=38 rollout "Brilliant Idea" Spell lvl1 hero1
t=1 ph=3 ap=0 snaps=120 hooks=35 inst=38 rollout "Brilliant Idea" Spell lvl1 hero1
t=1 ph=3 ap=0 snaps=121 hooks=35 inst=38 rollout "Brilliant Idea" Spell lvl1 hero1
t=1 ph=3 ap=0 snaps=122 hooks=35 inst=38 rollout "Brilliant Idea" Spell lvl1 hero1
t=1 ph=3 ap=0 snaps=123 hooks=35 inst=38 rollout "Brilliant Idea" Spell lvl1 hero1
t=1 ph=3 ap=0 snaps=124 hooks=35 inst=38 rollout "Brilliant Idea" Spell lvl1 hero1
t=1 ph=3 ap=0 snaps=125 hooks=35 inst=38 rollout "Brilliant Idea" Spell lvl1 hero1
t=1 ph=3 ap=0 snaps=126 hooks=35 inst=38 rollout "Brilliant Idea" Spell lvl1 hero1
t=1 ph=3 ap=0 snaps=127 hooks=35 inst=38 rollout "Brilliant Idea" Spell lvl1 hero1
t=1 ph=3 ap=0 snaps=128 hooks=35 inst=38 rollout "Brilliant Idea" Spell lvl1 hero1
t=1 ph=3 ap=0 snaps=129 hooks=35 inst=38 rollout "Brilliant Idea" Spell lvl1 hero1
t=1 ph=3 ap=0 snaps=130 hooks=35 inst=38 rollout "Brilliant Idea" Spell lvl1 hero1
t=1 ph=3 ap=0 snaps=131 hooks=35 inst=38 rollout "Brilliant Idea" Spell lvl1 hero1
t=1 ph=3 ap=0 snaps=132 hooks=35 inst=38 rollout "Brilliant Idea" Spell lvl1 hero1
t=1 ph=3 ap=0 snaps=133 hooks=35 inst=38 rollout "Brilliant Idea" Spell lvl1 hero1
t=1 ph=3 ap=0 snaps=134 hooks=35 inst=38 rollout "Brilliant Idea" Spell lvl1 hero1
t=1 ph=3 ap=0 snaps=135 hooks=35 inst=38 rollout "Brilliant Idea" Spell lvl1 hero1
t=1 ph=3 ap=0 snaps=136 hooks=35 inst=38 rollout "Brilliant Idea" Spell lvl1 hero1
t=1 ph=3 ap=0 snaps=137 hooks=35 inst=38 rollout "Brilliant Idea" Spell lvl1 hero1
t=1 ph=3 ap=0 snaps=138 hooks=35 inst=38 rollout "Brilliant Idea" Spell lvl1 hero1
t=1 ph=3 ap=0 snaps=139 hooks=35 inst=38 rollout "Brilliant Idea" Spell lvl1 hero1
t=1 ph=3 ap=0 snaps=140 hooks=35 inst=38 rollout "Brilliant Idea" Spell lvl1 hero1
t=1 ph=3 ap=0 snaps=141 hooks=35 inst=38 rollout "Brilliant Idea" Spell lvl1 hero1
t=1 ph=3 ap=0 snaps=142 hooks=35 inst=38 rollout "Brilliant Idea" Spell lvl1 hero1
t=1 ph=3 ap=0 snaps=143 hooks=35 inst=38 rollout "Brilliant Idea" Spell lvl1 hero1
t=1 ph=3 ap=0 snaps=144 hooks=35 inst=38 rollout "Brilliant Idea" Spell lvl1 hero1
t=1 ph=3 ap=0 snaps=145 hooks=35 inst=38 rollout "Brilliant Idea" Spell lvl1 hero1
t=1 ph=3 ap=0 snaps=146 hooks=35 inst=38 rollout "Brilliant Idea" Spell lvl1 hero1
t=1 ph=3 ap=0 snaps=147 hooks=35 inst=38 rollout "Brilliant Idea" Spell lvl1 hero1
t=1 ph=3 ap=0 snaps=148 hooks=35 inst=38 rollout "Brilliant Idea" Spell lvl1 hero1
t=1 ph=3 ap=0 snaps=149 hooks=35 inst=38 rollout "Brilliant Idea" Spell lvl1 hero1
t=1 ph=3 ap=0 snaps=150 hooks=35 inst=38 rollout "Brilliant Idea" Spell lvl1 hero1
t=1 ph=3 ap=0 snaps=151 hooks=35 inst=38 rollout "Brilliant Idea" Spell lvl1 hero1
t=1 ph=3 ap=0 snaps=152 hooks=35 inst=38 rollout "Brilliant Idea" Spell lvl1 hero1
t=1 ph=3 ap=0 snaps=153 hooks=35 inst=38 rollout "Brilliant Idea" Spell lvl1 hero1
t=1 ph=3 ap=0 snaps=154 hooks=35 inst=38 rollout "Brilliant Idea" Spell lvl1 hero1
t=1 ph=3 ap=0 snaps=155 hooks=35 inst=38 rollout "Brilliant Idea" Spell lvl1 hero1
t=1 ph=3 ap=0 snaps=156 hooks=35 inst=38 rollout "Brilliant Idea" Spell lvl1 hero1
t=1 ph=3 ap=0 snaps=157 hooks=35 inst=38 rollout "Brilliant Idea" Spell lvl1 hero1
t=1 ph=3 ap=0 snaps=158 hooks=35 inst=38 rollout "Brilliant Idea" Spell lvl1 hero1
t=1 ph=3 ap=0 snaps=159 hooks=35 inst=38 rollout "Brilliant Idea" Spell lvl1 hero1
t=1 ph=3 ap=0 snaps=160 hooks=35 inst=38 rollout "Brilliant Idea" Spell lvl1 hero1
t=1 ph=3 ap=0 snaps=161 hooks=35 inst=38 rollout "Brilliant Idea" Spell lvl1 hero1
t=1 ph=3 ap=0 snaps=162 hooks=35 inst=38 rollout "Brilliant Idea" Spell lvl1 hero1
t=1 ph=3 ap=0 snaps=163 hooks=35 inst=38 rollout "Brilliant Idea" Spell lvl1 hero1
t=1 ph=3 ap=0 snaps=164 hooks=35 inst=38 rollout "Brilliant Idea" Spell lvl1 hero1
t=1 ph=3 ap=0 snaps=165 hooks=35 inst=38 rollout "Brilliant Idea" Spell lvl1 hero1
t=1 ph=3 ap=0 snaps=166 hooks=35 inst=38 rollout "Brilliant Idea" Spell lvl1 hero1
t=1 ph=3 ap=0 snaps=167 hooks=35 inst=38 rollout "Brilliant Idea" Spell lvl1 hero1
t=1 ph=3 ap=0 snaps=168 hooks=35 inst=38 rollout "Brilliant Idea" Spell lvl1 hero1
t=1 ph=3 ap=0 snaps=169 hooks=35 inst=38 rollout "Brilliant Idea" Spell lvl1 hero1
t=1 ph=3 ap=0 snaps=170 hooks=35 inst=38 rollout "Brilliant Idea" Spell lvl1 hero1
t=1 ph=3 ap=0 snaps=171 hooks=35 inst=38 rollout "Brilliant Idea" Spell lvl1 hero1
t=1 ph=3 ap=0 snaps=172 hooks=35 inst=38 rollout "Brilliant Idea" Spell lvl1 hero1
t=1 ph=3 ap=0 snaps=173 hooks=35 inst=38 rollout "Brilliant Idea" Spell lvl1 hero1
t=1 ph=5 ap=0 snaps=186 hooks=55 inst=43 switchTurn ending p0
t=2 ph=2 ap=1 snaps=186 hooks=13 inst=44 cpuTurnStart cpu=p1 hand=6
t=2 ph=5 ap=1 snaps=196 hooks=36 inst=50 switchTurn ending p1
t=3 ph=2 ap=0 snaps=196 hooks=10 inst=51 cpuTurnStart cpu=p0 hand=10
t=3 ph=2 ap=0 snaps=205 hooks=12 inst=52 summon "Aggressive Town Guard" p0/h0
t=3 ph=3 ap=0 snaps=391 hooks=22 inst=55 rollout "Burning Finger" Spell lvl1 hero1
t=3 ph=3 ap=0 snaps=407 hooks=22 inst=55 rollout "Brilliant Idea" Spell lvl1 hero1
t=3 ph=3 ap=0 snaps=408 hooks=22 inst=55 rollout "Burning Finger" Spell lvl1 hero1
t=3 ph=3 ap=0 snaps=423 hooks=22 inst=55 rollout "Burning Finger" Spell lvl1 hero1
t=3 ph=3 ap=0 snaps=444 hooks=22 inst=55 rollout "Burning Finger" Spell lvl1 hero1
t=3 ph=3 ap=0 snaps=460 hooks=22 inst=55 rollout "Burning Finger" Spell lvl1 hero1
t=3 ph=3 ap=0 snaps=475 hooks=22 inst=55 rollout "Burning Finger" Spell lvl1 hero1
t=3 ph=3 ap=0 snaps=491 hooks=22 inst=55 rollout "Burning Finger" Spell lvl1 hero1
t=3 ph=3 ap=0 snaps=506 hooks=22 inst=55 rollout "Burning Finger" Spell lvl1 hero1
t=3 ph=3 ap=0 snaps=521 hooks=22 inst=55 rollout "Burning Finger" Spell lvl1 hero1
t=3 ph=3 ap=0 snaps=537 hooks=22 inst=55 rollout "Brilliant Idea" Spell lvl1 hero1
t=3 ph=3 ap=0 snaps=538 hooks=22 inst=55 rollout "Brilliant Idea" Spell lvl1 hero1
t=3 ph=3 ap=0 snaps=539 hooks=22 inst=55 rollout "Brilliant Idea" Spell lvl1 hero1
t=3 ph=3 ap=0 snaps=540 hooks=22 inst=55 rollout "Brilliant Idea" Spell lvl1 hero1
t=3 ph=3 ap=0 snaps=541 hooks=22 inst=55 rollout "Brilliant Idea" Spell lvl1 hero1
t=3 ph=3 ap=0 snaps=542 hooks=22 inst=55 rollout "Brilliant Idea" Spell lvl1 hero1
t=3 ph=3 ap=0 snaps=543 hooks=22 inst=55 rollout "Burning Finger" Spell lvl1 hero1
t=3 ph=3 ap=0 snaps=558 hooks=22 inst=55 rollout "Burning Finger" Spell lvl1 hero1
t=3 ph=3 ap=0 snaps=573 hooks=22 inst=55 rollout "Burning Finger" Spell lvl1 hero1
t=3 ph=3 ap=0 snaps=591 hooks=22 inst=55 rollout "Burning Finger" Spell lvl1 hero1
t=3 ph=3 ap=0 snaps=608 hooks=22 inst=55 rollout "Burning Finger" Spell lvl1 hero1
t=3 ph=3 ap=0 snaps=625 hooks=22 inst=55 rollout "Burning Finger" Spell lvl1 hero1
t=3 ph=3 ap=0 snaps=640 hooks=22 inst=55 rollout "Burning Finger" Spell lvl1 hero1
t=3 ph=3 ap=0 snaps=656 hooks=22 inst=55 rollout "Burning Finger" Spell lvl1 hero1
t=3 ph=3 ap=0 snaps=669 hooks=22 inst=55 rollout "Burning Finger" Spell lvl1 hero1
t=3 ph=3 ap=0 snaps=684 hooks=22 inst=55 rollout "Burning Finger" Spell lvl1 hero1
t=3 ph=3 ap=0 snaps=699 hooks=22 inst=55 rollout "Burning Finger" Spell lvl1 hero1
t=3 ph=3 ap=0 snaps=719 hooks=22 inst=55 rollout "Burning Finger" Spell lvl1 hero1
t=3 ph=3 ap=0 snaps=735 hooks=22 inst=55 rollout "Burning Finger" Spell lvl1 hero1
t=3 ph=3 ap=0 snaps=752 hooks=22 inst=55 rollout "Burning Finger" Spell lvl1 hero1
t=3 ph=3 ap=0 snaps=769 hooks=22 inst=55 rollout "Burning Finger" Spell lvl1 hero1
t=3 ph=3 ap=0 snaps=785 hooks=22 inst=55 rollout "Burning Finger" Spell lvl1 hero1
t=3 ph=3 ap=0 snaps=805 hooks=22 inst=55 rollout "Burning Finger" Spell lvl1 hero1
t=3 ph=3 ap=0 snaps=825 hooks=22 inst=55 rollout "Burning Finger" Spell lvl1 hero1
t=3 ph=3 ap=0 snaps=838 hooks=22 inst=55 rollout "Burning Finger" Spell lvl1 hero1
t=3 ph=3 ap=0 snaps=853 hooks=22 inst=55 rollout "Burning Finger" Spell lvl1 hero1
t=3 ph=3 ap=0 snaps=870 hooks=22 inst=55 rollout "Burning Finger" Spell lvl1 hero1
t=3 ph=3 ap=0 snaps=887 hooks=22 inst=55 rollout "Burning Finger" Spell lvl1 hero1
t=3 ph=3 ap=0 snaps=902 hooks=22 inst=55 rollout "Burning Finger" Spell lvl1 hero1
t=3 ph=3 ap=0 snaps=917 hooks=22 inst=55 rollout "Burning Finger" Spell lvl1 hero1
t=3 ph=3 ap=0 snaps=936 hooks=22 inst=55 rollout "Burning Finger" Spell lvl1 hero1
t=3 ph=3 ap=0 snaps=952 hooks=22 inst=55 rollout "Burning Finger" Spell lvl1 hero1
t=3 ph=3 ap=0 snaps=967 hooks=22 inst=55 rollout "Burning Finger" Spell lvl1 hero1
t=3 ph=3 ap=0 snaps=982 hooks=22 inst=55 rollout "Burning Finger" Spell lvl1 hero1
t=3 ph=3 ap=0 snaps=997 hooks=22 inst=55 rollout "Burning Finger" Spell lvl1 hero1
t=3 ph=3 ap=0 snaps=1015 hooks=22 inst=55 rollout "Burning Finger" Spell lvl1 hero1
t=3 ph=3 ap=0 snaps=1031 hooks=22 inst=55 rollout "Burning Finger" Spell lvl1 hero1
t=3 ph=3 ap=0 snaps=1046 hooks=22 inst=55 rollout "Burning Finger" Spell lvl1 hero1
t=3 ph=3 ap=0 snaps=1061 hooks=22 inst=55 rollout "Burning Finger" Spell lvl1 hero1
t=3 ph=3 ap=0 snaps=1074 hooks=22 inst=55 rollout "Burning Finger" Spell lvl1 hero1
t=3 ph=3 ap=0 snaps=1089 hooks=22 inst=55 rollout "Burning Finger" Spell lvl1 hero1
t=3 ph=3 ap=0 snaps=1107 hooks=22 inst=55 rollout "Burning Finger" Spell lvl1 hero1
t=3 ph=3 ap=0 snaps=1125 hooks=22 inst=55 rollout "Burning Finger" Spell lvl1 hero1
t=3 ph=3 ap=0 snaps=1142 hooks=22 inst=55 rollout "Burning Finger" Spell lvl1 hero1
t=3 ph=3 ap=0 snaps=1157 hooks=22 inst=55 rollout "Burning Finger" Spell lvl1 hero1
t=3 ph=3 ap=0 snaps=1172 hooks=22 inst=55 rollout "Burning Finger" Spell lvl1 hero1
t=3 ph=3 ap=0 snaps=1187 hooks=22 inst=55 rollout "Burning Finger" Spell lvl1 hero1
t=3 ph=3 ap=0 snaps=1205 hooks=22 inst=55 rollout "Burning Finger" Spell lvl1 hero1
t=3 ph=3 ap=0 snaps=1220 hooks=22 inst=55 rollout "Burning Finger" Spell lvl1 hero1
t=3 ph=3 ap=0 snaps=1239 hooks=22 inst=55 rollout "Burning Finger" Spell lvl1 hero1
t=3 ph=3 ap=0 snaps=1257 hooks=22 inst=55 rollout "Burning Finger" Spell lvl1 hero1
t=3 ph=3 ap=0 snaps=1272 hooks=22 inst=55 rollout "Burning Finger" Spell lvl1 hero1
t=3 ph=3 ap=0 snaps=1290 hooks=22 inst=55 rollout "Burning Finger" Spell lvl1 hero1
t=3 ph=3 ap=0 snaps=1308 hooks=22 inst=55 rollout "Burning Finger" Spell lvl1 hero1
t=3 ph=3 ap=0 snaps=1325 hooks=22 inst=55 rollout "Burning Finger" Spell lvl1 hero1
t=3 ph=3 ap=0 snaps=1342 hooks=22 inst=55 rollout "Burning Finger" Spell lvl1 hero1
t=3 ph=3 ap=0 snaps=1358 hooks=22 inst=55 rollout "Burning Finger" Spell lvl1 hero1
t=3 ph=3 ap=0 snaps=1370 hooks=22 inst=55 rollout "Burning Finger" Spell lvl1 hero1
t=3 ph=3 ap=0 snaps=1386 hooks=22 inst=55 rollout "Burning Finger" Spell lvl1 hero1
t=3 ph=3 ap=0 snaps=1402 hooks=22 inst=55 rollout "Burning Finger" Spell lvl1 hero1
t=3 ph=3 ap=0 snaps=1417 hooks=22 inst=55 rollout "Burning Finger" Spell lvl1 hero1
t=3 ph=3 ap=0 snaps=1432 hooks=22 inst=55 rollout "Burning Finger" Spell lvl1 hero1
t=3 ph=3 ap=0 snaps=1447 hooks=22 inst=55 rollout "Burning Finger" Spell lvl1 hero1
t=3 ph=3 ap=0 snaps=1462 hooks=22 inst=55 rollout "Burning Finger" Spell lvl1 hero1
t=3 ph=3 ap=0 snaps=1478 hooks=22 inst=55 rollout "Burning Finger" Spell lvl1 hero1
t=3 ph=3 ap=0 snaps=1494 hooks=22 inst=55 rollout "Burning Finger" Spell lvl1 hero1
t=3 ph=3 ap=0 snaps=1509 hooks=22 inst=55 rollout "Burning Finger" Spell lvl1 hero1
t=3 ph=3 ap=0 snaps=1536 hooks=22 inst=55 rollout "Burning Finger" Spell lvl1 hero1
t=3 ph=3 ap=0 snaps=1551 hooks=22 inst=55 rollout "Burning Finger" Spell lvl1 hero1
t=3 ph=3 ap=0 snaps=1567 hooks=22 inst=55 rollout "Burning Finger" Spell lvl1 hero1
t=3 ph=5 ap=0 snaps=1596 hooks=36 inst=55 switchTurn ending p0
t=4 ph=2 ap=1 snaps=1596 hooks=10 inst=56 cpuTurnStart cpu=p1 hand=7
t=4 ph=5 ap=1 snaps=1614 hooks=23 inst=57 switchTurn ending p1
t=5 ph=2 ap=0 snaps=1614 hooks=10 inst=58 cpuTurnStart cpu=p0 hand=8
t=5 ph=3 ap=0 snaps=1631 hooks=16 inst=59 rollout "Cardinal Beast Qinglong" Creature lvl5 hero1
t=5 ph=3 ap=0 snaps=1635 hooks=16 inst=59 rollout "Cardinal Beast Qinglong" Creature lvl5 hero1
t=5 ph=3 ap=0 snaps=1640 hooks=16 inst=59 rollout "Brilliant Idea" Spell lvl1 hero1
t=5 ph=3 ap=0 snaps=1641 hooks=16 inst=59 rollout "Cardinal Beast Xuanwu" Creature lvl5 hero1
t=5 ph=3 ap=0 snaps=1648 hooks=16 inst=59 rollout "Cardinal Beast Xuanwu" Creature lvl5 hero1
t=5 ph=3 ap=0 snaps=1653 hooks=16 inst=59 rollout "Cardinal Beast Baihu" Creature lvl5 hero1
t=5 ph=3 ap=0 snaps=1657 hooks=16 inst=59 rollout "Cardinal Beast Baihu" Creature lvl5 hero1
t=5 ph=3 ap=0 snaps=1661 hooks=16 inst=59 rollout "Cardinal Beast Zhuque" Creature lvl5 hero1
t=5 ph=3 ap=0 snaps=1665 hooks=16 inst=59 rollout "Cardinal Beast Zhuque" Creature lvl5 hero1
t=5 ph=3 ap=0 snaps=1670 hooks=16 inst=59 rollout "Cardinal Beast Qinglong" Creature lvl5 hero1
t=5 ph=3 ap=0 snaps=1679 hooks=16 inst=59 rollout "Cardinal Beast Qinglong" Creature lvl5 hero1
t=5 ph=3 ap=0 snaps=1684 hooks=16 inst=59 rollout "Cardinal Beast Qinglong" Creature lvl5 hero1
t=5 ph=3 ap=0 snaps=1689 hooks=16 inst=59 rollout "Cardinal Beast Qinglong" Creature lvl5 hero1
t=5 ph=3 ap=0 snaps=1704 hooks=16 inst=59 rollout "Cardinal Beast Qinglong" Creature lvl5 hero1
t=5 ph=3 ap=0 snaps=1709 hooks=16 inst=59 rollout "Cardinal Beast Qinglong" Creature lvl5 hero1
t=5 ph=3 ap=0 snaps=1716 hooks=16 inst=59 rollout "Brilliant Idea" Spell lvl1 hero1
t=5 ph=3 ap=0 snaps=1717 hooks=16 inst=59 rollout "Brilliant Idea" Spell lvl1 hero1
t=5 ph=3 ap=0 snaps=1718 hooks=16 inst=59 rollout "Brilliant Idea" Spell lvl1 hero1
t=5 ph=3 ap=0 snaps=1719 hooks=16 inst=59 rollout "Brilliant Idea" Spell lvl1 hero1
t=5 ph=3 ap=0 snaps=1720 hooks=16 inst=59 rollout "Brilliant Idea" Spell lvl1 hero1
t=5 ph=3 ap=0 snaps=1721 hooks=16 inst=59 rollout "Brilliant Idea" Spell lvl1 hero1
t=5 ph=3 ap=0 snaps=1722 hooks=16 inst=59 rollout "Cardinal Beast Xuanwu" Creature lvl5 hero1
t=5 ph=3 ap=0 snaps=1731 hooks=16 inst=59 rollout "Cardinal Beast Xuanwu" Creature lvl5 hero1
t=5 ph=3 ap=0 snaps=1736 hooks=16 inst=59 rollout "Cardinal Beast Xuanwu" Creature lvl5 hero1
t=5 ph=3 ap=0 snaps=1740 hooks=16 inst=59 rollout "Cardinal Beast Xuanwu" Creature lvl5 hero1
t=5 ph=3 ap=0 snaps=1749 hooks=16 inst=59 rollout "Cardinal Beast Xuanwu" Creature lvl5 hero1
t=5 ph=3 ap=0 snaps=1755 hooks=16 inst=59 rollout "Cardinal Beast Xuanwu" Creature lvl5 hero1
t=5 ph=3 ap=0 snaps=1760 hooks=16 inst=59 rollout "Cardinal Beast Baihu" Creature lvl5 hero1
t=5 ph=3 ap=0 snaps=1774 hooks=16 inst=59 rollout "Cardinal Beast Baihu" Creature lvl5 hero1
t=5 ph=3 ap=0 snaps=1780 hooks=16 inst=59 rollout "Cardinal Beast Baihu" Creature lvl5 hero1
t=5 ph=3 ap=0 snaps=1786 hooks=16 inst=59 rollout "Cardinal Beast Baihu" Creature lvl5 hero1
t=5 ph=3 ap=0 snaps=1796 hooks=16 inst=59 rollout "Cardinal Beast Baihu" Creature lvl5 hero1
t=5 ph=3 ap=0 snaps=1800 hooks=16 inst=59 rollout "Cardinal Beast Baihu" Creature lvl5 hero1
t=5 ph=3 ap=0 snaps=1804 hooks=16 inst=59 rollout "Cardinal Beast Zhuque" Creature lvl5 hero1
t=5 ph=3 ap=0 snaps=1816 hooks=16 inst=59 rollout "Cardinal Beast Zhuque" Creature lvl5 hero1
t=5 ph=3 ap=0 snaps=1821 hooks=16 inst=59 rollout "Cardinal Beast Zhuque" Creature lvl5 hero1
t=5 ph=3 ap=0 snaps=1825 hooks=16 inst=59 rollout "Cardinal Beast Zhuque" Creature lvl5 hero1
t=5 ph=3 ap=0 snaps=1834 hooks=16 inst=59 rollout "Cardinal Beast Zhuque" Creature lvl5 hero1
t=5 ph=3 ap=0 snaps=1839 hooks=16 inst=59 rollout "Cardinal Beast Zhuque" Creature lvl5 hero1
t=5 ph=3 ap=0 snaps=1843 hooks=16 inst=59 rollout "Cardinal Beast Xuanwu" Creature lvl5 hero1
t=5 ph=3 ap=0 snaps=1847 hooks=16 inst=59 rollout "Cardinal Beast Qinglong" Creature lvl5 hero1
t=5 ph=3 ap=0 snaps=1854 hooks=16 inst=59 rollout "Cardinal Beast Qinglong" Creature lvl5 hero1
t=5 ph=3 ap=0 snaps=1860 hooks=16 inst=59 rollout "Cardinal Beast Xuanwu" Creature lvl5 hero1
t=5 ph=3 ap=0 snaps=1868 hooks=16 inst=59 rollout "Cardinal Beast Qinglong" Creature lvl5 hero1
t=5 ph=3 ap=0 snaps=1877 hooks=16 inst=59 rollout "Cardinal Beast Qinglong" Creature lvl5 hero1
t=5 ph=3 ap=0 snaps=1886 hooks=16 inst=59 rollout "Cardinal Beast Qinglong" Creature lvl5 hero1
t=5 ph=3 ap=0 snaps=1900 hooks=16 inst=59 rollout "Cardinal Beast Qinglong" Creature lvl5 hero1
t=5 ph=3 ap=0 snaps=1913 hooks=16 inst=59 rollout "Cardinal Beast Qinglong" Creature lvl5 hero1
t=5 ph=3 ap=0 snaps=1922 hooks=16 inst=59 rollout "Cardinal Beast Qinglong" Creature lvl5 hero1
t=5 ph=3 ap=0 snaps=1932 hooks=16 inst=59 rollout "Cardinal Beast Qinglong" Creature lvl5 hero1
t=5 ph=3 ap=0 snaps=1942 hooks=16 inst=59 rollout "Cardinal Beast Qinglong" Creature lvl5 hero1
t=5 ph=3 ap=0 snaps=1952 hooks=16 inst=59 rollout "Cardinal Beast Qinglong" Creature lvl5 hero1
t=5 ph=3 ap=0 snaps=1959 hooks=16 inst=59 rollout "Cardinal Beast Qinglong" Creature lvl5 hero1
t=5 ph=3 ap=0 snaps=1969 hooks=16 inst=59 rollout "Cardinal Beast Qinglong" Creature lvl5 hero1
t=5 ph=3 ap=0 snaps=1979 hooks=16 inst=59 rollout "Cardinal Beast Qinglong" Creature lvl5 hero1
t=5 ph=3 ap=0 snaps=1988 hooks=16 inst=59 rollout "Cardinal Beast Qinglong" Creature lvl5 hero1
t=5 ph=3 ap=0 snaps=1997 hooks=16 inst=59 rollout "Cardinal Beast Qinglong" Creature lvl5 hero1
t=5 ph=3 ap=0 snaps=2005 hooks=16 inst=59 rollout "Cardinal Beast Qinglong" Creature lvl5 hero1
t=5 ph=3 ap=0 snaps=2015 hooks=16 inst=59 rollout "Cardinal Beast Qinglong" Creature lvl5 hero1
t=5 ph=3 ap=0 snaps=2024 hooks=16 inst=59 rollout "Cardinal Beast Qinglong" Creature lvl5 hero1
t=5 ph=3 ap=0 snaps=2031 hooks=16 inst=59 rollout "Cardinal Beast Qinglong" Creature lvl5 hero1
t=5 ph=3 ap=0 snaps=2040 hooks=16 inst=59 rollout "Cardinal Beast Qinglong" Creature lvl5 hero1
t=5 ph=3 ap=0 snaps=2052 hooks=16 inst=59 rollout "Cardinal Beast Qinglong" Creature lvl5 hero1
t=5 ph=3 ap=0 snaps=2059 hooks=16 inst=59 rollout "Cardinal Beast Zhuque" Creature lvl5 hero1
t=5 ph=3 ap=0 snaps=2068 hooks=16 inst=59 rollout "Cardinal Beast Qinglong" Creature lvl5 hero1
t=5 ph=3 ap=0 snaps=2080 hooks=16 inst=59 rollout "Cardinal Beast Qinglong" Creature lvl5 hero1
t=5 ph=3 ap=0 snaps=2092 hooks=16 inst=59 rollout "Cardinal Beast Qinglong" Creature lvl5 hero1
t=5 ph=3 ap=0 snaps=2101 hooks=16 inst=59 rollout "Cardinal Beast Qinglong" Creature lvl5 hero1
t=5 ph=3 ap=0 snaps=2111 hooks=16 inst=59 rollout "Cardinal Beast Qinglong" Creature lvl5 hero1
t=5 ph=3 ap=0 snaps=2121 hooks=16 inst=59 rollout "Cardinal Beast Qinglong" Creature lvl5 hero1
t=5 ph=3 ap=0 snaps=2131 hooks=16 inst=59 rollout "Cardinal Beast Qinglong" Creature lvl5 hero1
t=5 ph=3 ap=0 snaps=2139 hooks=16 inst=59 rollout "Cardinal Beast Qinglong" Creature lvl5 hero1
t=5 ph=3 ap=0 snaps=2147 hooks=16 inst=59 rollout "Cardinal Beast Qinglong" Creature lvl5 hero1
t=5 ph=3 ap=0 snaps=2155 hooks=16 inst=59 rollout "Cardinal Beast Qinglong" Creature lvl5 hero1
t=5 ph=3 ap=0 snaps=2165 hooks=16 inst=59 rollout "Cardinal Beast Qinglong" Creature lvl5 hero1
t=5 ph=3 ap=0 snaps=2174 hooks=16 inst=59 rollout "Cardinal Beast Qinglong" Creature lvl5 hero1
t=5 ph=3 ap=0 snaps=2183 hooks=16 inst=59 rollout "Cardinal Beast Qinglong" Creature lvl5 hero1
t=5 ph=3 ap=0 snaps=2191 hooks=16 inst=59 rollout "Cardinal Beast Qinglong" Creature lvl5 hero1
t=5 ph=3 ap=0 snaps=2199 hooks=16 inst=59 rollout "Cardinal Beast Qinglong" Creature lvl5 hero1
t=5 ph=3 ap=0 snaps=2211 hooks=16 inst=59 rollout "Cardinal Beast Qinglong" Creature lvl5 hero1
t=5 ph=3 ap=0 snaps=2221 hooks=16 inst=59 summon "Cardinal Beast Qinglong" p0/h1
t=5 ph=5 ap=0 snaps=2225 hooks=26 inst=60 switchTurn ending p0
t=6 ph=2 ap=1 snaps=2225 hooks=10 inst=61 cpuTurnStart cpu=p1 hand=6
t=6 ph=3 ap=1 snaps=2252 hooks=33 inst=70 rollout "Chain Lightning" Spell lvl3 hero1
t=6 ph=3 ap=1 snaps=2271 hooks=33 inst=70 rollout "Chain Lightning" Spell lvl3 hero1
t=6 ph=3 ap=1 snaps=2279 hooks=33 inst=70 rollout "Chain Lightning" Spell lvl3 hero1
t=6 ph=3 ap=1 snaps=2286 hooks=33 inst=70 rollout "Chain Lightning" Spell lvl3 hero1
t=6 ph=3 ap=1 snaps=2293 hooks=33 inst=70 rollout "Chain Lightning" Spell lvl3 hero1
t=6 ph=3 ap=1 snaps=2299 hooks=33 inst=70 rollout "Chain Lightning" Spell lvl3 hero1
t=6 ph=3 ap=1 snaps=2304 hooks=33 inst=70 rollout "Chain Lightning" Spell lvl3 hero1
t=6 ph=3 ap=1 snaps=2312 hooks=33 inst=70 rollout "Chain Lightning" Spell lvl3 hero1
t=6 ph=3 ap=1 snaps=2323 hooks=33 inst=70 rollout "Chain Lightning" Spell lvl3 hero1
t=6 ph=3 ap=1 snaps=2328 hooks=33 inst=70 rollout "Chain Lightning" Spell lvl3 hero1
t=6 ph=3 ap=1 snaps=2335 hooks=33 inst=70 rollout "Chain Lightning" Spell lvl3 hero1
t=6 ph=3 ap=1 snaps=2342 hooks=33 inst=70 rollout "Chain Lightning" Spell lvl3 hero1
t=6 ph=3 ap=1 snaps=2351 hooks=33 inst=70 rollout "Chain Lightning" Spell lvl3 hero1
t=6 ph=3 ap=1 snaps=2358 hooks=33 inst=70 rollout "Chain Lightning" Spell lvl3 hero1
t=6 ph=3 ap=1 snaps=2366 hooks=33 inst=70 rollout "Chain Lightning" Spell lvl3 hero1
t=6 ph=3 ap=1 snaps=2375 hooks=33 inst=70 rollout "Chain Lightning" Spell lvl3 hero1
t=6 ph=3 ap=1 snaps=2380 hooks=33 inst=70 rollout "Chain Lightning" Spell lvl3 hero1
t=6 ph=3 ap=1 snaps=2386 hooks=33 inst=70 rollout "Chain Lightning" Spell lvl3 hero1
t=6 ph=3 ap=1 snaps=2391 hooks=33 inst=70 rollout "Chain Lightning" Spell lvl3 hero1
t=6 ph=3 ap=1 snaps=2401 hooks=33 inst=70 rollout "Chain Lightning" Spell lvl3 hero1
t=6 ph=3 ap=1 snaps=2414 hooks=33 inst=70 rollout "Chain Lightning" Spell lvl3 hero1
t=6 ph=3 ap=1 snaps=2426 hooks=33 inst=70 rollout "Chain Lightning" Spell lvl3 hero1
t=6 ph=3 ap=1 snaps=2435 hooks=33 inst=70 rollout "Chain Lightning" Spell lvl3 hero1
t=6 ph=3 ap=1 snaps=2442 hooks=33 inst=70 rollout "Chain Lightning" Spell lvl3 hero1
t=6 ph=3 ap=1 snaps=2449 hooks=33 inst=70 rollout "Chain Lightning" Spell lvl3 hero1
t=6 ph=3 ap=1 snaps=2455 hooks=33 inst=70 rollout "Chain Lightning" Spell lvl3 hero1
t=6 ph=3 ap=1 snaps=2470 hooks=33 inst=70 rollout "Chain Lightning" Spell lvl3 hero1
t=6 ph=3 ap=1 snaps=2484 hooks=33 inst=70 rollout "Chain Lightning" Spell lvl3 hero1
t=6 ph=3 ap=1 snaps=2491 hooks=33 inst=70 rollout "Chain Lightning" Spell lvl3 hero1
t=6 ph=3 ap=1 snaps=2502 hooks=33 inst=70 rollout "Chain Lightning" Spell lvl3 hero1
t=6 ph=3 ap=1 snaps=2515 hooks=33 inst=70 rollout "Chain Lightning" Spell lvl3 hero1
t=6 ph=3 ap=1 snaps=2522 hooks=33 inst=70 rollout "Chain Lightning" Spell lvl3 hero1
t=6 ph=3 ap=1 snaps=2536 hooks=33 inst=70 rollout "Chain Lightning" Spell lvl3 hero1
t=6 ph=3 ap=1 snaps=2542 hooks=33 inst=70 rollout "Chain Lightning" Spell lvl3 hero1
t=6 ph=3 ap=1 snaps=2554 hooks=33 inst=70 rollout "Chain Lightning" Spell lvl3 hero1
t=6 ph=3 ap=1 snaps=2562 hooks=33 inst=70 rollout "Chain Lightning" Spell lvl3 hero1
t=6 ph=3 ap=1 snaps=2569 hooks=33 inst=70 rollout "Chain Lightning" Spell lvl3 hero1
t=6 ph=3 ap=1 snaps=2576 hooks=33 inst=70 rollout "Chain Lightning" Spell lvl3 hero1
t=6 ph=3 ap=1 snaps=2587 hooks=33 inst=70 rollout "Chain Lightning" Spell lvl3 hero1
t=6 ph=3 ap=1 snaps=2596 hooks=33 inst=70 rollout "Chain Lightning" Spell lvl3 hero1
t=6 ph=3 ap=1 snaps=2603 hooks=33 inst=70 rollout "Chain Lightning" Spell lvl3 hero1
t=6 ph=3 ap=1 snaps=2609 hooks=33 inst=70 rollout "Chain Lightning" Spell lvl3 hero1
t=6 ph=3 ap=1 snaps=2615 hooks=33 inst=70 rollout "Chain Lightning" Spell lvl3 hero1
t=6 ph=3 ap=1 snaps=2626 hooks=33 inst=70 rollout "Chain Lightning" Spell lvl3 hero1
t=6 ph=3 ap=1 snaps=2635 hooks=33 inst=70 rollout "Chain Lightning" Spell lvl3 hero1
t=6 ph=3 ap=1 snaps=2643 hooks=33 inst=70 rollout "Chain Lightning" Spell lvl3 hero1
t=6 ph=3 ap=1 snaps=2647 hooks=33 inst=70 rollout "Chain Lightning" Spell lvl3 hero1
t=6 ph=3 ap=1 snaps=2656 hooks=33 inst=70 rollout "Chain Lightning" Spell lvl3 hero1
t=6 ph=3 ap=1 snaps=2664 hooks=33 inst=70 rollout "Chain Lightning" Spell lvl3 hero1
t=6 ph=3 ap=1 snaps=2673 hooks=33 inst=70 rollout "Chain Lightning" Spell lvl3 hero1
t=6 ph=3 ap=1 snaps=2683 hooks=33 inst=70 rollout "Chain Lightning" Spell lvl3 hero1
t=6 ph=3 ap=1 snaps=2687 hooks=33 inst=70 rollout "Chain Lightning" Spell lvl3 hero1
t=6 ph=3 ap=1 snaps=2693 hooks=33 inst=70 rollout "Chain Lightning" Spell lvl3 hero1
t=6 ph=3 ap=1 snaps=2702 hooks=33 inst=70 rollout "Chain Lightning" Spell lvl3 hero1
t=6 ph=3 ap=1 snaps=2709 hooks=33 inst=70 rollout "Chain Lightning" Spell lvl3 hero1
t=6 ph=3 ap=1 snaps=2718 hooks=33 inst=70 rollout "Chain Lightning" Spell lvl3 hero1
t=6 ph=3 ap=1 snaps=2727 hooks=33 inst=70 rollout "Chain Lightning" Spell lvl3 hero1
t=6 ph=3 ap=1 snaps=2731 hooks=33 inst=70 rollout "Chain Lightning" Spell lvl3 hero1
t=6 ph=3 ap=1 snaps=2741 hooks=33 inst=70 rollout "Chain Lightning" Spell lvl3 hero1
t=6 ph=3 ap=1 snaps=2752 hooks=33 inst=70 rollout "Chain Lightning" Spell lvl3 hero1
t=6 ph=3 ap=1 snaps=2764 hooks=33 inst=70 rollout "Chain Lightning" Spell lvl3 hero1
t=6 ph=3 ap=1 snaps=2771 hooks=33 inst=70 rollout "Chain Lightning" Spell lvl3 hero1
t=6 ph=3 ap=1 snaps=2780 hooks=33 inst=70 rollout "Chain Lightning" Spell lvl3 hero1
t=6 ph=3 ap=1 snaps=2784 hooks=33 inst=70 rollout "Chain Lightning" Spell lvl3 hero1
t=6 ph=3 ap=1 snaps=2789 hooks=33 inst=70 rollout "Chain Lightning" Spell lvl3 hero1
t=6 ph=3 ap=1 snaps=2799 hooks=33 inst=70 rollout "Chain Lightning" Spell lvl3 hero1
t=6 ph=3 ap=1 snaps=2806 hooks=33 inst=70 rollout "Chain Lightning" Spell lvl3 hero1
t=6 ph=3 ap=1 snaps=2813 hooks=33 inst=70 rollout "Chain Lightning" Spell lvl3 hero1
t=6 ph=3 ap=1 snaps=2823 hooks=33 inst=70 rollout "Chain Lightning" Spell lvl3 hero1
t=6 ph=3 ap=1 snaps=2833 hooks=33 inst=70 rollout "Chain Lightning" Spell lvl3 hero1
t=6 ph=3 ap=1 snaps=2839 hooks=33 inst=70 rollout "Chain Lightning" Spell lvl3 hero1
t=6 ph=3 ap=1 snaps=2844 hooks=33 inst=70 rollout "Chain Lightning" Spell lvl3 hero1
t=6 ph=3 ap=1 snaps=2853 hooks=33 inst=70 rollout "Chain Lightning" Spell lvl3 hero1
t=6 ph=3 ap=1 snaps=2861 hooks=33 inst=70 rollout "Chain Lightning" Spell lvl3 hero1
t=6 ph=3 ap=1 snaps=2868 hooks=33 inst=70 rollout "Chain Lightning" Spell lvl3 hero1
t=6 ph=3 ap=1 snaps=2875 hooks=33 inst=70 rollout "Chain Lightning" Spell lvl3 hero1
t=6 ph=3 ap=1 snaps=2880 hooks=33 inst=70 rollout "Chain Lightning" Spell lvl3 hero1
t=6 ph=3 ap=1 snaps=2889 hooks=33 inst=70 rollout "Chain Lightning" Spell lvl3 hero1
t=6 ph=3 ap=1 snaps=2897 hooks=33 inst=70 rollout "Chain Lightning" Spell lvl3 hero1
t=6 ph=3 ap=1 snaps=2903 hooks=33 inst=70 rollout "Chain Lightning" Spell lvl3 hero1
t=6 ph=5 ap=1 snaps=2913 hooks=59 inst=70 switchTurn ending p1
t=7 ph=2 ap=0 snaps=2913 hooks=10 inst=71 cpuTurnStart cpu=p0 hand=7
t=7 ph=3 ap=0 snaps=3028 hooks=39 inst=79 rollout "Cardinal Beast Xuanwu" Creature lvl5 hero1
t=7 ph=3 ap=0 snaps=3032 hooks=39 inst=79 rollout "Cardinal Beast Baihu" Creature lvl5 hero1
t=7 ph=3 ap=0 snaps=3034 hooks=39 inst=79 rollout "Cardinal Beast Zhuque" Creature lvl5 hero1
t=7 ph=3 ap=0 snaps=3037 hooks=39 inst=79 rollout "Cardinal Beast Xuanwu" Creature lvl5 hero1
t=7 ph=3 ap=0 snaps=3044 hooks=39 inst=79 rollout "Cardinal Beast Xuanwu" Creature lvl5 hero1
t=7 ph=3 ap=0 snaps=3049 hooks=39 inst=79 rollout "Cardinal Beast Baihu" Creature lvl5 hero1
t=7 ph=3 ap=0 snaps=3050 hooks=39 inst=79 rollout "Cardinal Beast Baihu" Creature lvl5 hero1
t=7 ph=3 ap=0 snaps=3052 hooks=39 inst=79 rollout "Cardinal Beast Zhuque" Creature lvl5 hero1
t=7 ph=3 ap=0 snaps=3056 hooks=39 inst=79 rollout "Cardinal Beast Zhuque" Creature lvl5 hero1
t=7 ph=3 ap=0 snaps=3060 hooks=39 inst=79 rollout "Cardinal Beast Zhuque" Creature lvl5 hero1
t=7 ph=3 ap=0 snaps=3065 hooks=39 inst=79 rollout "Cardinal Beast Zhuque" Creature lvl5 hero1
t=7 ph=3 ap=0 snaps=3069 hooks=39 inst=79 rollout "Cardinal Beast Zhuque" Creature lvl5 hero1
t=7 ph=3 ap=0 snaps=3076 hooks=39 inst=79 rollout "Cardinal Beast Zhuque" Creature lvl5 hero1
t=7 ph=3 ap=0 snaps=3081 hooks=39 inst=79 rollout "Cardinal Beast Zhuque" Creature lvl5 hero1
t=7 ph=3 ap=0 snaps=3083 hooks=39 inst=79 rollout "Cardinal Beast Zhuque" Creature lvl5 hero1
t=7 ph=3 ap=0 snaps=3087 hooks=39 inst=79 rollout "Cardinal Beast Zhuque" Creature lvl5 hero1
t=7 ph=3 ap=0 snaps=3091 hooks=39 inst=79 rollout "Cardinal Beast Zhuque" Creature lvl5 hero1
t=7 ph=3 ap=0 snaps=3094 hooks=39 inst=79 rollout "Cardinal Beast Zhuque" Creature lvl5 hero1
t=7 ph=3 ap=0 snaps=3097 hooks=39 inst=79 rollout "Cardinal Beast Zhuque" Creature lvl5 hero1
t=7 ph=3 ap=0 snaps=3102 hooks=39 inst=79 rollout "Cardinal Beast Zhuque" Creature lvl5 hero1
t=7 ph=3 ap=0 snaps=3107 hooks=39 inst=79 rollout "Cardinal Beast Zhuque" Creature lvl5 hero1
t=7 ph=3 ap=0 snaps=3111 hooks=39 inst=79 rollout "Cardinal Beast Zhuque" Creature lvl5 hero1
t=7 ph=3 ap=0 snaps=3112 hooks=39 inst=79 rollout "Cardinal Beast Zhuque" Creature lvl5 hero1
t=7 ph=3 ap=0 snaps=3116 hooks=39 inst=79 rollout "Cardinal Beast Zhuque" Creature lvl5 hero1
t=7 ph=3 ap=0 snaps=3119 hooks=39 inst=79 rollout "Cardinal Beast Zhuque" Creature lvl5 hero1
t=7 ph=3 ap=0 snaps=3124 hooks=39 inst=79 rollout "Cardinal Beast Zhuque" Creature lvl5 hero1
t=7 ph=3 ap=0 snaps=3131 hooks=39 inst=79 rollout "Cardinal Beast Zhuque" Creature lvl5 hero1
t=7 ph=3 ap=0 snaps=3136 hooks=39 inst=79 rollout "Cardinal Beast Zhuque" Creature lvl5 hero1
t=7 ph=3 ap=0 snaps=3139 hooks=39 inst=79 rollout "Cardinal Beast Zhuque" Creature lvl5 hero1
t=7 ph=3 ap=0 snaps=3143 hooks=39 inst=79 rollout "Cardinal Beast Zhuque" Creature lvl5 hero1
t=7 ph=3 ap=0 snaps=3148 hooks=39 inst=79 rollout "Cardinal Beast Zhuque" Creature lvl5 hero1
t=7 ph=3 ap=0 snaps=3150 hooks=39 inst=79 rollout "Cardinal Beast Zhuque" Creature lvl5 hero1
t=7 ph=3 ap=0 snaps=3157 hooks=39 inst=79 rollout "Cardinal Beast Zhuque" Creature lvl5 hero1
t=7 ph=3 ap=0 snaps=3160 hooks=39 inst=79 rollout "Cardinal Beast Zhuque" Creature lvl5 hero1
t=7 ph=3 ap=0 snaps=3165 hooks=39 inst=79 rollout "Cardinal Beast Zhuque" Creature lvl5 hero1
t=7 ph=3 ap=0 snaps=3167 hooks=39 inst=79 rollout "Cardinal Beast Zhuque" Creature lvl5 hero1
t=7 ph=3 ap=0 snaps=3168 hooks=39 inst=79 rollout "Cardinal Beast Zhuque" Creature lvl5 hero1
t=7 ph=3 ap=0 snaps=3170 hooks=39 inst=79 rollout "Cardinal Beast Zhuque" Creature lvl5 hero1
t=7 ph=3 ap=0 snaps=3176 hooks=39 inst=79 rollout "Cardinal Beast Zhuque" Creature lvl5 hero1
t=7 ph=3 ap=0 snaps=3179 hooks=39 inst=79 rollout "Cardinal Beast Zhuque" Creature lvl5 hero1
t=7 ph=3 ap=0 snaps=3181 hooks=39 inst=79 rollout "Cardinal Beast Zhuque" Creature lvl5 hero1
t=7 ph=3 ap=0 snaps=3183 hooks=39 inst=79 rollout "Cardinal Beast Zhuque" Creature lvl5 hero1
t=7 ph=3 ap=0 snaps=3184 hooks=39 inst=79 rollout "Cardinal Beast Zhuque" Creature lvl5 hero1
t=7 ph=3 ap=0 snaps=3186 hooks=39 inst=79 rollout "Cardinal Beast Zhuque" Creature lvl5 hero1
t=7 ph=3 ap=0 snaps=3188 hooks=39 inst=79 rollout "Cardinal Beast Zhuque" Creature lvl5 hero1
t=7 ph=3 ap=0 snaps=3192 hooks=39 inst=79 rollout "Cardinal Beast Zhuque" Creature lvl5 hero1
t=7 ph=3 ap=0 snaps=3196 hooks=39 inst=79 rollout "Cardinal Beast Zhuque" Creature lvl5 hero1
t=7 ph=3 ap=0 snaps=3200 hooks=39 inst=79 rollout "Cardinal Beast Zhuque" Creature lvl5 hero1
t=7 ph=3 ap=0 snaps=3203 hooks=39 inst=79 rollout "Cardinal Beast Zhuque" Creature lvl5 hero1
t=7 ph=3 ap=0 snaps=3204 hooks=39 inst=79 rollout "Cardinal Beast Zhuque" Creature lvl5 hero1
t=7 ph=3 ap=0 snaps=3208 hooks=39 inst=79 rollout "Cardinal Beast Zhuque" Creature lvl5 hero1
t=7 ph=3 ap=0 snaps=3210 hooks=39 inst=79 rollout "Cardinal Beast Zhuque" Creature lvl5 hero1
t=7 ph=3 ap=0 snaps=3212 hooks=39 inst=79 rollout "Cardinal Beast Zhuque" Creature lvl5 hero1
t=7 ph=3 ap=0 snaps=3214 hooks=39 inst=79 rollout "Cardinal Beast Zhuque" Creature lvl5 hero1
t=7 ph=3 ap=0 snaps=3219 hooks=39 inst=79 rollout "Cardinal Beast Zhuque" Creature lvl5 hero1
t=7 ph=3 ap=0 snaps=3223 hooks=39 inst=79 rollout "Cardinal Beast Zhuque" Creature lvl5 hero1
t=7 ph=3 ap=0 snaps=3229 hooks=39 inst=79 rollout "Cardinal Beast Zhuque" Creature lvl5 hero1
t=7 ph=3 ap=0 snaps=3233 hooks=39 inst=79 rollout "Cardinal Beast Zhuque" Creature lvl5 hero1
t=7 ph=3 ap=0 snaps=3234 hooks=39 inst=79 rollout "Cardinal Beast Zhuque" Creature lvl5 hero1
t=7 ph=3 ap=0 snaps=3240 hooks=39 inst=79 rollout "Cardinal Beast Zhuque" Creature lvl5 hero1
t=7 ph=3 ap=0 snaps=3243 hooks=39 inst=79 rollout "Cardinal Beast Zhuque" Creature lvl5 hero1
t=7 ph=3 ap=0 snaps=3246 hooks=39 inst=79 rollout "Cardinal Beast Zhuque" Creature lvl5 hero1
t=7 ph=3 ap=0 snaps=3249 hooks=39 inst=79 rollout "Cardinal Beast Zhuque" Creature lvl5 hero1
t=7 ph=3 ap=0 snaps=3253 hooks=39 inst=79 rollout "Cardinal Beast Zhuque" Creature lvl5 hero1
t=7 ph=3 ap=0 snaps=3257 hooks=39 inst=79 rollout "Cardinal Beast Zhuque" Creature lvl5 hero1
t=7 ph=3 ap=0 snaps=3261 hooks=39 inst=79 rollout "Cardinal Beast Zhuque" Creature lvl5 hero1
t=7 ph=3 ap=0 snaps=3265 hooks=39 inst=79 rollout "Cardinal Beast Zhuque" Creature lvl5 hero1
t=7 ph=3 ap=0 snaps=3268 hooks=39 inst=79 rollout "Cardinal Beast Zhuque" Creature lvl5 hero1
t=7 ph=3 ap=0 snaps=3270 hooks=39 inst=79 rollout "Cardinal Beast Zhuque" Creature lvl5 hero1
t=7 ph=3 ap=0 snaps=3271 hooks=39 inst=79 rollout "Cardinal Beast Zhuque" Creature lvl5 hero1
t=7 ph=3 ap=0 snaps=3275 hooks=39 inst=79 rollout "Cardinal Beast Zhuque" Creature lvl5 hero1
t=7 ph=3 ap=0 snaps=3280 hooks=39 inst=79 rollout "Cardinal Beast Zhuque" Creature lvl5 hero1
t=7 ph=3 ap=0 snaps=3284 hooks=39 inst=79 rollout "Cardinal Beast Zhuque" Creature lvl5 hero1
t=7 ph=3 ap=0 snaps=3288 hooks=39 inst=79 rollout "Cardinal Beast Zhuque" Creature lvl5 hero1
t=7 ph=3 ap=0 snaps=3292 hooks=39 inst=79 rollout "Cardinal Beast Zhuque" Creature lvl5 hero1
t=7 ph=3 ap=0 snaps=3293 hooks=39 inst=79 rollout "Cardinal Beast Zhuque" Creature lvl5 hero1
t=7 ph=3 ap=0 snaps=3295 hooks=39 inst=79 rollout "Cardinal Beast Zhuque" Creature lvl5 hero1
t=7 ph=3 ap=0 snaps=3298 hooks=39 inst=79 rollout "Cardinal Beast Zhuque" Creature lvl5 hero1
t=7 ph=3 ap=0 snaps=3300 hooks=39 inst=79 rollout "Cardinal Beast Zhuque" Creature lvl5 hero1
t=7 ph=3 ap=0 snaps=3303 hooks=39 inst=79 rollout "Cardinal Beast Zhuque" Creature lvl5 hero1
t=7 ph=3 ap=0 snaps=3305 hooks=39 inst=79 summon "Cardinal Beast Zhuque" p0/h1
t=7 ph=5 ap=0 snaps=3307 hooks=49 inst=80 switchTurn ending p0
t=8 ph=2 ap=1 snaps=3307 hooks=11 inst=81 cpuTurnStart cpu=p1 hand=6
t=8 ph=5 ap=1 snaps=3336 hooks=27 inst=81 switchTurn ending p1
t=9 ph=2 ap=0 snaps=3336 hooks=10 inst=82 cpuTurnStart cpu=p0 hand=7
t=9 ph=5 ap=0 snaps=3355 hooks=23 inst=82 switchTurn ending p0
t=10 ph=2 ap=1 snaps=3355 hooks=15 inst=82 cpuTurnStart cpu=p1 hand=5
t=10 ph=5 ap=1 snaps=3461 hooks=29 inst=84 switchTurn ending p1
t=11 ph=2 ap=0 snaps=3461 hooks=10 inst=85 cpuTurnStart cpu=p0 hand=8
t=11 ph=5 ap=0 snaps=3513 hooks=26 inst=85 switchTurn ending p0
t=12 ph=2 ap=1 snaps=3513 hooks=14 inst=85 cpuTurnStart cpu=p1 hand=7
t=12 ph=5 ap=1 snaps=3551 hooks=26 inst=85 switchTurn ending p1
t=13 ph=2 ap=0 snaps=3551 hooks=10 inst=86 cpuTurnStart cpu=p0 hand=8
t=13 ph=3 ap=0 snaps=3571 hooks=21 inst=87 rollout "Cardinal Beast Xuanwu" Creature lvl5 hero1
t=13 ph=3 ap=0 snaps=3572 hooks=21 inst=87 rollout "Cardinal Beast Baihu" Creature lvl5 hero1
t=13 ph=3 ap=0 snaps=3573 hooks=21 inst=87 rollout "Cardinal Beast Xuanwu" Creature lvl5 hero1
t=13 ph=3 ap=0 snaps=3574 hooks=21 inst=87 rollout "Cardinal Beast Xuanwu" Creature lvl5 hero1
t=13 ph=3 ap=0 snaps=3576 hooks=21 inst=87 rollout "Cardinal Beast Xuanwu" Creature lvl5 hero1
t=13 ph=3 ap=0 snaps=3577 hooks=21 inst=87 rollout "Cardinal Beast Xuanwu" Creature lvl5 hero1
t=13 ph=3 ap=0 snaps=3578 hooks=21 inst=87 rollout "Cardinal Beast Xuanwu" Creature lvl5 hero1
t=13 ph=3 ap=0 snaps=3579 hooks=21 inst=87 rollout "Cardinal Beast Xuanwu" Creature lvl5 hero1
t=13 ph=3 ap=0 snaps=3580 hooks=21 inst=87 rollout "Cardinal Beast Xuanwu" Creature lvl5 hero1
t=13 ph=3 ap=0 snaps=3581 hooks=21 inst=87 rollout "Cardinal Beast Xuanwu" Creature lvl5 hero1
t=13 ph=3 ap=0 snaps=3583 hooks=21 inst=87 rollout "Cardinal Beast Xuanwu" Creature lvl5 hero1
t=13 ph=3 ap=0 snaps=3585 hooks=21 inst=87 rollout "Cardinal Beast Xuanwu" Creature lvl5 hero1
t=13 ph=3 ap=0 snaps=3586 hooks=21 inst=87 rollout "Cardinal Beast Baihu" Creature lvl5 hero1
t=13 ph=3 ap=0 snaps=3588 hooks=21 inst=87 rollout "Cardinal Beast Baihu" Creature lvl5 hero1
t=13 ph=3 ap=0 snaps=3589 hooks=21 inst=87 rollout "Cardinal Beast Baihu" Creature lvl5 hero1
t=13 ph=3 ap=0 snaps=3591 hooks=21 inst=87 rollout "Cardinal Beast Baihu" Creature lvl5 hero1
t=13 ph=3 ap=0 snaps=3595 hooks=21 inst=87 rollout "Cardinal Beast Baihu" Creature lvl5 hero1
t=13 ph=3 ap=0 snaps=3599 hooks=21 inst=87 rollout "Cardinal Beast Baihu" Creature lvl5 hero1
t=13 ph=3 ap=0 snaps=3602 hooks=21 inst=87 rollout "Cardinal Beast Baihu" Creature lvl5 hero1
t=13 ph=3 ap=0 snaps=3604 hooks=21 inst=87 rollout "Cardinal Beast Baihu" Creature lvl5 hero1
t=13 ph=3 ap=0 snaps=3607 hooks=21 inst=87 rollout "Cardinal Beast Baihu" Creature lvl5 hero1
t=13 ph=3 ap=0 snaps=3612 hooks=21 inst=87 rollout "Cardinal Beast Baihu" Creature lvl5 hero1
t=13 ph=3 ap=0 snaps=3614 hooks=21 inst=87 rollout "Cardinal Beast Xuanwu" Creature lvl5 hero1
t=13 ph=3 ap=0 snaps=3615 hooks=21 inst=87 rollout "Cardinal Beast Xuanwu" Creature lvl5 hero1
t=13 ph=3 ap=0 snaps=3616 hooks=21 inst=87 rollout "Cardinal Beast Xuanwu" Creature lvl5 hero1
t=13 ph=3 ap=0 snaps=3617 hooks=21 inst=87 rollout "Cardinal Beast Xuanwu" Creature lvl5 hero1
t=13 ph=3 ap=0 snaps=3618 hooks=21 inst=87 rollout "Cardinal Beast Xuanwu" Creature lvl5 hero1
t=13 ph=3 ap=0 snaps=3619 hooks=21 inst=87 rollout "Cardinal Beast Xuanwu" Creature lvl5 hero1
t=13 ph=3 ap=0 snaps=3621 hooks=21 inst=87 rollout "Cardinal Beast Xuanwu" Creature lvl5 hero1
t=13 ph=3 ap=0 snaps=3622 hooks=21 inst=87 rollout "Cardinal Beast Xuanwu" Creature lvl5 hero1
t=13 ph=3 ap=0 snaps=3624 hooks=21 inst=87 rollout "Cardinal Beast Xuanwu" Creature lvl5 hero1
t=13 ph=3 ap=0 snaps=3625 hooks=21 inst=87 rollout "Cardinal Beast Xuanwu" Creature lvl5 hero1
t=13 ph=3 ap=0 snaps=3626 hooks=21 inst=87 rollout "Cardinal Beast Xuanwu" Creature lvl5 hero1
t=13 ph=3 ap=0 snaps=3627 hooks=21 inst=87 rollout "Cardinal Beast Xuanwu" Creature lvl5 hero1
t=13 ph=3 ap=0 snaps=3628 hooks=21 inst=87 rollout "Cardinal Beast Xuanwu" Creature lvl5 hero1
t=13 ph=3 ap=0 snaps=3629 hooks=21 inst=87 rollout "Cardinal Beast Xuanwu" Creature lvl5 hero1
t=13 ph=3 ap=0 snaps=3630 hooks=21 inst=87 rollout "Cardinal Beast Xuanwu" Creature lvl5 hero1
t=13 ph=3 ap=0 snaps=3631 hooks=21 inst=87 rollout "Cardinal Beast Xuanwu" Creature lvl5 hero1
t=13 ph=3 ap=0 snaps=3632 hooks=21 inst=87 rollout "Cardinal Beast Xuanwu" Creature lvl5 hero1
t=13 ph=3 ap=0 snaps=3633 hooks=21 inst=87 rollout "Cardinal Beast Xuanwu" Creature lvl5 hero1
t=13 ph=3 ap=0 snaps=3634 hooks=21 inst=87 rollout "Cardinal Beast Xuanwu" Creature lvl5 hero1
t=13 ph=3 ap=0 snaps=3635 hooks=21 inst=87 rollout "Cardinal Beast Xuanwu" Creature lvl5 hero1
t=13 ph=3 ap=0 snaps=3636 hooks=21 inst=87 rollout "Cardinal Beast Xuanwu" Creature lvl5 hero1
t=13 ph=3 ap=0 snaps=3637 hooks=21 inst=87 rollout "Cardinal Beast Xuanwu" Creature lvl5 hero1
t=13 ph=3 ap=0 snaps=3638 hooks=21 inst=87 rollout "Cardinal Beast Xuanwu" Creature lvl5 hero1
t=13 ph=3 ap=0 snaps=3639 hooks=21 inst=87 rollout "Cardinal Beast Xuanwu" Creature lvl5 hero1
t=13 ph=3 ap=0 snaps=3640 hooks=21 inst=87 rollout "Cardinal Beast Xuanwu" Creature lvl5 hero1
t=13 ph=3 ap=0 snaps=3641 hooks=21 inst=87 rollout "Cardinal Beast Xuanwu" Creature lvl5 hero1
t=13 ph=3 ap=0 snaps=3642 hooks=21 inst=87 rollout "Cardinal Beast Xuanwu" Creature lvl5 hero1
t=13 ph=3 ap=0 snaps=3643 hooks=21 inst=87 rollout "Cardinal Beast Xuanwu" Creature lvl5 hero1
t=13 ph=3 ap=0 snaps=3644 hooks=21 inst=87 rollout "Cardinal Beast Xuanwu" Creature lvl5 hero1
t=13 ph=3 ap=0 snaps=3645 hooks=21 inst=87 rollout "Cardinal Beast Xuanwu" Creature lvl5 hero1
t=13 ph=3 ap=0 snaps=3646 hooks=21 inst=87 rollout "Cardinal Beast Xuanwu" Creature lvl5 hero1
t=13 ph=3 ap=0 snaps=3648 hooks=21 inst=87 rollout "Cardinal Beast Xuanwu" Creature lvl5 hero1
t=13 ph=3 ap=0 snaps=3649 hooks=21 inst=87 rollout "Cardinal Beast Xuanwu" Creature lvl5 hero1
t=13 ph=3 ap=0 snaps=3651 hooks=21 inst=87 rollout "Cardinal Beast Xuanwu" Creature lvl5 hero1
t=13 ph=3 ap=0 snaps=3652 hooks=21 inst=87 rollout "Cardinal Beast Xuanwu" Creature lvl5 hero1
t=13 ph=3 ap=0 snaps=3654 hooks=21 inst=87 rollout "Cardinal Beast Xuanwu" Creature lvl5 hero1
t=13 ph=3 ap=0 snaps=3655 hooks=21 inst=87 rollout "Cardinal Beast Xuanwu" Creature lvl5 hero1
t=13 ph=3 ap=0 snaps=3656 hooks=21 inst=87 rollout "Cardinal Beast Xuanwu" Creature lvl5 hero1
t=13 ph=3 ap=0 snaps=3657 hooks=21 inst=87 rollout "Cardinal Beast Xuanwu" Creature lvl5 hero1
t=13 ph=3 ap=0 snaps=3658 hooks=21 inst=87 rollout "Cardinal Beast Xuanwu" Creature lvl5 hero1
t=13 ph=3 ap=0 snaps=3659 hooks=21 inst=87 rollout "Cardinal Beast Xuanwu" Creature lvl5 hero1
t=13 ph=3 ap=0 snaps=3660 hooks=21 inst=87 rollout "Cardinal Beast Xuanwu" Creature lvl5 hero1
t=13 ph=3 ap=0 snaps=3661 hooks=21 inst=87 rollout "Cardinal Beast Xuanwu" Creature lvl5 hero1
t=13 ph=3 ap=0 snaps=3662 hooks=21 inst=87 rollout "Cardinal Beast Xuanwu" Creature lvl5 hero1
t=13 ph=3 ap=0 snaps=3664 hooks=21 inst=87 rollout "Cardinal Beast Xuanwu" Creature lvl5 hero1
t=13 ph=3 ap=0 snaps=3666 hooks=21 inst=87 rollout "Cardinal Beast Xuanwu" Creature lvl5 hero1
t=13 ph=3 ap=0 snaps=3668 hooks=21 inst=87 rollout "Cardinal Beast Xuanwu" Creature lvl5 hero1
t=13 ph=3 ap=0 snaps=3670 hooks=21 inst=87 rollout "Cardinal Beast Xuanwu" Creature lvl5 hero1
t=13 ph=3 ap=0 snaps=3671 hooks=21 inst=87 rollout "Cardinal Beast Xuanwu" Creature lvl5 hero1
t=13 ph=3 ap=0 snaps=3673 hooks=21 inst=87 rollout "Cardinal Beast Xuanwu" Creature lvl5 hero1
t=13 ph=3 ap=0 snaps=3674 hooks=21 inst=87 rollout "Cardinal Beast Xuanwu" Creature lvl5 hero1
t=13 ph=3 ap=0 snaps=3675 hooks=21 inst=87 rollout "Cardinal Beast Xuanwu" Creature lvl5 hero1
t=13 ph=3 ap=0 snaps=3677 hooks=21 inst=87 rollout "Cardinal Beast Xuanwu" Creature lvl5 hero1
t=13 ph=3 ap=0 snaps=3679 hooks=21 inst=87 rollout "Cardinal Beast Xuanwu" Creature lvl5 hero1
t=13 ph=3 ap=0 snaps=3681 hooks=21 inst=87 rollout "Cardinal Beast Xuanwu" Creature lvl5 hero1
t=13 ph=3 ap=0 snaps=3682 hooks=21 inst=87 rollout "Cardinal Beast Xuanwu" Creature lvl5 hero1
t=13 ph=3 ap=0 snaps=3684 hooks=21 inst=87 rollout "Cardinal Beast Xuanwu" Creature lvl5 hero1
t=13 ph=3 ap=0 snaps=3685 hooks=21 inst=87 rollout "Cardinal Beast Xuanwu" Creature lvl5 hero1
t=13 ph=3 ap=0 snaps=3686 hooks=21 inst=87 rollout "Cardinal Beast Xuanwu" Creature lvl5 hero1
t=13 ph=3 ap=0 snaps=3687 hooks=21 inst=87 rollout "Cardinal Beast Xuanwu" Creature lvl5 hero1
t=13 ph=3 ap=0 snaps=3688 hooks=21 inst=87 rollout "Cardinal Beast Xuanwu" Creature lvl5 hero1
t=13 ph=3 ap=0 snaps=3690 hooks=21 inst=87 rollout "Cardinal Beast Xuanwu" Creature lvl5 hero1
t=13 ph=3 ap=0 snaps=3691 hooks=21 inst=87 rollout "Cardinal Beast Xuanwu" Creature lvl5 hero1
t=13 ph=3 ap=0 snaps=3692 hooks=21 inst=87 rollout "Cardinal Beast Xuanwu" Creature lvl5 hero1
t=13 ph=3 ap=0 snaps=3693 hooks=21 inst=87 rollout "Cardinal Beast Xuanwu" Creature lvl5 hero1
t=13 ph=3 ap=0 snaps=3694 hooks=21 inst=87 rollout "Cardinal Beast Xuanwu" Creature lvl5 hero1
t=13 ph=3 ap=0 snaps=3695 hooks=21 inst=87 rollout "Cardinal Beast Xuanwu" Creature lvl5 hero1
t=13 ph=3 ap=0 snaps=3696 hooks=21 inst=87 rollout "Cardinal Beast Xuanwu" Creature lvl5 hero1
t=13 ph=3 ap=0 snaps=3698 hooks=21 inst=87 rollout "Cardinal Beast Xuanwu" Creature lvl5 hero1
t=13 ph=3 ap=0 snaps=3699 hooks=21 inst=87 rollout "Cardinal Beast Xuanwu" Creature lvl5 hero1
t=13 ph=3 ap=0 snaps=3700 hooks=21 inst=87 rollout "Cardinal Beast Xuanwu" Creature lvl5 hero1
t=13 ph=3 ap=0 snaps=3702 hooks=21 inst=87 rollout "Cardinal Beast Xuanwu" Creature lvl5 hero1
t=13 ph=3 ap=0 snaps=3704 hooks=21 inst=87 rollout "Cardinal Beast Xuanwu" Creature lvl5 hero1
t=13 ph=3 ap=0 snaps=3706 hooks=21 inst=87 rollout "Cardinal Beast Xuanwu" Creature lvl5 hero1
t=13 ph=3 ap=0 snaps=3707 hooks=21 inst=87 rollout "Cardinal Beast Xuanwu" Creature lvl5 hero1
t=13 ph=3 ap=0 snaps=3708 hooks=21 inst=87 rollout "Cardinal Beast Xuanwu" Creature lvl5 hero1
t=13 ph=3 ap=0 snaps=3709 hooks=21 inst=87 rollout "Cardinal Beast Xuanwu" Creature lvl5 hero1
t=13 ph=3 ap=0 snaps=3710 hooks=21 inst=87 rollout "Cardinal Beast Xuanwu" Creature lvl5 hero1
t=13 ph=3 ap=0 snaps=3711 hooks=21 inst=87 rollout "Cardinal Beast Xuanwu" Creature lvl5 hero1
t=13 ph=3 ap=0 snaps=3712 hooks=21 inst=87 rollout "Cardinal Beast Xuanwu" Creature lvl5 hero1
t=13 ph=3 ap=0 snaps=3713 hooks=21 inst=87 rollout "Cardinal Beast Xuanwu" Creature lvl5 hero1
t=13 ph=3 ap=0 snaps=3715 hooks=21 inst=87 rollout "Cardinal Beast Xuanwu" Creature lvl5 hero1
t=13 ph=3 ap=0 snaps=3716 hooks=21 inst=87 rollout "Cardinal Beast Xuanwu" Creature lvl5 hero1
t=13 ph=3 ap=0 snaps=3717 hooks=21 inst=87 rollout "Cardinal Beast Xuanwu" Creature lvl5 hero1
t=13 ph=3 ap=0 snaps=3718 hooks=21 inst=87 rollout "Cardinal Beast Xuanwu" Creature lvl5 hero1
t=13 ph=3 ap=0 snaps=3719 hooks=21 inst=87 rollout "Cardinal Beast Xuanwu" Creature lvl5 hero1
t=13 ph=3 ap=0 snaps=3720 hooks=21 inst=87 rollout "Cardinal Beast Xuanwu" Creature lvl5 hero1
t=13 ph=3 ap=0 snaps=3721 hooks=21 inst=87 rollout "Cardinal Beast Xuanwu" Creature lvl5 hero1
t=13 ph=3 ap=0 snaps=3722 hooks=21 inst=87 rollout "Cardinal Beast Xuanwu" Creature lvl5 hero1
t=13 ph=3 ap=0 snaps=3723 hooks=21 inst=87 rollout "Cardinal Beast Xuanwu" Creature lvl5 hero1
t=13 ph=3 ap=0 snaps=3724 hooks=21 inst=87 rollout "Cardinal Beast Xuanwu" Creature lvl5 hero1
t=13 ph=3 ap=0 snaps=3725 hooks=21 inst=87 rollout "Cardinal Beast Xuanwu" Creature lvl5 hero1
t=13 ph=3 ap=0 snaps=3726 hooks=21 inst=87 rollout "Cardinal Beast Xuanwu" Creature lvl5 hero1
t=13 ph=3 ap=0 snaps=3727 hooks=21 inst=87 rollout "Cardinal Beast Xuanwu" Creature lvl5 hero1
t=13 ph=3 ap=0 snaps=3728 hooks=21 inst=87 rollout "Cardinal Beast Xuanwu" Creature lvl5 hero1
t=13 ph=3 ap=0 snaps=3730 hooks=21 inst=87 rollout "Cardinal Beast Xuanwu" Creature lvl5 hero1
t=13 ph=3 ap=0 snaps=3731 hooks=21 inst=87 rollout "Cardinal Beast Xuanwu" Creature lvl5 hero1
t=13 ph=3 ap=0 snaps=3733 hooks=21 inst=87 rollout "Cardinal Beast Xuanwu" Creature lvl5 hero1
t=13 ph=3 ap=0 snaps=3734 hooks=21 inst=87 rollout "Cardinal Beast Xuanwu" Creature lvl5 hero1
t=13 ph=3 ap=0 snaps=3735 hooks=21 inst=87 rollout "Cardinal Beast Xuanwu" Creature lvl5 hero1
t=13 ph=3 ap=0 snaps=3736 hooks=21 inst=87 rollout "Cardinal Beast Xuanwu" Creature lvl5 hero1
t=13 ph=3 ap=0 snaps=3737 hooks=21 inst=87 rollout "Cardinal Beast Xuanwu" Creature lvl5 hero1
t=13 ph=3 ap=0 snaps=3738 hooks=21 inst=87 rollout "Cardinal Beast Xuanwu" Creature lvl5 hero1
t=13 ph=3 ap=0 snaps=3739 hooks=21 inst=87 rollout "Cardinal Beast Xuanwu" Creature lvl5 hero1
t=13 ph=3 ap=0 snaps=3741 hooks=21 inst=87 rollout "Cardinal Beast Xuanwu" Creature lvl5 hero1
t=13 ph=3 ap=0 snaps=3742 hooks=21 inst=87 rollout "Cardinal Beast Xuanwu" Creature lvl5 hero1
t=13 ph=3 ap=0 snaps=3743 hooks=21 inst=87 rollout "Cardinal Beast Xuanwu" Creature lvl5 hero1
t=13 ph=3 ap=0 snaps=3745 hooks=21 inst=87 rollout "Cardinal Beast Xuanwu" Creature lvl5 hero1
t=13 ph=3 ap=0 snaps=3746 hooks=21 inst=87 rollout "Cardinal Beast Xuanwu" Creature lvl5 hero1
t=13 ph=3 ap=0 snaps=3747 hooks=21 inst=87 rollout "Cardinal Beast Xuanwu" Creature lvl5 hero1
t=13 ph=3 ap=0 snaps=3748 hooks=21 inst=87 rollout "Cardinal Beast Xuanwu" Creature lvl5 hero1
t=13 ph=3 ap=0 snaps=3749 hooks=21 inst=87 rollout "Cardinal Beast Xuanwu" Creature lvl5 hero1
t=13 ph=3 ap=0 snaps=3750 hooks=21 inst=87 rollout "Cardinal Beast Xuanwu" Creature lvl5 hero1
t=13 ph=3 ap=0 snaps=3752 hooks=21 inst=87 rollout "Cardinal Beast Xuanwu" Creature lvl5 hero1
t=13 ph=3 ap=0 snaps=3753 hooks=21 inst=87 rollout "Cardinal Beast Xuanwu" Creature lvl5 hero1
t=13 ph=3 ap=0 snaps=3754 hooks=21 inst=87 rollout "Cardinal Beast Xuanwu" Creature lvl5 hero1
t=13 ph=3 ap=0 snaps=3756 hooks=21 inst=87 rollout "Cardinal Beast Xuanwu" Creature lvl5 hero1
t=13 ph=3 ap=0 snaps=3757 hooks=21 inst=87 rollout "Cardinal Beast Xuanwu" Creature lvl5 hero1
t=13 ph=3 ap=0 snaps=3759 hooks=21 inst=87 summon "Cardinal Beast Xuanwu" p0/h1
t=13 ph=5 ap=0 snaps=3763 hooks=30 inst=88 switchTurn ending p0
t=14 ph=2 ap=1 snaps=3763 hooks=14 inst=88 cpuTurnStart cpu=p1 hand=7
t=14 ph=3 ap=1 snaps=3816 hooks=52 inst=96 rollout "Chain Lightning" Spell lvl3 hero1
t=14 ph=3 ap=1 snaps=3817 hooks=52 inst=96 rollout "Chain Lightning" Spell lvl3 hero1
t=14 ph=3 ap=1 snaps=3818 hooks=52 inst=96 rollout "Chain Lightning" Spell lvl3 hero1
t=14 ph=3 ap=1 snaps=3819 hooks=52 inst=96 rollout "Chain Lightning" Spell lvl3 hero1
t=14 ph=3 ap=1 snaps=3820 hooks=52 inst=96 rollout "Chain Lightning" Spell lvl3 hero1
t=14 ph=3 ap=1 snaps=3821 hooks=52 inst=96 rollout "Chain Lightning" Spell lvl3 hero1
t=14 ph=3 ap=1 snaps=3822 hooks=52 inst=96 rollout "Chain Lightning" Spell lvl3 hero1
t=14 ph=3 ap=1 snaps=3823 hooks=52 inst=96 rollout "Chain Lightning" Spell lvl3 hero1
t=14 ph=3 ap=1 snaps=3824 hooks=52 inst=96 rollout "Chain Lightning" Spell lvl3 hero1
t=14 ph=3 ap=1 snaps=3825 hooks=52 inst=96 rollout "Chain Lightning" Spell lvl3 hero1
t=14 ph=3 ap=1 snaps=3826 hooks=52 inst=96 rollout "Chain Lightning" Spell lvl3 hero1
t=14 ph=3 ap=1 snaps=3827 hooks=52 inst=96 rollout "Chain Lightning" Spell lvl3 hero1
t=14 ph=3 ap=1 snaps=3828 hooks=52 inst=96 rollout "Chain Lightning" Spell lvl3 hero1
t=14 ph=3 ap=1 snaps=3829 hooks=52 inst=96 rollout "Chain Lightning" Spell lvl3 hero1
t=14 ph=3 ap=1 snaps=3830 hooks=52 inst=96 rollout "Chain Lightning" Spell lvl3 hero1
t=14 ph=3 ap=1 snaps=3831 hooks=52 inst=96 rollout "Chain Lightning" Spell lvl3 hero1
t=14 ph=3 ap=1 snaps=3832 hooks=52 inst=96 rollout "Chain Lightning" Spell lvl3 hero1
t=14 ph=3 ap=1 snaps=3833 hooks=52 inst=96 rollout "Chain Lightning" Spell lvl3 hero1
t=14 ph=3 ap=1 snaps=3834 hooks=52 inst=96 rollout "Chain Lightning" Spell lvl3 hero1
t=14 ph=3 ap=1 snaps=3835 hooks=52 inst=96 rollout "Chain Lightning" Spell lvl3 hero1
t=14 ph=3 ap=1 snaps=3836 hooks=52 inst=96 rollout "Chain Lightning" Spell lvl3 hero1
t=14 ph=3 ap=1 snaps=3837 hooks=52 inst=96 rollout "Chain Lightning" Spell lvl3 hero1
t=14 ph=3 ap=1 snaps=3838 hooks=52 inst=96 rollout "Chain Lightning" Spell lvl3 hero1
t=14 ph=3 ap=1 snaps=3839 hooks=52 inst=96 rollout "Chain Lightning" Spell lvl3 hero1
t=14 ph=3 ap=1 snaps=3840 hooks=52 inst=96 rollout "Chain Lightning" Spell lvl3 hero1
t=14 ph=3 ap=1 snaps=3841 hooks=52 inst=96 rollout "Chain Lightning" Spell lvl3 hero1
t=14 ph=3 ap=1 snaps=3842 hooks=52 inst=96 rollout "Chain Lightning" Spell lvl3 hero1
t=14 ph=3 ap=1 snaps=3843 hooks=52 inst=96 rollout "Chain Lightning" Spell lvl3 hero1
t=14 ph=3 ap=1 snaps=3844 hooks=52 inst=96 rollout "Chain Lightning" Spell lvl3 hero1
t=14 ph=3 ap=1 snaps=3845 hooks=52 inst=96 rollout "Chain Lightning" Spell lvl3 hero1
t=14 ph=3 ap=1 snaps=3846 hooks=52 inst=96 rollout "Chain Lightning" Spell lvl3 hero1
t=14 ph=3 ap=1 snaps=3847 hooks=52 inst=96 rollout "Chain Lightning" Spell lvl3 hero1
t=14 ph=3 ap=1 snaps=3848 hooks=52 inst=96 rollout "Chain Lightning" Spell lvl3 hero1
t=14 ph=3 ap=1 snaps=3849 hooks=52 inst=96 rollout "Chain Lightning" Spell lvl3 hero1
t=14 ph=3 ap=1 snaps=3850 hooks=52 inst=96 rollout "Chain Lightning" Spell lvl3 hero1
t=14 ph=3 ap=1 snaps=3851 hooks=52 inst=96 rollout "Chain Lightning" Spell lvl3 hero1
t=14 ph=3 ap=1 snaps=3852 hooks=52 inst=96 rollout "Chain Lightning" Spell lvl3 hero1
t=14 ph=3 ap=1 snaps=3853 hooks=52 inst=96 rollout "Chain Lightning" Spell lvl3 hero1
t=14 ph=3 ap=1 snaps=3854 hooks=52 inst=96 rollout "Chain Lightning" Spell lvl3 hero1
t=14 ph=3 ap=1 snaps=3855 hooks=52 inst=96 rollout "Chain Lightning" Spell lvl3 hero1
t=14 ph=3 ap=1 snaps=3856 hooks=52 inst=96 rollout "Chain Lightning" Spell lvl3 hero1
t=14 ph=3 ap=1 snaps=3857 hooks=52 inst=96 rollout "Chain Lightning" Spell lvl3 hero1
t=14 ph=3 ap=1 snaps=3858 hooks=52 inst=96 rollout "Chain Lightning" Spell lvl3 hero1
t=14 ph=3 ap=1 snaps=3859 hooks=52 inst=96 rollout "Chain Lightning" Spell lvl3 hero1
t=14 ph=3 ap=1 snaps=3860 hooks=52 inst=96 rollout "Chain Lightning" Spell lvl3 hero1
t=14 ph=3 ap=1 snaps=3861 hooks=52 inst=96 rollout "Chain Lightning" Spell lvl3 hero1
t=14 ph=3 ap=1 snaps=3862 hooks=52 inst=96 rollout "Chain Lightning" Spell lvl3 hero1
t=14 ph=3 ap=1 snaps=3863 hooks=52 inst=96 rollout "Chain Lightning" Spell lvl3 hero1
t=14 ph=3 ap=1 snaps=3864 hooks=52 inst=96 rollout "Chain Lightning" Spell lvl3 hero1
t=14 ph=3 ap=1 snaps=3865 hooks=52 inst=96 rollout "Chain Lightning" Spell lvl3 hero1
t=14 ph=3 ap=1 snaps=3866 hooks=52 inst=96 rollout "Chain Lightning" Spell lvl3 hero1
t=14 ph=3 ap=1 snaps=3867 hooks=52 inst=96 rollout "Chain Lightning" Spell lvl3 hero1
t=14 ph=3 ap=1 snaps=3868 hooks=52 inst=96 rollout "Chain Lightning" Spell lvl3 hero1
t=14 ph=3 ap=1 snaps=3869 hooks=52 inst=96 rollout "Chain Lightning" Spell lvl3 hero1
t=14 ph=3 ap=1 snaps=3870 hooks=52 inst=96 rollout "Chain Lightning" Spell lvl3 hero1
t=14 ph=3 ap=1 snaps=3871 hooks=52 inst=96 rollout "Chain Lightning" Spell lvl3 hero1
t=14 ph=3 ap=1 snaps=3872 hooks=52 inst=96 rollout "Chain Lightning" Spell lvl3 hero1
t=14 ph=3 ap=1 snaps=3873 hooks=52 inst=96 rollout "Chain Lightning" Spell lvl3 hero1
t=14 ph=3 ap=1 snaps=3874 hooks=52 inst=96 rollout "Chain Lightning" Spell lvl3 hero1
t=14 ph=3 ap=1 snaps=3875 hooks=52 inst=96 rollout "Chain Lightning" Spell lvl3 hero1
t=14 ph=3 ap=1 snaps=3876 hooks=52 inst=96 rollout "Chain Lightning" Spell lvl3 hero1
t=14 ph=3 ap=1 snaps=3877 hooks=52 inst=96 rollout "Chain Lightning" Spell lvl3 hero1
t=14 ph=3 ap=1 snaps=3878 hooks=52 inst=96 rollout "Chain Lightning" Spell lvl3 hero1
t=14 ph=3 ap=1 snaps=3879 hooks=52 inst=96 rollout "Chain Lightning" Spell lvl3 hero1
t=14 ph=3 ap=1 snaps=3880 hooks=52 inst=96 rollout "Chain Lightning" Spell lvl3 hero1
t=14 ph=3 ap=1 snaps=3881 hooks=52 inst=96 rollout "Chain Lightning" Spell lvl3 hero1
t=14 ph=3 ap=1 snaps=3882 hooks=52 inst=96 rollout "Chain Lightning" Spell lvl3 hero1
t=14 ph=3 ap=1 snaps=3883 hooks=52 inst=96 rollout "Chain Lightning" Spell lvl3 hero1
t=14 ph=3 ap=1 snaps=3884 hooks=52 inst=96 rollout "Chain Lightning" Spell lvl3 hero1
t=14 ph=3 ap=1 snaps=3885 hooks=52 inst=96 rollout "Chain Lightning" Spell lvl3 hero1
t=14 ph=3 ap=1 snaps=3886 hooks=52 inst=96 rollout "Chain Lightning" Spell lvl3 hero1
t=14 ph=3 ap=1 snaps=3887 hooks=52 inst=96 rollout "Chain Lightning" Spell lvl3 hero1
t=14 ph=3 ap=1 snaps=3888 hooks=52 inst=96 rollout "Chain Lightning" Spell lvl3 hero1
t=14 ph=3 ap=1 snaps=3889 hooks=52 inst=96 rollout "Chain Lightning" Spell lvl3 hero1
t=14 ph=3 ap=1 snaps=3890 hooks=52 inst=96 rollout "Chain Lightning" Spell lvl3 hero1
t=14 ph=3 ap=1 snaps=3891 hooks=52 inst=96 rollout "Chain Lightning" Spell lvl3 hero1
t=14 ph=3 ap=1 snaps=3892 hooks=52 inst=96 rollout "Chain Lightning" Spell lvl3 hero1
t=14 ph=3 ap=1 snaps=3893 hooks=52 inst=96 rollout "Chain Lightning" Spell lvl3 hero1
t=14 ph=3 ap=1 snaps=3894 hooks=52 inst=96 rollout "Chain Lightning" Spell lvl3 hero1
t=14 ph=3 ap=1 snaps=3895 hooks=52 inst=96 rollout "Chain Lightning" Spell lvl3 hero1
t=14 ph=3 ap=1 snaps=3896 hooks=52 inst=96 rollout "Chain Lightning" Spell lvl3 hero1
t=14 ph=3 ap=1 snaps=3897 hooks=52 inst=96 rollout "Chain Lightning" Spell lvl3 hero1
t=14 ph=3 ap=1 snaps=3898 hooks=52 inst=96 rollout "Chain Lightning" Spell lvl3 hero1
t=14 ph=3 ap=1 snaps=3899 hooks=52 inst=96 rollout "Chain Lightning" Spell lvl3 hero1
t=14 ph=3 ap=1 snaps=3900 hooks=52 inst=96 rollout "Chain Lightning" Spell lvl3 hero1
t=14 ph=3 ap=1 snaps=3901 hooks=52 inst=96 rollout "Chain Lightning" Spell lvl3 hero1
t=14 ph=3 ap=1 snaps=3902 hooks=52 inst=96 rollout "Chain Lightning" Spell lvl3 hero1
t=14 ph=3 ap=1 snaps=3903 hooks=52 inst=96 rollout "Chain Lightning" Spell lvl3 hero1
t=14 ph=3 ap=1 snaps=3904 hooks=52 inst=96 rollout "Chain Lightning" Spell lvl3 hero1
t=14 ph=3 ap=1 snaps=3905 hooks=52 inst=96 rollout "Chain Lightning" Spell lvl3 hero1
t=14 ph=3 ap=1 snaps=3906 hooks=52 inst=96 rollout "Chain Lightning" Spell lvl3 hero1
t=14 ph=3 ap=1 snaps=3907 hooks=52 inst=96 rollout "Chain Lightning" Spell lvl3 hero1
t=14 ph=3 ap=1 snaps=3908 hooks=52 inst=96 rollout "Chain Lightning" Spell lvl3 hero1
t=14 ph=3 ap=1 snaps=3909 hooks=52 inst=96 rollout "Chain Lightning" Spell lvl3 hero1
t=14 ph=3 ap=1 snaps=3910 hooks=52 inst=96 rollout "Chain Lightning" Spell lvl3 hero1
t=14 ph=3 ap=1 snaps=3911 hooks=52 inst=96 rollout "Chain Lightning" Spell lvl3 hero1
t=14 ph=3 ap=1 snaps=3912 hooks=52 inst=96 rollout "Chain Lightning" Spell lvl3 hero1
t=14 ph=3 ap=1 snaps=3913 hooks=52 inst=96 rollout "Chain Lightning" Spell lvl3 hero1
t=14 ph=3 ap=1 snaps=3914 hooks=52 inst=96 rollout "Chain Lightning" Spell lvl3 hero1
t=14 ph=3 ap=1 snaps=3915 hooks=52 inst=96 rollout "Chain Lightning" Spell lvl3 hero1
t=14 ph=3 ap=1 snaps=3916 hooks=52 inst=96 rollout "Chain Lightning" Spell lvl3 hero1
t=14 ph=3 ap=1 snaps=3917 hooks=52 inst=96 rollout "Chain Lightning" Spell lvl3 hero1
t=14 ph=3 ap=1 snaps=3918 hooks=52 inst=96 rollout "Chain Lightning" Spell lvl3 hero1
t=14 ph=3 ap=1 snaps=3919 hooks=52 inst=96 rollout "Chain Lightning" Spell lvl3 hero1
t=14 ph=3 ap=1 snaps=3920 hooks=52 inst=96 rollout "Chain Lightning" Spell lvl3 hero1
t=14 ph=3 ap=1 snaps=3921 hooks=52 inst=96 rollout "Chain Lightning" Spell lvl3 hero1
t=14 ph=3 ap=1 snaps=3922 hooks=52 inst=96 rollout "Chain Lightning" Spell lvl3 hero1
t=14 ph=3 ap=1 snaps=3923 hooks=52 inst=96 rollout "Chain Lightning" Spell lvl3 hero1
t=14 ph=3 ap=1 snaps=3924 hooks=52 inst=96 rollout "Chain Lightning" Spell lvl3 hero1
t=14 ph=3 ap=1 snaps=3925 hooks=52 inst=96 rollout "Chain Lightning" Spell lvl3 hero1
t=14 ph=3 ap=1 snaps=3926 hooks=52 inst=96 rollout "Chain Lightning" Spell lvl3 hero1
t=14 ph=3 ap=1 snaps=3927 hooks=52 inst=96 rollout "Chain Lightning" Spell lvl3 hero1
t=14 ph=3 ap=1 snaps=3928 hooks=52 inst=96 rollout "Chain Lightning" Spell lvl3 hero1
t=14 ph=3 ap=1 snaps=3929 hooks=52 inst=96 rollout "Chain Lightning" Spell lvl3 hero1
t=14 ph=3 ap=1 snaps=3930 hooks=52 inst=96 rollout "Chain Lightning" Spell lvl3 hero1
t=14 ph=3 ap=1 snaps=3931 hooks=52 inst=96 rollout "Chain Lightning" Spell lvl3 hero1
t=14 ph=3 ap=1 snaps=3932 hooks=52 inst=96 rollout "Chain Lightning" Spell lvl3 hero1
t=14 ph=3 ap=1 snaps=3933 hooks=52 inst=96 rollout "Chain Lightning" Spell lvl3 hero1
t=14 ph=3 ap=1 snaps=3934 hooks=52 inst=96 rollout "Chain Lightning" Spell lvl3 hero1
t=14 ph=3 ap=1 snaps=3935 hooks=52 inst=96 rollout "Chain Lightning" Spell lvl3 hero1
t=14 ph=3 ap=1 snaps=3936 hooks=52 inst=96 rollout "Chain Lightning" Spell lvl3 hero1
t=14 ph=3 ap=1 snaps=3937 hooks=52 inst=96 rollout "Chain Lightning" Spell lvl3 hero1
t=14 ph=3 ap=1 snaps=3938 hooks=52 inst=96 rollout "Chain Lightning" Spell lvl3 hero1
t=14 ph=3 ap=1 snaps=3939 hooks=52 inst=96 rollout "Chain Lightning" Spell lvl3 hero1
t=14 ph=3 ap=1 snaps=3940 hooks=52 inst=96 rollout "Chain Lightning" Spell lvl3 hero1
t=14 ph=3 ap=1 snaps=3941 hooks=52 inst=96 rollout "Chain Lightning" Spell lvl3 hero1
t=14 ph=3 ap=1 snaps=3942 hooks=52 inst=96 rollout "Chain Lightning" Spell lvl3 hero1
t=14 ph=3 ap=1 snaps=3943 hooks=52 inst=96 rollout "Chain Lightning" Spell lvl3 hero1
t=14 ph=3 ap=1 snaps=3944 hooks=52 inst=96 rollout "Chain Lightning" Spell lvl3 hero1
t=14 ph=3 ap=1 snaps=3945 hooks=52 inst=96 rollout "Chain Lightning" Spell lvl3 hero1
t=14 ph=3 ap=1 snaps=3946 hooks=52 inst=96 rollout "Chain Lightning" Spell lvl3 hero1
t=14 ph=3 ap=1 snaps=3947 hooks=52 inst=96 rollout "Chain Lightning" Spell lvl3 hero1
t=14 ph=3 ap=1 snaps=3948 hooks=52 inst=96 rollout "Chain Lightning" Spell lvl3 hero1
t=14 ph=3 ap=1 snaps=3949 hooks=52 inst=96 rollout "Chain Lightning" Spell lvl3 hero1
t=14 ph=3 ap=1 snaps=3950 hooks=52 inst=96 rollout "Chain Lightning" Spell lvl3 hero1
t=14 ph=3 ap=1 snaps=3951 hooks=52 inst=96 rollout "Chain Lightning" Spell lvl3 hero1
t=14 ph=3 ap=1 snaps=3952 hooks=52 inst=96 rollout "Chain Lightning" Spell lvl3 hero1
t=14 ph=3 ap=1 snaps=3953 hooks=52 inst=96 rollout "Chain Lightning" Spell lvl3 hero1
t=14 ph=3 ap=1 snaps=3954 hooks=52 inst=96 rollout "Chain Lightning" Spell lvl3 hero1
t=14 ph=3 ap=1 snaps=3955 hooks=52 inst=96 rollout "Chain Lightning" Spell lvl3 hero1
t=14 ph=5 ap=1 snaps=3964 hooks=70 inst=95 switchTurn ending p1
t=15 ph=2 ap=0 snaps=3964 hooks=10 inst=96 cpuTurnStart cpu=p0 hand=7

=== GAME 7/1000: Poison Torture vs Great Weapon Master @ 2026-05-01T09:35:14.429Z ===
t=1 ph=2 ap=1 snaps=0 hooks=10 inst=29 cpuTurnStart cpu=p1 hand=6
t=1 ph=5 ap=1 snaps=146 hooks=22 inst=32 switchTurn ending p1
t=2 ph=2 ap=0 snaps=146 hooks=13 inst=33 cpuTurnStart cpu=p0 hand=6
t=2 ph=3 ap=0 snaps=160 hooks=36 inst=38 rollout "Poison Pollen" Spell lvl1 hero1
t=2 ph=3 ap=0 snaps=169 hooks=36 inst=38 rollout "Poison Pollen" Spell lvl1 hero2
t=2 ph=3 ap=0 snaps=178 hooks=36 inst=38 rollout "Intrude" Spell lvl0 hero0
t=2 ph=3 ap=0 snaps=185 hooks=36 inst=38 rollout "Intrude" Spell lvl0 hero1
t=2 ph=3 ap=0 snaps=192 hooks=36 inst=38 rollout "Intrude" Spell lvl0 hero2
t=2 ph=3 ap=0 snaps=199 hooks=36 inst=38 rollout "Hammer Throw" Attack lvl1 hero1
t=2 ph=3 ap=0 snaps=206 hooks=36 inst=38 rollout "Poison Pollen" Spell lvl1 hero1
t=2 ph=3 ap=0 snaps=215 hooks=36 inst=38 rollout "Poison Pollen" Spell lvl1 hero1
t=2 ph=3 ap=0 snaps=224 hooks=36 inst=38 rollout "Poison Pollen" Spell lvl1 hero1
t=2 ph=3 ap=0 snaps=233 hooks=36 inst=38 rollout "Poison Pollen" Spell lvl1 hero1
t=2 ph=3 ap=0 snaps=242 hooks=36 inst=38 rollout "Poison Pollen" Spell lvl1 hero1
t=2 ph=3 ap=0 snaps=251 hooks=36 inst=38 rollout "Poison Pollen" Spell lvl1 hero2
t=2 ph=3 ap=0 snaps=260 hooks=36 inst=38 rollout "Poison Pollen" Spell lvl1 hero2
t=2 ph=3 ap=0 snaps=269 hooks=36 inst=38 rollout "Poison Pollen" Spell lvl1 hero2
t=2 ph=3 ap=0 snaps=278 hooks=36 inst=38 rollout "Poison Pollen" Spell lvl1 hero2
t=2 ph=3 ap=0 snaps=287 hooks=36 inst=38 rollout "Poison Pollen" Spell lvl1 hero2
t=2 ph=3 ap=0 snaps=296 hooks=36 inst=38 rollout "Intrude" Spell lvl0 hero0
t=2 ph=3 ap=0 snaps=303 hooks=36 inst=38 rollout "Intrude" Spell lvl0 hero0
t=2 ph=3 ap=0 snaps=310 hooks=36 inst=38 rollout "Intrude" Spell lvl0 hero0
t=2 ph=3 ap=0 snaps=317 hooks=36 inst=38 rollout "Intrude" Spell lvl0 hero0
t=2 ph=3 ap=0 snaps=324 hooks=36 inst=38 rollout "Intrude" Spell lvl0 hero0
t=2 ph=3 ap=0 snaps=332 hooks=36 inst=38 rollout "Intrude" Spell lvl0 hero1
t=2 ph=3 ap=0 snaps=339 hooks=36 inst=38 rollout "Intrude" Spell lvl0 hero1
t=2 ph=3 ap=0 snaps=346 hooks=36 inst=38 rollout "Intrude" Spell lvl0 hero1
t=2 ph=3 ap=0 snaps=353 hooks=36 inst=38 rollout "Intrude" Spell lvl0 hero1
t=2 ph=3 ap=0 snaps=360 hooks=36 inst=38 rollout "Intrude" Spell lvl0 hero1
t=2 ph=3 ap=0 snaps=368 hooks=36 inst=38 rollout "Intrude" Spell lvl0 hero2
t=2 ph=3 ap=0 snaps=375 hooks=36 inst=38 rollout "Intrude" Spell lvl0 hero2
t=2 ph=3 ap=0 snaps=382 hooks=36 inst=38 rollout "Intrude" Spell lvl0 hero2
t=2 ph=3 ap=0 snaps=389 hooks=36 inst=38 rollout "Intrude" Spell lvl0 hero2
t=2 ph=3 ap=0 snaps=396 hooks=36 inst=38 rollout "Intrude" Spell lvl0 hero2
t=2 ph=3 ap=0 snaps=403 hooks=36 inst=38 rollout "Hammer Throw" Attack lvl1 hero1
t=2 ph=3 ap=0 snaps=412 hooks=36 inst=38 rollout "Hammer Throw" Attack lvl1 hero1
t=2 ph=3 ap=0 snaps=421 hooks=36 inst=38 rollout "Hammer Throw" Attack lvl1 hero1
t=2 ph=3 ap=0 snaps=423 hooks=36 inst=38 rollout "Hammer Throw" Attack lvl1 hero1
t=2 ph=3 ap=0 snaps=431 hooks=36 inst=38 rollout "Hammer Throw" Attack lvl1 hero1
t=2 ph=3 ap=0 snaps=440 hooks=36 inst=38 rollout "Hammer Throw" Attack lvl1 hero1
t=2 ph=3 ap=0 snaps=450 hooks=36 inst=38 rollout "Intrude" Spell lvl0 hero0
t=2 ph=3 ap=0 snaps=457 hooks=36 inst=38 rollout "Hammer Throw" Attack lvl1 hero1
t=2 ph=3 ap=0 snaps=466 hooks=36 inst=38 rollout "Hammer Throw" Attack lvl1 hero1
t=2 ph=3 ap=0 snaps=475 hooks=36 inst=38 rollout "Hammer Throw" Attack lvl1 hero1
t=2 ph=3 ap=0 snaps=485 hooks=36 inst=38 rollout "Hammer Throw" Attack lvl1 hero1
t=2 ph=3 ap=0 snaps=494 hooks=36 inst=38 rollout "Hammer Throw" Attack lvl1 hero1
t=2 ph=3 ap=0 snaps=504 hooks=36 inst=38 rollout "Hammer Throw" Attack lvl1 hero1
t=2 ph=3 ap=0 snaps=513 hooks=36 inst=38 rollout "Hammer Throw" Attack lvl1 hero1
t=2 ph=3 ap=0 snaps=522 hooks=36 inst=38 rollout "Hammer Throw" Attack lvl1 hero1
t=2 ph=3 ap=0 snaps=530 hooks=36 inst=38 rollout "Intrude" Spell lvl0 hero0
t=2 ph=3 ap=0 snaps=537 hooks=36 inst=38 rollout "Intrude" Spell lvl0 hero1
t=2 ph=3 ap=0 snaps=544 hooks=36 inst=38 rollout "Intrude" Spell lvl0 hero2
t=2 ph=3 ap=0 snaps=551 hooks=36 inst=38 rollout "Intrude" Spell lvl0 hero0
t=2 ph=3 ap=0 snaps=558 hooks=36 inst=38 rollout "Intrude" Spell lvl0 hero1
t=2 ph=3 ap=0 snaps=565 hooks=36 inst=38 rollout "Intrude" Spell lvl0 hero2
t=2 ph=3 ap=0 snaps=572 hooks=36 inst=38 rollout "Intrude" Spell lvl0 hero0
t=2 ph=3 ap=0 snaps=579 hooks=36 inst=38 rollout "Intrude" Spell lvl0 hero1
t=2 ph=3 ap=0 snaps=586 hooks=36 inst=38 rollout "Intrude" Spell lvl0 hero2
t=2 ph=3 ap=0 snaps=593 hooks=36 inst=38 rollout "Intrude" Spell lvl0 hero0
t=2 ph=3 ap=0 snaps=600 hooks=36 inst=38 rollout "Intrude" Spell lvl0 hero1
t=2 ph=3 ap=0 snaps=607 hooks=36 inst=38 rollout "Intrude" Spell lvl0 hero2
t=2 ph=3 ap=0 snaps=614 hooks=36 inst=38 rollout "Intrude" Spell lvl0 hero0
t=2 ph=3 ap=0 snaps=621 hooks=36 inst=38 rollout "Intrude" Spell lvl0 hero1
t=2 ph=3 ap=0 snaps=628 hooks=36 inst=38 rollout "Intrude" Spell lvl0 hero2
t=2 ph=3 ap=0 snaps=635 hooks=36 inst=38 rollout "Intrude" Spell lvl0 hero0
t=2 ph=3 ap=0 snaps=642 hooks=36 inst=38 rollout "Intrude" Spell lvl0 hero1
t=2 ph=3 ap=0 snaps=649 hooks=36 inst=38 rollout "Intrude" Spell lvl0 hero2
t=2 ph=3 ap=0 snaps=656 hooks=36 inst=38 rollout "Intrude" Spell lvl0 hero0
t=2 ph=3 ap=0 snaps=663 hooks=36 inst=38 rollout "Intrude" Spell lvl0 hero1
t=2 ph=3 ap=0 snaps=670 hooks=36 inst=38 rollout "Intrude" Spell lvl0 hero2
t=2 ph=3 ap=0 snaps=677 hooks=36 inst=38 rollout "Intrude" Spell lvl0 hero0
t=2 ph=3 ap=0 snaps=684 hooks=36 inst=38 rollout "Intrude" Spell lvl0 hero1
t=2 ph=3 ap=0 snaps=691 hooks=36 inst=38 rollout "Intrude" Spell lvl0 hero2
t=2 ph=3 ap=0 snaps=698 hooks=36 inst=38 rollout "Intrude" Spell lvl0 hero0
t=2 ph=3 ap=0 snaps=705 hooks=36 inst=38 rollout "Intrude" Spell lvl0 hero1
t=2 ph=3 ap=0 snaps=712 hooks=36 inst=38 rollout "Intrude" Spell lvl0 hero2
t=2 ph=3 ap=0 snaps=719 hooks=36 inst=38 rollout "Intrude" Spell lvl0 hero0
t=2 ph=3 ap=0 snaps=726 hooks=36 inst=38 rollout "Intrude" Spell lvl0 hero1
t=2 ph=3 ap=0 snaps=733 hooks=36 inst=38 rollout "Intrude" Spell lvl0 hero2
t=2 ph=3 ap=0 snaps=740 hooks=36 inst=38 rollout "Intrude" Spell lvl0 hero0
t=2 ph=3 ap=0 snaps=747 hooks=36 inst=38 rollout "Intrude" Spell lvl0 hero1
t=2 ph=3 ap=0 snaps=754 hooks=36 inst=38 rollout "Intrude" Spell lvl0 hero2
t=2 ph=3 ap=0 snaps=761 hooks=36 inst=38 rollout "Intrude" Spell lvl0 hero0
t=2 ph=3 ap=0 snaps=768 hooks=36 inst=38 rollout "Intrude" Spell lvl0 hero1
t=2 ph=3 ap=0 snaps=775 hooks=36 inst=38 rollout "Intrude" Spell lvl0 hero2
t=2 ph=3 ap=0 snaps=782 hooks=36 inst=38 rollout "Intrude" Spell lvl0 hero0
t=2 ph=3 ap=0 snaps=789 hooks=36 inst=38 rollout "Intrude" Spell lvl0 hero1
t=2 ph=3 ap=0 snaps=796 hooks=36 inst=38 rollout "Intrude" Spell lvl0 hero2
t=2 ph=3 ap=0 snaps=803 hooks=36 inst=38 rollout "Intrude" Spell lvl0 hero0
t=2 ph=3 ap=0 snaps=810 hooks=36 inst=38 rollout "Intrude" Spell lvl0 hero1
t=2 ph=3 ap=0 snaps=817 hooks=36 inst=38 rollout "Intrude" Spell lvl0 hero2
t=2 ph=3 ap=0 snaps=824 hooks=36 inst=38 rollout "Intrude" Spell lvl0 hero0
t=2 ph=3 ap=0 snaps=831 hooks=36 inst=38 rollout "Intrude" Spell lvl0 hero1
t=2 ph=3 ap=0 snaps=838 hooks=36 inst=38 rollout "Intrude" Spell lvl0 hero2
t=2 ph=3 ap=0 snaps=845 hooks=36 inst=38 rollout "Intrude" Spell lvl0 hero0
t=2 ph=3 ap=0 snaps=852 hooks=36 inst=38 rollout "Intrude" Spell lvl0 hero1
t=2 ph=3 ap=0 snaps=859 hooks=36 inst=38 rollout "Intrude" Spell lvl0 hero2
t=2 ph=3 ap=0 snaps=866 hooks=36 inst=38 rollout "Intrude" Spell lvl0 hero0
t=2 ph=3 ap=0 snaps=873 hooks=36 inst=38 rollout "Intrude" Spell lvl0 hero1
t=2 ph=3 ap=0 snaps=880 hooks=36 inst=38 rollout "Intrude" Spell lvl0 hero2
t=2 ph=3 ap=0 snaps=887 hooks=36 inst=38 rollout "Intrude" Spell lvl0 hero0
t=2 ph=3 ap=0 snaps=894 hooks=36 inst=38 rollout "Intrude" Spell lvl0 hero1
t=2 ph=3 ap=0 snaps=901 hooks=36 inst=38 rollout "Intrude" Spell lvl0 hero2
t=2 ph=3 ap=0 snaps=908 hooks=36 inst=38 rollout "Intrude" Spell lvl0 hero0
t=2 ph=3 ap=0 snaps=915 hooks=36 inst=38 rollout "Intrude" Spell lvl0 hero1
t=2 ph=3 ap=0 snaps=922 hooks=36 inst=38 rollout "Intrude" Spell lvl0 hero2
t=2 ph=3 ap=0 snaps=929 hooks=36 inst=38 rollout "Intrude" Spell lvl0 hero0
t=2 ph=3 ap=0 snaps=936 hooks=36 inst=38 rollout "Intrude" Spell lvl0 hero1
t=2 ph=3 ap=0 snaps=943 hooks=36 inst=38 rollout "Intrude" Spell lvl0 hero2
t=2 ph=3 ap=0 snaps=950 hooks=36 inst=38 rollout "Intrude" Spell lvl0 hero0
t=2 ph=3 ap=0 snaps=957 hooks=36 inst=38 rollout "Intrude" Spell lvl0 hero1
t=2 ph=3 ap=0 snaps=964 hooks=36 inst=38 rollout "Intrude" Spell lvl0 hero2
t=2 ph=3 ap=0 snaps=971 hooks=36 inst=38 rollout "Intrude" Spell lvl0 hero0
t=2 ph=3 ap=0 snaps=978 hooks=36 inst=38 rollout "Intrude" Spell lvl0 hero1
t=2 ph=3 ap=0 snaps=985 hooks=36 inst=38 rollout "Intrude" Spell lvl0 hero2
t=2 ph=3 ap=0 snaps=992 hooks=36 inst=38 rollout "Intrude" Spell lvl0 hero0
t=2 ph=3 ap=0 snaps=999 hooks=36 inst=38 rollout "Intrude" Spell lvl0 hero1
t=2 ph=3 ap=0 snaps=1006 hooks=36 inst=38 rollout "Intrude" Spell lvl0 hero2
t=2 ph=3 ap=0 snaps=1013 hooks=36 inst=38 rollout "Intrude" Spell lvl0 hero0
t=2 ph=3 ap=0 snaps=1020 hooks=36 inst=38 rollout "Intrude" Spell lvl0 hero1
t=2 ph=3 ap=0 snaps=1027 hooks=36 inst=38 rollout "Intrude" Spell lvl0 hero2
t=2 ph=3 ap=0 snaps=1034 hooks=36 inst=38 rollout "Intrude" Spell lvl0 hero0
t=2 ph=3 ap=0 snaps=1041 hooks=36 inst=38 rollout "Intrude" Spell lvl0 hero1
t=2 ph=3 ap=0 snaps=1048 hooks=36 inst=38 rollout "Intrude" Spell lvl0 hero2
t=2 ph=3 ap=0 snaps=1055 hooks=36 inst=38 rollout "Intrude" Spell lvl0 hero0
t=2 ph=3 ap=0 snaps=1062 hooks=36 inst=38 rollout "Intrude" Spell lvl0 hero1
t=2 ph=3 ap=0 snaps=1069 hooks=36 inst=38 rollout "Intrude" Spell lvl0 hero2
t=2 ph=3 ap=0 snaps=1076 hooks=36 inst=38 rollout "Intrude" Spell lvl0 hero0
t=2 ph=3 ap=0 snaps=1083 hooks=36 inst=38 rollout "Intrude" Spell lvl0 hero1
t=2 ph=3 ap=0 snaps=1090 hooks=36 inst=38 rollout "Intrude" Spell lvl0 hero2
t=2 ph=3 ap=0 snaps=1097 hooks=36 inst=38 rollout "Intrude" Spell lvl0 hero0
t=2 ph=3 ap=0 snaps=1104 hooks=36 inst=38 rollout "Intrude" Spell lvl0 hero1
t=2 ph=3 ap=0 snaps=1111 hooks=36 inst=38 rollout "Intrude" Spell lvl0 hero2
t=2 ph=3 ap=0 snaps=1118 hooks=36 inst=38 rollout "Intrude" Spell lvl0 hero0
t=2 ph=3 ap=0 snaps=1125 hooks=36 inst=38 rollout "Intrude" Spell lvl0 hero1
t=2 ph=3 ap=0 snaps=1132 hooks=36 inst=38 rollout "Intrude" Spell lvl0 hero2
t=2 ph=3 ap=0 snaps=1139 hooks=36 inst=38 rollout "Intrude" Spell lvl0 hero0
t=2 ph=3 ap=0 snaps=1146 hooks=36 inst=38 rollout "Intrude" Spell lvl0 hero1
t=2 ph=3 ap=0 snaps=1153 hooks=36 inst=38 rollout "Intrude" Spell lvl0 hero2
t=2 ph=3 ap=0 snaps=1160 hooks=36 inst=38 rollout "Intrude" Spell lvl0 hero0
t=2 ph=3 ap=0 snaps=1167 hooks=36 inst=38 rollout "Intrude" Spell lvl0 hero1
t=2 ph=3 ap=0 snaps=1174 hooks=36 inst=38 rollout "Intrude" Spell lvl0 hero2
t=2 ph=3 ap=0 snaps=1181 hooks=36 inst=38 rollout "Intrude" Spell lvl0 hero0
t=2 ph=5 ap=0 snaps=1189 hooks=46 inst=39 switchTurn ending p0
t=3 ph=2 ap=1 snaps=1189 hooks=13 inst=40 cpuTurnStart cpu=p1 hand=5
t=3 ph=2 ap=1 snaps=1197 hooks=20 inst=41 summon "Metal Harpyformer" p1/h0
t=3 ph=3 ap=1 snaps=1197 hooks=28 inst=43 rollout "Hammer Throw" Attack lvl1 hero1
t=3 ph=3 ap=1 snaps=1203 hooks=28 inst=43 rollout "Hammer Throw" Attack lvl1 hero0
t=3 ph=3 ap=1 snaps=1209 hooks=28 inst=43 rollout "Hammer Throw" Attack lvl1 hero1
t=3 ph=3 ap=1 snaps=1215 hooks=28 inst=43 rollout "Hammer Throw" Attack lvl1 hero1
t=3 ph=3 ap=1 snaps=1221 hooks=28 inst=43 rollout "Hammer Throw" Attack lvl1 hero1
t=3 ph=3 ap=1 snaps=1227 hooks=28 inst=43 rollout "Hammer Throw" Attack lvl1 hero1
t=3 ph=3 ap=1 snaps=1233 hooks=28 inst=43 rollout "Hammer Throw" Attack lvl1 hero1
t=3 ph=3 ap=1 snaps=1239 hooks=28 inst=43 rollout "Hammer Throw" Attack lvl1 hero1
t=3 ph=3 ap=1 snaps=1243 hooks=28 inst=43 rollout "Hammer Throw" Attack lvl1 hero1
t=3 ph=3 ap=1 snaps=1247 hooks=28 inst=43 rollout "Hammer Throw" Attack lvl1 hero0
t=3 ph=3 ap=1 snaps=1253 hooks=28 inst=43 rollout "Hammer Throw" Attack lvl1 hero0
t=3 ph=3 ap=1 snaps=1259 hooks=28 inst=43 rollout "Hammer Throw" Attack lvl1 hero0
t=3 ph=3 ap=1 snaps=1265 hooks=28 inst=43 rollout "Hammer Throw" Attack lvl1 hero0
t=3 ph=3 ap=1 snaps=1271 hooks=28 inst=43 rollout "Hammer Throw" Attack lvl1 hero0
t=3 ph=3 ap=1 snaps=1277 hooks=28 inst=43 rollout "Hammer Throw" Attack lvl1 hero0
t=3 ph=3 ap=1 snaps=1281 hooks=28 inst=43 rollout "Hammer Throw" Attack lvl1 hero0
t=3 ph=3 ap=1 snaps=1287 hooks=28 inst=43 rollout "Hammer Throw" Attack lvl1 hero1
t=3 ph=3 ap=1 snaps=1291 hooks=28 inst=43 rollout "Hammer Throw" Attack lvl1 hero0
t=3 ph=3 ap=1 snaps=1295 hooks=28 inst=43 rollout "Hammer Throw" Attack lvl1 hero0
t=3 ph=3 ap=1 snaps=1299 hooks=28 inst=43 rollout "Hammer Throw" Attack lvl1 hero0
t=3 ph=3 ap=1 snaps=1303 hooks=28 inst=43 rollout "Hammer Throw" Attack lvl1 hero0
t=3 ph=3 ap=1 snaps=1307 hooks=28 inst=43 rollout "Hammer Throw" Attack lvl1 hero0
t=3 ph=3 ap=1 snaps=1311 hooks=28 inst=43 rollout "Hammer Throw" Attack lvl1 hero0
t=3 ph=3 ap=1 snaps=1315 hooks=28 inst=43 rollout "Hammer Throw" Attack lvl1 hero0
t=3 ph=3 ap=1 snaps=1319 hooks=28 inst=43 rollout "Hammer Throw" Attack lvl1 hero0
t=3 ph=3 ap=1 snaps=1323 hooks=28 inst=43 rollout "Hammer Throw" Attack lvl1 hero0
t=3 ph=3 ap=1 snaps=1327 hooks=28 inst=43 rollout "Hammer Throw" Attack lvl1 hero0
t=3 ph=3 ap=1 snaps=1331 hooks=28 inst=43 rollout "Hammer Throw" Attack lvl1 hero0
t=3 ph=3 ap=1 snaps=1335 hooks=28 inst=43 rollout "Hammer Throw" Attack lvl1 hero0
t=3 ph=3 ap=1 snaps=1339 hooks=28 inst=43 rollout "Hammer Throw" Attack lvl1 hero0
t=3 ph=3 ap=1 snaps=1343 hooks=28 inst=43 rollout "Hammer Throw" Attack lvl1 hero0
t=3 ph=3 ap=1 snaps=1347 hooks=28 inst=43 rollout "Hammer Throw" Attack lvl1 hero0
t=3 ph=3 ap=1 snaps=1351 hooks=28 inst=43 rollout "Hammer Throw" Attack lvl1 hero1
t=3 ph=3 ap=1 snaps=1357 hooks=28 inst=43 rollout "Hammer Throw" Attack lvl1 hero1
t=3 ph=3 ap=1 snaps=1363 hooks=28 inst=43 rollout "Hammer Throw" Attack lvl1 hero1
t=3 ph=3 ap=1 snaps=1369 hooks=28 inst=43 rollout "Hammer Throw" Attack lvl1 hero1
t=3 ph=3 ap=1 snaps=1373 hooks=28 inst=43 rollout "Hammer Throw" Attack lvl1 hero1
t=3 ph=3 ap=1 snaps=1377 hooks=28 inst=43 rollout "Hammer Throw" Attack lvl1 hero1
t=3 ph=3 ap=1 snaps=1381 hooks=28 inst=43 rollout "Hammer Throw" Attack lvl1 hero1
t=3 ph=3 ap=1 snaps=1385 hooks=28 inst=43 rollout "Hammer Throw" Attack lvl1 hero1
t=3 ph=3 ap=1 snaps=1389 hooks=28 inst=43 rollout "Hammer Throw" Attack lvl1 hero1
t=3 ph=3 ap=1 snaps=1393 hooks=28 inst=43 rollout "Hammer Throw" Attack lvl1 hero1
t=3 ph=3 ap=1 snaps=1397 hooks=28 inst=43 rollout "Hammer Throw" Attack lvl1 hero1
t=3 ph=3 ap=1 snaps=1401 hooks=28 inst=43 rollout "Hammer Throw" Attack lvl1 hero1
t=3 ph=3 ap=1 snaps=1405 hooks=28 inst=43 rollout "Hammer Throw" Attack lvl1 hero1
t=3 ph=3 ap=1 snaps=1409 hooks=28 inst=43 rollout "Hammer Throw" Attack lvl1 hero1
t=3 ph=3 ap=1 snaps=1413 hooks=28 inst=43 rollout "Hammer Throw" Attack lvl1 hero1
t=3 ph=3 ap=1 snaps=1419 hooks=28 inst=43 rollout "Hammer Throw" Attack lvl1 hero1
t=3 ph=3 ap=1 snaps=1423 hooks=28 inst=43 rollout "Hammer Throw" Attack lvl1 hero1
t=3 ph=3 ap=1 snaps=1429 hooks=28 inst=43 rollout "Hammer Throw" Attack lvl1 hero1
t=3 ph=3 ap=1 snaps=1433 hooks=28 inst=43 rollout "Hammer Throw" Attack lvl1 hero1
t=3 ph=3 ap=1 snaps=1437 hooks=28 inst=43 rollout "Hammer Throw" Attack lvl1 hero1
t=3 ph=3 ap=1 snaps=1443 hooks=28 inst=43 rollout "Hammer Throw" Attack lvl1 hero1
t=3 ph=3 ap=1 snaps=1447 hooks=28 inst=43 rollout "Hammer Throw" Attack lvl1 hero1
t=3 ph=3 ap=1 snaps=1451 hooks=28 inst=43 rollout "Hammer Throw" Attack lvl1 hero1
t=3 ph=3 ap=1 snaps=1455 hooks=28 inst=43 rollout "Hammer Throw" Attack lvl1 hero1
t=3 ph=3 ap=1 snaps=1461 hooks=28 inst=43 rollout "Hammer Throw" Attack lvl1 hero1
t=3 ph=3 ap=1 snaps=1467 hooks=28 inst=43 rollout "Hammer Throw" Attack lvl1 hero1
t=3 ph=3 ap=1 snaps=1471 hooks=28 inst=43 rollout "Hammer Throw" Attack lvl1 hero1
t=3 ph=3 ap=1 snaps=1475 hooks=28 inst=43 rollout "Hammer Throw" Attack lvl1 hero1
t=3 ph=3 ap=1 snaps=1479 hooks=28 inst=43 rollout "Hammer Throw" Attack lvl1 hero1
t=3 ph=3 ap=1 snaps=1483 hooks=28 inst=43 rollout "Hammer Throw" Attack lvl1 hero1
t=3 ph=3 ap=1 snaps=1487 hooks=28 inst=43 rollout "Hammer Throw" Attack lvl1 hero1
t=3 ph=3 ap=1 snaps=1493 hooks=28 inst=43 rollout "Hammer Throw" Attack lvl1 hero1
t=3 ph=3 ap=1 snaps=1497 hooks=28 inst=43 rollout "Hammer Throw" Attack lvl1 hero1
t=3 ph=3 ap=1 snaps=1503 hooks=28 inst=43 rollout "Hammer Throw" Attack lvl1 hero1
t=3 ph=3 ap=1 snaps=1509 hooks=28 inst=43 rollout "Hammer Throw" Attack lvl1 hero1
t=3 ph=3 ap=1 snaps=1513 hooks=28 inst=43 rollout "Hammer Throw" Attack lvl1 hero1
t=3 ph=3 ap=1 snaps=1519 hooks=28 inst=43 rollout "Hammer Throw" Attack lvl1 hero1
t=3 ph=3 ap=1 snaps=1523 hooks=28 inst=43 rollout "Hammer Throw" Attack lvl1 hero1
t=3 ph=3 ap=1 snaps=1527 hooks=28 inst=43 rollout "Hammer Throw" Attack lvl1 hero1
t=3 ph=3 ap=1 snaps=1531 hooks=28 inst=43 rollout "Hammer Throw" Attack lvl1 hero1
t=3 ph=3 ap=1 snaps=1535 hooks=28 inst=43 rollout "Hammer Throw" Attack lvl1 hero1
t=3 ph=3 ap=1 snaps=1539 hooks=28 inst=43 rollout "Hammer Throw" Attack lvl1 hero1
t=3 ph=3 ap=1 snaps=1543 hooks=28 inst=43 rollout "Hammer Throw" Attack lvl1 hero1
t=3 ph=3 ap=1 snaps=1547 hooks=28 inst=43 rollout "Hammer Throw" Attack lvl1 hero1
t=3 ph=3 ap=1 snaps=1551 hooks=28 inst=43 rollout "Hammer Throw" Attack lvl1 hero1
t=3 ph=3 ap=1 snaps=1555 hooks=28 inst=43 rollout "Hammer Throw" Attack lvl1 hero1
t=3 ph=3 ap=1 snaps=1559 hooks=28 inst=43 rollout "Hammer Throw" Attack lvl1 hero1
t=3 ph=3 ap=1 snaps=1565 hooks=28 inst=43 rollout "Hammer Throw" Attack lvl1 hero1
t=3 ph=5 ap=1 snaps=1573 hooks=41 inst=43 switchTurn ending p1
t=4 ph=2 ap=0 snaps=1573 hooks=10 inst=44 cpuTurnStart cpu=p0 hand=5
t=4 ph=3 ap=0 snaps=1590 hooks=35 inst=49 rollout "Poison Pollen" Spell lvl1 hero1
t=4 ph=3 ap=0 snaps=1592 hooks=35 inst=49 rollout "Poison Pollen" Spell lvl1 hero2
t=4 ph=3 ap=0 snaps=1594 hooks=35 inst=49 rollout "Poison Pollen" Spell lvl1 hero1
t=4 ph=3 ap=0 snaps=1596 hooks=35 inst=49 rollout "Poison Pollen" Spell lvl1 hero1
t=4 ph=3 ap=0 snaps=1598 hooks=35 inst=49 rollout "Poison Pollen" Spell lvl1 hero1
t=4 ph=3 ap=0 snaps=1599 hooks=35 inst=49 rollout "Poison Pollen" Spell lvl1 hero2
t=4 ph=3 ap=0 snaps=1601 hooks=35 inst=49 rollout "Poison Pollen" Spell lvl1 hero2
t=4 ph=3 ap=0 snaps=1603 hooks=35 inst=49 rollout "Poison Pollen" Spell lvl1 hero2
t=4 ph=3 ap=0 snaps=1604 hooks=35 inst=49 rollout "Poison Pollen" Spell lvl1 hero1
t=4 ph=3 ap=0 snaps=1606 hooks=35 inst=49 rollout "Poison Pollen" Spell lvl1 hero2
t=4 ph=3 ap=0 snaps=1608 hooks=35 inst=49 rollout "Poison Pollen" Spell lvl1 hero1
t=4 ph=3 ap=0 snaps=1610 hooks=35 inst=49 rollout "Poison Pollen" Spell lvl1 hero2
t=4 ph=3 ap=0 snaps=1612 hooks=35 inst=49 rollout "Poison Pollen" Spell lvl1 hero1
t=4 ph=3 ap=0 snaps=1614 hooks=35 inst=49 rollout "Poison Pollen" Spell lvl1 hero2
t=4 ph=3 ap=0 snaps=1616 hooks=35 inst=49 rollout "Poison Pollen" Spell lvl1 hero1
t=4 ph=3 ap=0 snaps=1618 hooks=35 inst=49 rollout "Poison Pollen" Spell lvl1 hero2
t=4 ph=3 ap=0 snaps=1620 hooks=35 inst=49 rollout "Poison Pollen" Spell lvl1 hero1
t=4 ph=3 ap=0 snaps=1622 hooks=35 inst=49 rollout "Poison Pollen" Spell lvl1 hero2
t=4 ph=3 ap=0 snaps=1624 hooks=35 inst=49 rollout "Poison Pollen" Spell lvl1 hero1
t=4 ph=3 ap=0 snaps=1626 hooks=35 inst=49 rollout "Poison Pollen" Spell lvl1 hero2
t=4 ph=3 ap=0 snaps=1628 hooks=35 inst=49 rollout "Poison Pollen" Spell lvl1 hero1
t=4 ph=3 ap=0 snaps=1630 hooks=35 inst=49 rollout "Poison Pollen" Spell lvl1 hero2
t=4 ph=3 ap=0 snaps=1632 hooks=35 inst=49 rollout "Poison Pollen" Spell lvl1 hero1
t=4 ph=3 ap=0 snaps=1634 hooks=35 inst=49 rollout "Poison Pollen" Spell lvl1 hero2
t=4 ph=3 ap=0 snaps=1636 hooks=35 inst=49 rollout "Poison Pollen" Spell lvl1 hero1
t=4 ph=3 ap=0 snaps=1638 hooks=35 inst=49 rollout "Poison Pollen" Spell lvl1 hero2
t=4 ph=3 ap=0 snaps=1640 hooks=35 inst=49 rollout "Poison Pollen" Spell lvl1 hero1
t=4 ph=3 ap=0 snaps=1642 hooks=35 inst=49 rollout "Poison Pollen" Spell lvl1 hero2
t=4 ph=3 ap=0 snaps=1644 hooks=35 inst=49 rollout "Poison Pollen" Spell lvl1 hero1
t=4 ph=3 ap=0 snaps=1646 hooks=35 inst=49 rollout "Poison Pollen" Spell lvl1 hero2
t=4 ph=3 ap=0 snaps=1648 hooks=35 inst=49 rollout "Poison Pollen" Spell lvl1 hero1
t=4 ph=3 ap=0 snaps=1650 hooks=35 inst=49 rollout "Poison Pollen" Spell lvl1 hero2
t=4 ph=3 ap=0 snaps=1652 hooks=35 inst=49 rollout "Poison Pollen" Spell lvl1 hero1
t=4 ph=3 ap=0 snaps=1654 hooks=35 inst=49 rollout "Poison Pollen" Spell lvl1 hero2
t=4 ph=3 ap=0 snaps=1656 hooks=35 inst=49 rollout "Poison Pollen" Spell lvl1 hero1
t=4 ph=3 ap=0 snaps=1658 hooks=35 inst=49 rollout "Poison Pollen" Spell lvl1 hero2
t=4 ph=3 ap=0 snaps=1660 hooks=35 inst=49 rollout "Poison Pollen" Spell lvl1 hero1
t=4 ph=3 ap=0 snaps=1662 hooks=35 inst=49 rollout "Poison Pollen" Spell lvl1 hero2
t=4 ph=3 ap=0 snaps=1664 hooks=35 inst=49 rollout "Poison Pollen" Spell lvl1 hero1
t=4 ph=3 ap=0 snaps=1666 hooks=35 inst=49 rollout "Poison Pollen" Spell lvl1 hero2
t=4 ph=3 ap=0 snaps=1668 hooks=35 inst=49 rollout "Poison Pollen" Spell lvl1 hero1
t=4 ph=3 ap=0 snaps=1670 hooks=35 inst=49 rollout "Poison Pollen" Spell lvl1 hero2
t=4 ph=3 ap=0 snaps=1672 hooks=35 inst=49 rollout "Poison Pollen" Spell lvl1 hero1
t=4 ph=3 ap=0 snaps=1674 hooks=35 inst=49 rollout "Poison Pollen" Spell lvl1 hero2
t=4 ph=3 ap=0 snaps=1676 hooks=35 inst=49 rollout "Poison Pollen" Spell lvl1 hero1
t=4 ph=3 ap=0 snaps=1678 hooks=35 inst=49 rollout "Poison Pollen" Spell lvl1 hero2
t=4 ph=3 ap=0 snaps=1680 hooks=35 inst=49 rollout "Poison Pollen" Spell lvl1 hero1
t=4 ph=3 ap=0 snaps=1682 hooks=35 inst=49 rollout "Poison Pollen" Spell lvl1 hero2
t=4 ph=3 ap=0 snaps=1684 hooks=35 inst=49 rollout "Poison Pollen" Spell lvl1 hero1
t=4 ph=3 ap=0 snaps=1686 hooks=35 inst=49 rollout "Poison Pollen" Spell lvl1 hero2
t=4 ph=3 ap=0 snaps=1688 hooks=35 inst=49 rollout "Poison Pollen" Spell lvl1 hero1
t=4 ph=3 ap=0 snaps=1690 hooks=35 inst=49 rollout "Poison Pollen" Spell lvl1 hero2
t=4 ph=3 ap=0 snaps=1692 hooks=35 inst=49 rollout "Poison Pollen" Spell lvl1 hero1
t=4 ph=3 ap=0 snaps=1694 hooks=35 inst=49 rollout "Poison Pollen" Spell lvl1 hero2
t=4 ph=3 ap=0 snaps=1696 hooks=35 inst=49 rollout "Poison Pollen" Spell lvl1 hero1
t=4 ph=3 ap=0 snaps=1698 hooks=35 inst=49 rollout "Poison Pollen" Spell lvl1 hero2
t=4 ph=3 ap=0 snaps=1700 hooks=35 inst=49 rollout "Poison Pollen" Spell lvl1 hero1
t=4 ph=3 ap=0 snaps=1702 hooks=35 inst=49 rollout "Poison Pollen" Spell lvl1 hero2
t=4 ph=3 ap=0 snaps=1704 hooks=35 inst=49 rollout "Poison Pollen" Spell lvl1 hero1
t=4 ph=3 ap=0 snaps=1706 hooks=35 inst=49 rollout "Poison Pollen" Spell lvl1 hero2
t=4 ph=3 ap=0 snaps=1708 hooks=35 inst=49 rollout "Poison Pollen" Spell lvl1 hero1
t=4 ph=3 ap=0 snaps=1710 hooks=35 inst=49 rollout "Poison Pollen" Spell lvl1 hero2
t=4 ph=3 ap=0 snaps=1712 hooks=35 inst=49 rollout "Poison Pollen" Spell lvl1 hero1
t=4 ph=3 ap=0 snaps=1714 hooks=35 inst=49 rollout "Poison Pollen" Spell lvl1 hero2
t=4 ph=3 ap=0 snaps=1716 hooks=35 inst=49 rollout "Poison Pollen" Spell lvl1 hero1
t=4 ph=3 ap=0 snaps=1718 hooks=35 inst=49 rollout "Poison Pollen" Spell lvl1 hero2
t=4 ph=3 ap=0 snaps=1720 hooks=35 inst=49 rollout "Poison Pollen" Spell lvl1 hero1
t=4 ph=3 ap=0 snaps=1722 hooks=35 inst=49 rollout "Poison Pollen" Spell lvl1 hero2
t=4 ph=3 ap=0 snaps=1724 hooks=35 inst=49 rollout "Poison Pollen" Spell lvl1 hero1
t=4 ph=3 ap=0 snaps=1726 hooks=35 inst=49 rollout "Poison Pollen" Spell lvl1 hero2
t=4 ph=3 ap=0 snaps=1728 hooks=35 inst=49 rollout "Poison Pollen" Spell lvl1 hero1
t=4 ph=3 ap=0 snaps=1730 hooks=35 inst=49 rollout "Poison Pollen" Spell lvl1 hero2
t=4 ph=3 ap=0 snaps=1732 hooks=35 inst=49 rollout "Poison Pollen" Spell lvl1 hero1
t=4 ph=3 ap=0 snaps=1734 hooks=35 inst=49 rollout "Poison Pollen" Spell lvl1 hero2
t=4 ph=3 ap=0 snaps=1736 hooks=35 inst=49 rollout "Poison Pollen" Spell lvl1 hero1
t=4 ph=3 ap=0 snaps=1738 hooks=35 inst=49 rollout "Poison Pollen" Spell lvl1 hero2
t=4 ph=3 ap=0 snaps=1740 hooks=35 inst=49 rollout "Poison Pollen" Spell lvl1 hero1
t=4 ph=3 ap=0 snaps=1742 hooks=35 inst=49 rollout "Poison Pollen" Spell lvl1 hero2
t=4 ph=3 ap=0 snaps=1744 hooks=35 inst=49 rollout "Poison Pollen" Spell lvl1 hero1
t=4 ph=3 ap=0 snaps=1746 hooks=35 inst=49 rollout "Poison Pollen" Spell lvl1 hero2
t=4 ph=3 ap=0 snaps=1748 hooks=35 inst=49 rollout "Poison Pollen" Spell lvl1 hero1
t=4 ph=3 ap=0 snaps=1750 hooks=35 inst=49 rollout "Poison Pollen" Spell lvl1 hero2
t=4 ph=3 ap=0 snaps=1752 hooks=35 inst=49 rollout "Poison Pollen" Spell lvl1 hero1
t=4 ph=3 ap=0 snaps=1754 hooks=35 inst=49 rollout "Poison Pollen" Spell lvl1 hero2
t=4 ph=3 ap=0 snaps=1756 hooks=35 inst=49 rollout "Poison Pollen" Spell lvl1 hero1
t=4 ph=3 ap=0 snaps=1758 hooks=35 inst=49 rollout "Poison Pollen" Spell lvl1 hero2
t=4 ph=3 ap=0 snaps=1760 hooks=35 inst=49 rollout "Poison Pollen" Spell lvl1 hero1
t=4 ph=3 ap=0 snaps=1762 hooks=35 inst=49 rollout "Poison Pollen" Spell lvl1 hero2
t=4 ph=3 ap=0 snaps=1764 hooks=35 inst=49 rollout "Poison Pollen" Spell lvl1 hero1
t=4 ph=3 ap=0 snaps=1766 hooks=35 inst=49 rollout "Poison Pollen" Spell lvl1 hero2
t=4 ph=3 ap=0 snaps=1768 hooks=35 inst=49 rollout "Poison Pollen" Spell lvl1 hero1
t=4 ph=3 ap=0 snaps=1770 hooks=35 inst=49 rollout "Poison Pollen" Spell lvl1 hero2
t=4 ph=3 ap=0 snaps=1772 hooks=35 inst=49 rollout "Poison Pollen" Spell lvl1 hero1
t=4 ph=3 ap=0 snaps=1774 hooks=35 inst=49 rollout "Poison Pollen" Spell lvl1 hero2
t=4 ph=3 ap=0 snaps=1776 hooks=35 inst=49 rollout "Poison Pollen" Spell lvl1 hero1
t=4 ph=3 ap=0 snaps=1778 hooks=35 inst=49 rollout "Poison Pollen" Spell lvl1 hero2
t=4 ph=3 ap=0 snaps=1780 hooks=35 inst=49 rollout "Poison Pollen" Spell lvl1 hero1
t=4 ph=3 ap=0 snaps=1782 hooks=35 inst=49 rollout "Poison Pollen" Spell lvl1 hero2
t=4 ph=3 ap=0 snaps=1784 hooks=35 inst=49 rollout "Poison Pollen" Spell lvl1 hero1
t=4 ph=3 ap=0 snaps=1786 hooks=35 inst=49 rollout "Poison Pollen" Spell lvl1 hero2
t=4 ph=3 ap=0 snaps=1788 hooks=35 inst=49 rollout "Poison Pollen" Spell lvl1 hero1
t=4 ph=3 ap=0 snaps=1790 hooks=35 inst=49 rollout "Poison Pollen" Spell lvl1 hero2
t=4 ph=3 ap=0 snaps=1792 hooks=35 inst=49 rollout "Poison Pollen" Spell lvl1 hero1
t=4 ph=3 ap=0 snaps=1794 hooks=35 inst=49 rollout "Poison Pollen" Spell lvl1 hero2
t=4 ph=3 ap=0 snaps=1796 hooks=35 inst=49 rollout "Poison Pollen" Spell lvl1 hero1
t=4 ph=3 ap=0 snaps=1798 hooks=35 inst=49 rollout "Poison Pollen" Spell lvl1 hero2
t=4 ph=3 ap=0 snaps=1800 hooks=35 inst=49 rollout "Poison Pollen" Spell lvl1 hero1
t=4 ph=3 ap=0 snaps=1802 hooks=35 inst=49 rollout "Poison Pollen" Spell lvl1 hero2
t=4 ph=3 ap=0 snaps=1804 hooks=35 inst=49 rollout "Poison Pollen" Spell lvl1 hero1
t=4 ph=3 ap=0 snaps=1806 hooks=35 inst=49 rollout "Poison Pollen" Spell lvl1 hero2
t=4 ph=3 ap=0 snaps=1808 hooks=35 inst=49 rollout "Poison Pollen" Spell lvl1 hero1
t=4 ph=3 ap=0 snaps=1810 hooks=35 inst=49 rollout "Poison Pollen" Spell lvl1 hero2
t=4 ph=3 ap=0 snaps=1812 hooks=35 inst=49 rollout "Poison Pollen" Spell lvl1 hero1
t=4 ph=3 ap=0 snaps=1814 hooks=35 inst=49 rollout "Poison Pollen" Spell lvl1 hero2
t=4 ph=3 ap=0 snaps=1816 hooks=35 inst=49 rollout "Poison Pollen" Spell lvl1 hero1
t=4 ph=3 ap=0 snaps=1818 hooks=35 inst=49 rollout "Poison Pollen" Spell lvl1 hero2
t=4 ph=3 ap=0 snaps=1820 hooks=35 inst=49 rollout "Poison Pollen" Spell lvl1 hero1
t=4 ph=3 ap=0 snaps=1822 hooks=35 inst=49 rollout "Poison Pollen" Spell lvl1 hero2
t=4 ph=3 ap=0 snaps=1824 hooks=35 inst=49 rollout "Poison Pollen" Spell lvl1 hero1
t=4 ph=3 ap=0 snaps=1826 hooks=35 inst=49 rollout "Poison Pollen" Spell lvl1 hero2
t=4 ph=3 ap=0 snaps=1828 hooks=35 inst=49 rollout "Poison Pollen" Spell lvl1 hero1
t=4 ph=3 ap=0 snaps=1830 hooks=35 inst=49 rollout "Poison Pollen" Spell lvl1 hero2
t=4 ph=3 ap=0 snaps=1832 hooks=35 inst=49 rollout "Poison Pollen" Spell lvl1 hero1
t=4 ph=3 ap=0 snaps=1834 hooks=35 inst=49 rollout "Poison Pollen" Spell lvl1 hero2
t=4 ph=3 ap=0 snaps=1836 hooks=35 inst=49 rollout "Poison Pollen" Spell lvl1 hero1
t=4 ph=3 ap=0 snaps=1838 hooks=35 inst=49 rollout "Poison Pollen" Spell lvl1 hero2
t=4 ph=3 ap=0 snaps=1840 hooks=35 inst=49 rollout "Poison Pollen" Spell lvl1 hero1
t=4 ph=3 ap=0 snaps=1842 hooks=35 inst=49 rollout "Poison Pollen" Spell lvl1 hero2
t=4 ph=3 ap=0 snaps=1844 hooks=35 inst=49 rollout "Poison Pollen" Spell lvl1 hero1
t=4 ph=3 ap=0 snaps=1846 hooks=35 inst=49 rollout "Poison Pollen" Spell lvl1 hero2
t=4 ph=3 ap=0 snaps=1848 hooks=35 inst=49 rollout "Poison Pollen" Spell lvl1 hero1
t=4 ph=3 ap=0 snaps=1850 hooks=35 inst=49 rollout "Poison Pollen" Spell lvl1 hero2
t=4 ph=3 ap=0 snaps=1852 hooks=35 inst=49 rollout "Poison Pollen" Spell lvl1 hero1
t=4 ph=3 ap=0 snaps=1854 hooks=35 inst=49 rollout "Poison Pollen" Spell lvl1 hero2
t=4 ph=3 ap=0 snaps=1856 hooks=35 inst=49 rollout "Poison Pollen" Spell lvl1 hero1
t=4 ph=3 ap=0 snaps=1858 hooks=35 inst=49 rollout "Poison Pollen" Spell lvl1 hero2
t=4 ph=3 ap=0 snaps=1860 hooks=35 inst=49 rollout "Poison Pollen" Spell lvl1 hero1
t=4 ph=3 ap=0 snaps=1862 hooks=35 inst=49 rollout "Poison Pollen" Spell lvl1 hero2
t=4 ph=3 ap=0 snaps=1864 hooks=35 inst=49 rollout "Poison Pollen" Spell lvl1 hero1
t=4 ph=3 ap=0 snaps=1866 hooks=35 inst=49 rollout "Poison Pollen" Spell lvl1 hero2
t=4 ph=5 ap=0 snaps=1870 hooks=50 inst=49 switchTurn ending p0
t=5 ph=2 ap=1 snaps=1870 hooks=17 inst=50 cpuTurnStart cpu=p1 hand=2
t=5 ph=5 ap=1 snaps=1876 hooks=26 inst=50 switchTurn ending p1
t=6 ph=2 ap=0 snaps=1876 hooks=14 inst=51 cpuTurnStart cpu=p0 hand=2
t=6 ph=5 ap=0 snaps=1898 hooks=38 inst=48 switchTurn ending p0
t=7 ph=2 ap=1 snaps=1898 hooks=14 inst=49 cpuTurnStart cpu=p1 hand=1
t=7 ph=2 ap=1 snaps=1900 hooks=14 inst=49 summon "Metal Harpyformer" p1/h0
t=7 ph=5 ap=1 snaps=1906 hooks=29 inst=49 switchTurn ending p1
t=8 ph=2 ap=0 snaps=1906 hooks=10 inst=50 cpuTurnStart cpu=p0 hand=2
t=8 ph=5 ap=0 snaps=1910 hooks=17 inst=50 switchTurn ending p0
t=9 ph=2 ap=1 snaps=1910 hooks=20 inst=49 cpuTurnStart cpu=p1 hand=1
t=9 ph=5 ap=1 snaps=1917 hooks=40 inst=55 switchTurn ending p1
t=10 ph=2 ap=0 snaps=1917 hooks=10 inst=56 cpuTurnStart cpu=p0 hand=3
t=10 ph=5 ap=0 snaps=1921 hooks=17 inst=56 switchTurn ending p0
t=11 ph=2 ap=1 snaps=1921 hooks=10 inst=57 cpuTurnStart cpu=p1 hand=1
t=11 ph=5 ap=1 snaps=1923 hooks=17 inst=57 switchTurn ending p1
t=12 ph=2 ap=0 snaps=1923 hooks=10 inst=58 cpuTurnStart cpu=p0 hand=4
t=12 ph=5 ap=0 snaps=1929 hooks=19 inst=59 switchTurn ending p0
t=13 ph=2 ap=1 snaps=1929 hooks=10 inst=60 cpuTurnStart cpu=p1 hand=2
t=13 ph=5 ap=1 snaps=1931 hooks=17 inst=60 switchTurn ending p1
t=14 ph=2 ap=0 snaps=1931 hooks=10 inst=61 cpuTurnStart cpu=p0 hand=4
t=14 ph=5 ap=0 snaps=1951 hooks=17 inst=61 switchTurn ending p0
t=15 ph=2 ap=1 snaps=1951 hooks=10 inst=62 cpuTurnStart cpu=p1 hand=3
t=15 ph=3 ap=1 snaps=2001 hooks=13 inst=63 rollout "Hammer Throw" Attack lvl1 hero0
t=15 ph=3 ap=1 snaps=2004 hooks=13 inst=63 rollout "Hammer Throw" Attack lvl1 hero0
t=15 ph=3 ap=1 snaps=2005 hooks=13 inst=63 rollout "Hammer Throw" Attack lvl1 hero0
t=15 ph=3 ap=1 snaps=2007 hooks=13 inst=63 rollout "Hammer Throw" Attack lvl1 hero0
t=15 ph=3 ap=1 snaps=2010 hooks=13 inst=63 rollout "Hammer Throw" Attack lvl1 hero0
t=15 ph=3 ap=1 snaps=2013 hooks=13 inst=63 rollout "Hammer Throw" Attack lvl1 hero0
t=15 ph=3 ap=1 snaps=2014 hooks=13 inst=63 rollout "Hammer Throw" Attack lvl1 hero0
t=15 ph=3 ap=1 snaps=2017 hooks=13 inst=63 rollout "Hammer Throw" Attack lvl1 hero0
t=15 ph=3 ap=1 snaps=2020 hooks=13 inst=63 rollout "Hammer Throw" Attack lvl1 hero0
t=15 ph=3 ap=1 snaps=2023 hooks=13 inst=63 rollout "Hammer Throw" Attack lvl1 hero0
t=15 ph=3 ap=1 snaps=2024 hooks=13 inst=63 rollout "Hammer Throw" Attack lvl1 hero0
t=15 ph=3 ap=1 snaps=2027 hooks=13 inst=63 rollout "Hammer Throw" Attack lvl1 hero0
t=15 ph=3 ap=1 snaps=2028 hooks=13 inst=63 rollout "Hammer Throw" Attack lvl1 hero0
t=15 ph=3 ap=1 snaps=2031 hooks=13 inst=63 rollout "Hammer Throw" Attack lvl1 hero0
t=15 ph=3 ap=1 snaps=2034 hooks=13 inst=63 rollout "Hammer Throw" Attack lvl1 hero0
t=15 ph=3 ap=1 snaps=2037 hooks=13 inst=63 rollout "Hammer Throw" Attack lvl1 hero0
t=15 ph=3 ap=1 snaps=2040 hooks=13 inst=63 rollout "Hammer Throw" Attack lvl1 hero0
t=15 ph=3 ap=1 snaps=2041 hooks=13 inst=63 rollout "Hammer Throw" Attack lvl1 hero0
t=15 ph=3 ap=1 snaps=2042 hooks=13 inst=63 rollout "Hammer Throw" Attack lvl1 hero0
t=15 ph=3 ap=1 snaps=2043 hooks=13 inst=63 rollout "Hammer Throw" Attack lvl1 hero0
t=15 ph=3 ap=1 snaps=2044 hooks=13 inst=63 rollout "Hammer Throw" Attack lvl1 hero0
t=15 ph=3 ap=1 snaps=2047 hooks=13 inst=63 rollout "Hammer Throw" Attack lvl1 hero0
t=15 ph=3 ap=1 snaps=2048 hooks=13 inst=63 rollout "Hammer Throw" Attack lvl1 hero0
t=15 ph=3 ap=1 snaps=2049 hooks=13 inst=63 rollout "Hammer Throw" Attack lvl1 hero0
t=15 ph=3 ap=1 snaps=2052 hooks=13 inst=63 rollout "Hammer Throw" Attack lvl1 hero0
t=15 ph=3 ap=1 snaps=2055 hooks=13 inst=63 rollout "Hammer Throw" Attack lvl1 hero0
t=15 ph=3 ap=1 snaps=2056 hooks=13 inst=63 rollout "Hammer Throw" Attack lvl1 hero0
t=15 ph=3 ap=1 snaps=2059 hooks=13 inst=63 rollout "Hammer Throw" Attack lvl1 hero0
t=15 ph=3 ap=1 snaps=2060 hooks=13 inst=63 rollout "Hammer Throw" Attack lvl1 hero0
t=15 ph=3 ap=1 snaps=2063 hooks=13 inst=63 rollout "Hammer Throw" Attack lvl1 hero0
t=15 ph=3 ap=1 snaps=2066 hooks=13 inst=63 rollout "Hammer Throw" Attack lvl1 hero0
t=15 ph=3 ap=1 snaps=2067 hooks=13 inst=63 rollout "Hammer Throw" Attack lvl1 hero0
t=15 ph=3 ap=1 snaps=2070 hooks=13 inst=63 rollout "Hammer Throw" Attack lvl1 hero0
t=15 ph=3 ap=1 snaps=2071 hooks=13 inst=63 rollout "Hammer Throw" Attack lvl1 hero0
t=15 ph=3 ap=1 snaps=2074 hooks=13 inst=63 rollout "Hammer Throw" Attack lvl1 hero0
t=15 ph=3 ap=1 snaps=2077 hooks=13 inst=63 rollout "Hammer Throw" Attack lvl1 hero0
t=15 ph=3 ap=1 snaps=2078 hooks=13 inst=63 rollout "Hammer Throw" Attack lvl1 hero0
t=15 ph=3 ap=1 snaps=2079 hooks=13 inst=63 rollout "Hammer Throw" Attack lvl1 hero0
t=15 ph=3 ap=1 snaps=2080 hooks=13 inst=63 rollout "Hammer Throw" Attack lvl1 hero0
t=15 ph=3 ap=1 snaps=2083 hooks=13 inst=63 rollout "Hammer Throw" Attack lvl1 hero0
t=15 ph=3 ap=1 snaps=2086 hooks=13 inst=63 rollout "Hammer Throw" Attack lvl1 hero0
t=15 ph=3 ap=1 snaps=2087 hooks=13 inst=63 rollout "Hammer Throw" Attack lvl1 hero0
t=15 ph=3 ap=1 snaps=2088 hooks=13 inst=63 rollout "Hammer Throw" Attack lvl1 hero0
t=15 ph=3 ap=1 snaps=2089 hooks=13 inst=63 rollout "Hammer Throw" Attack lvl1 hero0
t=15 ph=3 ap=1 snaps=2092 hooks=13 inst=63 rollout "Hammer Throw" Attack lvl1 hero0
t=15 ph=3 ap=1 snaps=2093 hooks=13 inst=63 rollout "Hammer Throw" Attack lvl1 hero0
t=15 ph=3 ap=1 snaps=2094 hooks=13 inst=63 rollout "Hammer Throw" Attack lvl1 hero0
t=15 ph=3 ap=1 snaps=2095 hooks=13 inst=63 rollout "Hammer Throw" Attack lvl1 hero0
t=15 ph=3 ap=1 snaps=2098 hooks=13 inst=63 rollout "Hammer Throw" Attack lvl1 hero0
t=15 ph=3 ap=1 snaps=2101 hooks=13 inst=63 rollout "Hammer Throw" Attack lvl1 hero0
t=15 ph=3 ap=1 snaps=2104 hooks=13 inst=63 rollout "Hammer Throw" Attack lvl1 hero0
t=15 ph=3 ap=1 snaps=2107 hooks=13 inst=63 rollout "Hammer Throw" Attack lvl1 hero0
t=15 ph=3 ap=1 snaps=2110 hooks=13 inst=63 rollout "Hammer Throw" Attack lvl1 hero0
t=15 ph=3 ap=1 snaps=2111 hooks=13 inst=63 rollout "Hammer Throw" Attack lvl1 hero0
t=15 ph=3 ap=1 snaps=2112 hooks=13 inst=63 rollout "Hammer Throw" Attack lvl1 hero0
t=15 ph=3 ap=1 snaps=2113 hooks=13 inst=63 rollout "Hammer Throw" Attack lvl1 hero0
t=15 ph=3 ap=1 snaps=2116 hooks=13 inst=63 rollout "Hammer Throw" Attack lvl1 hero0
t=15 ph=3 ap=1 snaps=2119 hooks=13 inst=63 rollout "Hammer Throw" Attack lvl1 hero0
t=15 ph=3 ap=1 snaps=2120 hooks=13 inst=63 rollout "Hammer Throw" Attack lvl1 hero0
t=15 ph=3 ap=1 snaps=2121 hooks=13 inst=63 rollout "Hammer Throw" Attack lvl1 hero0
t=15 ph=3 ap=1 snaps=2122 hooks=13 inst=63 rollout "Hammer Throw" Attack lvl1 hero0
t=15 ph=3 ap=1 snaps=2123 hooks=13 inst=63 rollout "Hammer Throw" Attack lvl1 hero0
t=15 ph=3 ap=1 snaps=2124 hooks=13 inst=63 rollout "Hammer Throw" Attack lvl1 hero0
t=15 ph=3 ap=1 snaps=2127 hooks=13 inst=63 rollout "Hammer Throw" Attack lvl1 hero0
t=15 ph=3 ap=1 snaps=2128 hooks=13 inst=63 rollout "Hammer Throw" Attack lvl1 hero0
t=15 ph=3 ap=1 snaps=2129 hooks=13 inst=63 rollout "Hammer Throw" Attack lvl1 hero0
t=15 ph=3 ap=1 snaps=2132 hooks=13 inst=63 rollout "Hammer Throw" Attack lvl1 hero0
t=15 ph=3 ap=1 snaps=2133 hooks=13 inst=63 rollout "Hammer Throw" Attack lvl1 hero0
t=15 ph=3 ap=1 snaps=2134 hooks=13 inst=63 rollout "Hammer Throw" Attack lvl1 hero0
t=15 ph=3 ap=1 snaps=2137 hooks=13 inst=63 rollout "Hammer Throw" Attack lvl1 hero0
t=15 ph=3 ap=1 snaps=2140 hooks=13 inst=63 rollout "Hammer Throw" Attack lvl1 hero0
t=15 ph=3 ap=1 snaps=2141 hooks=13 inst=63 rollout "Hammer Throw" Attack lvl1 hero0
t=15 ph=3 ap=1 snaps=2144 hooks=13 inst=63 rollout "Hammer Throw" Attack lvl1 hero0
t=15 ph=3 ap=1 snaps=2147 hooks=13 inst=63 rollout "Hammer Throw" Attack lvl1 hero0
t=15 ph=3 ap=1 snaps=2150 hooks=13 inst=63 rollout "Hammer Throw" Attack lvl1 hero0
t=15 ph=3 ap=1 snaps=2153 hooks=13 inst=63 rollout "Hammer Throw" Attack lvl1 hero0
t=15 ph=3 ap=1 snaps=2156 hooks=13 inst=63 rollout "Hammer Throw" Attack lvl1 hero0
t=15 ph=3 ap=1 snaps=2157 hooks=13 inst=63 rollout "Hammer Throw" Attack lvl1 hero0
t=15 ph=3 ap=1 snaps=2160 hooks=13 inst=63 rollout "Hammer Throw" Attack lvl1 hero0
t=15 ph=3 ap=1 snaps=2161 hooks=13 inst=63 rollout "Hammer Throw" Attack lvl1 hero0
t=15 ph=5 ap=1 snaps=2163 hooks=26 inst=63 switchTurn ending p1
t=16 ph=2 ap=0 snaps=2163 hooks=12 inst=64 cpuTurnStart cpu=p0 hand=5
t=16 ph=5 ap=0 snaps=2180 hooks=30 inst=63 switchTurn ending p0
t=17 ph=2 ap=1 snaps=2180 hooks=10 inst=64 cpuTurnStart cpu=p1 hand=3
t=17 ph=5 ap=1 snaps=2186 hooks=22 inst=64 switchTurn ending p1
t=18 ph=2 ap=0 snaps=2186 hooks=16 inst=65 cpuTurnStart cpu=p0 hand=4
t=18 ph=3 ap=0 snaps=2192 hooks=20 inst=66 rollout "Critical Strike" Attack lvl3 hero1
t=18 ph=3 ap=0 snaps=2194 hooks=20 inst=66 rollout "Critical Strike" Attack lvl3 hero1
t=18 ph=3 ap=0 snaps=2197 hooks=20 inst=66 rollout "Critical Strike" Attack lvl3 hero1
t=18 ph=3 ap=0 snaps=2201 hooks=20 inst=66 rollout "Critical Strike" Attack lvl3 hero1
t=18 ph=3 ap=0 snaps=2206 hooks=20 inst=66 rollout "Critical Strike" Attack lvl3 hero1
t=18 ph=3 ap=0 snaps=2209 hooks=20 inst=66 rollout "Critical Strike" Attack lvl3 hero1
t=18 ph=3 ap=0 snaps=2212 hooks=20 inst=66 rollout "Critical Strike" Attack lvl3 hero1
t=18 ph=3 ap=0 snaps=2215 hooks=20 inst=66 rollout "Critical Strike" Attack lvl3 hero1
t=18 ph=3 ap=0 snaps=2218 hooks=20 inst=66 rollout "Critical Strike" Attack lvl3 hero1
t=18 ph=3 ap=0 snaps=2220 hooks=20 inst=66 rollout "Critical Strike" Attack lvl3 hero1
t=18 ph=3 ap=0 snaps=2224 hooks=20 inst=66 rollout "Critical Strike" Attack lvl3 hero1
t=18 ph=3 ap=0 snaps=2226 hooks=20 inst=66 rollout "Critical Strike" Attack lvl3 hero1
t=18 ph=3 ap=0 snaps=2232 hooks=20 inst=66 rollout "Critical Strike" Attack lvl3 hero1
t=18 ph=3 ap=0 snaps=2235 hooks=20 inst=66 rollout "Critical Strike" Attack lvl3 hero1
t=18 ph=3 ap=0 snaps=2238 hooks=20 inst=66 rollout "Critical Strike" Attack lvl3 hero1
t=18 ph=3 ap=0 snaps=2240 hooks=20 inst=66 rollout "Critical Strike" Attack lvl3 hero1
t=18 ph=3 ap=0 snaps=2243 hooks=20 inst=66 rollout "Critical Strike" Attack lvl3 hero1
t=18 ph=3 ap=0 snaps=2245 hooks=20 inst=66 rollout "Critical Strike" Attack lvl3 hero1
t=18 ph=3 ap=0 snaps=2250 hooks=20 inst=66 rollout "Critical Strike" Attack lvl3 hero1
t=18 ph=3 ap=0 snaps=2252 hooks=20 inst=66 rollout "Critical Strike" Attack lvl3 hero1
t=18 ph=3 ap=0 snaps=2256 hooks=20 inst=66 rollout "Critical Strike" Attack lvl3 hero1
t=18 ph=3 ap=0 snaps=2259 hooks=20 inst=66 rollout "Critical Strike" Attack lvl3 hero1
t=18 ph=3 ap=0 snaps=2266 hooks=20 inst=66 rollout "Critical Strike" Attack lvl3 hero1
t=18 ph=3 ap=0 snaps=2268 hooks=20 inst=66 rollout "Critical Strike" Attack lvl3 hero1
t=18 ph=3 ap=0 snaps=2273 hooks=20 inst=66 rollout "Critical Strike" Attack lvl3 hero1
t=18 ph=3 ap=0 snaps=2275 hooks=20 inst=66 rollout "Critical Strike" Attack lvl3 hero1
t=18 ph=3 ap=0 snaps=2280 hooks=20 inst=66 rollout "Critical Strike" Attack lvl3 hero1
t=18 ph=3 ap=0 snaps=2283 hooks=20 inst=66 rollout "Critical Strike" Attack lvl3 hero1
t=18 ph=3 ap=0 snaps=2289 hooks=20 inst=66 rollout "Critical Strike" Attack lvl3 hero1
t=18 ph=3 ap=0 snaps=2292 hooks=20 inst=66 rollout "Critical Strike" Attack lvl3 hero1
t=18 ph=3 ap=0 snaps=2295 hooks=20 inst=66 rollout "Critical Strike" Attack lvl3 hero1
t=18 ph=3 ap=0 snaps=2298 hooks=20 inst=66 rollout "Critical Strike" Attack lvl3 hero1
t=18 ph=3 ap=0 snaps=2303 hooks=20 inst=66 rollout "Critical Strike" Attack lvl3 hero1
t=18 ph=3 ap=0 snaps=2305 hooks=20 inst=66 rollout "Critical Strike" Attack lvl3 hero1
t=18 ph=3 ap=0 snaps=2308 hooks=20 inst=66 rollout "Critical Strike" Attack lvl3 hero1
t=18 ph=3 ap=0 snaps=2311 hooks=20 inst=66 rollout "Critical Strike" Attack lvl3 hero1
t=18 ph=3 ap=0 snaps=2316 hooks=20 inst=66 rollout "Critical Strike" Attack lvl3 hero1
t=18 ph=3 ap=0 snaps=2318 hooks=20 inst=66 rollout "Critical Strike" Attack lvl3 hero1
t=18 ph=3 ap=0 snaps=2324 hooks=20 inst=66 rollout "Critical Strike" Attack lvl3 hero1
t=18 ph=3 ap=0 snaps=2326 hooks=20 inst=66 rollout "Critical Strike" Attack lvl3 hero1
t=18 ph=3 ap=0 snaps=2331 hooks=20 inst=66 rollout "Critical Strike" Attack lvl3 hero1
t=18 ph=3 ap=0 snaps=2333 hooks=20 inst=66 rollout "Critical Strike" Attack lvl3 hero1
t=18 ph=3 ap=0 snaps=2338 hooks=20 inst=66 rollout "Critical Strike" Attack lvl3 hero1
t=18 ph=3 ap=0 snaps=2341 hooks=20 inst=66 rollout "Critical Strike" Attack lvl3 hero1
t=18 ph=3 ap=0 snaps=2346 hooks=20 inst=66 rollout "Critical Strike" Attack lvl3 hero1
t=18 ph=3 ap=0 snaps=2349 hooks=20 inst=66 rollout "Critical Strike" Attack lvl3 hero1
t=18 ph=3 ap=0 snaps=2357 hooks=20 inst=66 rollout "Critical Strike" Attack lvl3 hero1
t=18 ph=3 ap=0 snaps=2359 hooks=20 inst=66 rollout "Critical Strike" Attack lvl3 hero1
t=18 ph=3 ap=0 snaps=2362 hooks=20 inst=66 rollout "Critical Strike" Attack lvl3 hero1
t=18 ph=3 ap=0 snaps=2364 hooks=20 inst=66 rollout "Critical Strike" Attack lvl3 hero1
t=18 ph=3 ap=0 snaps=2370 hooks=20 inst=66 rollout "Critical Strike" Attack lvl3 hero1
t=18 ph=3 ap=0 snaps=2372 hooks=20 inst=66 rollout "Critical Strike" Attack lvl3 hero1
t=18 ph=3 ap=0 snaps=2382 hooks=20 inst=66 rollout "Critical Strike" Attack lvl3 hero1
t=18 ph=3 ap=0 snaps=2385 hooks=20 inst=66 rollout "Critical Strike" Attack lvl3 hero1
t=18 ph=3 ap=0 snaps=2390 hooks=20 inst=66 rollout "Critical Strike" Attack lvl3 hero1
t=18 ph=3 ap=0 snaps=2392 hooks=20 inst=66 rollout "Critical Strike" Attack lvl3 hero1
t=18 ph=3 ap=0 snaps=2397 hooks=20 inst=66 rollout "Critical Strike" Attack lvl3 hero1
t=18 ph=3 ap=0 snaps=2400 hooks=20 inst=66 rollout "Critical Strike" Attack lvl3 hero1
t=18 ph=3 ap=0 snaps=2405 hooks=20 inst=66 rollout "Critical Strike" Attack lvl3 hero1
t=18 ph=3 ap=0 snaps=2407 hooks=20 inst=66 rollout "Critical Strike" Attack lvl3 hero1
t=18 ph=3 ap=0 snaps=2410 hooks=20 inst=66 rollout "Critical Strike" Attack lvl3 hero1
t=18 ph=3 ap=0 snaps=2413 hooks=20 inst=66 rollout "Critical Strike" Attack lvl3 hero1
t=18 ph=3 ap=0 snaps=2420 hooks=20 inst=66 rollout "Critical Strike" Attack lvl3 hero1
t=18 ph=3 ap=0 snaps=2422 hooks=20 inst=66 rollout "Critical Strike" Attack lvl3 hero1
t=18 ph=3 ap=0 snaps=2430 hooks=20 inst=66 rollout "Critical Strike" Attack lvl3 hero1
t=18 ph=3 ap=0 snaps=2433 hooks=20 inst=66 rollout "Critical Strike" Attack lvl3 hero1
t=18 ph=3 ap=0 snaps=2438 hooks=20 inst=66 rollout "Critical Strike" Attack lvl3 hero1
t=18 ph=3 ap=0 snaps=2441 hooks=20 inst=66 rollout "Critical Strike" Attack lvl3 hero1
t=18 ph=3 ap=0 snaps=2444 hooks=20 inst=66 rollout "Critical Strike" Attack lvl3 hero1
t=18 ph=3 ap=0 snaps=2447 hooks=20 inst=66 rollout "Critical Strike" Attack lvl3 hero1
t=18 ph=3 ap=0 snaps=2450 hooks=20 inst=66 rollout "Critical Strike" Attack lvl3 hero1
t=18 ph=3 ap=0 snaps=2452 hooks=20 inst=66 rollout "Critical Strike" Attack lvl3 hero1
t=18 ph=3 ap=0 snaps=2456 hooks=20 inst=66 rollout "Critical Strike" Attack lvl3 hero1
t=18 ph=3 ap=0 snaps=2458 hooks=20 inst=66 rollout "Critical Strike" Attack lvl3 hero1
t=18 ph=3 ap=0 snaps=2463 hooks=20 inst=66 rollout "Critical Strike" Attack lvl3 hero1
t=18 ph=3 ap=0 snaps=2465 hooks=20 inst=66 rollout "Critical Strike" Attack lvl3 hero1
t=18 ph=3 ap=0 snaps=2471 hooks=20 inst=66 rollout "Critical Strike" Attack lvl3 hero1
t=18 ph=3 ap=0 snaps=2473 hooks=20 inst=66 rollout "Critical Strike" Attack lvl3 hero1
t=18 ph=3 ap=0 snaps=2477 hooks=20 inst=66 rollout "Critical Strike" Attack lvl3 hero1
t=18 ph=3 ap=0 snaps=2479 hooks=20 inst=66 rollout "Critical Strike" Attack lvl3 hero1
t=18 ph=3 ap=0 snaps=2484 hooks=20 inst=66 rollout "Critical Strike" Attack lvl3 hero1
t=18 ph=3 ap=0 snaps=2487 hooks=20 inst=66 rollout "Critical Strike" Attack lvl3 hero1
t=18 ph=3 ap=0 snaps=2492 hooks=20 inst=66 rollout "Critical Strike" Attack lvl3 hero1
t=18 ph=3 ap=0 snaps=2494 hooks=20 inst=66 rollout "Critical Strike" Attack lvl3 hero1
t=18 ph=3 ap=0 snaps=2497 hooks=20 inst=66 rollout "Critical Strike" Attack lvl3 hero1
t=18 ph=3 ap=0 snaps=2499 hooks=20 inst=66 rollout "Critical Strike" Attack lvl3 hero1
t=18 ph=3 ap=0 snaps=2502 hooks=20 inst=66 rollout "Critical Strike" Attack lvl3 hero1
t=18 ph=3 ap=0 snaps=2504 hooks=20 inst=66 rollout "Critical Strike" Attack lvl3 hero1
t=18 ph=3 ap=0 snaps=2508 hooks=20 inst=66 rollout "Critical Strike" Attack lvl3 hero1
t=18 ph=3 ap=0 snaps=2510 hooks=20 inst=66 rollout "Critical Strike" Attack lvl3 hero1
t=18 ph=3 ap=0 snaps=2517 hooks=20 inst=66 rollout "Critical Strike" Attack lvl3 hero1
t=18 ph=3 ap=0 snaps=2519 hooks=20 inst=66 rollout "Critical Strike" Attack lvl3 hero1
t=18 ph=3 ap=0 snaps=2523 hooks=20 inst=66 rollout "Critical Strike" Attack lvl3 hero1
t=18 ph=3 ap=0 snaps=2525 hooks=20 inst=66 rollout "Critical Strike" Attack lvl3 hero1
t=18 ph=3 ap=0 snaps=2530 hooks=20 inst=66 rollout "Critical Strike" Attack lvl3 hero1
t=18 ph=3 ap=0 snaps=2532 hooks=20 inst=66 rollout "Critical Strike" Attack lvl3 hero1
t=18 ph=3 ap=0 snaps=2537 hooks=20 inst=66 rollout "Critical Strike" Attack lvl3 hero1
t=18 ph=3 ap=0 snaps=2540 hooks=20 inst=66 rollout "Critical Strike" Attack lvl3 hero1
t=18 ph=3 ap=0 snaps=2545 hooks=20 inst=66 rollout "Critical Strike" Attack lvl3 hero1
t=18 ph=3 ap=0 snaps=2548 hooks=20 inst=66 rollout "Critical Strike" Attack lvl3 hero1
t=18 ph=3 ap=0 snaps=2553 hooks=20 inst=66 rollout "Critical Strike" Attack lvl3 hero1
t=18 ph=3 ap=0 snaps=2555 hooks=20 inst=66 rollout "Critical Strike" Attack lvl3 hero1
t=18 ph=3 ap=0 snaps=2560 hooks=20 inst=66 rollout "Critical Strike" Attack lvl3 hero1
t=18 ph=3 ap=0 snaps=2562 hooks=20 inst=66 rollout "Critical Strike" Attack lvl3 hero1
t=18 ph=3 ap=0 snaps=2567 hooks=20 inst=66 rollout "Critical Strike" Attack lvl3 hero1
t=18 ph=3 ap=0 snaps=2569 hooks=20 inst=66 rollout "Critical Strike" Attack lvl3 hero1
t=18 ph=3 ap=0 snaps=2574 hooks=20 inst=66 rollout "Critical Strike" Attack lvl3 hero1
t=18 ph=3 ap=0 snaps=2576 hooks=20 inst=66 rollout "Critical Strike" Attack lvl3 hero1
t=18 ph=3 ap=0 snaps=2581 hooks=20 inst=66 rollout "Critical Strike" Attack lvl3 hero1
t=18 ph=3 ap=0 snaps=2583 hooks=20 inst=66 rollout "Critical Strike" Attack lvl3 hero1
t=18 ph=3 ap=0 snaps=2588 hooks=20 inst=66 rollout "Critical Strike" Attack lvl3 hero1
t=18 ph=3 ap=0 snaps=2590 hooks=20 inst=66 rollout "Critical Strike" Attack lvl3 hero1
t=18 ph=3 ap=0 snaps=2597 hooks=20 inst=66 rollout "Critical Strike" Attack lvl3 hero1
t=18 ph=3 ap=0 snaps=2600 hooks=20 inst=66 rollout "Critical Strike" Attack lvl3 hero1
t=18 ph=3 ap=0 snaps=2605 hooks=20 inst=66 rollout "Critical Strike" Attack lvl3 hero1
t=18 ph=3 ap=0 snaps=2608 hooks=20 inst=66 rollout "Critical Strike" Attack lvl3 hero1
t=18 ph=3 ap=0 snaps=2614 hooks=20 inst=66 rollout "Critical Strike" Attack lvl3 hero1
t=18 ph=3 ap=0 snaps=2617 hooks=20 inst=66 rollout "Critical Strike" Attack lvl3 hero1
t=18 ph=3 ap=0 snaps=2622 hooks=20 inst=66 rollout "Critical Strike" Attack lvl3 hero1
t=18 ph=3 ap=0 snaps=2625 hooks=20 inst=66 rollout "Critical Strike" Attack lvl3 hero1
t=18 ph=3 ap=0 snaps=2628 hooks=20 inst=66 rollout "Critical Strike" Attack lvl3 hero1
t=18 ph=3 ap=0 snaps=2631 hooks=20 inst=66 rollout "Critical Strike" Attack lvl3 hero1
t=18 ph=3 ap=0 snaps=2634 hooks=20 inst=66 rollout "Critical Strike" Attack lvl3 hero1
t=18 ph=3 ap=0 snaps=2637 hooks=20 inst=66 rollout "Critical Strike" Attack lvl3 hero1
t=18 ph=3 ap=0 snaps=2642 hooks=20 inst=66 rollout "Critical Strike" Attack lvl3 hero1
t=18 ph=3 ap=0 snaps=2645 hooks=20 inst=66 rollout "Critical Strike" Attack lvl3 hero1
t=18 ph=3 ap=0 snaps=2648 hooks=20 inst=66 rollout "Critical Strike" Attack lvl3 hero1
t=18 ph=3 ap=0 snaps=2650 hooks=20 inst=66 rollout "Critical Strike" Attack lvl3 hero1
t=18 ph=3 ap=0 snaps=2653 hooks=20 inst=66 rollout "Critical Strike" Attack lvl3 hero1
t=18 ph=3 ap=0 snaps=2656 hooks=20 inst=66 rollout "Critical Strike" Attack lvl3 hero1
t=18 ph=3 ap=0 snaps=2660 hooks=20 inst=66 rollout "Critical Strike" Attack lvl3 hero1
t=18 ph=3 ap=0 snaps=2663 hooks=20 inst=66 rollout "Critical Strike" Attack lvl3 hero1
t=18 ph=3 ap=0 snaps=2668 hooks=20 inst=66 rollout "Critical Strike" Attack lvl3 hero1
t=18 ph=3 ap=0 snaps=2671 hooks=20 inst=66 rollout "Critical Strike" Attack lvl3 hero1
t=18 ph=3 ap=0 snaps=2674 hooks=20 inst=66 rollout "Critical Strike" Attack lvl3 hero1
t=18 ph=3 ap=0 snaps=2677 hooks=20 inst=66 rollout "Critical Strike" Attack lvl3 hero1
t=18 ph=3 ap=0 snaps=2680 hooks=20 inst=66 rollout "Critical Strike" Attack lvl3 hero1
t=18 ph=3 ap=0 snaps=2683 hooks=20 inst=66 rollout "Critical Strike" Attack lvl3 hero1
t=18 ph=3 ap=0 snaps=2688 hooks=20 inst=66 rollout "Critical Strike" Attack lvl3 hero1
t=18 ph=3 ap=0 snaps=2690 hooks=20 inst=66 rollout "Critical Strike" Attack lvl3 hero1
t=18 ph=5 ap=0 snaps=2696 hooks=33 inst=65 switchTurn ending p0
t=19 ph=2 ap=1 snaps=2696 hooks=13 inst=66 cpuTurnStart cpu=p1 hand=3
t=19 ph=5 ap=1 snaps=2740 hooks=22 inst=66 switchTurn ending p1
t=20 ph=2 ap=0 snaps=2740 hooks=15 inst=67 cpuTurnStart cpu=p0 hand=3
t=20 ph=5 ap=0 snaps=2759 hooks=24 inst=67 switchTurn ending p0
t=21 ph=2 ap=1 snaps=2759 hooks=14 inst=68 cpuTurnStart cpu=p1 hand=4
t=21 ph=5 ap=1 snaps=2799 hooks=23 inst=69 switchTurn ending p1
t=22 ph=2 ap=0 snaps=2799 hooks=15 inst=70 cpuTurnStart cpu=p0 hand=3
t=22 ph=3 ap=0 snaps=2803 hooks=17 inst=70 rollout "Hammer Throw" Attack lvl1 hero1
t=22 ph=3 ap=0 snaps=2804 hooks=17 inst=70 rollout "Hammer Throw" Attack lvl1 hero1
t=22 ph=3 ap=0 snaps=2805 hooks=17 inst=70 rollout "Hammer Throw" Attack lvl1 hero1
t=22 ph=3 ap=0 snaps=2806 hooks=17 inst=70 rollout "Hammer Throw" Attack lvl1 hero1
t=22 ph=3 ap=0 snaps=2807 hooks=17 inst=70 rollout "Hammer Throw" Attack lvl1 hero1
t=22 ph=3 ap=0 snaps=2808 hooks=17 inst=70 rollout "Hammer Throw" Attack lvl1 hero1
t=22 ph=3 ap=0 snaps=2809 hooks=17 inst=70 rollout "Hammer Throw" Attack lvl1 hero1
t=22 ph=3 ap=0 snaps=2810 hooks=17 inst=70 rollout "Hammer Throw" Attack lvl1 hero1
t=22 ph=3 ap=0 snaps=2811 hooks=17 inst=70 rollout "Hammer Throw" Attack lvl1 hero1
t=22 ph=3 ap=0 snaps=2812 hooks=17 inst=70 rollout "Hammer Throw" Attack lvl1 hero1
t=22 ph=3 ap=0 snaps=2813 hooks=17 inst=70 rollout "Hammer Throw" Attack lvl1 hero1
t=22 ph=3 ap=0 snaps=2814 hooks=17 inst=70 rollout "Hammer Throw" Attack lvl1 hero1
t=22 ph=3 ap=0 snaps=2815 hooks=17 inst=70 rollout "Hammer Throw" Attack lvl1 hero1
t=22 ph=3 ap=0 snaps=2816 hooks=17 inst=70 rollout "Hammer Throw" Attack lvl1 hero1
t=22 ph=3 ap=0 snaps=2817 hooks=17 inst=70 rollout "Hammer Throw" Attack lvl1 hero1
t=22 ph=3 ap=0 snaps=2818 hooks=17 inst=70 rollout "Hammer Throw" Attack lvl1 hero1
t=22 ph=3 ap=0 snaps=2819 hooks=17 inst=70 rollout "Hammer Throw" Attack lvl1 hero1
t=22 ph=3 ap=0 snaps=2820 hooks=17 inst=70 rollout "Hammer Throw" Attack lvl1 hero1
t=22 ph=3 ap=0 snaps=2821 hooks=17 inst=70 rollout "Hammer Throw" Attack lvl1 hero1
t=22 ph=3 ap=0 snaps=2822 hooks=17 inst=70 rollout "Hammer Throw" Attack lvl1 hero1
t=22 ph=3 ap=0 snaps=2823 hooks=17 inst=70 rollout "Hammer Throw" Attack lvl1 hero1
t=22 ph=3 ap=0 snaps=2824 hooks=17 inst=70 rollout "Hammer Throw" Attack lvl1 hero1
t=22 ph=3 ap=0 snaps=2825 hooks=17 inst=70 rollout "Hammer Throw" Attack lvl1 hero1
t=22 ph=3 ap=0 snaps=2826 hooks=17 inst=70 rollout "Hammer Throw" Attack lvl1 hero1
t=22 ph=3 ap=0 snaps=2827 hooks=17 inst=70 rollout "Hammer Throw" Attack lvl1 hero1
t=22 ph=3 ap=0 snaps=2828 hooks=17 inst=70 rollout "Hammer Throw" Attack lvl1 hero1
t=22 ph=3 ap=0 snaps=2829 hooks=17 inst=70 rollout "Hammer Throw" Attack lvl1 hero1
t=22 ph=3 ap=0 snaps=2830 hooks=17 inst=70 rollout "Hammer Throw" Attack lvl1 hero1
t=22 ph=3 ap=0 snaps=2831 hooks=17 inst=70 rollout "Hammer Throw" Attack lvl1 hero1
t=22 ph=3 ap=0 snaps=2832 hooks=17 inst=70 rollout "Hammer Throw" Attack lvl1 hero1
t=22 ph=3 ap=0 snaps=2833 hooks=17 inst=70 rollout "Hammer Throw" Attack lvl1 hero1
t=22 ph=3 ap=0 snaps=2834 hooks=17 inst=70 rollout "Hammer Throw" Attack lvl1 hero1
t=22 ph=3 ap=0 snaps=2835 hooks=17 inst=70 rollout "Hammer Throw" Attack lvl1 hero1
t=22 ph=3 ap=0 snaps=2836 hooks=17 inst=70 rollout "Hammer Throw" Attack lvl1 hero1
t=22 ph=3 ap=0 snaps=2837 hooks=17 inst=70 rollout "Hammer Throw" Attack lvl1 hero1
t=22 ph=3 ap=0 snaps=2838 hooks=17 inst=70 rollout "Hammer Throw" Attack lvl1 hero1
t=22 ph=3 ap=0 snaps=2839 hooks=17 inst=70 rollout "Hammer Throw" Attack lvl1 hero1
t=22 ph=3 ap=0 snaps=2840 hooks=17 inst=70 rollout "Hammer Throw" Attack lvl1 hero1
t=22 ph=3 ap=0 snaps=2841 hooks=17 inst=70 rollout "Hammer Throw" Attack lvl1 hero1
t=22 ph=3 ap=0 snaps=2842 hooks=17 inst=70 rollout "Hammer Throw" Attack lvl1 hero1
t=22 ph=3 ap=0 snaps=2843 hooks=17 inst=70 rollout "Hammer Throw" Attack lvl1 hero1
t=22 ph=3 ap=0 snaps=2844 hooks=17 inst=70 rollout "Hammer Throw" Attack lvl1 hero1
t=22 ph=3 ap=0 snaps=2845 hooks=17 inst=70 rollout "Hammer Throw" Attack lvl1 hero1
t=22 ph=3 ap=0 snaps=2846 hooks=17 inst=70 rollout "Hammer Throw" Attack lvl1 hero1
t=22 ph=3 ap=0 snaps=2847 hooks=17 inst=70 rollout "Hammer Throw" Attack lvl1 hero1
t=22 ph=3 ap=0 snaps=2848 hooks=17 inst=70 rollout "Hammer Throw" Attack lvl1 hero1
t=22 ph=3 ap=0 snaps=2849 hooks=17 inst=70 rollout "Hammer Throw" Attack lvl1 hero1
t=22 ph=3 ap=0 snaps=2850 hooks=17 inst=70 rollout "Hammer Throw" Attack lvl1 hero1
t=22 ph=3 ap=0 snaps=2851 hooks=17 inst=70 rollout "Hammer Throw" Attack lvl1 hero1
t=22 ph=3 ap=0 snaps=2852 hooks=17 inst=70 rollout "Hammer Throw" Attack lvl1 hero1
t=22 ph=3 ap=0 snaps=2853 hooks=17 inst=70 rollout "Hammer Throw" Attack lvl1 hero1
t=22 ph=3 ap=0 snaps=2854 hooks=17 inst=70 rollout "Hammer Throw" Attack lvl1 hero1
t=22 ph=3 ap=0 snaps=2855 hooks=17 inst=70 rollout "Hammer Throw" Attack lvl1 hero1
t=22 ph=3 ap=0 snaps=2856 hooks=17 inst=70 rollout "Hammer Throw" Attack lvl1 hero1
t=22 ph=3 ap=0 snaps=2857 hooks=17 inst=70 rollout "Hammer Throw" Attack lvl1 hero1
t=22 ph=3 ap=0 snaps=2858 hooks=17 inst=70 rollout "Hammer Throw" Attack lvl1 hero1
t=22 ph=3 ap=0 snaps=2859 hooks=17 inst=70 rollout "Hammer Throw" Attack lvl1 hero1
t=22 ph=3 ap=0 snaps=2860 hooks=17 inst=70 rollout "Hammer Throw" Attack lvl1 hero1
t=22 ph=3 ap=0 snaps=2861 hooks=17 inst=70 rollout "Hammer Throw" Attack lvl1 hero1
t=22 ph=3 ap=0 snaps=2862 hooks=17 inst=70 rollout "Hammer Throw" Attack lvl1 hero1
t=22 ph=3 ap=0 snaps=2863 hooks=17 inst=70 rollout "Hammer Throw" Attack lvl1 hero1
t=22 ph=3 ap=0 snaps=2864 hooks=17 inst=70 rollout "Hammer Throw" Attack lvl1 hero1
t=22 ph=3 ap=0 snaps=2865 hooks=17 inst=70 rollout "Hammer Throw" Attack lvl1 hero1
t=22 ph=3 ap=0 snaps=2866 hooks=17 inst=70 rollout "Hammer Throw" Attack lvl1 hero1
t=22 ph=3 ap=0 snaps=2867 hooks=17 inst=70 rollout "Hammer Throw" Attack lvl1 hero1
t=22 ph=3 ap=0 snaps=2868 hooks=17 inst=70 rollout "Hammer Throw" Attack lvl1 hero1
t=22 ph=3 ap=0 snaps=2869 hooks=17 inst=70 rollout "Hammer Throw" Attack lvl1 hero1
t=22 ph=3 ap=0 snaps=2870 hooks=17 inst=70 rollout "Hammer Throw" Attack lvl1 hero1
t=22 ph=3 ap=0 snaps=2871 hooks=17 inst=70 rollout "Hammer Throw" Attack lvl1 hero1
t=22 ph=3 ap=0 snaps=2872 hooks=17 inst=70 rollout "Hammer Throw" Attack lvl1 hero1
t=22 ph=3 ap=0 snaps=2873 hooks=17 inst=70 rollout "Hammer Throw" Attack lvl1 hero1
t=22 ph=3 ap=0 snaps=2874 hooks=17 inst=70 rollout "Hammer Throw" Attack lvl1 hero1
t=22 ph=3 ap=0 snaps=2875 hooks=17 inst=70 rollout "Hammer Throw" Attack lvl1 hero1
t=22 ph=3 ap=0 snaps=2876 hooks=17 inst=70 rollout "Hammer Throw" Attack lvl1 hero1
t=22 ph=3 ap=0 snaps=2877 hooks=17 inst=70 rollout "Hammer Throw" Attack lvl1 hero1
t=22 ph=3 ap=0 snaps=2878 hooks=17 inst=70 rollout "Hammer Throw" Attack lvl1 hero1
t=22 ph=3 ap=0 snaps=2879 hooks=17 inst=70 rollout "Hammer Throw" Attack lvl1 hero1
t=22 ph=3 ap=0 snaps=2880 hooks=17 inst=70 rollout "Hammer Throw" Attack lvl1 hero1
t=22 ph=3 ap=0 snaps=2881 hooks=17 inst=70 rollout "Hammer Throw" Attack lvl1 hero1
t=22 ph=3 ap=0 snaps=2882 hooks=17 inst=70 rollout "Hammer Throw" Attack lvl1 hero1
t=22 ph=3 ap=0 snaps=2883 hooks=17 inst=70 rollout "Hammer Throw" Attack lvl1 hero1
t=22 ph=3 ap=0 snaps=2884 hooks=17 inst=70 rollout "Hammer Throw" Attack lvl1 hero1
t=22 ph=3 ap=0 snaps=2885 hooks=17 inst=70 rollout "Hammer Throw" Attack lvl1 hero1
t=22 ph=3 ap=0 snaps=2886 hooks=17 inst=70 rollout "Hammer Throw" Attack lvl1 hero1
t=22 ph=3 ap=0 snaps=2887 hooks=17 inst=70 rollout "Hammer Throw" Attack lvl1 hero1
t=22 ph=3 ap=0 snaps=2888 hooks=17 inst=70 rollout "Hammer Throw" Attack lvl1 hero1
t=22 ph=3 ap=0 snaps=2889 hooks=17 inst=70 rollout "Hammer Throw" Attack lvl1 hero1
t=22 ph=3 ap=0 snaps=2890 hooks=17 inst=70 rollout "Hammer Throw" Attack lvl1 hero1
t=22 ph=3 ap=0 snaps=2891 hooks=17 inst=70 rollout "Hammer Throw" Attack lvl1 hero1
t=22 ph=3 ap=0 snaps=2892 hooks=17 inst=70 rollout "Hammer Throw" Attack lvl1 hero1
t=22 ph=3 ap=0 snaps=2893 hooks=17 inst=70 rollout "Hammer Throw" Attack lvl1 hero1
t=22 ph=3 ap=0 snaps=2894 hooks=17 inst=70 rollout "Hammer Throw" Attack lvl1 hero1
t=22 ph=3 ap=0 snaps=2895 hooks=17 inst=70 rollout "Hammer Throw" Attack lvl1 hero1
t=22 ph=3 ap=0 snaps=2896 hooks=17 inst=70 rollout "Hammer Throw" Attack lvl1 hero1
t=22 ph=3 ap=0 snaps=2897 hooks=17 inst=70 rollout "Hammer Throw" Attack lvl1 hero1
t=22 ph=3 ap=0 snaps=2898 hooks=17 inst=70 rollout "Hammer Throw" Attack lvl1 hero1
t=22 ph=3 ap=0 snaps=2899 hooks=17 inst=70 rollout "Hammer Throw" Attack lvl1 hero1
t=22 ph=3 ap=0 snaps=2900 hooks=17 inst=70 rollout "Hammer Throw" Attack lvl1 hero1
t=22 ph=3 ap=0 snaps=2901 hooks=17 inst=70 rollout "Hammer Throw" Attack lvl1 hero1
t=22 ph=3 ap=0 snaps=2902 hooks=17 inst=70 rollout "Hammer Throw" Attack lvl1 hero1
t=22 ph=3 ap=0 snaps=2903 hooks=17 inst=70 rollout "Hammer Throw" Attack lvl1 hero1
t=22 ph=3 ap=0 snaps=2904 hooks=17 inst=70 rollout "Hammer Throw" Attack lvl1 hero1
t=22 ph=3 ap=0 snaps=2905 hooks=17 inst=70 rollout "Hammer Throw" Attack lvl1 hero1
t=22 ph=3 ap=0 snaps=2906 hooks=17 inst=70 rollout "Hammer Throw" Attack lvl1 hero1
t=22 ph=3 ap=0 snaps=2907 hooks=17 inst=70 rollout "Hammer Throw" Attack lvl1 hero1
t=22 ph=3 ap=0 snaps=2908 hooks=17 inst=70 rollout "Hammer Throw" Attack lvl1 hero1
t=22 ph=3 ap=0 snaps=2909 hooks=17 inst=70 rollout "Hammer Throw" Attack lvl1 hero1
t=22 ph=3 ap=0 snaps=2910 hooks=17 inst=70 rollout "Hammer Throw" Attack lvl1 hero1
t=22 ph=3 ap=0 snaps=2911 hooks=17 inst=70 rollout "Hammer Throw" Attack lvl1 hero1
t=22 ph=3 ap=0 snaps=2912 hooks=17 inst=70 rollout "Hammer Throw" Attack lvl1 hero1
t=22 ph=3 ap=0 snaps=2913 hooks=17 inst=70 rollout "Hammer Throw" Attack lvl1 hero1
t=22 ph=3 ap=0 snaps=2914 hooks=17 inst=70 rollout "Hammer Throw" Attack lvl1 hero1
t=22 ph=3 ap=0 snaps=2915 hooks=17 inst=70 rollout "Hammer Throw" Attack lvl1 hero1
t=22 ph=3 ap=0 snaps=2916 hooks=17 inst=70 rollout "Hammer Throw" Attack lvl1 hero1
t=22 ph=3 ap=0 snaps=2917 hooks=17 inst=70 rollout "Hammer Throw" Attack lvl1 hero1
t=22 ph=3 ap=0 snaps=2918 hooks=17 inst=70 rollout "Hammer Throw" Attack lvl1 hero1
t=22 ph=3 ap=0 snaps=2919 hooks=17 inst=70 rollout "Hammer Throw" Attack lvl1 hero1
t=22 ph=3 ap=0 snaps=2920 hooks=17 inst=70 rollout "Hammer Throw" Attack lvl1 hero1
t=22 ph=3 ap=0 snaps=2921 hooks=17 inst=70 rollout "Hammer Throw" Attack lvl1 hero1
t=22 ph=3 ap=0 snaps=2922 hooks=17 inst=70 rollout "Hammer Throw" Attack lvl1 hero1
t=22 ph=3 ap=0 snaps=2923 hooks=17 inst=70 rollout "Hammer Throw" Attack lvl1 hero1
t=22 ph=3 ap=0 snaps=2924 hooks=17 inst=70 rollout "Hammer Throw" Attack lvl1 hero1
t=22 ph=3 ap=0 snaps=2925 hooks=17 inst=70 rollout "Hammer Throw" Attack lvl1 hero1
t=22 ph=3 ap=0 snaps=2926 hooks=17 inst=70 rollout "Hammer Throw" Attack lvl1 hero1
t=22 ph=3 ap=0 snaps=2927 hooks=17 inst=70 rollout "Hammer Throw" Attack lvl1 hero1
t=22 ph=3 ap=0 snaps=2928 hooks=17 inst=70 rollout "Hammer Throw" Attack lvl1 hero1
t=22 ph=3 ap=0 snaps=2929 hooks=17 inst=70 rollout "Hammer Throw" Attack lvl1 hero1
t=22 ph=3 ap=0 snaps=2930 hooks=17 inst=70 rollout "Hammer Throw" Attack lvl1 hero1
t=22 ph=3 ap=0 snaps=2931 hooks=17 inst=70 rollout "Hammer Throw" Attack lvl1 hero1
t=22 ph=3 ap=0 snaps=2932 hooks=17 inst=70 rollout "Hammer Throw" Attack lvl1 hero1
t=22 ph=3 ap=0 snaps=2933 hooks=17 inst=70 rollout "Hammer Throw" Attack lvl1 hero1
t=22 ph=3 ap=0 snaps=2934 hooks=17 inst=70 rollout "Hammer Throw" Attack lvl1 hero1
t=22 ph=3 ap=0 snaps=2935 hooks=17 inst=70 rollout "Hammer Throw" Attack lvl1 hero1
t=22 ph=3 ap=0 snaps=2936 hooks=17 inst=70 rollout "Hammer Throw" Attack lvl1 hero1
t=22 ph=3 ap=0 snaps=2937 hooks=17 inst=70 rollout "Hammer Throw" Attack lvl1 hero1
t=22 ph=3 ap=0 snaps=2938 hooks=17 inst=70 rollout "Hammer Throw" Attack lvl1 hero1
t=22 ph=3 ap=0 snaps=2939 hooks=17 inst=70 rollout "Hammer Throw" Attack lvl1 hero1
t=22 ph=3 ap=0 snaps=2940 hooks=17 inst=70 rollout "Hammer Throw" Attack lvl1 hero1
t=22 ph=3 ap=0 snaps=2941 hooks=17 inst=70 rollout "Hammer Throw" Attack lvl1 hero1
t=22 ph=3 ap=0 snaps=2942 hooks=17 inst=70 rollout "Hammer Throw" Attack lvl1 hero1

=== GAME 8/1000: Steam Dwarf Mines vs Man's Best Friends @ 2026-05-01T09:35:22.691Z ===
t=1 ph=2 ap=0 snaps=0 hooks=10 inst=29 cpuTurnStart cpu=p0 hand=6
t=1 ph=3 ap=0 snaps=21 hooks=45 inst=38 rollout "Steam Dwarf Brewer" Creature lvl1 hero2
t=1 ph=3 ap=0 snaps=43 hooks=45 inst=38 rollout "Steam Dwarf Brewer" Creature lvl1 hero2
t=1 ph=3 ap=0 snaps=80 hooks=45 inst=38 rollout "Steam Dwarf Brewer" Creature lvl1 hero2
t=1 ph=3 ap=0 snaps=109 hooks=45 inst=38 rollout "Steam Dwarf Dragon Pilot" Creature lvl1 hero2
t=1 ph=3 ap=0 snaps=110 hooks=45 inst=38 rollout "Steam Dwarf Dragon Pilot" Creature lvl1 hero2
t=1 ph=3 ap=0 snaps=111 hooks=45 inst=38 rollout "Steam Dwarf Dragon Pilot" Creature lvl1 hero2
t=1 ph=3 ap=0 snaps=112 hooks=45 inst=38 rollout "Steam Dwarf Brewer" Creature lvl1 hero2
t=1 ph=3 ap=0 snaps=137 hooks=45 inst=38 rollout "Steam Dwarf Brewer" Creature lvl1 hero2
t=1 ph=3 ap=0 snaps=161 hooks=45 inst=38 rollout "Steam Dwarf Brewer" Creature lvl1 hero2
t=1 ph=3 ap=0 snaps=180 hooks=45 inst=38 rollout "Steam Dwarf Brewer" Creature lvl1 hero2
t=1 ph=3 ap=0 snaps=195 hooks=45 inst=38 rollout "Steam Dwarf Brewer" Creature lvl1 hero2
t=1 ph=3 ap=0 snaps=223 hooks=45 inst=38 rollout "Steam Dwarf Brewer" Creature lvl1 hero2
t=1 ph=3 ap=0 snaps=232 hooks=45 inst=38 rollout "Steam Dwarf Brewer" Creature lvl1 hero2
t=1 ph=3 ap=0 snaps=261 hooks=45 inst=38 rollout "Steam Dwarf Brewer" Creature lvl1 hero2
t=1 ph=3 ap=0 snaps=284 hooks=45 inst=38 rollout "Steam Dwarf Brewer" Creature lvl1 hero2
t=1 ph=3 ap=0 snaps=299 hooks=45 inst=38 rollout "Steam Dwarf Brewer" Creature lvl1 hero2
t=1 ph=3 ap=0 snaps=314 hooks=45 inst=38 rollout "Steam Dwarf Brewer" Creature lvl1 hero2
t=1 ph=3 ap=0 snaps=338 hooks=45 inst=38 rollout "Steam Dwarf Brewer" Creature lvl1 hero2
t=1 ph=3 ap=0 snaps=364 hooks=45 inst=38 rollout "Steam Dwarf Brewer" Creature lvl1 hero2
t=1 ph=3 ap=0 snaps=388 hooks=45 inst=38 rollout "Steam Dwarf Brewer" Creature lvl1 hero2
t=1 ph=3 ap=0 snaps=406 hooks=45 inst=38 rollout "Steam Dwarf Brewer" Creature lvl1 hero2
t=1 ph=3 ap=0 snaps=428 hooks=45 inst=38 rollout "Steam Dwarf Brewer" Creature lvl1 hero2
t=1 ph=3 ap=0 snaps=460 hooks=45 inst=38 rollout "Steam Dwarf Brewer" Creature lvl1 hero2
t=1 ph=3 ap=0 snaps=470 hooks=45 inst=38 rollout "Steam Dwarf Brewer" Creature lvl1 hero2
t=1 ph=3 ap=0 snaps=489 hooks=45 inst=38 rollout "Steam Dwarf Brewer" Creature lvl1 hero2
t=1 ph=3 ap=0 snaps=519 hooks=45 inst=38 rollout "Steam Dwarf Brewer" Creature lvl1 hero2
t=1 ph=3 ap=0 snaps=544 hooks=45 inst=38 rollout "Steam Dwarf Brewer" Creature lvl1 hero2
t=1 ph=3 ap=0 snaps=564 hooks=45 inst=38 rollout "Steam Dwarf Brewer" Creature lvl1 hero2
t=1 ph=3 ap=0 snaps=583 hooks=45 inst=38 rollout "Steam Dwarf Brewer" Creature lvl1 hero2
t=1 ph=3 ap=0 snaps=608 hooks=45 inst=38 rollout "Steam Dwarf Brewer" Creature lvl1 hero2
t=1 ph=3 ap=0 snaps=623 hooks=45 inst=38 rollout "Steam Dwarf Brewer" Creature lvl1 hero2
t=1 ph=3 ap=0 snaps=650 hooks=45 inst=38 rollout "Steam Dwarf Brewer" Creature lvl1 hero2
t=1 ph=3 ap=0 snaps=658 hooks=45 inst=38 rollout "Steam Dwarf Brewer" Creature lvl1 hero2
t=1 ph=3 ap=0 snaps=688 hooks=45 inst=38 rollout "Steam Dwarf Brewer" Creature lvl1 hero2
t=1 ph=3 ap=0 snaps=714 hooks=45 inst=38 rollout "Steam Dwarf Brewer" Creature lvl1 hero2
t=1 ph=3 ap=0 snaps=741 hooks=45 inst=38 rollout "Steam Dwarf Brewer" Creature lvl1 hero2
t=1 ph=3 ap=0 snaps=770 hooks=45 inst=38 rollout "Steam Dwarf Brewer" Creature lvl1 hero2
t=1 ph=3 ap=0 snaps=792 hooks=45 inst=38 rollout "Steam Dwarf Brewer" Creature lvl1 hero2
t=1 ph=3 ap=0 snaps=832 hooks=45 inst=38 rollout "Steam Dwarf Brewer" Creature lvl1 hero2
t=1 ph=3 ap=0 snaps=847 hooks=45 inst=38 rollout "Steam Dwarf Brewer" Creature lvl1 hero2
t=1 ph=3 ap=0 snaps=879 hooks=45 inst=38 rollout "Steam Dwarf Brewer" Creature lvl1 hero2
t=1 ph=3 ap=0 snaps=909 hooks=45 inst=38 rollout "Steam Dwarf Brewer" Creature lvl1 hero2
t=1 ph=3 ap=0 snaps=919 hooks=45 inst=38 rollout "Steam Dwarf Brewer" Creature lvl1 hero2
t=1 ph=3 ap=0 snaps=936 hooks=45 inst=38 rollout "Steam Dwarf Brewer" Creature lvl1 hero2
t=1 ph=3 ap=0 snaps=946 hooks=45 inst=38 rollout "Steam Dwarf Brewer" Creature lvl1 hero2
t=1 ph=3 ap=0 snaps=963 hooks=45 inst=38 rollout "Steam Dwarf Brewer" Creature lvl1 hero2
t=1 ph=3 ap=0 snaps=996 hooks=45 inst=38 rollout "Steam Dwarf Brewer" Creature lvl1 hero2
t=1 ph=3 ap=0 snaps=1010 hooks=45 inst=38 rollout "Steam Dwarf Brewer" Creature lvl1 hero2
t=1 ph=3 ap=0 snaps=1027 hooks=45 inst=38 rollout "Steam Dwarf Brewer" Creature lvl1 hero2
t=1 ph=3 ap=0 snaps=1052 hooks=45 inst=38 rollout "Steam Dwarf Dragon Pilot" Creature lvl1 hero2
t=1 ph=3 ap=0 snaps=1053 hooks=45 inst=38 rollout "Steam Dwarf Dragon Pilot" Creature lvl1 hero2
t=1 ph=3 ap=0 snaps=1054 hooks=45 inst=38 rollout "Steam Dwarf Dragon Pilot" Creature lvl1 hero2
t=1 ph=3 ap=0 snaps=1055 hooks=45 inst=38 rollout "Steam Dwarf Dragon Pilot" Creature lvl1 hero2
t=1 ph=3 ap=0 snaps=1056 hooks=45 inst=38 rollout "Steam Dwarf Dragon Pilot" Creature lvl1 hero2
t=1 ph=3 ap=0 snaps=1057 hooks=45 inst=38 rollout "Steam Dwarf Dragon Pilot" Creature lvl1 hero2
t=1 ph=3 ap=0 snaps=1058 hooks=45 inst=38 rollout "Steam Dwarf Dragon Pilot" Creature lvl1 hero2
t=1 ph=3 ap=0 snaps=1059 hooks=45 inst=38 rollout "Steam Dwarf Dragon Pilot" Creature lvl1 hero2
t=1 ph=3 ap=0 snaps=1060 hooks=45 inst=38 rollout "Steam Dwarf Dragon Pilot" Creature lvl1 hero2
t=1 ph=3 ap=0 snaps=1061 hooks=45 inst=38 rollout "Steam Dwarf Dragon Pilot" Creature lvl1 hero2
t=1 ph=3 ap=0 snaps=1062 hooks=45 inst=38 rollout "Steam Dwarf Dragon Pilot" Creature lvl1 hero2
t=1 ph=3 ap=0 snaps=1063 hooks=45 inst=38 rollout "Steam Dwarf Dragon Pilot" Creature lvl1 hero2
t=1 ph=3 ap=0 snaps=1064 hooks=45 inst=38 rollout "Steam Dwarf Dragon Pilot" Creature lvl1 hero2
t=1 ph=3 ap=0 snaps=1065 hooks=45 inst=38 rollout "Steam Dwarf Dragon Pilot" Creature lvl1 hero2
t=1 ph=3 ap=0 snaps=1066 hooks=45 inst=38 rollout "Steam Dwarf Dragon Pilot" Creature lvl1 hero2
t=1 ph=3 ap=0 snaps=1067 hooks=45 inst=38 rollout "Steam Dwarf Dragon Pilot" Creature lvl1 hero2
t=1 ph=3 ap=0 snaps=1068 hooks=45 inst=38 rollout "Steam Dwarf Dragon Pilot" Creature lvl1 hero2
t=1 ph=3 ap=0 snaps=1069 hooks=45 inst=38 rollout "Steam Dwarf Dragon Pilot" Creature lvl1 hero2
t=1 ph=3 ap=0 snaps=1070 hooks=45 inst=38 rollout "Steam Dwarf Dragon Pilot" Creature lvl1 hero2
t=1 ph=3 ap=0 snaps=1071 hooks=45 inst=38 rollout "Steam Dwarf Dragon Pilot" Creature lvl1 hero2
t=1 ph=3 ap=0 snaps=1072 hooks=45 inst=38 rollout "Steam Dwarf Dragon Pilot" Creature lvl1 hero2
t=1 ph=3 ap=0 snaps=1073 hooks=45 inst=38 rollout "Steam Dwarf Dragon Pilot" Creature lvl1 hero2
t=1 ph=3 ap=0 snaps=1074 hooks=45 inst=38 rollout "Steam Dwarf Dragon Pilot" Creature lvl1 hero2
t=1 ph=3 ap=0 snaps=1075 hooks=45 inst=38 rollout "Steam Dwarf Dragon Pilot" Creature lvl1 hero2
t=1 ph=3 ap=0 snaps=1076 hooks=45 inst=38 rollout "Steam Dwarf Dragon Pilot" Creature lvl1 hero2
t=1 ph=3 ap=0 snaps=1077 hooks=45 inst=38 rollout "Steam Dwarf Dragon Pilot" Creature lvl1 hero2
t=1 ph=3 ap=0 snaps=1078 hooks=45 inst=38 rollout "Steam Dwarf Dragon Pilot" Creature lvl1 hero2
t=1 ph=3 ap=0 snaps=1079 hooks=45 inst=38 rollout "Steam Dwarf Dragon Pilot" Creature lvl1 hero2
t=1 ph=3 ap=0 snaps=1080 hooks=45 inst=38 rollout "Steam Dwarf Dragon Pilot" Creature lvl1 hero2
t=1 ph=3 ap=0 snaps=1081 hooks=45 inst=38 rollout "Steam Dwarf Dragon Pilot" Creature lvl1 hero2
t=1 ph=3 ap=0 snaps=1082 hooks=45 inst=38 rollout "Steam Dwarf Dragon Pilot" Creature lvl1 hero2
t=1 ph=3 ap=0 snaps=1083 hooks=45 inst=38 rollout "Steam Dwarf Dragon Pilot" Creature lvl1 hero2
t=1 ph=3 ap=0 snaps=1084 hooks=45 inst=38 rollout "Steam Dwarf Dragon Pilot" Creature lvl1 hero2
t=1 ph=3 ap=0 snaps=1085 hooks=45 inst=38 rollout "Steam Dwarf Dragon Pilot" Creature lvl1 hero2
t=1 ph=3 ap=0 snaps=1086 hooks=45 inst=38 rollout "Steam Dwarf Dragon Pilot" Creature lvl1 hero2
t=1 ph=3 ap=0 snaps=1087 hooks=45 inst=38 rollout "Steam Dwarf Dragon Pilot" Creature lvl1 hero2
t=1 ph=3 ap=0 snaps=1088 hooks=45 inst=38 rollout "Steam Dwarf Dragon Pilot" Creature lvl1 hero2
t=1 ph=3 ap=0 snaps=1089 hooks=45 inst=38 rollout "Steam Dwarf Dragon Pilot" Creature lvl1 hero2
t=1 ph=3 ap=0 snaps=1090 hooks=45 inst=38 rollout "Steam Dwarf Dragon Pilot" Creature lvl1 hero2
t=1 ph=3 ap=0 snaps=1091 hooks=45 inst=38 rollout "Steam Dwarf Dragon Pilot" Creature lvl1 hero2
t=1 ph=3 ap=0 snaps=1092 hooks=45 inst=38 rollout "Steam Dwarf Dragon Pilot" Creature lvl1 hero2
t=1 ph=3 ap=0 snaps=1093 hooks=45 inst=38 rollout "Steam Dwarf Dragon Pilot" Creature lvl1 hero2
t=1 ph=3 ap=0 snaps=1094 hooks=45 inst=38 rollout "Steam Dwarf Dragon Pilot" Creature lvl1 hero2
t=1 ph=3 ap=0 snaps=1095 hooks=45 inst=38 rollout "Steam Dwarf Dragon Pilot" Creature lvl1 hero2
t=1 ph=3 ap=0 snaps=1096 hooks=45 inst=38 rollout "Steam Dwarf Dragon Pilot" Creature lvl1 hero2
t=1 ph=3 ap=0 snaps=1097 hooks=45 inst=38 rollout "Steam Dwarf Dragon Pilot" Creature lvl1 hero2
t=1 ph=3 ap=0 snaps=1098 hooks=45 inst=38 rollout "Steam Dwarf Dragon Pilot" Creature lvl1 hero2
t=1 ph=3 ap=0 snaps=1099 hooks=45 inst=38 rollout "Steam Dwarf Dragon Pilot" Creature lvl1 hero2
t=1 ph=3 ap=0 snaps=1100 hooks=45 inst=38 rollout "Steam Dwarf Dragon Pilot" Creature lvl1 hero2
t=1 ph=3 ap=0 snaps=1101 hooks=45 inst=38 rollout "Steam Dwarf Dragon Pilot" Creature lvl1 hero2
t=1 ph=3 ap=0 snaps=1102 hooks=45 inst=38 rollout "Steam Dwarf Dragon Pilot" Creature lvl1 hero2
t=1 ph=3 ap=0 snaps=1103 hooks=45 inst=38 rollout "Steam Dwarf Dragon Pilot" Creature lvl1 hero2
t=1 ph=3 ap=0 snaps=1104 hooks=45 inst=38 rollout "Steam Dwarf Dragon Pilot" Creature lvl1 hero2
t=1 ph=3 ap=0 snaps=1105 hooks=45 inst=38 rollout "Steam Dwarf Dragon Pilot" Creature lvl1 hero2
t=1 ph=3 ap=0 snaps=1106 hooks=45 inst=38 rollout "Steam Dwarf Dragon Pilot" Creature lvl1 hero2
t=1 ph=3 ap=0 snaps=1107 hooks=45 inst=38 rollout "Steam Dwarf Dragon Pilot" Creature lvl1 hero2
t=1 ph=3 ap=0 snaps=1108 hooks=45 inst=38 rollout "Steam Dwarf Dragon Pilot" Creature lvl1 hero2
t=1 ph=3 ap=0 snaps=1109 hooks=45 inst=38 rollout "Steam Dwarf Dragon Pilot" Creature lvl1 hero2
t=1 ph=3 ap=0 snaps=1110 hooks=45 inst=38 rollout "Steam Dwarf Dragon Pilot" Creature lvl1 hero2
t=1 ph=3 ap=0 snaps=1111 hooks=45 inst=38 rollout "Steam Dwarf Dragon Pilot" Creature lvl1 hero2
t=1 ph=3 ap=0 snaps=1112 hooks=45 inst=38 rollout "Steam Dwarf Dragon Pilot" Creature lvl1 hero2
t=1 ph=3 ap=0 snaps=1113 hooks=45 inst=38 rollout "Steam Dwarf Dragon Pilot" Creature lvl1 hero2
t=1 ph=3 ap=0 snaps=1114 hooks=45 inst=38 rollout "Steam Dwarf Dragon Pilot" Creature lvl1 hero2
t=1 ph=3 ap=0 snaps=1115 hooks=45 inst=38 rollout "Steam Dwarf Dragon Pilot" Creature lvl1 hero2
t=1 ph=3 ap=0 snaps=1116 hooks=45 inst=38 rollout "Steam Dwarf Dragon Pilot" Creature lvl1 hero2
t=1 ph=3 ap=0 snaps=1117 hooks=45 inst=38 rollout "Steam Dwarf Dragon Pilot" Creature lvl1 hero2
t=1 ph=3 ap=0 snaps=1118 hooks=45 inst=38 rollout "Steam Dwarf Dragon Pilot" Creature lvl1 hero2
t=1 ph=3 ap=0 snaps=1119 hooks=45 inst=38 rollout "Steam Dwarf Dragon Pilot" Creature lvl1 hero2
t=1 ph=3 ap=0 snaps=1120 hooks=45 inst=38 rollout "Steam Dwarf Dragon Pilot" Creature lvl1 hero2
t=1 ph=3 ap=0 snaps=1121 hooks=45 inst=38 rollout "Steam Dwarf Dragon Pilot" Creature lvl1 hero2
t=1 ph=3 ap=0 snaps=1122 hooks=45 inst=38 rollout "Steam Dwarf Dragon Pilot" Creature lvl1 hero2
t=1 ph=3 ap=0 snaps=1123 hooks=45 inst=38 rollout "Steam Dwarf Dragon Pilot" Creature lvl1 hero2
t=1 ph=3 ap=0 snaps=1124 hooks=45 inst=38 rollout "Steam Dwarf Dragon Pilot" Creature lvl1 hero2
t=1 ph=3 ap=0 snaps=1125 hooks=45 inst=38 rollout "Steam Dwarf Dragon Pilot" Creature lvl1 hero2
t=1 ph=3 ap=0 snaps=1126 hooks=45 inst=38 rollout "Steam Dwarf Dragon Pilot" Creature lvl1 hero2
t=1 ph=3 ap=0 snaps=1127 hooks=45 inst=38 rollout "Steam Dwarf Dragon Pilot" Creature lvl1 hero2
t=1 ph=3 ap=0 snaps=1128 hooks=45 inst=38 rollout "Steam Dwarf Dragon Pilot" Creature lvl1 hero2
t=1 ph=3 ap=0 snaps=1129 hooks=45 inst=38 rollout "Steam Dwarf Dragon Pilot" Creature lvl1 hero2
t=1 ph=3 ap=0 snaps=1130 hooks=45 inst=38 rollout "Steam Dwarf Dragon Pilot" Creature lvl1 hero2
t=1 ph=3 ap=0 snaps=1131 hooks=45 inst=38 rollout "Steam Dwarf Dragon Pilot" Creature lvl1 hero2
t=1 ph=3 ap=0 snaps=1132 hooks=45 inst=38 rollout "Steam Dwarf Dragon Pilot" Creature lvl1 hero2
t=1 ph=3 ap=0 snaps=1133 hooks=45 inst=38 rollout "Steam Dwarf Dragon Pilot" Creature lvl1 hero2
t=1 ph=3 ap=0 snaps=1134 hooks=45 inst=38 rollout "Steam Dwarf Dragon Pilot" Creature lvl1 hero2
t=1 ph=3 ap=0 snaps=1135 hooks=45 inst=38 rollout "Steam Dwarf Dragon Pilot" Creature lvl1 hero2
t=1 ph=3 ap=0 snaps=1136 hooks=45 inst=38 rollout "Steam Dwarf Dragon Pilot" Creature lvl1 hero2
t=1 ph=3 ap=0 snaps=1137 hooks=45 inst=38 rollout "Steam Dwarf Dragon Pilot" Creature lvl1 hero2
t=1 ph=3 ap=0 snaps=1138 hooks=45 inst=38 rollout "Steam Dwarf Dragon Pilot" Creature lvl1 hero2
t=1 ph=3 ap=0 snaps=1139 hooks=45 inst=38 rollout "Steam Dwarf Dragon Pilot" Creature lvl1 hero2
t=1 ph=3 ap=0 snaps=1140 hooks=45 inst=38 rollout "Steam Dwarf Dragon Pilot" Creature lvl1 hero2
t=1 ph=3 ap=0 snaps=1141 hooks=45 inst=38 rollout "Steam Dwarf Dragon Pilot" Creature lvl1 hero2
t=1 ph=3 ap=0 snaps=1142 hooks=45 inst=38 rollout "Steam Dwarf Dragon Pilot" Creature lvl1 hero2
t=1 ph=3 ap=0 snaps=1143 hooks=45 inst=38 summon "Steam Dwarf Brewer" p0/h2
t=1 ph=5 ap=0 snaps=1145 hooks=54 inst=39 switchTurn ending p0
t=2 ph=2 ap=1 snaps=1145 hooks=13 inst=40 cpuTurnStart cpu=p1 hand=6
t=2 ph=5 ap=1 snaps=1149 hooks=28 inst=41 switchTurn ending p1
t=3 ph=2 ap=0 snaps=1149 hooks=10 inst=42 cpuTurnStart cpu=p0 hand=7
t=3 ph=2 ap=0 snaps=1158 hooks=17 inst=45 summon "Ska Harpyformer" p0/h1
t=3 ph=3 ap=0 snaps=1189 hooks=26 inst=46 rollout "Steam Dwarf Miner" Creature lvl1 hero0
t=3 ph=3 ap=0 snaps=1206 hooks=26 inst=46 rollout "Steam Dwarf Miner" Creature lvl1 hero0
t=3 ph=3 ap=0 snaps=1223 hooks=26 inst=46 rollout "Steam Dwarf Miner" Creature lvl1 hero0
t=3 ph=3 ap=0 snaps=1237 hooks=26 inst=46 rollout "Steam Dwarf Engineer" Creature lvl1 hero0
t=3 ph=3 ap=0 snaps=1258 hooks=26 inst=46 rollout "Steam Dwarf Engineer" Creature lvl1 hero0
t=3 ph=3 ap=0 snaps=1286 hooks=26 inst=46 rollout "Steam Dwarf Engineer" Creature lvl1 hero0
t=3 ph=3 ap=0 snaps=1304 hooks=26 inst=46 rollout "Steam Dwarf Diver" Creature lvl1 hero0
t=3 ph=3 ap=0 snaps=1326 hooks=26 inst=46 rollout "Steam Dwarf Diver" Creature lvl1 hero0
t=3 ph=3 ap=0 snaps=1344 hooks=26 inst=46 rollout "Steam Dwarf Diver" Creature lvl1 hero0
t=3 ph=3 ap=0 snaps=1360 hooks=26 inst=46 rollout "Steam Dwarf Miner" Creature lvl1 hero0
t=3 ph=3 ap=0 snaps=1385 hooks=26 inst=46 rollout "Steam Dwarf Miner" Creature lvl1 hero0
t=3 ph=3 ap=0 snaps=1410 hooks=26 inst=46 rollout "Steam Dwarf Miner" Creature lvl1 hero0
t=3 ph=3 ap=0 snaps=1432 hooks=26 inst=46 rollout "Steam Dwarf Miner" Creature lvl1 hero0
t=3 ph=3 ap=0 snaps=1466 hooks=26 inst=46 rollout "Steam Dwarf Miner" Creature lvl1 hero0
t=3 ph=3 ap=0 snaps=1473 hooks=26 inst=46 rollout "Steam Dwarf Miner" Creature lvl1 hero0
t=3 ph=3 ap=0 snaps=1509 hooks=26 inst=46 rollout "Steam Dwarf Miner" Creature lvl1 hero0
t=3 ph=3 ap=0 snaps=1536 hooks=26 inst=46 rollout "Steam Dwarf Miner" Creature lvl1 hero0
t=3 ph=3 ap=0 snaps=1548 hooks=26 inst=46 rollout "Steam Dwarf Miner" Creature lvl1 hero0
t=3 ph=3 ap=0 snaps=1570 hooks=26 inst=46 rollout "Steam Dwarf Miner" Creature lvl1 hero0
t=3 ph=3 ap=0 snaps=1592 hooks=26 inst=46 rollout "Steam Dwarf Miner" Creature lvl1 hero0
t=3 ph=3 ap=0 snaps=1610 hooks=26 inst=46 rollout "Steam Dwarf Miner" Creature lvl1 hero0
t=3 ph=3 ap=0 snaps=1633 hooks=26 inst=46 rollout "Steam Dwarf Miner" Creature lvl1 hero0
t=3 ph=3 ap=0 snaps=1676 hooks=26 inst=46 rollout "Steam Dwarf Miner" Creature lvl1 hero0
t=3 ph=3 ap=0 snaps=1695 hooks=26 inst=46 rollout "Steam Dwarf Miner" Creature lvl1 hero0
t=3 ph=3 ap=0 snaps=1717 hooks=26 inst=46 rollout "Steam Dwarf Miner" Creature lvl1 hero0
t=3 ph=3 ap=0 snaps=1736 hooks=26 inst=46 rollout "Steam Dwarf Miner" Creature lvl1 hero0
t=3 ph=3 ap=0 snaps=1756 hooks=26 inst=46 rollout "Steam Dwarf Miner" Creature lvl1 hero0
t=3 ph=3 ap=0 snaps=1769 hooks=26 inst=46 rollout "Steam Dwarf Miner" Creature lvl1 hero0
t=3 ph=3 ap=0 snaps=1789 hooks=26 inst=46 rollout "Steam Dwarf Miner" Creature lvl1 hero0
t=3 ph=3 ap=0 snaps=1817 hooks=26 inst=46 rollout "Steam Dwarf Miner" Creature lvl1 hero0
t=3 ph=3 ap=0 snaps=1840 hooks=26 inst=46 rollout "Steam Dwarf Miner" Creature lvl1 hero0
t=3 ph=3 ap=0 snaps=1865 hooks=26 inst=46 rollout "Steam Dwarf Miner" Creature lvl1 hero0
t=3 ph=3 ap=0 snaps=1892 hooks=26 inst=46 rollout "Steam Dwarf Miner" Creature lvl1 hero0
t=3 ph=3 ap=0 snaps=1916 hooks=26 inst=46 rollout "Steam Dwarf Miner" Creature lvl1 hero0
t=3 ph=3 ap=0 snaps=1934 hooks=26 inst=46 rollout "Steam Dwarf Miner" Creature lvl1 hero0
t=3 ph=3 ap=0 snaps=1951 hooks=26 inst=46 rollout "Steam Dwarf Miner" Creature lvl1 hero0
t=3 ph=3 ap=0 snaps=1978 hooks=26 inst=46 rollout "Steam Dwarf Miner" Creature lvl1 hero0
t=3 ph=3 ap=0 snaps=1990 hooks=26 inst=46 rollout "Steam Dwarf Miner" Creature lvl1 hero0
t=3 ph=3 ap=0 snaps=2007 hooks=26 inst=46 rollout "Steam Dwarf Miner" Creature lvl1 hero0
t=3 ph=3 ap=0 snaps=2027 hooks=26 inst=46 rollout "Steam Dwarf Miner" Creature lvl1 hero0
t=3 ph=3 ap=0 snaps=2042 hooks=26 inst=46 rollout "Steam Dwarf Miner" Creature lvl1 hero0
t=3 ph=3 ap=0 snaps=2055 hooks=26 inst=46 rollout "Steam Dwarf Miner" Creature lvl1 hero0
t=3 ph=3 ap=0 snaps=2084 hooks=26 inst=46 rollout "Steam Dwarf Engineer" Creature lvl1 hero0
t=3 ph=3 ap=0 snaps=2097 hooks=26 inst=46 rollout "Steam Dwarf Engineer" Creature lvl1 hero0
t=3 ph=3 ap=0 snaps=2117 hooks=26 inst=46 rollout "Steam Dwarf Engineer" Creature lvl1 hero0
t=3 ph=3 ap=0 snaps=2140 hooks=26 inst=46 rollout "Steam Dwarf Engineer" Creature lvl1 hero0
t=3 ph=3 ap=0 snaps=2163 hooks=26 inst=46 rollout "Steam Dwarf Engineer" Creature lvl1 hero0
t=3 ph=3 ap=0 snaps=2194 hooks=26 inst=46 rollout "Steam Dwarf Engineer" Creature lvl1 hero0
t=3 ph=3 ap=0 snaps=2212 hooks=26 inst=46 rollout "Steam Dwarf Engineer" Creature lvl1 hero0
t=3 ph=3 ap=0 snaps=2234 hooks=26 inst=46 rollout "Steam Dwarf Engineer" Creature lvl1 hero0
t=3 ph=3 ap=0 snaps=2250 hooks=26 inst=46 rollout "Steam Dwarf Engineer" Creature lvl1 hero0
t=3 ph=3 ap=0 snaps=2270 hooks=26 inst=46 rollout "Steam Dwarf Engineer" Creature lvl1 hero0
t=3 ph=3 ap=0 snaps=2289 hooks=26 inst=46 rollout "Steam Dwarf Engineer" Creature lvl1 hero0
t=3 ph=3 ap=0 snaps=2310 hooks=26 inst=46 rollout "Steam Dwarf Engineer" Creature lvl1 hero0
t=3 ph=3 ap=0 snaps=2326 hooks=26 inst=46 rollout "Steam Dwarf Engineer" Creature lvl1 hero0
t=3 ph=3 ap=0 snaps=2350 hooks=26 inst=46 rollout "Steam Dwarf Engineer" Creature lvl1 hero0
t=3 ph=3 ap=0 snaps=2364 hooks=26 inst=46 rollout "Steam Dwarf Engineer" Creature lvl1 hero0
t=3 ph=3 ap=0 snaps=2382 hooks=26 inst=46 rollout "Steam Dwarf Engineer" Creature lvl1 hero0
t=3 ph=3 ap=0 snaps=2409 hooks=26 inst=46 rollout "Steam Dwarf Engineer" Creature lvl1 hero0
t=3 ph=3 ap=0 snaps=2427 hooks=26 inst=46 rollout "Steam Dwarf Engineer" Creature lvl1 hero0
t=3 ph=3 ap=0 snaps=2440 hooks=26 inst=46 rollout "Steam Dwarf Engineer" Creature lvl1 hero0
t=3 ph=3 ap=0 snaps=2459 hooks=26 inst=46 rollout "Steam Dwarf Engineer" Creature lvl1 hero0
t=3 ph=3 ap=0 snaps=2471 hooks=26 inst=46 rollout "Steam Dwarf Engineer" Creature lvl1 hero0
t=3 ph=3 ap=0 snaps=2491 hooks=26 inst=46 rollout "Steam Dwarf Engineer" Creature lvl1 hero0
t=3 ph=3 ap=0 snaps=2501 hooks=26 inst=46 rollout "Steam Dwarf Engineer" Creature lvl1 hero0
t=3 ph=3 ap=0 snaps=2523 hooks=26 inst=46 rollout "Steam Dwarf Engineer" Creature lvl1 hero0
t=3 ph=3 ap=0 snaps=2533 hooks=26 inst=46 rollout "Steam Dwarf Engineer" Creature lvl1 hero0
t=3 ph=3 ap=0 snaps=2553 hooks=26 inst=46 rollout "Steam Dwarf Engineer" Creature lvl1 hero0
t=3 ph=3 ap=0 snaps=2569 hooks=26 inst=46 rollout "Steam Dwarf Engineer" Creature lvl1 hero0
t=3 ph=3 ap=0 snaps=2607 hooks=26 inst=46 rollout "Steam Dwarf Engineer" Creature lvl1 hero0
t=3 ph=3 ap=0 snaps=2614 hooks=26 inst=46 rollout "Steam Dwarf Engineer" Creature lvl1 hero0
t=3 ph=3 ap=0 snaps=2639 hooks=26 inst=46 rollout "Steam Dwarf Engineer" Creature lvl1 hero0
t=3 ph=3 ap=0 snaps=2650 hooks=26 inst=46 rollout "Steam Dwarf Engineer" Creature lvl1 hero0
t=3 ph=3 ap=0 snaps=2683 hooks=26 inst=46 rollout "Steam Dwarf Engineer" Creature lvl1 hero0
t=3 ph=3 ap=0 snaps=2710 hooks=26 inst=46 rollout "Steam Dwarf Engineer" Creature lvl1 hero0
t=3 ph=3 ap=0 snaps=2729 hooks=26 inst=46 rollout "Steam Dwarf Diver" Creature lvl1 hero0
t=3 ph=3 ap=0 snaps=2743 hooks=26 inst=46 rollout "Steam Dwarf Diver" Creature lvl1 hero0
t=3 ph=3 ap=0 snaps=2764 hooks=26 inst=46 rollout "Steam Dwarf Diver" Creature lvl1 hero0
t=3 ph=3 ap=0 snaps=2795 hooks=26 inst=46 rollout "Steam Dwarf Diver" Creature lvl1 hero0
t=3 ph=3 ap=0 snaps=2818 hooks=26 inst=46 rollout "Steam Dwarf Diver" Creature lvl1 hero0
t=3 ph=3 ap=0 snaps=2837 hooks=26 inst=46 rollout "Steam Dwarf Diver" Creature lvl1 hero0
t=3 ph=3 ap=0 snaps=2876 hooks=26 inst=46 rollout "Steam Dwarf Diver" Creature lvl1 hero0
t=3 ph=3 ap=0 snaps=2898 hooks=26 inst=46 rollout "Steam Dwarf Diver" Creature lvl1 hero0
t=3 ph=3 ap=0 snaps=2910 hooks=26 inst=46 rollout "Steam Dwarf Diver" Creature lvl1 hero0
t=3 ph=3 ap=0 snaps=2930 hooks=26 inst=46 rollout "Steam Dwarf Diver" Creature lvl1 hero0
t=3 ph=3 ap=0 snaps=2958 hooks=26 inst=46 rollout "Steam Dwarf Diver" Creature lvl1 hero0
t=3 ph=3 ap=0 snaps=2974 hooks=26 inst=46 rollout "Steam Dwarf Diver" Creature lvl1 hero0
t=3 ph=3 ap=0 snaps=2986 hooks=26 inst=46 rollout "Steam Dwarf Diver" Creature lvl1 hero0
t=3 ph=3 ap=0 snaps=3003 hooks=26 inst=46 rollout "Steam Dwarf Diver" Creature lvl1 hero0
t=3 ph=3 ap=0 snaps=3026 hooks=26 inst=46 rollout "Steam Dwarf Diver" Creature lvl1 hero0
t=3 ph=3 ap=0 snaps=3054 hooks=26 inst=46 rollout "Steam Dwarf Diver" Creature lvl1 hero0
t=3 ph=3 ap=0 snaps=3096 hooks=26 inst=46 rollout "Steam Dwarf Diver" Creature lvl1 hero0
t=3 ph=3 ap=0 snaps=3115 hooks=26 inst=46 rollout "Steam Dwarf Diver" Creature lvl1 hero0
t=3 ph=3 ap=0 snaps=3141 hooks=26 inst=46 rollout "Steam Dwarf Diver" Creature lvl1 hero0
t=3 ph=3 ap=0 snaps=3162 hooks=26 inst=46 rollout "Steam Dwarf Diver" Creature lvl1 hero0
t=3 ph=3 ap=0 snaps=3172 hooks=26 inst=46 rollout "Steam Dwarf Diver" Creature lvl1 hero0
t=3 ph=3 ap=0 snaps=3189 hooks=26 inst=46 rollout "Steam Dwarf Diver" Creature lvl1 hero0
t=3 ph=3 ap=0 snaps=3205 hooks=26 inst=46 rollout "Steam Dwarf Diver" Creature lvl1 hero0
t=3 ph=3 ap=0 snaps=3219 hooks=26 inst=46 rollout "Steam Dwarf Diver" Creature lvl1 hero0
t=3 ph=3 ap=0 snaps=3234 hooks=26 inst=46 rollout "Steam Dwarf Diver" Creature lvl1 hero0
t=3 ph=3 ap=0 snaps=3253 hooks=26 inst=46 rollout "Steam Dwarf Diver" Creature lvl1 hero0
t=3 ph=3 ap=0 snaps=3276 hooks=26 inst=46 rollout "Steam Dwarf Diver" Creature lvl1 hero0
t=3 ph=3 ap=0 snaps=3309 hooks=26 inst=46 rollout "Steam Dwarf Diver" Creature lvl1 hero0
t=3 ph=3 ap=0 snaps=3332 hooks=26 inst=46 rollout "Steam Dwarf Diver" Creature lvl1 hero0
t=3 ph=3 ap=0 snaps=3357 hooks=26 inst=46 rollout "Steam Dwarf Diver" Creature lvl1 hero0
t=3 ph=3 ap=0 snaps=3379 hooks=26 inst=46 rollout "Steam Dwarf Diver" Creature lvl1 hero0
t=3 ph=3 ap=0 snaps=3404 hooks=26 inst=46 rollout "Steam Dwarf Diver" Creature lvl1 hero0
t=3 ph=3 ap=0 snaps=3431 hooks=26 inst=46 rollout "Steam Dwarf Diver" Creature lvl1 hero0
t=3 ph=3 ap=0 snaps=3449 hooks=26 inst=46 summon "Steam Dwarf Diver" p0/h0
t=3 ph=5 ap=0 snaps=3466 hooks=35 inst=47 switchTurn ending p0
t=4 ph=2 ap=1 snaps=3466 hooks=10 inst=48 cpuTurnStart cpu=p1 hand=5
t=4 ph=3 ap=1 snaps=3475 hooks=12 inst=48 rollout "Loyal Pinpom" Creature lvl1 hero0
t=4 ph=3 ap=1 snaps=3494 hooks=12 inst=48 rollout "Loyal Pinpom" Creature lvl1 hero0
t=4 ph=3 ap=1 snaps=3525 hooks=12 inst=48 rollout "Loyal Pinpom" Creature lvl1 hero0
t=4 ph=3 ap=1 snaps=3541 hooks=12 inst=48 rollout "Loyal Shepherd" Creature lvl1 hero1
t=4 ph=3 ap=1 snaps=3560 hooks=12 inst=48 rollout "Loyal Shepherd" Creature lvl1 hero1
t=4 ph=3 ap=1 snaps=3592 hooks=12 inst=48 rollout "Loyal Shepherd" Creature lvl1 hero1
t=4 ph=3 ap=1 snaps=3622 hooks=12 inst=48 rollout "Loyal Pinpom" Creature lvl1 hero0
t=4 ph=3 ap=1 snaps=3641 hooks=12 inst=48 rollout "Loyal Pinpom" Creature lvl1 hero0
t=4 ph=3 ap=1 snaps=3668 hooks=12 inst=48 rollout "Loyal Pinpom" Creature lvl1 hero0
t=4 ph=3 ap=1 snaps=3684 hooks=12 inst=48 rollout "Loyal Pinpom" Creature lvl1 hero0
t=4 ph=3 ap=1 snaps=3708 hooks=12 inst=48 rollout "Loyal Pinpom" Creature lvl1 hero0
t=4 ph=3 ap=1 snaps=3732 hooks=12 inst=48 rollout "Loyal Pinpom" Creature lvl1 hero0
t=4 ph=3 ap=1 snaps=3764 hooks=12 inst=48 rollout "Loyal Pinpom" Creature lvl1 hero0
t=4 ph=3 ap=1 snaps=3789 hooks=12 inst=48 rollout "Loyal Pinpom" Creature lvl1 hero0
t=4 ph=3 ap=1 snaps=3806 hooks=12 inst=48 rollout "Loyal Pinpom" Creature lvl1 hero0
t=4 ph=3 ap=1 snaps=3819 hooks=12 inst=48 rollout "Loyal Pinpom" Creature lvl1 hero0
t=4 ph=3 ap=1 snaps=3846 hooks=12 inst=48 rollout "Loyal Pinpom" Creature lvl1 hero0
t=4 ph=3 ap=1 snaps=3872 hooks=12 inst=48 rollout "Loyal Pinpom" Creature lvl1 hero0
t=4 ph=3 ap=1 snaps=3898 hooks=12 inst=48 rollout "Loyal Pinpom" Creature lvl1 hero0
t=4 ph=3 ap=1 snaps=3919 hooks=12 inst=48 rollout "Loyal Pinpom" Creature lvl1 hero0
t=4 ph=3 ap=1 snaps=3934 hooks=12 inst=48 rollout "Loyal Pinpom" Creature lvl1 hero0
t=4 ph=3 ap=1 snaps=3958 hooks=12 inst=48 rollout "Loyal Pinpom" Creature lvl1 hero0
t=4 ph=3 ap=1 snaps=3980 hooks=12 inst=48 rollout "Loyal Pinpom" Creature lvl1 hero0
t=4 ph=3 ap=1 snaps=4000 hooks=12 inst=48 rollout "Loyal Pinpom" Creature lvl1 hero0
t=4 ph=3 ap=1 snaps=4037 hooks=12 inst=48 rollout "Loyal Pinpom" Creature lvl1 hero0
t=4 ph=3 ap=1 snaps=4056 hooks=12 inst=48 rollout "Loyal Pinpom" Creature lvl1 hero0
t=4 ph=3 ap=1 snaps=4080 hooks=12 inst=48 rollout "Loyal Pinpom" Creature lvl1 hero0
t=4 ph=3 ap=1 snaps=4099 hooks=12 inst=48 rollout "Loyal Shepherd" Creature lvl1 hero1
t=4 ph=3 ap=1 snaps=4130 hooks=12 inst=48 rollout "Loyal Shepherd" Creature lvl1 hero1
t=4 ph=3 ap=1 snaps=4151 hooks=12 inst=48 rollout "Loyal Shepherd" Creature lvl1 hero1
t=4 ph=3 ap=1 snaps=4171 hooks=12 inst=48 rollout "Loyal Shepherd" Creature lvl1 hero1
t=4 ph=3 ap=1 snaps=4199 hooks=12 inst=48 rollout "Loyal Shepherd" Creature lvl1 hero1
t=4 ph=3 ap=1 snaps=4224 hooks=12 inst=48 rollout "Loyal Shepherd" Creature lvl1 hero1
t=4 ph=3 ap=1 snaps=4247 hooks=12 inst=48 rollout "Loyal Shepherd" Creature lvl1 hero1
t=4 ph=3 ap=1 snaps=4264 hooks=12 inst=48 rollout "Loyal Shepherd" Creature lvl1 hero1
t=4 ph=3 ap=1 snaps=4299 hooks=12 inst=48 rollout "Loyal Shepherd" Creature lvl1 hero1
t=4 ph=3 ap=1 snaps=4325 hooks=12 inst=48 rollout "Loyal Shepherd" Creature lvl1 hero1
t=4 ph=3 ap=1 snaps=4354 hooks=12 inst=48 rollout "Loyal Shepherd" Creature lvl1 hero1
t=4 ph=3 ap=1 snaps=4376 hooks=12 inst=48 rollout "Loyal Shepherd" Creature lvl1 hero1
t=4 ph=3 ap=1 snaps=4397 hooks=12 inst=48 rollout "Loyal Shepherd" Creature lvl1 hero1
t=4 ph=3 ap=1 snaps=4423 hooks=12 inst=48 rollout "Loyal Shepherd" Creature lvl1 hero1
t=4 ph=3 ap=1 snaps=4459 hooks=12 inst=48 rollout "Loyal Shepherd" Creature lvl1 hero1
t=4 ph=3 ap=1 snaps=4487 hooks=12 inst=48 rollout "Loyal Shepherd" Creature lvl1 hero1
t=4 ph=3 ap=1 snaps=4497 hooks=12 inst=48 rollout "Loyal Shepherd" Creature lvl1 hero1
t=4 ph=3 ap=1 snaps=4532 hooks=12 inst=48 rollout "Loyal Shepherd" Creature lvl1 hero1
t=4 ph=3 ap=1 snaps=4555 hooks=12 inst=48 rollout "Loyal Shepherd" Creature lvl1 hero1
t=4 ph=3 ap=1 snaps=4562 hooks=12 inst=48 rollout "Loyal Shepherd" Creature lvl1 hero1
t=4 ph=3 ap=1 snaps=4579 hooks=12 inst=48 rollout "Loyal Shepherd" Creature lvl1 hero1
t=4 ph=3 ap=1 snaps=4602 hooks=12 inst=48 rollout "Loyal Pinpom" Creature lvl1 hero0
t=4 ph=3 ap=1 snaps=4640 hooks=12 inst=48 rollout "Loyal Shepherd" Creature lvl1 hero1
t=4 ph=3 ap=1 snaps=4659 hooks=12 inst=48 rollout "Loyal Pinpom" Creature lvl1 hero0
t=4 ph=3 ap=1 snaps=4680 hooks=12 inst=48 rollout "Loyal Pinpom" Creature lvl1 hero0
t=4 ph=3 ap=1 snaps=4696 hooks=12 inst=48 rollout "Loyal Pinpom" Creature lvl1 hero0
t=4 ph=3 ap=1 snaps=4713 hooks=12 inst=48 rollout "Loyal Pinpom" Creature lvl1 hero0
t=4 ph=3 ap=1 snaps=4734 hooks=12 inst=48 rollout "Loyal Pinpom" Creature lvl1 hero0
t=4 ph=3 ap=1 snaps=4761 hooks=12 inst=48 rollout "Loyal Pinpom" Creature lvl1 hero0
t=4 ph=3 ap=1 snaps=4784 hooks=12 inst=48 rollout "Loyal Pinpom" Creature lvl1 hero0
t=4 ph=3 ap=1 snaps=4808 hooks=12 inst=48 rollout "Loyal Pinpom" Creature lvl1 hero0
t=4 ph=3 ap=1 snaps=4821 hooks=12 inst=48 rollout "Loyal Pinpom" Creature lvl1 hero0
t=4 ph=3 ap=1 snaps=4836 hooks=12 inst=48 rollout "Loyal Pinpom" Creature lvl1 hero0
t=4 ph=3 ap=1 snaps=4849 hooks=12 inst=48 rollout "Loyal Pinpom" Creature lvl1 hero0
t=4 ph=3 ap=1 snaps=4867 hooks=12 inst=48 rollout "Loyal Pinpom" Creature lvl1 hero0
t=4 ph=3 ap=1 snaps=4883 hooks=12 inst=48 rollout "Loyal Shepherd" Creature lvl1 hero1
t=4 ph=3 ap=1 snaps=4897 hooks=12 inst=48 rollout "Loyal Pinpom" Creature lvl1 hero0
t=4 ph=3 ap=1 snaps=4917 hooks=12 inst=48 rollout "Loyal Pinpom" Creature lvl1 hero0
t=4 ph=3 ap=1 snaps=4942 hooks=12 inst=48 rollout "Loyal Pinpom" Creature lvl1 hero0
t=4 ph=3 ap=1 snaps=4972 hooks=12 inst=48 rollout "Loyal Shepherd" Creature lvl1 hero1
t=4 ph=3 ap=1 snaps=4995 hooks=12 inst=48 rollout "Loyal Shepherd" Creature lvl1 hero1
t=4 ph=3 ap=1 snaps=5008 hooks=12 inst=48 rollout "Loyal Shepherd" Creature lvl1 hero1
t=4 ph=3 ap=1 snaps=5023 hooks=12 inst=48 rollout "Loyal Shepherd" Creature lvl1 hero1
t=4 ph=3 ap=1 snaps=5048 hooks=12 inst=48 rollout "Loyal Pinpom" Creature lvl1 hero0
t=4 ph=3 ap=1 snaps=5060 hooks=12 inst=48 rollout "Loyal Shepherd" Creature lvl1 hero1
t=4 ph=3 ap=1 snaps=5091 hooks=12 inst=48 rollout "Loyal Pinpom" Creature lvl1 hero0
t=4 ph=3 ap=1 snaps=5112 hooks=12 inst=48 rollout "Loyal Shepherd" Creature lvl1 hero1
t=4 ph=3 ap=1 snaps=5134 hooks=12 inst=48 rollout "Loyal Shepherd" Creature lvl1 hero1
t=4 ph=3 ap=1 snaps=5156 hooks=12 inst=48 rollout "Loyal Pinpom" Creature lvl1 hero0
t=4 ph=3 ap=1 snaps=5183 hooks=12 inst=48 rollout "Loyal Pinpom" Creature lvl1 hero0
t=4 ph=3 ap=1 snaps=5208 hooks=12 inst=48 rollout "Loyal Shepherd" Creature lvl1 hero1
t=4 ph=3 ap=1 snaps=5228 hooks=12 inst=48 rollout "Loyal Pinpom" Creature lvl1 hero0
t=4 ph=3 ap=1 snaps=5258 hooks=12 inst=48 rollout "Loyal Shepherd" Creature lvl1 hero1
t=4 ph=3 ap=1 snaps=5276 hooks=12 inst=48 summon "Loyal Shepherd" p1/h1
t=4 ph=3 ap=1 snaps=5276 hooks=15 inst=49 summon "Loyal Pinpom" p1/h1
t=4 ph=5 ap=1 snaps=5598 hooks=26 inst=51 switchTurn ending p1
t=5 ph=2 ap=0 snaps=5598 hooks=10 inst=52 cpuTurnStart cpu=p0 hand=7
t=5 ph=3 ap=0 snaps=5647 hooks=31 inst=56 rollout "Steam Dwarf Engineer" Creature lvl1 hero1
t=5 ph=3 ap=0 snaps=5661 hooks=31 inst=56 rollout "Steam Dwarf Engineer" Creature lvl1 hero1
t=5 ph=3 ap=0 snaps=5667 hooks=31 inst=56 rollout "Steam Dwarf Miner" Creature lvl1 hero1
t=5 ph=3 ap=0 snaps=5680 hooks=31 inst=56 rollout "Steam Dwarf Miner" Creature lvl1 hero1
t=5 ph=3 ap=0 snaps=5693 hooks=31 inst=56 rollout "Steam Dwarf Engineer" Creature lvl1 hero1
t=5 ph=3 ap=0 snaps=5713 hooks=31 inst=56 rollout "Steam Dwarf Engineer" Creature lvl1 hero1
t=5 ph=3 ap=0 snaps=5728 hooks=31 inst=56 rollout "Steam Dwarf Engineer" Creature lvl1 hero1
t=5 ph=3 ap=0 snaps=5743 hooks=31 inst=56 rollout "Steam Dwarf Engineer" Creature lvl1 hero1
t=5 ph=3 ap=0 snaps=5752 hooks=31 inst=56 rollout "Steam Dwarf Engineer" Creature lvl1 hero1
t=5 ph=3 ap=0 snaps=5764 hooks=31 inst=56 rollout "Steam Dwarf Engineer" Creature lvl1 hero1
t=5 ph=3 ap=0 snaps=5774 hooks=31 inst=56 rollout "Steam Dwarf Engineer" Creature lvl1 hero1
t=5 ph=3 ap=0 snaps=5784 hooks=31 inst=56 rollout "Steam Dwarf Engineer" Creature lvl1 hero1
t=5 ph=3 ap=0 snaps=5795 hooks=31 inst=56 rollout "Steam Dwarf Engineer" Creature lvl1 hero1
t=5 ph=3 ap=0 snaps=5807 hooks=31 inst=56 rollout "Steam Dwarf Engineer" Creature lvl1 hero1
t=5 ph=3 ap=0 snaps=5826 hooks=31 inst=56 rollout "Steam Dwarf Engineer" Creature lvl1 hero1
t=5 ph=3 ap=0 snaps=5844 hooks=31 inst=56 rollout "Steam Dwarf Engineer" Creature lvl1 hero1
t=5 ph=3 ap=0 snaps=5857 hooks=31 inst=56 rollout "Steam Dwarf Engineer" Creature lvl1 hero1
t=5 ph=3 ap=0 snaps=5870 hooks=31 inst=56 rollout "Steam Dwarf Engineer" Creature lvl1 hero1
t=5 ph=3 ap=0 snaps=5880 hooks=31 inst=56 rollout "Steam Dwarf Engineer" Creature lvl1 hero1
t=5 ph=3 ap=0 snaps=5895 hooks=31 inst=56 rollout "Steam Dwarf Engineer" Creature lvl1 hero1
t=5 ph=3 ap=0 snaps=5906 hooks=31 inst=56 rollout "Steam Dwarf Engineer" Creature lvl1 hero1
t=5 ph=3 ap=0 snaps=5918 hooks=31 inst=56 rollout "Steam Dwarf Engineer" Creature lvl1 hero1
t=5 ph=3 ap=0 snaps=5934 hooks=31 inst=56 rollout "Steam Dwarf Engineer" Creature lvl1 hero1
t=5 ph=3 ap=0 snaps=5944 hooks=31 inst=56 rollout "Steam Dwarf Engineer" Creature lvl1 hero1
t=5 ph=3 ap=0 snaps=5959 hooks=31 inst=56 rollout "Steam Dwarf Engineer" Creature lvl1 hero1
t=5 ph=3 ap=0 snaps=5973 hooks=31 inst=56 rollout "Steam Dwarf Engineer" Creature lvl1 hero1
t=5 ph=3 ap=0 snaps=5994 hooks=31 inst=56 rollout "Steam Dwarf Engineer" Creature lvl1 hero1
t=5 ph=3 ap=0 snaps=6006 hooks=31 inst=56 rollout "Steam Dwarf Engineer" Creature lvl1 hero1
t=5 ph=3 ap=0 snaps=6020 hooks=31 inst=56 rollout "Steam Dwarf Engineer" Creature lvl1 hero1
t=5 ph=3 ap=0 snaps=6030 hooks=31 inst=56 rollout "Steam Dwarf Engineer" Creature lvl1 hero1
t=5 ph=3 ap=0 snaps=6042 hooks=31 inst=56 rollout "Steam Dwarf Miner" Creature lvl1 hero1
t=5 ph=3 ap=0 snaps=6052 hooks=31 inst=56 rollout "Steam Dwarf Miner" Creature lvl1 hero1
t=5 ph=3 ap=0 snaps=6064 hooks=31 inst=56 rollout "Steam Dwarf Miner" Creature lvl1 hero1
t=5 ph=3 ap=0 snaps=6073 hooks=31 inst=56 rollout "Steam Dwarf Miner" Creature lvl1 hero1
t=5 ph=3 ap=0 snaps=6094 hooks=31 inst=56 rollout "Steam Dwarf Miner" Creature lvl1 hero1
t=5 ph=3 ap=0 snaps=6113 hooks=31 inst=56 rollout "Steam Dwarf Miner" Creature lvl1 hero1
t=5 ph=3 ap=0 snaps=6127 hooks=31 inst=56 rollout "Steam Dwarf Miner" Creature lvl1 hero1
t=5 ph=3 ap=0 snaps=6141 hooks=31 inst=56 rollout "Steam Dwarf Miner" Creature lvl1 hero1
t=5 ph=3 ap=0 snaps=6154 hooks=31 inst=56 rollout "Steam Dwarf Miner" Creature lvl1 hero1
t=5 ph=3 ap=0 snaps=6176 hooks=31 inst=56 rollout "Steam Dwarf Miner" Creature lvl1 hero1
t=5 ph=3 ap=0 snaps=6200 hooks=31 inst=56 rollout "Steam Dwarf Miner" Creature lvl1 hero1
t=5 ph=3 ap=0 snaps=6213 hooks=31 inst=56 rollout "Steam Dwarf Miner" Creature lvl1 hero1
t=5 ph=3 ap=0 snaps=6233 hooks=31 inst=56 rollout "Steam Dwarf Miner" Creature lvl1 hero1
t=5 ph=3 ap=0 snaps=6239 hooks=31 inst=56 rollout "Steam Dwarf Miner" Creature lvl1 hero1
t=5 ph=3 ap=0 snaps=6252 hooks=31 inst=56 rollout "Steam Dwarf Miner" Creature lvl1 hero1
t=5 ph=3 ap=0 snaps=6266 hooks=31 inst=56 rollout "Steam Dwarf Miner" Creature lvl1 hero1
t=5 ph=3 ap=0 snaps=6274 hooks=31 inst=56 rollout "Steam Dwarf Miner" Creature lvl1 hero1
t=5 ph=3 ap=0 snaps=6300 hooks=31 inst=56 rollout "Steam Dwarf Miner" Creature lvl1 hero1
t=5 ph=3 ap=0 snaps=6327 hooks=31 inst=56 rollout "Steam Dwarf Miner" Creature lvl1 hero1
t=5 ph=3 ap=0 snaps=6346 hooks=31 inst=56 rollout "Steam Dwarf Miner" Creature lvl1 hero1
t=5 ph=3 ap=0 snaps=6363 hooks=31 inst=56 rollout "Steam Dwarf Miner" Creature lvl1 hero1
t=5 ph=3 ap=0 snaps=6379 hooks=31 inst=56 rollout "Steam Dwarf Miner" Creature lvl1 hero1
t=5 ph=3 ap=0 snaps=6392 hooks=31 inst=56 rollout "Steam Dwarf Miner" Creature lvl1 hero1
t=5 ph=3 ap=0 snaps=6406 hooks=31 inst=56 rollout "Steam Dwarf Miner" Creature lvl1 hero1
t=5 ph=3 ap=0 snaps=6427 hooks=31 inst=56 rollout "Steam Dwarf Miner" Creature lvl1 hero1
t=5 ph=3 ap=0 snaps=6440 hooks=31 inst=56 rollout "Steam Dwarf Miner" Creature lvl1 hero1
t=5 ph=3 ap=0 snaps=6449 hooks=31 inst=56 rollout "Steam Dwarf Engineer" Creature lvl1 hero1
t=5 ph=3 ap=0 snaps=6462 hooks=31 inst=56 rollout "Steam Dwarf Miner" Creature lvl1 hero1
t=5 ph=3 ap=0 snaps=6491 hooks=31 inst=56 rollout "Steam Dwarf Miner" Creature lvl1 hero1
t=5 ph=3 ap=0 snaps=6512 hooks=31 inst=56 rollout "Steam Dwarf Miner" Creature lvl1 hero1
t=5 ph=3 ap=0 snaps=6523 hooks=31 inst=56 rollout "Steam Dwarf Miner" Creature lvl1 hero1
t=5 ph=3 ap=0 snaps=6541 hooks=31 inst=56 rollout "Steam Dwarf Engineer" Creature lvl1 hero1
t=5 ph=3 ap=0 snaps=6557 hooks=31 inst=56 rollout "Steam Dwarf Engineer" Creature lvl1 hero1
t=5 ph=3 ap=0 snaps=6571 hooks=31 inst=56 rollout "Steam Dwarf Miner" Creature lvl1 hero1
t=5 ph=3 ap=0 snaps=6593 hooks=31 inst=56 rollout "Steam Dwarf Miner" Creature lvl1 hero1
t=5 ph=3 ap=0 snaps=6619 hooks=31 inst=56 rollout "Steam Dwarf Miner" Creature lvl1 hero1
t=5 ph=3 ap=0 snaps=6644 hooks=31 inst=56 rollout "Steam Dwarf Miner" Creature lvl1 hero1
t=5 ph=3 ap=0 snaps=6659 hooks=31 inst=56 rollout "Steam Dwarf Engineer" Creature lvl1 hero1
t=5 ph=3 ap=0 snaps=6674 hooks=31 inst=56 rollout "Steam Dwarf Engineer" Creature lvl1 hero1
t=5 ph=3 ap=0 snaps=6688 hooks=31 inst=56 rollout "Steam Dwarf Engineer" Creature lvl1 hero1
t=5 ph=3 ap=0 snaps=6704 hooks=31 inst=56 rollout "Steam Dwarf Engineer" Creature lvl1 hero1
t=5 ph=3 ap=0 snaps=6718 hooks=31 inst=56 rollout "Steam Dwarf Engineer" Creature lvl1 hero1
t=5 ph=3 ap=0 snaps=6731 hooks=31 inst=56 rollout "Steam Dwarf Engineer" Creature lvl1 hero1
t=5 ph=3 ap=0 snaps=6754 hooks=31 inst=56 rollout "Steam Dwarf Engineer" Creature lvl1 hero1
t=5 ph=3 ap=0 snaps=6768 hooks=31 inst=56 rollout "Steam Dwarf Engineer" Creature lvl1 hero1
t=5 ph=3 ap=0 snaps=6784 hooks=31 inst=56 rollout "Steam Dwarf Engineer" Creature lvl1 hero1
t=5 ph=3 ap=0 snaps=6797 hooks=31 inst=56 rollout "Steam Dwarf Engineer" Creature lvl1 hero1
t=5 ph=3 ap=0 snaps=6812 hooks=31 inst=56 rollout "Steam Dwarf Engineer" Creature lvl1 hero1
t=5 ph=3 ap=0 snaps=6824 hooks=31 inst=56 rollout "Steam Dwarf Engineer" Creature lvl1 hero1
t=5 ph=3 ap=0 snaps=6837 hooks=31 inst=56 rollout "Steam Dwarf Engineer" Creature lvl1 hero1
t=5 ph=3 ap=0 snaps=6851 hooks=31 inst=56 summon "Steam Dwarf Engineer" p0/h1
t=5 ph=5 ap=0 snaps=6900 hooks=40 inst=57 switchTurn ending p0
t=6 ph=2 ap=1 snaps=6900 hooks=10 inst=58 cpuTurnStart cpu=p1 hand=4
t=6 ph=3 ap=1 snaps=6911 hooks=30 inst=64 rollout "Loyal Labradoodle" Creature lvl1 hero0
t=6 ph=3 ap=1 snaps=6926 hooks=30 inst=64 rollout "Loyal Labradoodle" Creature lvl1 hero0
t=6 ph=3 ap=1 snaps=6936 hooks=30 inst=64 rollout "Loyal Labradoodle" Creature lvl1 hero0
t=6 ph=3 ap=1 snaps=6946 hooks=30 inst=64 rollout "Loyal Labradoodle" Creature lvl1 hero0
t=6 ph=3 ap=1 snaps=6956 hooks=30 inst=64 rollout "Loyal Labradoodle" Creature lvl1 hero0
t=6 ph=3 ap=1 snaps=6981 hooks=30 inst=64 rollout "Loyal Labradoodle" Creature lvl1 hero0
t=6 ph=3 ap=1 snaps=6990 hooks=30 inst=64 rollout "Loyal Labradoodle" Creature lvl1 hero0
t=6 ph=3 ap=1 snaps=6998 hooks=30 inst=64 rollout "Loyal Labradoodle" Creature lvl1 hero0
t=6 ph=3 ap=1 snaps=7010 hooks=30 inst=64 rollout "Loyal Labradoodle" Creature lvl1 hero0
t=6 ph=3 ap=1 snaps=7030 hooks=30 inst=64 rollout "Loyal Labradoodle" Creature lvl1 hero0
t=6 ph=3 ap=1 snaps=7040 hooks=30 inst=64 rollout "Loyal Labradoodle" Creature lvl1 hero0
t=6 ph=3 ap=1 snaps=7058 hooks=30 inst=64 rollout "Loyal Labradoodle" Creature lvl1 hero0
t=6 ph=3 ap=1 snaps=7079 hooks=30 inst=64 rollout "Loyal Labradoodle" Creature lvl1 hero0
t=6 ph=3 ap=1 snaps=7091 hooks=30 inst=64 rollout "Loyal Labradoodle" Creature lvl1 hero0
t=6 ph=3 ap=1 snaps=7103 hooks=30 inst=64 rollout "Loyal Labradoodle" Creature lvl1 hero0
t=6 ph=3 ap=1 snaps=7113 hooks=30 inst=64 rollout "Loyal Labradoodle" Creature lvl1 hero0
t=6 ph=3 ap=1 snaps=7147 hooks=30 inst=64 rollout "Loyal Labradoodle" Creature lvl1 hero0
t=6 ph=3 ap=1 snaps=7164 hooks=30 inst=64 rollout "Loyal Labradoodle" Creature lvl1 hero0
t=6 ph=3 ap=1 snaps=7176 hooks=30 inst=64 rollout "Loyal Labradoodle" Creature lvl1 hero0
t=6 ph=3 ap=1 snaps=7193 hooks=30 inst=64 rollout "Loyal Labradoodle" Creature lvl1 hero0
t=6 ph=3 ap=1 snaps=7208 hooks=30 inst=64 rollout "Loyal Labradoodle" Creature lvl1 hero0
t=6 ph=3 ap=1 snaps=7218 hooks=30 inst=64 rollout "Loyal Labradoodle" Creature lvl1 hero0
t=6 ph=3 ap=1 snaps=7236 hooks=30 inst=64 rollout "Loyal Labradoodle" Creature lvl1 hero0
t=6 ph=3 ap=1 snaps=7251 hooks=30 inst=64 rollout "Loyal Labradoodle" Creature lvl1 hero0
t=6 ph=3 ap=1 snaps=7265 hooks=30 inst=64 rollout "Loyal Labradoodle" Creature lvl1 hero0
t=6 ph=3 ap=1 snaps=7276 hooks=30 inst=64 rollout "Loyal Labradoodle" Creature lvl1 hero0
t=6 ph=3 ap=1 snaps=7286 hooks=30 inst=64 rollout "Loyal Labradoodle" Creature lvl1 hero0
t=6 ph=3 ap=1 snaps=7294 hooks=30 inst=64 rollout "Loyal Labradoodle" Creature lvl1 hero0
t=6 ph=3 ap=1 snaps=7304 hooks=30 inst=64 rollout "Loyal Labradoodle" Creature lvl1 hero0
t=6 ph=3 ap=1 snaps=7319 hooks=30 inst=64 rollout "Loyal Labradoodle" Creature lvl1 hero0
t=6 ph=3 ap=1 snaps=7328 hooks=30 inst=64 rollout "Loyal Labradoodle" Creature lvl1 hero0
t=6 ph=3 ap=1 snaps=7338 hooks=30 inst=64 rollout "Loyal Labradoodle" Creature lvl1 hero0
t=6 ph=3 ap=1 snaps=7353 hooks=30 inst=64 rollout "Loyal Labradoodle" Creature lvl1 hero0
t=6 ph=3 ap=1 snaps=7362 hooks=30 inst=64 rollout "Loyal Labradoodle" Creature lvl1 hero0
t=6 ph=3 ap=1 snaps=7372 hooks=30 inst=64 rollout "Loyal Labradoodle" Creature lvl1 hero0
t=6 ph=3 ap=1 snaps=7388 hooks=30 inst=64 rollout "Loyal Labradoodle" Creature lvl1 hero0
t=6 ph=3 ap=1 snaps=7409 hooks=30 inst=64 rollout "Loyal Labradoodle" Creature lvl1 hero0
t=6 ph=3 ap=1 snaps=7427 hooks=30 inst=64 rollout "Loyal Labradoodle" Creature lvl1 hero0
t=6 ph=3 ap=1 snaps=7438 hooks=30 inst=64 rollout "Loyal Labradoodle" Creature lvl1 hero0
t=6 ph=3 ap=1 snaps=7449 hooks=30 inst=64 rollout "Loyal Labradoodle" Creature lvl1 hero0
t=6 ph=3 ap=1 snaps=7472 hooks=30 inst=64 rollout "Loyal Labradoodle" Creature lvl1 hero0
t=6 ph=3 ap=1 snaps=7488 hooks=30 inst=64 rollout "Loyal Labradoodle" Creature lvl1 hero0
t=6 ph=3 ap=1 snaps=7503 hooks=30 inst=64 rollout "Loyal Labradoodle" Creature lvl1 hero0
t=6 ph=3 ap=1 snaps=7514 hooks=30 inst=64 rollout "Loyal Labradoodle" Creature lvl1 hero0
t=6 ph=3 ap=1 snaps=7527 hooks=30 inst=64 rollout "Loyal Labradoodle" Creature lvl1 hero0
t=6 ph=3 ap=1 snaps=7543 hooks=30 inst=64 rollout "Loyal Labradoodle" Creature lvl1 hero0
t=6 ph=3 ap=1 snaps=7553 hooks=30 inst=64 rollout "Loyal Labradoodle" Creature lvl1 hero0
t=6 ph=3 ap=1 snaps=7578 hooks=30 inst=64 rollout "Loyal Labradoodle" Creature lvl1 hero0
t=6 ph=3 ap=1 snaps=7590 hooks=30 inst=64 rollout "Loyal Labradoodle" Creature lvl1 hero0
t=6 ph=3 ap=1 snaps=7602 hooks=30 inst=64 rollout "Loyal Labradoodle" Creature lvl1 hero0
t=6 ph=3 ap=1 snaps=7621 hooks=30 inst=64 rollout "Loyal Labradoodle" Creature lvl1 hero0
t=6 ph=3 ap=1 snaps=7639 hooks=30 inst=64 rollout "Loyal Labradoodle" Creature lvl1 hero0
t=6 ph=3 ap=1 snaps=7656 hooks=30 inst=64 rollout "Loyal Labradoodle" Creature lvl1 hero0
t=6 ph=3 ap=1 snaps=7666 hooks=30 inst=64 rollout "Loyal Labradoodle" Creature lvl1 hero0
t=6 ph=3 ap=1 snaps=7677 hooks=30 inst=64 rollout "Loyal Labradoodle" Creature lvl1 hero0
t=6 ph=3 ap=1 snaps=7689 hooks=30 inst=64 rollout "Loyal Labradoodle" Creature lvl1 hero0
t=6 ph=3 ap=1 snaps=7698 hooks=30 inst=64 rollout "Loyal Labradoodle" Creature lvl1 hero0
t=6 ph=3 ap=1 snaps=7709 hooks=30 inst=64 rollout "Loyal Labradoodle" Creature lvl1 hero0
t=6 ph=3 ap=1 snaps=7718 hooks=30 inst=64 rollout "Loyal Labradoodle" Creature lvl1 hero0
t=6 ph=3 ap=1 snaps=7733 hooks=30 inst=64 rollout "Loyal Labradoodle" Creature lvl1 hero0
t=6 ph=3 ap=1 snaps=7745 hooks=30 inst=64 rollout "Loyal Labradoodle" Creature lvl1 hero0
t=6 ph=3 ap=1 snaps=7762 hooks=30 inst=64 rollout "Loyal Labradoodle" Creature lvl1 hero0
t=6 ph=3 ap=1 snaps=7772 hooks=30 inst=64 rollout "Loyal Labradoodle" Creature lvl1 hero0
t=6 ph=3 ap=1 snaps=7780 hooks=30 inst=64 rollout "Loyal Labradoodle" Creature lvl1 hero0
t=6 ph=3 ap=1 snaps=7796 hooks=30 inst=64 rollout "Loyal Labradoodle" Creature lvl1 hero0
t=6 ph=3 ap=1 snaps=7810 hooks=30 inst=64 rollout "Loyal Labradoodle" Creature lvl1 hero0
t=6 ph=3 ap=1 snaps=7822 hooks=30 inst=64 rollout "Loyal Labradoodle" Creature lvl1 hero0
t=6 ph=3 ap=1 snaps=7842 hooks=30 inst=64 rollout "Loyal Labradoodle" Creature lvl1 hero0
t=6 ph=3 ap=1 snaps=7866 hooks=30 inst=64 rollout "Loyal Labradoodle" Creature lvl1 hero0
t=6 ph=3 ap=1 snaps=7877 hooks=30 inst=64 rollout "Loyal Labradoodle" Creature lvl1 hero0
t=6 ph=3 ap=1 snaps=7885 hooks=30 inst=64 rollout "Loyal Labradoodle" Creature lvl1 hero0
t=6 ph=3 ap=1 snaps=7898 hooks=30 inst=64 rollout "Loyal Labradoodle" Creature lvl1 hero0
t=6 ph=3 ap=1 snaps=7912 hooks=30 inst=64 rollout "Loyal Labradoodle" Creature lvl1 hero0
t=6 ph=3 ap=1 snaps=7932 hooks=30 inst=64 rollout "Loyal Labradoodle" Creature lvl1 hero0
t=6 ph=3 ap=1 snaps=7946 hooks=30 inst=64 rollout "Loyal Labradoodle" Creature lvl1 hero0
t=6 ph=3 ap=1 snaps=7958 hooks=30 inst=64 rollout "Loyal Labradoodle" Creature lvl1 hero0
t=6 ph=3 ap=1 snaps=7981 hooks=30 inst=64 rollout "Loyal Labradoodle" Creature lvl1 hero0
t=6 ph=3 ap=1 snaps=7993 hooks=30 inst=64 rollout "Loyal Labradoodle" Creature lvl1 hero0
t=6 ph=3 ap=1 snaps=7997 hooks=30 inst=64 rollout "Loyal Labradoodle" Creature lvl1 hero0
t=6 ph=3 ap=1 snaps=8020 hooks=30 inst=64 rollout "Loyal Labradoodle" Creature lvl1 hero0
t=6 ph=3 ap=1 snaps=8030 hooks=30 inst=64 summon "Loyal Labradoodle" p1/h0
t=6 ph=5 ap=1 snaps=8033 hooks=42 inst=65 switchTurn ending p1
t=7 ph=2 ap=0 snaps=8033 hooks=10 inst=66 cpuTurnStart cpu=p0 hand=8
t=7 ph=2 ap=0 snaps=8044 hooks=10 inst=66 summon "Aggressive Town Guard" p0/h1
t=7 ph=2 ap=0 snaps=8116 hooks=29 inst=67 summon "Steam Dwarf Miner" p0/h1
t=7 ph=3 ap=0 snaps=8148 hooks=43 inst=71 rollout "Aggressive Town Guard" Creature lvl0 hero0
t=7 ph=3 ap=0 snaps=8168 hooks=43 inst=71 rollout "Aggressive Town Guard" Creature lvl0 hero0
t=7 ph=3 ap=0 snaps=8189 hooks=43 inst=71 rollout "Steam Dwarf Miner" Creature lvl1 hero2
t=7 ph=3 ap=0 snaps=8221 hooks=43 inst=71 rollout "Steam Dwarf Miner" Creature lvl1 hero2
t=7 ph=3 ap=0 snaps=8252 hooks=43 inst=71 rollout "Steam Dwarf Exterminator" Creature lvl1 hero2
t=7 ph=3 ap=0 snaps=8268 hooks=43 inst=71 rollout "Steam Dwarf Exterminator" Creature lvl1 hero2
t=7 ph=3 ap=0 snaps=8284 hooks=43 inst=71 rollout "Aggressive Town Guard" Creature lvl0 hero0
t=7 ph=3 ap=0 snaps=8309 hooks=43 inst=71 rollout "Aggressive Town Guard" Creature lvl0 hero0
t=7 ph=3 ap=0 snaps=8328 hooks=43 inst=71 rollout "Aggressive Town Guard" Creature lvl0 hero0
t=7 ph=3 ap=0 snaps=8353 hooks=43 inst=71 rollout "Aggressive Town Guard" Creature lvl0 hero0
t=7 ph=3 ap=0 snaps=8366 hooks=43 inst=71 rollout "Steam Dwarf Miner" Creature lvl1 hero2
t=7 ph=3 ap=0 snaps=8401 hooks=43 inst=71 rollout "Steam Dwarf Miner" Creature lvl1 hero2
t=7 ph=3 ap=0 snaps=8427 hooks=43 inst=71 rollout "Steam Dwarf Miner" Creature lvl1 hero2
t=7 ph=3 ap=0 snaps=8470 hooks=43 inst=71 rollout "Steam Dwarf Miner" Creature lvl1 hero2
t=7 ph=3 ap=0 snaps=8502 hooks=43 inst=71 rollout "Steam Dwarf Exterminator" Creature lvl1 hero2
t=7 ph=3 ap=0 snaps=8532 hooks=43 inst=71 rollout "Steam Dwarf Exterminator" Creature lvl1 hero2
t=7 ph=3 ap=0 snaps=8548 hooks=43 inst=71 rollout "Steam Dwarf Exterminator" Creature lvl1 hero2
t=7 ph=3 ap=0 snaps=8566 hooks=43 inst=71 rollout "Steam Dwarf Exterminator" Creature lvl1 hero2
t=7 ph=3 ap=0 snaps=8587 hooks=43 inst=71 rollout "Steam Dwarf Exterminator" Creature lvl1 hero2
t=7 ph=3 ap=0 snaps=8604 hooks=43 inst=71 rollout "Steam Dwarf Exterminator" Creature lvl1 hero2
t=7 ph=3 ap=0 snaps=8622 hooks=43 inst=71 rollout "Steam Dwarf Exterminator" Creature lvl1 hero2
t=7 ph=3 ap=0 snaps=8644 hooks=43 inst=71 rollout "Steam Dwarf Exterminator" Creature lvl1 hero2
t=7 ph=3 ap=0 snaps=8670 hooks=43 inst=71 rollout "Steam Dwarf Exterminator" Creature lvl1 hero2
t=7 ph=3 ap=0 snaps=8701 hooks=43 inst=71 rollout "Steam Dwarf Exterminator" Creature lvl1 hero2
t=7 ph=3 ap=0 snaps=8722 hooks=43 inst=71 rollout "Steam Dwarf Exterminator" Creature lvl1 hero2
t=7 ph=3 ap=0 snaps=8729 hooks=43 inst=71 rollout "Steam Dwarf Exterminator" Creature lvl1 hero2
t=7 ph=3 ap=0 snaps=8746 hooks=43 inst=71 rollout "Steam Dwarf Exterminator" Creature lvl1 hero2
t=7 ph=3 ap=0 snaps=8772 hooks=43 inst=71 rollout "Steam Dwarf Exterminator" Creature lvl1 hero2
t=7 ph=3 ap=0 snaps=8789 hooks=43 inst=71 rollout "Steam Dwarf Exterminator" Creature lvl1 hero2
t=7 ph=3 ap=0 snaps=8821 hooks=43 inst=71 rollout "Steam Dwarf Exterminator" Creature lvl1 hero2
t=7 ph=3 ap=0 snaps=8834 hooks=43 inst=71 rollout "Steam Dwarf Exterminator" Creature lvl1 hero2
t=7 ph=3 ap=0 snaps=8849 hooks=43 inst=71 rollout "Steam Dwarf Exterminator" Creature lvl1 hero2
t=7 ph=3 ap=0 snaps=8879 hooks=43 inst=71 rollout "Steam Dwarf Exterminator" Creature lvl1 hero2
t=7 ph=3 ap=0 snaps=8898 hooks=43 inst=71 rollout "Steam Dwarf Exterminator" Creature lvl1 hero2
t=7 ph=3 ap=0 snaps=8915 hooks=43 inst=71 rollout "Steam Dwarf Exterminator" Creature lvl1 hero2
t=7 ph=3 ap=0 snaps=8939 hooks=43 inst=71 rollout "Steam Dwarf Exterminator" Creature lvl1 hero2
t=7 ph=3 ap=0 snaps=8948 hooks=43 inst=71 rollout "Steam Dwarf Exterminator" Creature lvl1 hero2
t=7 ph=3 ap=0 snaps=8969 hooks=43 inst=71 rollout "Steam Dwarf Exterminator" Creature lvl1 hero2
t=7 ph=3 ap=0 snaps=8993 hooks=43 inst=71 rollout "Steam Dwarf Exterminator" Creature lvl1 hero2
t=7 ph=3 ap=0 snaps=9001 hooks=43 inst=71 rollout "Steam Dwarf Exterminator" Creature lvl1 hero2
t=7 ph=3 ap=0 snaps=9013 hooks=43 inst=71 rollout "Steam Dwarf Exterminator" Creature lvl1 hero2
t=7 ph=3 ap=0 snaps=9035 hooks=43 inst=71 rollout "Steam Dwarf Exterminator" Creature lvl1 hero2
t=7 ph=3 ap=0 snaps=9053 hooks=43 inst=71 rollout "Steam Dwarf Exterminator" Creature lvl1 hero2
t=7 ph=3 ap=0 snaps=9094 hooks=43 inst=71 rollout "Steam Dwarf Exterminator" Creature lvl1 hero2
t=7 ph=3 ap=0 snaps=9102 hooks=43 inst=71 rollout "Steam Dwarf Exterminator" Creature lvl1 hero2
t=7 ph=3 ap=0 snaps=9122 hooks=43 inst=71 rollout "Steam Dwarf Exterminator" Creature lvl1 hero2
t=7 ph=3 ap=0 snaps=9144 hooks=43 inst=71 rollout "Steam Dwarf Exterminator" Creature lvl1 hero2
t=7 ph=3 ap=0 snaps=9165 hooks=43 inst=71 rollout "Steam Dwarf Exterminator" Creature lvl1 hero2
t=7 ph=3 ap=0 snaps=9178 hooks=43 inst=71 rollout "Steam Dwarf Exterminator" Creature lvl1 hero2
t=7 ph=3 ap=0 snaps=9193 hooks=43 inst=71 rollout "Steam Dwarf Exterminator" Creature lvl1 hero2
t=7 ph=3 ap=0 snaps=9221 hooks=43 inst=71 rollout "Steam Dwarf Exterminator" Creature lvl1 hero2
t=7 ph=3 ap=0 snaps=9256 hooks=43 inst=71 rollout "Steam Dwarf Exterminator" Creature lvl1 hero2
t=7 ph=3 ap=0 snaps=9272 hooks=43 inst=71 rollout "Steam Dwarf Exterminator" Creature lvl1 hero2
t=7 ph=3 ap=0 snaps=9291 hooks=43 inst=71 rollout "Steam Dwarf Exterminator" Creature lvl1 hero2
t=7 ph=3 ap=0 snaps=9314 hooks=43 inst=71 rollout "Steam Dwarf Exterminator" Creature lvl1 hero2
t=7 ph=3 ap=0 snaps=9323 hooks=43 inst=71 rollout "Steam Dwarf Exterminator" Creature lvl1 hero2
t=7 ph=3 ap=0 snaps=9345 hooks=43 inst=71 rollout "Steam Dwarf Exterminator" Creature lvl1 hero2
t=7 ph=3 ap=0 snaps=9372 hooks=43 inst=71 rollout "Steam Dwarf Exterminator" Creature lvl1 hero2
t=7 ph=3 ap=0 snaps=9382 hooks=43 inst=71 rollout "Steam Dwarf Exterminator" Creature lvl1 hero2
t=7 ph=3 ap=0 snaps=9386 hooks=43 inst=71 rollout "Steam Dwarf Exterminator" Creature lvl1 hero2
t=7 ph=3 ap=0 snaps=9403 hooks=43 inst=71 rollout "Steam Dwarf Exterminator" Creature lvl1 hero2
t=7 ph=3 ap=0 snaps=9428 hooks=43 inst=71 rollout "Steam Dwarf Exterminator" Creature lvl1 hero2
t=7 ph=3 ap=0 snaps=9443 hooks=43 inst=71 rollout "Steam Dwarf Exterminator" Creature lvl1 hero2
t=7 ph=3 ap=0 snaps=9463 hooks=43 inst=71 rollout "Steam Dwarf Exterminator" Creature lvl1 hero2
t=7 ph=3 ap=0 snaps=9472 hooks=43 inst=71 rollout "Steam Dwarf Exterminator" Creature lvl1 hero2
t=7 ph=3 ap=0 snaps=9489 hooks=43 inst=71 rollout "Steam Dwarf Exterminator" Creature lvl1 hero2
t=7 ph=3 ap=0 snaps=9496 hooks=43 inst=71 rollout "Steam Dwarf Exterminator" Creature lvl1 hero2
t=7 ph=3 ap=0 snaps=9507 hooks=43 inst=71 rollout "Steam Dwarf Exterminator" Creature lvl1 hero2
t=7 ph=3 ap=0 snaps=9517 hooks=43 inst=71 rollout "Steam Dwarf Exterminator" Creature lvl1 hero2
t=7 ph=3 ap=0 snaps=9530 hooks=43 inst=71 rollout "Steam Dwarf Exterminator" Creature lvl1 hero2
t=7 ph=3 ap=0 snaps=9551 hooks=43 inst=71 rollout "Steam Dwarf Exterminator" Creature lvl1 hero2
t=7 ph=3 ap=0 snaps=9576 hooks=43 inst=71 rollout "Steam Dwarf Exterminator" Creature lvl1 hero2
t=7 ph=3 ap=0 snaps=9584 hooks=43 inst=71 rollout "Steam Dwarf Exterminator" Creature lvl1 hero2
t=7 ph=3 ap=0 snaps=9607 hooks=43 inst=71 rollout "Steam Dwarf Exterminator" Creature lvl1 hero2
t=7 ph=3 ap=0 snaps=9628 hooks=43 inst=71 rollout "Steam Dwarf Exterminator" Creature lvl1 hero2
t=7 ph=3 ap=0 snaps=9647 hooks=43 inst=71 rollout "Steam Dwarf Exterminator" Creature lvl1 hero2
t=7 ph=3 ap=0 snaps=9663 hooks=43 inst=71 rollout "Steam Dwarf Exterminator" Creature lvl1 hero2
t=7 ph=3 ap=0 snaps=9688 hooks=43 inst=71 rollout "Steam Dwarf Exterminator" Creature lvl1 hero2
t=7 ph=3 ap=0 snaps=9728 hooks=43 inst=71 rollout "Steam Dwarf Exterminator" Creature lvl1 hero2
t=7 ph=3 ap=0 snaps=9744 hooks=43 inst=71 rollout "Steam Dwarf Exterminator" Creature lvl1 hero2
t=7 ph=3 ap=0 snaps=9758 hooks=43 inst=71 summon "Steam Dwarf Exterminator" p0/h2
t=7 ph=5 ap=0 snaps=9769 hooks=52 inst=72 switchTurn ending p0
t=8 ph=2 ap=1 snaps=9769 hooks=10 inst=75 cpuTurnStart cpu=p1 hand=2
t=8 ph=5 ap=1 snaps=9781 hooks=20 inst=75 switchTurn ending p1
t=9 ph=2 ap=0 snaps=9781 hooks=10 inst=76 cpuTurnStart cpu=p0 hand=9
t=9 ph=2 ap=0 snaps=9784 hooks=10 inst=76 summon "Aggressive Town Guard" p0/h2
t=9 ph=3 ap=0 snaps=9854 hooks=57 inst=82 rollout "Steam Dwarf Miner" Creature lvl1 hero0
t=9 ph=3 ap=0 snaps=9855 hooks=57 inst=82 rollout "Steam Dwarf Miner" Creature lvl1 hero0
t=9 ph=3 ap=0 snaps=9856 hooks=57 inst=82 rollout "Ska Harpyformer" Creature lvl0 hero0
t=9 ph=3 ap=0 snaps=9857 hooks=57 inst=82 rollout "Ska Harpyformer" Creature lvl0 hero0
t=9 ph=3 ap=0 snaps=9858 hooks=57 inst=82 rollout "Steam Dwarf Miner" Creature lvl1 hero0
t=9 ph=3 ap=0 snaps=9862 hooks=57 inst=82 rollout "Steam Dwarf Miner" Creature lvl1 hero0
t=9 ph=3 ap=0 snaps=9863 hooks=57 inst=82 rollout "Steam Dwarf Miner" Creature lvl1 hero0
t=9 ph=3 ap=0 snaps=9864 hooks=57 inst=82 rollout "Steam Dwarf Miner" Creature lvl1 hero0
t=9 ph=3 ap=0 snaps=9865 hooks=57 inst=82 rollout "Steam Dwarf Miner" Creature lvl1 hero0
t=9 ph=3 ap=0 snaps=9866 hooks=57 inst=82 rollout "Steam Dwarf Miner" Creature lvl1 hero0
t=9 ph=3 ap=0 snaps=9867 hooks=57 inst=82 rollout "Steam Dwarf Miner" Creature lvl1 hero0
t=9 ph=3 ap=0 snaps=9868 hooks=57 inst=82 rollout "Steam Dwarf Miner" Creature lvl1 hero0
t=9 ph=3 ap=0 snaps=9869 hooks=57 inst=82 rollout "Steam Dwarf Miner" Creature lvl1 hero0
t=9 ph=3 ap=0 snaps=9870 hooks=57 inst=82 rollout "Steam Dwarf Miner" Creature lvl1 hero0
t=9 ph=3 ap=0 snaps=9871 hooks=57 inst=82 rollout "Steam Dwarf Miner" Creature lvl1 hero0
t=9 ph=3 ap=0 snaps=9872 hooks=57 inst=82 rollout "Steam Dwarf Miner" Creature lvl1 hero0
t=9 ph=3 ap=0 snaps=9873 hooks=57 inst=82 rollout "Steam Dwarf Miner" Creature lvl1 hero0
t=9 ph=3 ap=0 snaps=9874 hooks=57 inst=82 rollout "Steam Dwarf Miner" Creature lvl1 hero0
t=9 ph=3 ap=0 snaps=9878 hooks=57 inst=82 rollout "Steam Dwarf Miner" Creature lvl1 hero0
t=9 ph=3 ap=0 snaps=9879 hooks=57 inst=82 rollout "Steam Dwarf Miner" Creature lvl1 hero0
t=9 ph=3 ap=0 snaps=9880 hooks=57 inst=82 rollout "Steam Dwarf Miner" Creature lvl1 hero0
t=9 ph=3 ap=0 snaps=9881 hooks=57 inst=82 rollout "Steam Dwarf Miner" Creature lvl1 hero0
t=9 ph=3 ap=0 snaps=9882 hooks=57 inst=82 rollout "Steam Dwarf Miner" Creature lvl1 hero0
t=9 ph=3 ap=0 snaps=9883 hooks=57 inst=82 rollout "Steam Dwarf Miner" Creature lvl1 hero0
t=9 ph=3 ap=0 snaps=9884 hooks=57 inst=82 rollout "Steam Dwarf Miner" Creature lvl1 hero0
t=9 ph=3 ap=0 snaps=9885 hooks=57 inst=82 rollout "Steam Dwarf Miner" Creature lvl1 hero0
t=9 ph=3 ap=0 snaps=9886 hooks=57 inst=82 rollout "Steam Dwarf Miner" Creature lvl1 hero0
t=9 ph=3 ap=0 snaps=9887 hooks=57 inst=82 rollout "Steam Dwarf Miner" Creature lvl1 hero0
t=9 ph=3 ap=0 snaps=9894 hooks=57 inst=82 rollout "Steam Dwarf Miner" Creature lvl1 hero0
t=9 ph=3 ap=0 snaps=9895 hooks=57 inst=82 rollout "Steam Dwarf Miner" Creature lvl1 hero0
t=9 ph=3 ap=0 snaps=9896 hooks=57 inst=82 rollout "Ska Harpyformer" Creature lvl0 hero0
t=9 ph=3 ap=0 snaps=9897 hooks=57 inst=82 rollout "Ska Harpyformer" Creature lvl0 hero0
t=9 ph=3 ap=0 snaps=9902 hooks=57 inst=82 rollout "Ska Harpyformer" Creature lvl0 hero0
t=9 ph=3 ap=0 snaps=9903 hooks=57 inst=82 rollout "Ska Harpyformer" Creature lvl0 hero0
t=9 ph=3 ap=0 snaps=9911 hooks=57 inst=82 rollout "Steam Dwarf Miner" Creature lvl1 hero0
t=9 ph=3 ap=0 snaps=9912 hooks=57 inst=82 rollout "Steam Dwarf Miner" Creature lvl1 hero0
t=9 ph=3 ap=0 snaps=9915 hooks=57 inst=82 rollout "Steam Dwarf Miner" Creature lvl1 hero0
t=9 ph=3 ap=0 snaps=9916 hooks=57 inst=82 rollout "Steam Dwarf Miner" Creature lvl1 hero0
t=9 ph=3 ap=0 snaps=9917 hooks=57 inst=82 rollout "Steam Dwarf Miner" Creature lvl1 hero0
t=9 ph=3 ap=0 snaps=9918 hooks=57 inst=82 rollout "Steam Dwarf Miner" Creature lvl1 hero0
t=9 ph=3 ap=0 snaps=9919 hooks=57 inst=82 rollout "Steam Dwarf Miner" Creature lvl1 hero0
t=9 ph=3 ap=0 snaps=9920 hooks=57 inst=82 rollout "Steam Dwarf Miner" Creature lvl1 hero0
t=9 ph=3 ap=0 snaps=9921 hooks=57 inst=82 rollout "Steam Dwarf Miner" Creature lvl1 hero0
t=9 ph=3 ap=0 snaps=9922 hooks=57 inst=82 rollout "Steam Dwarf Miner" Creature lvl1 hero0
t=9 ph=3 ap=0 snaps=9923 hooks=57 inst=82 rollout "Steam Dwarf Miner" Creature lvl1 hero0
t=9 ph=3 ap=0 snaps=9924 hooks=57 inst=82 rollout "Steam Dwarf Miner" Creature lvl1 hero0
t=9 ph=3 ap=0 snaps=9925 hooks=57 inst=82 rollout "Steam Dwarf Miner" Creature lvl1 hero0
t=9 ph=3 ap=0 snaps=9926 hooks=57 inst=82 rollout "Steam Dwarf Miner" Creature lvl1 hero0
t=9 ph=3 ap=0 snaps=9927 hooks=57 inst=82 rollout "Steam Dwarf Miner" Creature lvl1 hero0
t=9 ph=3 ap=0 snaps=9928 hooks=57 inst=82 rollout "Steam Dwarf Miner" Creature lvl1 hero0
t=9 ph=3 ap=0 snaps=9935 hooks=57 inst=82 rollout "Steam Dwarf Miner" Creature lvl1 hero0
t=9 ph=3 ap=0 snaps=9936 hooks=57 inst=82 rollout "Steam Dwarf Miner" Creature lvl1 hero0
t=9 ph=3 ap=0 snaps=9937 hooks=57 inst=82 rollout "Steam Dwarf Miner" Creature lvl1 hero0
t=9 ph=3 ap=0 snaps=9938 hooks=57 inst=82 rollout "Steam Dwarf Miner" Creature lvl1 hero0
t=9 ph=3 ap=0 snaps=9939 hooks=57 inst=82 rollout "Steam Dwarf Miner" Creature lvl1 hero0
t=9 ph=3 ap=0 snaps=9940 hooks=57 inst=82 rollout "Steam Dwarf Miner" Creature lvl1 hero0
t=9 ph=3 ap=0 snaps=9941 hooks=57 inst=82 rollout "Steam Dwarf Miner" Creature lvl1 hero0
t=9 ph=3 ap=0 snaps=9942 hooks=57 inst=82 rollout "Steam Dwarf Miner" Creature lvl1 hero0
t=9 ph=3 ap=0 snaps=9943 hooks=57 inst=82 rollout "Steam Dwarf Miner" Creature lvl1 hero0
t=9 ph=3 ap=0 snaps=9944 hooks=57 inst=82 rollout "Steam Dwarf Miner" Creature lvl1 hero0
t=9 ph=3 ap=0 snaps=9951 hooks=57 inst=82 rollout "Steam Dwarf Miner" Creature lvl1 hero0
t=9 ph=3 ap=0 snaps=9952 hooks=57 inst=82 rollout "Steam Dwarf Miner" Creature lvl1 hero0
t=9 ph=3 ap=0 snaps=9953 hooks=57 inst=82 rollout "Ska Harpyformer" Creature lvl0 hero0
t=9 ph=3 ap=0 snaps=9954 hooks=57 inst=82 rollout "Ska Harpyformer" Creature lvl0 hero0
t=9 ph=3 ap=0 snaps=9957 hooks=57 inst=82 rollout "Ska Harpyformer" Creature lvl0 hero0
t=9 ph=3 ap=0 snaps=9958 hooks=57 inst=82 rollout "Ska Harpyformer" Creature lvl0 hero0
t=9 ph=3 ap=0 snaps=9963 hooks=57 inst=82 rollout "Steam Dwarf Miner" Creature lvl1 hero0
t=9 ph=3 ap=0 snaps=9964 hooks=57 inst=82 rollout "Steam Dwarf Miner" Creature lvl1 hero0
t=9 ph=3 ap=0 snaps=9966 hooks=57 inst=82 rollout "Steam Dwarf Miner" Creature lvl1 hero0
t=9 ph=3 ap=0 snaps=9967 hooks=57 inst=82 rollout "Steam Dwarf Miner" Creature lvl1 hero0
t=9 ph=3 ap=0 snaps=9968 hooks=57 inst=82 rollout "Steam Dwarf Miner" Creature lvl1 hero0
t=9 ph=3 ap=0 snaps=9969 hooks=57 inst=82 rollout "Steam Dwarf Miner" Creature lvl1 hero0
t=9 ph=3 ap=0 snaps=9970 hooks=57 inst=82 rollout "Steam Dwarf Miner" Creature lvl1 hero0
t=9 ph=3 ap=0 snaps=9971 hooks=57 inst=82 rollout "Steam Dwarf Miner" Creature lvl1 hero0
t=9 ph=3 ap=0 snaps=9972 hooks=57 inst=82 rollout "Steam Dwarf Miner" Creature lvl1 hero0
t=9 ph=3 ap=0 snaps=9973 hooks=57 inst=82 rollout "Steam Dwarf Miner" Creature lvl1 hero0
t=9 ph=3 ap=0 snaps=9974 hooks=57 inst=82 rollout "Steam Dwarf Miner" Creature lvl1 hero0
t=9 ph=3 ap=0 snaps=9975 hooks=57 inst=82 rollout "Steam Dwarf Miner" Creature lvl1 hero0
t=9 ph=3 ap=0 snaps=9976 hooks=57 inst=82 rollout "Steam Dwarf Miner" Creature lvl1 hero0
t=9 ph=3 ap=0 snaps=9977 hooks=57 inst=82 rollout "Steam Dwarf Miner" Creature lvl1 hero0
t=9 ph=3 ap=0 snaps=9978 hooks=57 inst=82 rollout "Steam Dwarf Miner" Creature lvl1 hero0
t=9 ph=3 ap=0 snaps=9979 hooks=57 inst=82 rollout "Steam Dwarf Miner" Creature lvl1 hero0
t=9 ph=3 ap=0 snaps=9986 hooks=57 inst=82 rollout "Steam Dwarf Miner" Creature lvl1 hero0
t=9 ph=3 ap=0 snaps=9987 hooks=57 inst=82 rollout "Steam Dwarf Miner" Creature lvl1 hero0
t=9 ph=3 ap=0 snaps=9988 hooks=57 inst=82 rollout "Steam Dwarf Miner" Creature lvl1 hero0
t=9 ph=3 ap=0 snaps=9989 hooks=57 inst=82 rollout "Steam Dwarf Miner" Creature lvl1 hero0
t=9 ph=3 ap=0 snaps=9990 hooks=57 inst=82 rollout "Steam Dwarf Miner" Creature lvl1 hero0
t=9 ph=3 ap=0 snaps=9991 hooks=57 inst=82 rollout "Steam Dwarf Miner" Creature lvl1 hero0
t=9 ph=3 ap=0 snaps=9992 hooks=57 inst=82 rollout "Steam Dwarf Miner" Creature lvl1 hero0
t=9 ph=3 ap=0 snaps=9993 hooks=57 inst=82 rollout "Steam Dwarf Miner" Creature lvl1 hero0
t=9 ph=3 ap=0 snaps=9994 hooks=57 inst=82 rollout "Steam Dwarf Miner" Creature lvl1 hero0
t=9 ph=3 ap=0 snaps=9995 hooks=57 inst=82 rollout "Steam Dwarf Miner" Creature lvl1 hero0
t=9 ph=3 ap=0 snaps=10002 hooks=57 inst=82 rollout "Steam Dwarf Miner" Creature lvl1 hero0
t=9 ph=3 ap=0 snaps=10003 hooks=57 inst=82 rollout "Steam Dwarf Miner" Creature lvl1 hero0
t=9 ph=3 ap=0 snaps=10004 hooks=57 inst=82 rollout "Ska Harpyformer" Creature lvl0 hero0
t=9 ph=3 ap=0 snaps=10005 hooks=57 inst=82 rollout "Ska Harpyformer" Creature lvl0 hero0
t=9 ph=3 ap=0 snaps=10015 hooks=57 inst=82 rollout "Ska Harpyformer" Creature lvl0 hero0
t=9 ph=3 ap=0 snaps=10016 hooks=57 inst=82 rollout "Ska Harpyformer" Creature lvl0 hero0
t=9 ph=3 ap=0 snaps=10020 hooks=57 inst=82 rollout "Steam Dwarf Miner" Creature lvl1 hero0
t=9 ph=3 ap=0 snaps=10021 hooks=57 inst=82 rollout "Steam Dwarf Miner" Creature lvl1 hero0
t=9 ph=3 ap=0 snaps=10024 hooks=57 inst=82 rollout "Steam Dwarf Miner" Creature lvl1 hero0
t=9 ph=3 ap=0 snaps=10025 hooks=57 inst=82 rollout "Steam Dwarf Miner" Creature lvl1 hero0
t=9 ph=3 ap=0 snaps=10026 hooks=57 inst=82 rollout "Steam Dwarf Miner" Creature lvl1 hero0
t=9 ph=3 ap=0 snaps=10027 hooks=57 inst=82 rollout "Steam Dwarf Miner" Creature lvl1 hero0
t=9 ph=3 ap=0 snaps=10028 hooks=57 inst=82 rollout "Steam Dwarf Miner" Creature lvl1 hero0
t=9 ph=3 ap=0 snaps=10029 hooks=57 inst=82 rollout "Steam Dwarf Miner" Creature lvl1 hero0
t=9 ph=3 ap=0 snaps=10030 hooks=57 inst=82 rollout "Steam Dwarf Miner" Creature lvl1 hero0
t=9 ph=3 ap=0 snaps=10031 hooks=57 inst=82 rollout "Steam Dwarf Miner" Creature lvl1 hero0
t=9 ph=3 ap=0 snaps=10032 hooks=57 inst=82 rollout "Steam Dwarf Miner" Creature lvl1 hero0
t=9 ph=3 ap=0 snaps=10033 hooks=57 inst=82 rollout "Steam Dwarf Miner" Creature lvl1 hero0
t=9 ph=3 ap=0 snaps=10034 hooks=57 inst=82 rollout "Steam Dwarf Miner" Creature lvl1 hero0
t=9 ph=3 ap=0 snaps=10035 hooks=57 inst=82 rollout "Steam Dwarf Miner" Creature lvl1 hero0
t=9 ph=3 ap=0 snaps=10036 hooks=57 inst=82 rollout "Steam Dwarf Miner" Creature lvl1 hero0
t=9 ph=3 ap=0 snaps=10037 hooks=57 inst=82 rollout "Steam Dwarf Miner" Creature lvl1 hero0
t=9 ph=3 ap=0 snaps=10045 hooks=57 inst=82 rollout "Steam Dwarf Miner" Creature lvl1 hero0
t=9 ph=3 ap=0 snaps=10046 hooks=57 inst=82 rollout "Steam Dwarf Miner" Creature lvl1 hero0
t=9 ph=3 ap=0 snaps=10047 hooks=57 inst=82 rollout "Steam Dwarf Miner" Creature lvl1 hero0
t=9 ph=3 ap=0 snaps=10048 hooks=57 inst=82 rollout "Steam Dwarf Miner" Creature lvl1 hero0
t=9 ph=3 ap=0 snaps=10049 hooks=57 inst=82 rollout "Steam Dwarf Miner" Creature lvl1 hero0
t=9 ph=3 ap=0 snaps=10050 hooks=57 inst=82 rollout "Steam Dwarf Miner" Creature lvl1 hero0
t=9 ph=3 ap=0 snaps=10051 hooks=57 inst=82 rollout "Steam Dwarf Miner" Creature lvl1 hero0
t=9 ph=3 ap=0 snaps=10052 hooks=57 inst=82 rollout "Steam Dwarf Miner" Creature lvl1 hero0
t=9 ph=3 ap=0 snaps=10053 hooks=57 inst=82 rollout "Steam Dwarf Miner" Creature lvl1 hero0
t=9 ph=3 ap=0 snaps=10054 hooks=57 inst=82 rollout "Steam Dwarf Miner" Creature lvl1 hero0
t=9 ph=3 ap=0 snaps=10064 hooks=57 inst=82 rollout "Steam Dwarf Miner" Creature lvl1 hero0
t=9 ph=3 ap=0 snaps=10065 hooks=57 inst=82 rollout "Steam Dwarf Miner" Creature lvl1 hero0
t=9 ph=3 ap=0 snaps=10066 hooks=57 inst=82 rollout "Ska Harpyformer" Creature lvl0 hero0
t=9 ph=3 ap=0 snaps=10067 hooks=57 inst=82 rollout "Ska Harpyformer" Creature lvl0 hero0
t=9 ph=3 ap=0 snaps=10068 hooks=57 inst=82 rollout "Ska Harpyformer" Creature lvl0 hero0
t=9 ph=3 ap=0 snaps=10085 hooks=57 inst=82 rollout "Steam Dwarf Miner" Creature lvl1 hero0
t=9 ph=3 ap=0 snaps=10086 hooks=57 inst=82 rollout "Steam Dwarf Miner" Creature lvl1 hero0
t=9 ph=3 ap=0 snaps=10089 hooks=57 inst=82 rollout "Steam Dwarf Miner" Creature lvl1 hero0
t=9 ph=3 ap=0 snaps=10090 hooks=57 inst=82 rollout "Steam Dwarf Miner" Creature lvl1 hero0
t=9 ph=3 ap=0 snaps=10091 hooks=57 inst=82 rollout "Steam Dwarf Miner" Creature lvl1 hero0
t=9 ph=3 ap=0 snaps=10092 hooks=57 inst=82 rollout "Steam Dwarf Miner" Creature lvl1 hero0
t=9 ph=3 ap=0 snaps=10093 hooks=57 inst=82 rollout "Steam Dwarf Miner" Creature lvl1 hero0
t=9 ph=3 ap=0 snaps=10094 hooks=57 inst=82 rollout "Steam Dwarf Miner" Creature lvl1 hero0
t=9 ph=3 ap=0 snaps=10095 hooks=57 inst=82 rollout "Steam Dwarf Miner" Creature lvl1 hero0
t=9 ph=3 ap=0 snaps=10096 hooks=57 inst=82 rollout "Steam Dwarf Miner" Creature lvl1 hero0
t=9 ph=3 ap=0 snaps=10097 hooks=57 inst=82 rollout "Steam Dwarf Miner" Creature lvl1 hero0
t=9 ph=3 ap=0 snaps=10098 hooks=57 inst=82 summon "Steam Dwarf Miner" p0/h0
t=9 ph=5 ap=0 snaps=10114 hooks=67 inst=83 switchTurn ending p0
t=10 ph=2 ap=1 snaps=10114 hooks=10 inst=88 cpuTurnStart cpu=p1 hand=1
t=10 ph=5 ap=1 snaps=10132 hooks=19 inst=89 switchTurn ending p1
t=11 ph=2 ap=0 snaps=10132 hooks=10 inst=90 cpuTurnStart cpu=p0 hand=12
t=11 ph=2 ap=0 snaps=10136 hooks=12 inst=91 summon "Ska Harpyformer" p0/h0

=== GAME 9/1000: To Attain Divinity vs Poison Torture @ 2026-05-01T09:35:49.267Z ===
t=1 ph=2 ap=0 snaps=0 hooks=10 inst=29 cpuTurnStart cpu=p0 hand=6
t=1 ph=3 ap=0 snaps=4 hooks=20 inst=32 rollout "Hell Fox" Creature lvl1 hero0
t=1 ph=3 ap=0 snaps=16 hooks=20 inst=32 rollout "Hell Fox" Creature lvl1 hero0
t=1 ph=3 ap=0 snaps=30 hooks=20 inst=32 rollout "Hell Fox" Creature lvl1 hero0
t=1 ph=3 ap=0 snaps=38 hooks=20 inst=32 rollout "Adventurousness" AbilityAction lvl1 hero2
t=1 ph=3 ap=0 snaps=61 hooks=20 inst=32 rollout "Hell Fox" Creature lvl1 hero0
t=1 ph=3 ap=0 snaps=67 hooks=20 inst=32 rollout "Hell Fox" Creature lvl1 hero0
t=1 ph=3 ap=0 snaps=78 hooks=20 inst=32 rollout "Hell Fox" Creature lvl1 hero0
t=1 ph=3 ap=0 snaps=90 hooks=20 inst=32 rollout "Hell Fox" Creature lvl1 hero0
t=1 ph=3 ap=0 snaps=105 hooks=20 inst=32 rollout "Hell Fox" Creature lvl1 hero0
t=1 ph=3 ap=0 snaps=123 hooks=20 inst=32 rollout "Hell Fox" Creature lvl1 hero0
t=1 ph=3 ap=0 snaps=131 hooks=20 inst=32 rollout "Adventurousness" AbilityAction lvl1 hero2
t=1 ph=3 ap=0 snaps=148 hooks=20 inst=32 rollout "Adventurousness" AbilityAction lvl1 hero2
t=1 ph=3 ap=0 snaps=164 hooks=20 inst=32 rollout "Hell Fox" Creature lvl1 hero0
t=1 ph=3 ap=0 snaps=170 hooks=20 inst=32 rollout "Adventurousness" AbilityAction lvl1 hero2
t=1 ph=3 ap=0 snaps=181 hooks=20 inst=32 rollout "Hell Fox" Creature lvl1 hero0
t=1 ph=3 ap=0 snaps=191 hooks=20 inst=32 rollout "Hell Fox" Creature lvl1 hero0
t=1 ph=3 ap=0 snaps=207 hooks=20 inst=32 rollout "Hell Fox" Creature lvl1 hero0
t=1 ph=3 ap=0 snaps=217 hooks=20 inst=32 rollout "Adventurousness" AbilityAction lvl1 hero2
t=1 ph=3 ap=0 snaps=229 hooks=20 inst=32 rollout "Hell Fox" Creature lvl1 hero0
t=1 ph=3 ap=0 snaps=242 hooks=20 inst=32 rollout "Hell Fox" Creature lvl1 hero0
t=1 ph=3 ap=0 snaps=256 hooks=20 inst=32 rollout "Hell Fox" Creature lvl1 hero0
t=1 ph=3 ap=0 snaps=270 hooks=20 inst=32 rollout "Hell Fox" Creature lvl1 hero0
t=1 ph=3 ap=0 snaps=279 hooks=20 inst=32 rollout "Hell Fox" Creature lvl1 hero0
t=1 ph=3 ap=0 snaps=293 hooks=20 inst=32 rollout "Hell Fox" Creature lvl1 hero0
t=1 ph=3 ap=0 snaps=303 hooks=20 inst=32 rollout "Hell Fox" Creature lvl1 hero0
t=1 ph=3 ap=0 snaps=311 hooks=20 inst=32 rollout "Hell Fox" Creature lvl1 hero0
t=1 ph=3 ap=0 snaps=320 hooks=20 inst=32 rollout "Hell Fox" Creature lvl1 hero0
t=1 ph=3 ap=0 snaps=331 hooks=20 inst=32 rollout "Hell Fox" Creature lvl1 hero0
t=1 ph=3 ap=0 snaps=347 hooks=20 inst=32 rollout "Hell Fox" Creature lvl1 hero0
t=1 ph=3 ap=0 snaps=363 hooks=20 inst=32 rollout "Hell Fox" Creature lvl1 hero0
t=1 ph=3 ap=0 snaps=374 hooks=20 inst=32 rollout "Hell Fox" Creature lvl1 hero0
t=1 ph=3 ap=0 snaps=391 hooks=20 inst=32 rollout "Hell Fox" Creature lvl1 hero0
t=1 ph=3 ap=0 snaps=398 hooks=20 inst=32 rollout "Hell Fox" Creature lvl1 hero0
t=1 ph=3 ap=0 snaps=410 hooks=20 inst=32 rollout "Adventurousness" AbilityAction lvl1 hero2
t=1 ph=3 ap=0 snaps=432 hooks=20 inst=32 rollout "Hell Fox" Creature lvl1 hero0
t=1 ph=3 ap=0 snaps=442 hooks=20 inst=32 rollout "Hell Fox" Creature lvl1 hero0
t=1 ph=3 ap=0 snaps=452 hooks=20 inst=32 rollout "Hell Fox" Creature lvl1 hero0
t=1 ph=3 ap=0 snaps=475 hooks=20 inst=32 rollout "Hell Fox" Creature lvl1 hero0
t=1 ph=3 ap=0 snaps=489 hooks=20 inst=32 rollout "Hell Fox" Creature lvl1 hero0
t=1 ph=3 ap=0 snaps=498 hooks=20 inst=32 rollout "Hell Fox" Creature lvl1 hero0
t=1 ph=3 ap=0 snaps=509 hooks=20 inst=32 rollout "Hell Fox" Creature lvl1 hero0
t=1 ph=3 ap=0 snaps=526 hooks=20 inst=32 rollout "Hell Fox" Creature lvl1 hero0
t=1 ph=3 ap=0 snaps=537 hooks=20 inst=32 rollout "Hell Fox" Creature lvl1 hero0
t=1 ph=3 ap=0 snaps=552 hooks=20 inst=32 rollout "Hell Fox" Creature lvl1 hero0
t=1 ph=3 ap=0 snaps=569 hooks=20 inst=32 rollout "Hell Fox" Creature lvl1 hero0
t=1 ph=3 ap=0 snaps=583 hooks=20 inst=32 rollout "Hell Fox" Creature lvl1 hero0
t=1 ph=3 ap=0 snaps=594 hooks=20 inst=32 rollout "Hell Fox" Creature lvl1 hero0
t=1 ph=3 ap=0 snaps=605 hooks=20 inst=32 rollout "Hell Fox" Creature lvl1 hero0
t=1 ph=3 ap=0 snaps=615 hooks=20 inst=32 rollout "Hell Fox" Creature lvl1 hero0
t=1 ph=3 ap=0 snaps=623 hooks=20 inst=32 rollout "Hell Fox" Creature lvl1 hero0
t=1 ph=3 ap=0 snaps=632 hooks=20 inst=32 rollout "Hell Fox" Creature lvl1 hero0
t=1 ph=3 ap=0 snaps=642 hooks=20 inst=32 rollout "Hell Fox" Creature lvl1 hero0
t=1 ph=3 ap=0 snaps=652 hooks=20 inst=32 rollout "Hell Fox" Creature lvl1 hero0
t=1 ph=3 ap=0 snaps=666 hooks=20 inst=32 rollout "Hell Fox" Creature lvl1 hero0
t=1 ph=3 ap=0 snaps=680 hooks=20 inst=32 rollout "Hell Fox" Creature lvl1 hero0
t=1 ph=3 ap=0 snaps=688 hooks=20 inst=32 rollout "Hell Fox" Creature lvl1 hero0
t=1 ph=3 ap=0 snaps=694 hooks=20 inst=32 rollout "Hell Fox" Creature lvl1 hero0
t=1 ph=3 ap=0 snaps=701 hooks=20 inst=32 rollout "Hell Fox" Creature lvl1 hero0
t=1 ph=3 ap=0 snaps=712 hooks=20 inst=32 rollout "Hell Fox" Creature lvl1 hero0
t=1 ph=3 ap=0 snaps=727 hooks=20 inst=32 rollout "Hell Fox" Creature lvl1 hero0
t=1 ph=3 ap=0 snaps=734 hooks=20 inst=32 rollout "Hell Fox" Creature lvl1 hero0
t=1 ph=3 ap=0 snaps=745 hooks=20 inst=32 rollout "Hell Fox" Creature lvl1 hero0
t=1 ph=3 ap=0 snaps=754 hooks=20 inst=32 rollout "Hell Fox" Creature lvl1 hero0
t=1 ph=3 ap=0 snaps=762 hooks=20 inst=32 rollout "Hell Fox" Creature lvl1 hero0
t=1 ph=3 ap=0 snaps=775 hooks=20 inst=32 rollout "Hell Fox" Creature lvl1 hero0
t=1 ph=3 ap=0 snaps=783 hooks=20 inst=32 rollout "Hell Fox" Creature lvl1 hero0
t=1 ph=3 ap=0 snaps=793 hooks=20 inst=32 rollout "Hell Fox" Creature lvl1 hero0
t=1 ph=3 ap=0 snaps=800 hooks=20 inst=32 rollout "Hell Fox" Creature lvl1 hero0
t=1 ph=3 ap=0 snaps=814 hooks=20 inst=32 rollout "Hell Fox" Creature lvl1 hero0
t=1 ph=3 ap=0 snaps=826 hooks=20 inst=32 rollout "Hell Fox" Creature lvl1 hero0
t=1 ph=3 ap=0 snaps=840 hooks=20 inst=32 rollout "Hell Fox" Creature lvl1 hero0
t=1 ph=3 ap=0 snaps=856 hooks=20 inst=32 rollout "Hell Fox" Creature lvl1 hero0
t=1 ph=3 ap=0 snaps=869 hooks=20 inst=32 rollout "Hell Fox" Creature lvl1 hero0
t=1 ph=3 ap=0 snaps=880 hooks=20 inst=32 rollout "Hell Fox" Creature lvl1 hero0
t=1 ph=3 ap=0 snaps=891 hooks=20 inst=32 rollout "Hell Fox" Creature lvl1 hero0
t=1 ph=3 ap=0 snaps=901 hooks=20 inst=32 rollout "Hell Fox" Creature lvl1 hero0
t=1 ph=3 ap=0 snaps=907 hooks=20 inst=32 rollout "Hell Fox" Creature lvl1 hero0
t=1 ph=3 ap=0 snaps=921 hooks=20 inst=32 rollout "Hell Fox" Creature lvl1 hero0
t=1 ph=3 ap=0 snaps=935 hooks=20 inst=32 rollout "Hell Fox" Creature lvl1 hero0
t=1 ph=3 ap=0 snaps=947 hooks=20 inst=32 rollout "Hell Fox" Creature lvl1 hero0
t=1 ph=3 ap=0 snaps=959 hooks=20 inst=32 summon "Hell Fox" p0/h0
t=1 ph=5 ap=0 snaps=960 hooks=29 inst=33 switchTurn ending p0
t=2 ph=2 ap=1 snaps=960 hooks=13 inst=34 cpuTurnStart cpu=p1 hand=6
t=2 ph=3 ap=1 snaps=971 hooks=21 inst=37 rollout "Adventurousness" AbilityAction lvl1 hero0
t=2 ph=3 ap=1 snaps=985 hooks=21 inst=37 rollout "Adventurousness" AbilityAction lvl1 hero0
t=2 ph=3 ap=1 snaps=991 hooks=21 inst=37 rollout "Adventurousness" AbilityAction lvl1 hero0
t=2 ph=3 ap=1 snaps=1002 hooks=21 inst=37 rollout "Adventurousness" AbilityAction lvl1 hero0
t=2 ph=3 ap=1 snaps=1009 hooks=21 inst=37 rollout "Adventurousness" AbilityAction lvl1 hero0
t=2 ph=3 ap=1 snaps=1016 hooks=21 inst=37 rollout "Adventurousness" AbilityAction lvl1 hero0
t=2 ph=3 ap=1 snaps=1033 hooks=21 inst=37 rollout "Adventurousness" AbilityAction lvl1 hero0
t=2 ph=3 ap=1 snaps=1044 hooks=21 inst=37 rollout "Adventurousness" AbilityAction lvl1 hero0
t=2 ph=3 ap=1 snaps=1062 hooks=21 inst=37 rollout "Adventurousness" AbilityAction lvl1 hero0
t=2 ph=3 ap=1 snaps=1066 hooks=21 inst=37 rollout "Adventurousness" AbilityAction lvl1 hero0
t=2 ph=3 ap=1 snaps=1082 hooks=21 inst=37 rollout "Adventurousness" AbilityAction lvl1 hero0
t=2 ph=3 ap=1 snaps=1094 hooks=21 inst=37 rollout "Adventurousness" AbilityAction lvl1 hero0
t=2 ph=3 ap=1 snaps=1103 hooks=21 inst=37 rollout "Adventurousness" AbilityAction lvl1 hero0
t=2 ph=3 ap=1 snaps=1114 hooks=21 inst=37 rollout "Adventurousness" AbilityAction lvl1 hero0
t=2 ph=3 ap=1 snaps=1124 hooks=21 inst=37 rollout "Adventurousness" AbilityAction lvl1 hero0
t=2 ph=3 ap=1 snaps=1130 hooks=21 inst=37 rollout "Adventurousness" AbilityAction lvl1 hero0
t=2 ph=3 ap=1 snaps=1137 hooks=21 inst=37 rollout "Adventurousness" AbilityAction lvl1 hero0
t=2 ph=3 ap=1 snaps=1145 hooks=21 inst=37 rollout "Adventurousness" AbilityAction lvl1 hero0
t=2 ph=3 ap=1 snaps=1157 hooks=21 inst=37 rollout "Adventurousness" AbilityAction lvl1 hero0
t=2 ph=3 ap=1 snaps=1164 hooks=21 inst=37 rollout "Adventurousness" AbilityAction lvl1 hero0
t=2 ph=3 ap=1 snaps=1172 hooks=21 inst=37 rollout "Adventurousness" AbilityAction lvl1 hero0
t=2 ph=3 ap=1 snaps=1182 hooks=21 inst=37 rollout "Adventurousness" AbilityAction lvl1 hero0
t=2 ph=3 ap=1 snaps=1193 hooks=21 inst=37 rollout "Adventurousness" AbilityAction lvl1 hero0
t=2 ph=3 ap=1 snaps=1208 hooks=21 inst=37 rollout "Adventurousness" AbilityAction lvl1 hero0
t=2 ph=3 ap=1 snaps=1223 hooks=21 inst=37 rollout "Adventurousness" AbilityAction lvl1 hero0
t=2 ph=3 ap=1 snaps=1240 hooks=21 inst=37 rollout "Adventurousness" AbilityAction lvl1 hero0
t=2 ph=3 ap=1 snaps=1251 hooks=21 inst=37 rollout "Adventurousness" AbilityAction lvl1 hero0
t=2 ph=3 ap=1 snaps=1266 hooks=21 inst=37 rollout "Adventurousness" AbilityAction lvl1 hero0
t=2 ph=3 ap=1 snaps=1281 hooks=21 inst=37 rollout "Adventurousness" AbilityAction lvl1 hero0
t=2 ph=3 ap=1 snaps=1289 hooks=21 inst=37 rollout "Adventurousness" AbilityAction lvl1 hero0
t=2 ph=3 ap=1 snaps=1297 hooks=21 inst=37 rollout "Adventurousness" AbilityAction lvl1 hero0
t=2 ph=3 ap=1 snaps=1304 hooks=21 inst=37 rollout "Adventurousness" AbilityAction lvl1 hero0
t=2 ph=3 ap=1 snaps=1313 hooks=21 inst=37 rollout "Adventurousness" AbilityAction lvl1 hero0
t=2 ph=3 ap=1 snaps=1323 hooks=21 inst=37 rollout "Adventurousness" AbilityAction lvl1 hero0
t=2 ph=3 ap=1 snaps=1330 hooks=21 inst=37 rollout "Adventurousness" AbilityAction lvl1 hero0
t=2 ph=3 ap=1 snaps=1346 hooks=21 inst=37 rollout "Adventurousness" AbilityAction lvl1 hero0
t=2 ph=3 ap=1 snaps=1361 hooks=21 inst=37 rollout "Adventurousness" AbilityAction lvl1 hero0
t=2 ph=3 ap=1 snaps=1376 hooks=21 inst=37 rollout "Adventurousness" AbilityAction lvl1 hero0
t=2 ph=3 ap=1 snaps=1393 hooks=21 inst=37 rollout "Adventurousness" AbilityAction lvl1 hero0
t=2 ph=3 ap=1 snaps=1403 hooks=21 inst=37 rollout "Adventurousness" AbilityAction lvl1 hero0
t=2 ph=3 ap=1 snaps=1414 hooks=21 inst=37 rollout "Adventurousness" AbilityAction lvl1 hero0
t=2 ph=3 ap=1 snaps=1431 hooks=21 inst=37 rollout "Adventurousness" AbilityAction lvl1 hero0
t=2 ph=3 ap=1 snaps=1440 hooks=21 inst=37 rollout "Adventurousness" AbilityAction lvl1 hero0
t=2 ph=3 ap=1 snaps=1454 hooks=21 inst=37 rollout "Adventurousness" AbilityAction lvl1 hero0
t=2 ph=3 ap=1 snaps=1464 hooks=21 inst=37 rollout "Adventurousness" AbilityAction lvl1 hero0
t=2 ph=3 ap=1 snaps=1477 hooks=21 inst=37 rollout "Adventurousness" AbilityAction lvl1 hero0
t=2 ph=3 ap=1 snaps=1493 hooks=21 inst=37 rollout "Adventurousness" AbilityAction lvl1 hero0
t=2 ph=3 ap=1 snaps=1507 hooks=21 inst=37 rollout "Adventurousness" AbilityAction lvl1 hero0
t=2 ph=3 ap=1 snaps=1519 hooks=21 inst=37 rollout "Adventurousness" AbilityAction lvl1 hero0
t=2 ph=3 ap=1 snaps=1526 hooks=21 inst=37 rollout "Adventurousness" AbilityAction lvl1 hero0
t=2 ph=3 ap=1 snaps=1535 hooks=21 inst=37 rollout "Adventurousness" AbilityAction lvl1 hero0
t=2 ph=3 ap=1 snaps=1549 hooks=21 inst=37 rollout "Adventurousness" AbilityAction lvl1 hero0
t=2 ph=3 ap=1 snaps=1561 hooks=21 inst=37 rollout "Adventurousness" AbilityAction lvl1 hero0
t=2 ph=3 ap=1 snaps=1572 hooks=21 inst=37 rollout "Adventurousness" AbilityAction lvl1 hero0
t=2 ph=3 ap=1 snaps=1582 hooks=21 inst=37 rollout "Adventurousness" AbilityAction lvl1 hero0
t=2 ph=3 ap=1 snaps=1591 hooks=21 inst=37 rollout "Adventurousness" AbilityAction lvl1 hero0
t=2 ph=3 ap=1 snaps=1604 hooks=21 inst=37 rollout "Adventurousness" AbilityAction lvl1 hero0
t=2 ph=3 ap=1 snaps=1614 hooks=21 inst=37 rollout "Adventurousness" AbilityAction lvl1 hero0
t=2 ph=3 ap=1 snaps=1623 hooks=21 inst=37 rollout "Adventurousness" AbilityAction lvl1 hero0
t=2 ph=3 ap=1 snaps=1643 hooks=21 inst=37 rollout "Adventurousness" AbilityAction lvl1 hero0
t=2 ph=3 ap=1 snaps=1660 hooks=21 inst=37 rollout "Adventurousness" AbilityAction lvl1 hero0
t=2 ph=3 ap=1 snaps=1671 hooks=21 inst=37 rollout "Adventurousness" AbilityAction lvl1 hero0
t=2 ph=3 ap=1 snaps=1680 hooks=21 inst=37 rollout "Adventurousness" AbilityAction lvl1 hero0
t=2 ph=3 ap=1 snaps=1690 hooks=21 inst=37 rollout "Adventurousness" AbilityAction lvl1 hero0
t=2 ph=3 ap=1 snaps=1698 hooks=21 inst=37 rollout "Adventurousness" AbilityAction lvl1 hero0
t=2 ph=3 ap=1 snaps=1708 hooks=21 inst=37 rollout "Adventurousness" AbilityAction lvl1 hero0
t=2 ph=3 ap=1 snaps=1722 hooks=21 inst=37 rollout "Adventurousness" AbilityAction lvl1 hero0
t=2 ph=3 ap=1 snaps=1731 hooks=21 inst=37 rollout "Adventurousness" AbilityAction lvl1 hero0
t=2 ph=3 ap=1 snaps=1735 hooks=21 inst=37 rollout "Adventurousness" AbilityAction lvl1 hero0
t=2 ph=3 ap=1 snaps=1745 hooks=21 inst=37 rollout "Adventurousness" AbilityAction lvl1 hero0
t=2 ph=3 ap=1 snaps=1754 hooks=21 inst=37 rollout "Adventurousness" AbilityAction lvl1 hero0
t=2 ph=3 ap=1 snaps=1763 hooks=21 inst=37 rollout "Adventurousness" AbilityAction lvl1 hero0
t=2 ph=3 ap=1 snaps=1780 hooks=21 inst=37 rollout "Adventurousness" AbilityAction lvl1 hero0
t=2 ph=3 ap=1 snaps=1790 hooks=21 inst=37 rollout "Adventurousness" AbilityAction lvl1 hero0
t=2 ph=3 ap=1 snaps=1804 hooks=21 inst=37 rollout "Adventurousness" AbilityAction lvl1 hero0
t=2 ph=3 ap=1 snaps=1816 hooks=21 inst=37 rollout "Adventurousness" AbilityAction lvl1 hero0
t=2 ph=3 ap=1 snaps=1824 hooks=21 inst=37 rollout "Adventurousness" AbilityAction lvl1 hero0
t=2 ph=3 ap=1 snaps=1840 hooks=21 inst=37 rollout "Adventurousness" AbilityAction lvl1 hero0
t=2 ph=3 ap=1 snaps=1856 hooks=21 inst=37 rollout "Adventurousness" AbilityAction lvl1 hero0
t=2 ph=3 ap=1 snaps=1861 hooks=21 inst=37 rollout "Adventurousness" AbilityAction lvl1 hero0
t=2 ph=5 ap=1 snaps=1886 hooks=31 inst=38 switchTurn ending p1
t=3 ph=2 ap=0 snaps=1886 hooks=10 inst=39 cpuTurnStart cpu=p0 hand=7
t=3 ph=3 ap=0 snaps=1898 hooks=35 inst=43 rollout "Chain Lightning" Spell lvl3 hero1
t=3 ph=3 ap=0 snaps=1905 hooks=35 inst=43 rollout "Adventurousness" AbilityAction lvl1 hero2
t=3 ph=3 ap=0 snaps=1912 hooks=35 inst=43 rollout "Chain Lightning" Spell lvl3 hero1
t=3 ph=3 ap=0 snaps=1924 hooks=35 inst=43 rollout "Chain Lightning" Spell lvl3 hero1
t=3 ph=3 ap=0 snaps=1931 hooks=35 inst=43 rollout "Adventurousness" AbilityAction lvl1 hero2
t=3 ph=3 ap=0 snaps=1941 hooks=35 inst=43 rollout "Adventurousness" AbilityAction lvl1 hero2
t=3 ph=3 ap=0 snaps=1953 hooks=35 inst=43 rollout "Adventurousness" AbilityAction lvl1 hero2
t=3 ph=3 ap=0 snaps=1964 hooks=35 inst=43 rollout "Chain Lightning" Spell lvl3 hero1
t=3 ph=3 ap=0 snaps=1975 hooks=35 inst=43 rollout "Chain Lightning" Spell lvl3 hero1
t=3 ph=3 ap=0 snaps=1984 hooks=35 inst=43 rollout "Adventurousness" AbilityAction lvl1 hero2
t=3 ph=3 ap=0 snaps=1992 hooks=35 inst=43 rollout "Adventurousness" AbilityAction lvl1 hero2
t=3 ph=3 ap=0 snaps=1998 hooks=35 inst=43 rollout "Chain Lightning" Spell lvl3 hero1
t=3 ph=3 ap=0 snaps=2006 hooks=35 inst=43 rollout "Chain Lightning" Spell lvl3 hero1
t=3 ph=3 ap=0 snaps=2015 hooks=35 inst=43 rollout "Chain Lightning" Spell lvl3 hero1
t=3 ph=3 ap=0 snaps=2028 hooks=35 inst=43 rollout "Chain Lightning" Spell lvl3 hero1
t=3 ph=3 ap=0 snaps=2042 hooks=35 inst=43 rollout "Chain Lightning" Spell lvl3 hero1
t=3 ph=3 ap=0 snaps=2053 hooks=35 inst=43 rollout "Chain Lightning" Spell lvl3 hero1
t=3 ph=3 ap=0 snaps=2067 hooks=35 inst=43 rollout "Chain Lightning" Spell lvl3 hero1
t=3 ph=3 ap=0 snaps=2074 hooks=35 inst=43 rollout "Chain Lightning" Spell lvl3 hero1
t=3 ph=3 ap=0 snaps=2084 hooks=35 inst=43 rollout "Chain Lightning" Spell lvl3 hero1
t=3 ph=3 ap=0 snaps=2094 hooks=35 inst=43 rollout "Chain Lightning" Spell lvl3 hero1
t=3 ph=3 ap=0 snaps=2103 hooks=35 inst=43 rollout "Chain Lightning" Spell lvl3 hero1
t=3 ph=3 ap=0 snaps=2111 hooks=35 inst=43 rollout "Chain Lightning" Spell lvl3 hero1
t=3 ph=3 ap=0 snaps=2119 hooks=35 inst=43 rollout "Chain Lightning" Spell lvl3 hero1
t=3 ph=3 ap=0 snaps=2126 hooks=35 inst=43 rollout "Chain Lightning" Spell lvl3 hero1
t=3 ph=3 ap=0 snaps=2142 hooks=35 inst=43 rollout "Chain Lightning" Spell lvl3 hero1
t=3 ph=3 ap=0 snaps=2149 hooks=35 inst=43 rollout "Chain Lightning" Spell lvl3 hero1
t=3 ph=3 ap=0 snaps=2157 hooks=35 inst=43 rollout "Chain Lightning" Spell lvl3 hero1
t=3 ph=3 ap=0 snaps=2164 hooks=35 inst=43 rollout "Chain Lightning" Spell lvl3 hero1
t=3 ph=3 ap=0 snaps=2175 hooks=35 inst=43 rollout "Chain Lightning" Spell lvl3 hero1
t=3 ph=3 ap=0 snaps=2189 hooks=35 inst=43 rollout "Chain Lightning" Spell lvl3 hero1
t=3 ph=3 ap=0 snaps=2196 hooks=35 inst=43 rollout "Chain Lightning" Spell lvl3 hero1
t=3 ph=3 ap=0 snaps=2205 hooks=35 inst=43 rollout "Chain Lightning" Spell lvl3 hero1
t=3 ph=3 ap=0 snaps=2215 hooks=35 inst=43 rollout "Chain Lightning" Spell lvl3 hero1
t=3 ph=3 ap=0 snaps=2227 hooks=35 inst=43 rollout "Chain Lightning" Spell lvl3 hero1
t=3 ph=3 ap=0 snaps=2238 hooks=35 inst=43 rollout "Chain Lightning" Spell lvl3 hero1
t=3 ph=3 ap=0 snaps=2245 hooks=35 inst=43 rollout "Chain Lightning" Spell lvl3 hero1
t=3 ph=3 ap=0 snaps=2253 hooks=35 inst=43 rollout "Chain Lightning" Spell lvl3 hero1
t=3 ph=3 ap=0 snaps=2267 hooks=35 inst=43 rollout "Chain Lightning" Spell lvl3 hero1
t=3 ph=3 ap=0 snaps=2275 hooks=35 inst=43 rollout "Chain Lightning" Spell lvl3 hero1
t=3 ph=3 ap=0 snaps=2289 hooks=35 inst=43 rollout "Chain Lightning" Spell lvl3 hero1
t=3 ph=3 ap=0 snaps=2297 hooks=35 inst=43 rollout "Chain Lightning" Spell lvl3 hero1
t=3 ph=3 ap=0 snaps=2311 hooks=35 inst=43 rollout "Chain Lightning" Spell lvl3 hero1
t=3 ph=3 ap=0 snaps=2318 hooks=35 inst=43 rollout "Chain Lightning" Spell lvl3 hero1
t=3 ph=3 ap=0 snaps=2328 hooks=35 inst=43 rollout "Chain Lightning" Spell lvl3 hero1
t=3 ph=3 ap=0 snaps=2335 hooks=35 inst=43 rollout "Chain Lightning" Spell lvl3 hero1
t=3 ph=3 ap=0 snaps=2351 hooks=35 inst=43 rollout "Chain Lightning" Spell lvl3 hero1
t=3 ph=3 ap=0 snaps=2364 hooks=35 inst=43 rollout "Chain Lightning" Spell lvl3 hero1
t=3 ph=3 ap=0 snaps=2372 hooks=35 inst=43 rollout "Chain Lightning" Spell lvl3 hero1
t=3 ph=3 ap=0 snaps=2383 hooks=35 inst=43 rollout "Chain Lightning" Spell lvl3 hero1
t=3 ph=3 ap=0 snaps=2392 hooks=35 inst=43 rollout "Chain Lightning" Spell lvl3 hero1
t=3 ph=3 ap=0 snaps=2408 hooks=35 inst=43 rollout "Chain Lightning" Spell lvl3 hero1
t=3 ph=3 ap=0 snaps=2417 hooks=35 inst=43 rollout "Chain Lightning" Spell lvl3 hero1
t=3 ph=3 ap=0 snaps=2427 hooks=35 inst=43 rollout "Chain Lightning" Spell lvl3 hero1
t=3 ph=3 ap=0 snaps=2438 hooks=35 inst=43 rollout "Chain Lightning" Spell lvl3 hero1
t=3 ph=3 ap=0 snaps=2445 hooks=35 inst=43 rollout "Chain Lightning" Spell lvl3 hero1
t=3 ph=3 ap=0 snaps=2454 hooks=35 inst=43 rollout "Chain Lightning" Spell lvl3 hero1
t=3 ph=3 ap=0 snaps=2463 hooks=35 inst=43 rollout "Chain Lightning" Spell lvl3 hero1
t=3 ph=3 ap=0 snaps=2470 hooks=35 inst=43 rollout "Chain Lightning" Spell lvl3 hero1
t=3 ph=3 ap=0 snaps=2481 hooks=35 inst=43 rollout "Chain Lightning" Spell lvl3 hero1
t=3 ph=3 ap=0 snaps=2489 hooks=35 inst=43 rollout "Chain Lightning" Spell lvl3 hero1
t=3 ph=3 ap=0 snaps=2499 hooks=35 inst=43 rollout "Chain Lightning" Spell lvl3 hero1
t=3 ph=3 ap=0 snaps=2508 hooks=35 inst=43 rollout "Chain Lightning" Spell lvl3 hero1
t=3 ph=3 ap=0 snaps=2517 hooks=35 inst=43 rollout "Chain Lightning" Spell lvl3 hero1
t=3 ph=3 ap=0 snaps=2525 hooks=35 inst=43 rollout "Chain Lightning" Spell lvl3 hero1
t=3 ph=3 ap=0 snaps=2538 hooks=35 inst=43 rollout "Chain Lightning" Spell lvl3 hero1
t=3 ph=3 ap=0 snaps=2548 hooks=35 inst=43 rollout "Chain Lightning" Spell lvl3 hero1
t=3 ph=3 ap=0 snaps=2555 hooks=35 inst=43 rollout "Chain Lightning" Spell lvl3 hero1
t=3 ph=3 ap=0 snaps=2562 hooks=35 inst=43 rollout "Chain Lightning" Spell lvl3 hero1
t=3 ph=3 ap=0 snaps=2572 hooks=35 inst=43 rollout "Chain Lightning" Spell lvl3 hero1
t=3 ph=3 ap=0 snaps=2580 hooks=35 inst=43 rollout "Chain Lightning" Spell lvl3 hero1
t=3 ph=3 ap=0 snaps=2589 hooks=35 inst=43 rollout "Chain Lightning" Spell lvl3 hero1
t=3 ph=3 ap=0 snaps=2596 hooks=35 inst=43 rollout "Chain Lightning" Spell lvl3 hero1
t=3 ph=3 ap=0 snaps=2606 hooks=35 inst=43 rollout "Chain Lightning" Spell lvl3 hero1
t=3 ph=3 ap=0 snaps=2613 hooks=35 inst=43 rollout "Chain Lightning" Spell lvl3 hero1
t=3 ph=3 ap=0 snaps=2621 hooks=35 inst=43 rollout "Chain Lightning" Spell lvl3 hero1
t=3 ph=3 ap=0 snaps=2632 hooks=35 inst=43 rollout "Chain Lightning" Spell lvl3 hero1
t=3 ph=3 ap=0 snaps=2643 hooks=35 inst=43 rollout "Chain Lightning" Spell lvl3 hero1
t=3 ph=3 ap=0 snaps=2652 hooks=35 inst=43 rollout "Chain Lightning" Spell lvl3 hero1
t=3 ph=3 ap=0 snaps=2659 hooks=35 inst=43 rollout "Chain Lightning" Spell lvl3 hero1
t=3 ph=5 ap=0 snaps=2667 hooks=52 inst=43 switchTurn ending p0
t=4 ph=2 ap=1 snaps=2667 hooks=10 inst=44 cpuTurnStart cpu=p1 hand=5
t=4 ph=3 ap=1 snaps=2705 hooks=25 inst=46 rollout "Adventurousness" AbilityAction lvl1 hero0
t=4 ph=3 ap=1 snaps=2719 hooks=25 inst=46 rollout "Adventurousness" AbilityAction lvl1 hero0
t=4 ph=3 ap=1 snaps=2735 hooks=25 inst=46 rollout "Adventurousness" AbilityAction lvl1 hero0
t=4 ph=3 ap=1 snaps=2746 hooks=25 inst=46 rollout "Adventurousness" AbilityAction lvl1 hero0
t=4 ph=3 ap=1 snaps=2754 hooks=25 inst=46 rollout "Adventurousness" AbilityAction lvl1 hero0
t=4 ph=3 ap=1 snaps=2762 hooks=25 inst=46 rollout "Adventurousness" AbilityAction lvl1 hero0
t=4 ph=3 ap=1 snaps=2772 hooks=25 inst=46 rollout "Adventurousness" AbilityAction lvl1 hero0
t=4 ph=3 ap=1 snaps=2784 hooks=25 inst=46 rollout "Adventurousness" AbilityAction lvl1 hero0
t=4 ph=3 ap=1 snaps=2795 hooks=25 inst=46 rollout "Adventurousness" AbilityAction lvl1 hero0
t=4 ph=3 ap=1 snaps=2807 hooks=25 inst=46 rollout "Adventurousness" AbilityAction lvl1 hero0
t=4 ph=3 ap=1 snaps=2817 hooks=25 inst=46 rollout "Adventurousness" AbilityAction lvl1 hero0
t=4 ph=3 ap=1 snaps=2826 hooks=25 inst=46 rollout "Adventurousness" AbilityAction lvl1 hero0
t=4 ph=3 ap=1 snaps=2834 hooks=25 inst=46 rollout "Adventurousness" AbilityAction lvl1 hero0
t=4 ph=3 ap=1 snaps=2848 hooks=25 inst=46 rollout "Adventurousness" AbilityAction lvl1 hero0
t=4 ph=3 ap=1 snaps=2855 hooks=25 inst=46 rollout "Adventurousness" AbilityAction lvl1 hero0
t=4 ph=3 ap=1 snaps=2865 hooks=25 inst=46 rollout "Adventurousness" AbilityAction lvl1 hero0
t=4 ph=3 ap=1 snaps=2872 hooks=25 inst=46 rollout "Adventurousness" AbilityAction lvl1 hero0
t=4 ph=3 ap=1 snaps=2881 hooks=25 inst=46 rollout "Adventurousness" AbilityAction lvl1 hero0
t=4 ph=3 ap=1 snaps=2889 hooks=25 inst=46 rollout "Adventurousness" AbilityAction lvl1 hero0
t=4 ph=3 ap=1 snaps=2899 hooks=25 inst=46 rollout "Adventurousness" AbilityAction lvl1 hero0
t=4 ph=3 ap=1 snaps=2914 hooks=25 inst=46 rollout "Adventurousness" AbilityAction lvl1 hero0
t=4 ph=3 ap=1 snaps=2925 hooks=25 inst=46 rollout "Adventurousness" AbilityAction lvl1 hero0
t=4 ph=3 ap=1 snaps=2932 hooks=25 inst=46 rollout "Adventurousness" AbilityAction lvl1 hero0
t=4 ph=3 ap=1 snaps=2946 hooks=25 inst=46 rollout "Adventurousness" AbilityAction lvl1 hero0
t=4 ph=3 ap=1 snaps=2955 hooks=25 inst=46 rollout "Adventurousness" AbilityAction lvl1 hero0
t=4 ph=3 ap=1 snaps=2966 hooks=25 inst=46 rollout "Adventurousness" AbilityAction lvl1 hero0
t=4 ph=3 ap=1 snaps=2972 hooks=25 inst=46 rollout "Adventurousness" AbilityAction lvl1 hero0
t=4 ph=3 ap=1 snaps=2978 hooks=25 inst=46 rollout "Adventurousness" AbilityAction lvl1 hero0
t=4 ph=3 ap=1 snaps=2983 hooks=25 inst=46 rollout "Adventurousness" AbilityAction lvl1 hero0
t=4 ph=3 ap=1 snaps=2990 hooks=25 inst=46 rollout "Adventurousness" AbilityAction lvl1 hero0
t=4 ph=3 ap=1 snaps=3010 hooks=25 inst=46 rollout "Adventurousness" AbilityAction lvl1 hero0
t=4 ph=3 ap=1 snaps=3020 hooks=25 inst=46 rollout "Adventurousness" AbilityAction lvl1 hero0
t=4 ph=3 ap=1 snaps=3036 hooks=25 inst=46 rollout "Adventurousness" AbilityAction lvl1 hero0
t=4 ph=3 ap=1 snaps=3043 hooks=25 inst=46 rollout "Adventurousness" AbilityAction lvl1 hero0
t=4 ph=3 ap=1 snaps=3052 hooks=25 inst=46 rollout "Adventurousness" AbilityAction lvl1 hero0
t=4 ph=3 ap=1 snaps=3059 hooks=25 inst=46 rollout "Adventurousness" AbilityAction lvl1 hero0
t=4 ph=3 ap=1 snaps=3066 hooks=25 inst=46 rollout "Adventurousness" AbilityAction lvl1 hero0
t=4 ph=3 ap=1 snaps=3072 hooks=25 inst=46 rollout "Adventurousness" AbilityAction lvl1 hero0
t=4 ph=3 ap=1 snaps=3078 hooks=25 inst=46 rollout "Adventurousness" AbilityAction lvl1 hero0
t=4 ph=3 ap=1 snaps=3089 hooks=25 inst=46 rollout "Adventurousness" AbilityAction lvl1 hero0
t=4 ph=3 ap=1 snaps=3101 hooks=25 inst=46 rollout "Adventurousness" AbilityAction lvl1 hero0
t=4 ph=3 ap=1 snaps=3110 hooks=25 inst=46 rollout "Adventurousness" AbilityAction lvl1 hero0
t=4 ph=3 ap=1 snaps=3119 hooks=25 inst=46 rollout "Adventurousness" AbilityAction lvl1 hero0
t=4 ph=3 ap=1 snaps=3132 hooks=25 inst=46 rollout "Adventurousness" AbilityAction lvl1 hero0
t=4 ph=3 ap=1 snaps=3147 hooks=25 inst=46 rollout "Adventurousness" AbilityAction lvl1 hero0
t=4 ph=3 ap=1 snaps=3157 hooks=25 inst=46 rollout "Adventurousness" AbilityAction lvl1 hero0
t=4 ph=3 ap=1 snaps=3167 hooks=25 inst=46 rollout "Adventurousness" AbilityAction lvl1 hero0
t=4 ph=3 ap=1 snaps=3175 hooks=25 inst=46 rollout "Adventurousness" AbilityAction lvl1 hero0
t=4 ph=3 ap=1 snaps=3183 hooks=25 inst=46 rollout "Adventurousness" AbilityAction lvl1 hero0
t=4 ph=3 ap=1 snaps=3200 hooks=25 inst=46 rollout "Adventurousness" AbilityAction lvl1 hero0
t=4 ph=3 ap=1 snaps=3210 hooks=25 inst=46 rollout "Adventurousness" AbilityAction lvl1 hero0
t=4 ph=3 ap=1 snaps=3217 hooks=25 inst=46 rollout "Adventurousness" AbilityAction lvl1 hero0
t=4 ph=3 ap=1 snaps=3227 hooks=25 inst=46 rollout "Adventurousness" AbilityAction lvl1 hero0
t=4 ph=3 ap=1 snaps=3238 hooks=25 inst=46 rollout "Adventurousness" AbilityAction lvl1 hero0
t=4 ph=3 ap=1 snaps=3251 hooks=25 inst=46 rollout "Adventurousness" AbilityAction lvl1 hero0
t=4 ph=3 ap=1 snaps=3257 hooks=25 inst=46 rollout "Adventurousness" AbilityAction lvl1 hero0
t=4 ph=3 ap=1 snaps=3262 hooks=25 inst=46 rollout "Adventurousness" AbilityAction lvl1 hero0
t=4 ph=3 ap=1 snaps=3269 hooks=25 inst=46 rollout "Adventurousness" AbilityAction lvl1 hero0
t=4 ph=3 ap=1 snaps=3279 hooks=25 inst=46 rollout "Adventurousness" AbilityAction lvl1 hero0
t=4 ph=3 ap=1 snaps=3288 hooks=25 inst=46 rollout "Adventurousness" AbilityAction lvl1 hero0
t=4 ph=3 ap=1 snaps=3297 hooks=25 inst=46 rollout "Adventurousness" AbilityAction lvl1 hero0
t=4 ph=3 ap=1 snaps=3308 hooks=25 inst=46 rollout "Adventurousness" AbilityAction lvl1 hero0
t=4 ph=3 ap=1 snaps=3316 hooks=25 inst=46 rollout "Adventurousness" AbilityAction lvl1 hero0
t=4 ph=3 ap=1 snaps=3326 hooks=25 inst=46 rollout "Adventurousness" AbilityAction lvl1 hero0
t=4 ph=3 ap=1 snaps=3341 hooks=25 inst=46 rollout "Adventurousness" AbilityAction lvl1 hero0
t=4 ph=3 ap=1 snaps=3348 hooks=25 inst=46 rollout "Adventurousness" AbilityAction lvl1 hero0
t=4 ph=3 ap=1 snaps=3362 hooks=25 inst=46 rollout "Adventurousness" AbilityAction lvl1 hero0
t=4 ph=3 ap=1 snaps=3371 hooks=25 inst=46 rollout "Adventurousness" AbilityAction lvl1 hero0
t=4 ph=3 ap=1 snaps=3380 hooks=25 inst=46 rollout "Adventurousness" AbilityAction lvl1 hero0
t=4 ph=3 ap=1 snaps=3385 hooks=25 inst=46 rollout "Adventurousness" AbilityAction lvl1 hero0
t=4 ph=3 ap=1 snaps=3395 hooks=25 inst=46 rollout "Adventurousness" AbilityAction lvl1 hero0
t=4 ph=3 ap=1 snaps=3412 hooks=25 inst=46 rollout "Adventurousness" AbilityAction lvl1 hero0
t=4 ph=3 ap=1 snaps=3421 hooks=25 inst=46 rollout "Adventurousness" AbilityAction lvl1 hero0
t=4 ph=3 ap=1 snaps=3436 hooks=25 inst=46 rollout "Adventurousness" AbilityAction lvl1 hero0
t=4 ph=3 ap=1 snaps=3445 hooks=25 inst=46 rollout "Adventurousness" AbilityAction lvl1 hero0
t=4 ph=3 ap=1 snaps=3453 hooks=25 inst=46 rollout "Adventurousness" AbilityAction lvl1 hero0
t=4 ph=3 ap=1 snaps=3462 hooks=25 inst=46 rollout "Adventurousness" AbilityAction lvl1 hero0
t=4 ph=3 ap=1 snaps=3471 hooks=25 inst=46 rollout "Adventurousness" AbilityAction lvl1 hero0
t=4 ph=3 ap=1 snaps=3477 hooks=25 inst=46 rollout "Adventurousness" AbilityAction lvl1 hero0
t=4 ph=3 ap=1 snaps=3494 hooks=25 inst=46 rollout "Adventurousness" AbilityAction lvl1 hero0
t=4 ph=5 ap=1 snaps=3506 hooks=33 inst=46 switchTurn ending p1
t=5 ph=2 ap=0 snaps=3506 hooks=10 inst=47 cpuTurnStart cpu=p0 hand=3
t=5 ph=2 ap=0 snaps=3518 hooks=22 inst=52 summon "Ska Harpyformer" p0/h1
t=5 ph=3 ap=0 snaps=3528 hooks=40 inst=54 rollout "Adventurousness" AbilityAction lvl1 hero2
t=5 ph=3 ap=0 snaps=3537 hooks=40 inst=54 rollout "Adventurousness" AbilityAction lvl1 hero2
t=5 ph=3 ap=0 snaps=3545 hooks=40 inst=54 rollout "Adventurousness" AbilityAction lvl1 hero2
t=5 ph=3 ap=0 snaps=3555 hooks=40 inst=54 rollout "Adventurousness" AbilityAction lvl1 hero2
t=5 ph=3 ap=0 snaps=3563 hooks=40 inst=54 rollout "Adventurousness" AbilityAction lvl1 hero2
t=5 ph=3 ap=0 snaps=3571 hooks=40 inst=54 rollout "Adventurousness" AbilityAction lvl1 hero2
t=5 ph=3 ap=0 snaps=3581 hooks=40 inst=54 rollout "Adventurousness" AbilityAction lvl1 hero2
t=5 ph=3 ap=0 snaps=3589 hooks=40 inst=54 rollout "Adventurousness" AbilityAction lvl1 hero2
t=5 ph=3 ap=0 snaps=3603 hooks=40 inst=54 rollout "Adventurousness" AbilityAction lvl1 hero2
t=5 ph=3 ap=0 snaps=3615 hooks=40 inst=54 rollout "Adventurousness" AbilityAction lvl1 hero2
t=5 ph=3 ap=0 snaps=3619 hooks=40 inst=54 rollout "Adventurousness" AbilityAction lvl1 hero2
t=5 ph=3 ap=0 snaps=3628 hooks=40 inst=54 rollout "Adventurousness" AbilityAction lvl1 hero2
t=5 ph=3 ap=0 snaps=3634 hooks=40 inst=54 rollout "Adventurousness" AbilityAction lvl1 hero2
t=5 ph=3 ap=0 snaps=3643 hooks=40 inst=54 rollout "Adventurousness" AbilityAction lvl1 hero2
t=5 ph=3 ap=0 snaps=3655 hooks=40 inst=54 rollout "Adventurousness" AbilityAction lvl1 hero2
t=5 ph=3 ap=0 snaps=3665 hooks=40 inst=54 rollout "Adventurousness" AbilityAction lvl1 hero2
t=5 ph=3 ap=0 snaps=3679 hooks=40 inst=54 rollout "Adventurousness" AbilityAction lvl1 hero2
t=5 ph=3 ap=0 snaps=3687 hooks=40 inst=54 rollout "Adventurousness" AbilityAction lvl1 hero2
t=5 ph=3 ap=0 snaps=3695 hooks=40 inst=54 rollout "Adventurousness" AbilityAction lvl1 hero2
t=5 ph=3 ap=0 snaps=3705 hooks=40 inst=54 rollout "Adventurousness" AbilityAction lvl1 hero2
t=5 ph=3 ap=0 snaps=3718 hooks=40 inst=54 rollout "Adventurousness" AbilityAction lvl1 hero2
t=5 ph=3 ap=0 snaps=3725 hooks=40 inst=54 rollout "Adventurousness" AbilityAction lvl1 hero2
t=5 ph=3 ap=0 snaps=3745 hooks=40 inst=54 rollout "Adventurousness" AbilityAction lvl1 hero2
t=5 ph=3 ap=0 snaps=3755 hooks=40 inst=54 rollout "Adventurousness" AbilityAction lvl1 hero2
t=5 ph=3 ap=0 snaps=3764 hooks=40 inst=54 rollout "Adventurousness" AbilityAction lvl1 hero2
t=5 ph=3 ap=0 snaps=3774 hooks=40 inst=54 rollout "Adventurousness" AbilityAction lvl1 hero2
t=5 ph=3 ap=0 snaps=3785 hooks=40 inst=54 rollout "Adventurousness" AbilityAction lvl1 hero2
t=5 ph=3 ap=0 snaps=3792 hooks=40 inst=54 rollout "Adventurousness" AbilityAction lvl1 hero2
t=5 ph=3 ap=0 snaps=3800 hooks=40 inst=54 rollout "Adventurousness" AbilityAction lvl1 hero2
t=5 ph=3 ap=0 snaps=3808 hooks=40 inst=54 rollout "Adventurousness" AbilityAction lvl1 hero2
t=5 ph=3 ap=0 snaps=3815 hooks=40 inst=54 rollout "Adventurousness" AbilityAction lvl1 hero2
t=5 ph=3 ap=0 snaps=3828 hooks=40 inst=54 rollout "Adventurousness" AbilityAction lvl1 hero2
t=5 ph=3 ap=0 snaps=3838 hooks=40 inst=54 rollout "Adventurousness" AbilityAction lvl1 hero2
t=5 ph=3 ap=0 snaps=3845 hooks=40 inst=54 rollout "Adventurousness" AbilityAction lvl1 hero2
t=5 ph=3 ap=0 snaps=3851 hooks=40 inst=54 rollout "Adventurousness" AbilityAction lvl1 hero2
t=5 ph=3 ap=0 snaps=3859 hooks=40 inst=54 rollout "Adventurousness" AbilityAction lvl1 hero2
t=5 ph=3 ap=0 snaps=3869 hooks=40 inst=54 rollout "Adventurousness" AbilityAction lvl1 hero2
t=5 ph=3 ap=0 snaps=3885 hooks=40 inst=54 rollout "Adventurousness" AbilityAction lvl1 hero2
t=5 ph=3 ap=0 snaps=3893 hooks=40 inst=54 rollout "Adventurousness" AbilityAction lvl1 hero2
t=5 ph=3 ap=0 snaps=3905 hooks=40 inst=54 rollout "Adventurousness" AbilityAction lvl1 hero2
t=5 ph=3 ap=0 snaps=3915 hooks=40 inst=54 rollout "Adventurousness" AbilityAction lvl1 hero2
t=5 ph=3 ap=0 snaps=3924 hooks=40 inst=54 rollout "Adventurousness" AbilityAction lvl1 hero2
t=5 ph=3 ap=0 snaps=3931 hooks=40 inst=54 rollout "Adventurousness" AbilityAction lvl1 hero2
t=5 ph=3 ap=0 snaps=3940 hooks=40 inst=54 rollout "Adventurousness" AbilityAction lvl1 hero2
t=5 ph=3 ap=0 snaps=3947 hooks=40 inst=54 rollout "Adventurousness" AbilityAction lvl1 hero2
t=5 ph=3 ap=0 snaps=3958 hooks=40 inst=54 rollout "Adventurousness" AbilityAction lvl1 hero2
t=5 ph=3 ap=0 snaps=3965 hooks=40 inst=54 rollout "Adventurousness" AbilityAction lvl1 hero2
t=5 ph=3 ap=0 snaps=3976 hooks=40 inst=54 rollout "Adventurousness" AbilityAction lvl1 hero2
t=5 ph=3 ap=0 snaps=3982 hooks=40 inst=54 rollout "Adventurousness" AbilityAction lvl1 hero2
t=5 ph=3 ap=0 snaps=3990 hooks=40 inst=54 rollout "Adventurousness" AbilityAction lvl1 hero2
t=5 ph=3 ap=0 snaps=4005 hooks=40 inst=54 rollout "Adventurousness" AbilityAction lvl1 hero2
t=5 ph=3 ap=0 snaps=4014 hooks=40 inst=54 rollout "Adventurousness" AbilityAction lvl1 hero2
t=5 ph=3 ap=0 snaps=4026 hooks=40 inst=54 rollout "Adventurousness" AbilityAction lvl1 hero2
t=5 ph=3 ap=0 snaps=4033 hooks=40 inst=54 rollout "Adventurousness" AbilityAction lvl1 hero2
t=5 ph=3 ap=0 snaps=4042 hooks=40 inst=54 rollout "Adventurousness" AbilityAction lvl1 hero2
t=5 ph=3 ap=0 snaps=4051 hooks=40 inst=54 rollout "Adventurousness" AbilityAction lvl1 hero2
t=5 ph=3 ap=0 snaps=4061 hooks=40 inst=54 rollout "Adventurousness" AbilityAction lvl1 hero2
t=5 ph=3 ap=0 snaps=4069 hooks=40 inst=54 rollout "Adventurousness" AbilityAction lvl1 hero2
t=5 ph=3 ap=0 snaps=4079 hooks=40 inst=54 rollout "Adventurousness" AbilityAction lvl1 hero2
t=5 ph=3 ap=0 snaps=4087 hooks=40 inst=54 rollout "Adventurousness" AbilityAction lvl1 hero2
t=5 ph=3 ap=0 snaps=4095 hooks=40 inst=54 rollout "Adventurousness" AbilityAction lvl1 hero2
t=5 ph=3 ap=0 snaps=4110 hooks=40 inst=54 rollout "Adventurousness" AbilityAction lvl1 hero2
t=5 ph=3 ap=0 snaps=4117 hooks=40 inst=54 rollout "Adventurousness" AbilityAction lvl1 hero2
t=5 ph=3 ap=0 snaps=4126 hooks=40 inst=54 rollout "Adventurousness" AbilityAction lvl1 hero2
t=5 ph=3 ap=0 snaps=4134 hooks=40 inst=54 rollout "Adventurousness" AbilityAction lvl1 hero2
t=5 ph=3 ap=0 snaps=4141 hooks=40 inst=54 rollout "Adventurousness" AbilityAction lvl1 hero2
t=5 ph=3 ap=0 snaps=4149 hooks=40 inst=54 rollout "Adventurousness" AbilityAction lvl1 hero2
t=5 ph=3 ap=0 snaps=4160 hooks=40 inst=54 rollout "Adventurousness" AbilityAction lvl1 hero2
t=5 ph=3 ap=0 snaps=4171 hooks=40 inst=54 rollout "Adventurousness" AbilityAction lvl1 hero2
t=5 ph=3 ap=0 snaps=4184 hooks=40 inst=54 rollout "Adventurousness" AbilityAction lvl1 hero2
t=5 ph=3 ap=0 snaps=4201 hooks=40 inst=54 rollout "Adventurousness" AbilityAction lvl1 hero2
t=5 ph=3 ap=0 snaps=4211 hooks=40 inst=54 rollout "Adventurousness" AbilityAction lvl1 hero2
t=5 ph=3 ap=0 snaps=4219 hooks=40 inst=54 rollout "Adventurousness" AbilityAction lvl1 hero2
t=5 ph=3 ap=0 snaps=4227 hooks=40 inst=54 rollout "Adventurousness" AbilityAction lvl1 hero2
t=5 ph=3 ap=0 snaps=4238 hooks=40 inst=54 rollout "Adventurousness" AbilityAction lvl1 hero2
t=5 ph=3 ap=0 snaps=4245 hooks=40 inst=54 rollout "Adventurousness" AbilityAction lvl1 hero2
t=5 ph=3 ap=0 snaps=4256 hooks=40 inst=54 rollout "Adventurousness" AbilityAction lvl1 hero2
t=5 ph=3 ap=0 snaps=4270 hooks=40 inst=54 rollout "Adventurousness" AbilityAction lvl1 hero2
t=5 ph=3 ap=0 snaps=4279 hooks=40 inst=54 rollout "Adventurousness" AbilityAction lvl1 hero2
t=5 ph=3 ap=0 snaps=4288 hooks=40 inst=54 rollout "Adventurousness" AbilityAction lvl1 hero2
t=5 ph=5 ap=0 snaps=4304 hooks=48 inst=54 switchTurn ending p0
t=6 ph=2 ap=1 snaps=4304 hooks=10 inst=55 cpuTurnStart cpu=p1 hand=3
t=6 ph=3 ap=1 snaps=4311 hooks=19 inst=57 rollout "Adventurousness" AbilityAction lvl2 hero0
t=6 ph=3 ap=1 snaps=4325 hooks=19 inst=57 rollout "Adventurousness" AbilityAction lvl2 hero0
t=6 ph=3 ap=1 snaps=4333 hooks=19 inst=57 rollout "Adventurousness" AbilityAction lvl2 hero0
t=6 ph=3 ap=1 snaps=4342 hooks=19 inst=57 rollout "Adventurousness" AbilityAction lvl2 hero0
t=6 ph=3 ap=1 snaps=4351 hooks=19 inst=57 rollout "Adventurousness" AbilityAction lvl2 hero0
t=6 ph=3 ap=1 snaps=4359 hooks=19 inst=57 rollout "Adventurousness" AbilityAction lvl2 hero0
t=6 ph=3 ap=1 snaps=4369 hooks=19 inst=57 rollout "Adventurousness" AbilityAction lvl2 hero0
t=6 ph=3 ap=1 snaps=4381 hooks=19 inst=57 rollout "Adventurousness" AbilityAction lvl2 hero0
t=6 ph=3 ap=1 snaps=4393 hooks=19 inst=57 rollout "Adventurousness" AbilityAction lvl2 hero0
t=6 ph=3 ap=1 snaps=4401 hooks=19 inst=57 rollout "Adventurousness" AbilityAction lvl2 hero0
t=6 ph=3 ap=1 snaps=4408 hooks=19 inst=57 rollout "Adventurousness" AbilityAction lvl2 hero0
t=6 ph=3 ap=1 snaps=4418 hooks=19 inst=57 rollout "Adventurousness" AbilityAction lvl2 hero0
t=6 ph=3 ap=1 snaps=4423 hooks=19 inst=57 rollout "Adventurousness" AbilityAction lvl2 hero0
t=6 ph=3 ap=1 snaps=4430 hooks=19 inst=57 rollout "Adventurousness" AbilityAction lvl2 hero0
t=6 ph=3 ap=1 snaps=4438 hooks=19 inst=57 rollout "Adventurousness" AbilityAction lvl2 hero0
t=6 ph=3 ap=1 snaps=4446 hooks=19 inst=57 rollout "Adventurousness" AbilityAction lvl2 hero0
t=6 ph=3 ap=1 snaps=4455 hooks=19 inst=57 rollout "Adventurousness" AbilityAction lvl2 hero0
t=6 ph=3 ap=1 snaps=4462 hooks=19 inst=57 rollout "Adventurousness" AbilityAction lvl2 hero0
t=6 ph=3 ap=1 snaps=4472 hooks=19 inst=57 rollout "Adventurousness" AbilityAction lvl2 hero0
t=6 ph=3 ap=1 snaps=4482 hooks=19 inst=57 rollout "Adventurousness" AbilityAction lvl2 hero0
t=6 ph=3 ap=1 snaps=4492 hooks=19 inst=57 rollout "Adventurousness" AbilityAction lvl2 hero0
t=6 ph=3 ap=1 snaps=4497 hooks=19 inst=57 rollout "Adventurousness" AbilityAction lvl2 hero0
t=6 ph=3 ap=1 snaps=4507 hooks=19 inst=57 rollout "Adventurousness" AbilityAction lvl2 hero0
t=6 ph=3 ap=1 snaps=4519 hooks=19 inst=57 rollout "Adventurousness" AbilityAction lvl2 hero0
t=6 ph=3 ap=1 snaps=4527 hooks=19 inst=57 rollout "Adventurousness" AbilityAction lvl2 hero0
t=6 ph=3 ap=1 snaps=4535 hooks=19 inst=57 rollout "Adventurousness" AbilityAction lvl2 hero0
t=6 ph=3 ap=1 snaps=4548 hooks=19 inst=57 rollout "Adventurousness" AbilityAction lvl2 hero0
t=6 ph=3 ap=1 snaps=4558 hooks=19 inst=57 rollout "Adventurousness" AbilityAction lvl2 hero0
t=6 ph=3 ap=1 snaps=4566 hooks=19 inst=57 rollout "Adventurousness" AbilityAction lvl2 hero0
t=6 ph=3 ap=1 snaps=4572 hooks=19 inst=57 rollout "Adventurousness" AbilityAction lvl2 hero0
t=6 ph=3 ap=1 snaps=4582 hooks=19 inst=57 rollout "Adventurousness" AbilityAction lvl2 hero0
t=6 ph=3 ap=1 snaps=4592 hooks=19 inst=57 rollout "Adventurousness" AbilityAction lvl2 hero0
t=6 ph=3 ap=1 snaps=4604 hooks=19 inst=57 rollout "Adventurousness" AbilityAction lvl2 hero0
t=6 ph=3 ap=1 snaps=4611 hooks=19 inst=57 rollout "Adventurousness" AbilityAction lvl2 hero0
t=6 ph=3 ap=1 snaps=4622 hooks=19 inst=57 rollout "Adventurousness" AbilityAction lvl2 hero0
t=6 ph=3 ap=1 snaps=4633 hooks=19 inst=57 rollout "Adventurousness" AbilityAction lvl2 hero0
t=6 ph=3 ap=1 snaps=4643 hooks=19 inst=57 rollout "Adventurousness" AbilityAction lvl2 hero0
t=6 ph=3 ap=1 snaps=4656 hooks=19 inst=57 rollout "Adventurousness" AbilityAction lvl2 hero0
t=6 ph=3 ap=1 snaps=4664 hooks=19 inst=57 rollout "Adventurousness" AbilityAction lvl2 hero0
t=6 ph=3 ap=1 snaps=4672 hooks=19 inst=57 rollout "Adventurousness" AbilityAction lvl2 hero0
t=6 ph=3 ap=1 snaps=4680 hooks=19 inst=57 rollout "Adventurousness" AbilityAction lvl2 hero0
t=6 ph=3 ap=1 snaps=4688 hooks=19 inst=57 rollout "Adventurousness" AbilityAction lvl2 hero0
t=6 ph=3 ap=1 snaps=4700 hooks=19 inst=57 rollout "Adventurousness" AbilityAction lvl2 hero0
t=6 ph=3 ap=1 snaps=4707 hooks=19 inst=57 rollout "Adventurousness" AbilityAction lvl2 hero0
t=6 ph=3 ap=1 snaps=4715 hooks=19 inst=57 rollout "Adventurousness" AbilityAction lvl2 hero0
t=6 ph=3 ap=1 snaps=4724 hooks=19 inst=57 rollout "Adventurousness" AbilityAction lvl2 hero0
t=6 ph=3 ap=1 snaps=4733 hooks=19 inst=57 rollout "Adventurousness" AbilityAction lvl2 hero0
t=6 ph=3 ap=1 snaps=4746 hooks=19 inst=57 rollout "Adventurousness" AbilityAction lvl2 hero0
t=6 ph=3 ap=1 snaps=4752 hooks=19 inst=57 rollout "Adventurousness" AbilityAction lvl2 hero0
t=6 ph=3 ap=1 snaps=4765 hooks=19 inst=57 rollout "Adventurousness" AbilityAction lvl2 hero0
t=6 ph=3 ap=1 snaps=4771 hooks=19 inst=57 rollout "Adventurousness" AbilityAction lvl2 hero0
t=6 ph=3 ap=1 snaps=4782 hooks=19 inst=57 rollout "Adventurousness" AbilityAction lvl2 hero0
t=6 ph=3 ap=1 snaps=4794 hooks=19 inst=57 rollout "Adventurousness" AbilityAction lvl2 hero0
t=6 ph=3 ap=1 snaps=4807 hooks=19 inst=57 rollout "Adventurousness" AbilityAction lvl2 hero0
t=6 ph=3 ap=1 snaps=4816 hooks=19 inst=57 rollout "Adventurousness" AbilityAction lvl2 hero0
t=6 ph=3 ap=1 snaps=4827 hooks=19 inst=57 rollout "Adventurousness" AbilityAction lvl2 hero0
t=6 ph=3 ap=1 snaps=4834 hooks=19 inst=57 rollout "Adventurousness" AbilityAction lvl2 hero0
t=6 ph=3 ap=1 snaps=4842 hooks=19 inst=57 rollout "Adventurousness" AbilityAction lvl2 hero0
t=6 ph=3 ap=1 snaps=4855 hooks=19 inst=57 rollout "Adventurousness" AbilityAction lvl2 hero0
t=6 ph=3 ap=1 snaps=4867 hooks=19 inst=57 rollout "Adventurousness" AbilityAction lvl2 hero0
t=6 ph=3 ap=1 snaps=4876 hooks=19 inst=57 rollout "Adventurousness" AbilityAction lvl2 hero0
t=6 ph=3 ap=1 snaps=4884 hooks=19 inst=57 rollout "Adventurousness" AbilityAction lvl2 hero0
t=6 ph=3 ap=1 snaps=4892 hooks=19 inst=57 rollout "Adventurousness" AbilityAction lvl2 hero0
t=6 ph=3 ap=1 snaps=4900 hooks=19 inst=57 rollout "Adventurousness" AbilityAction lvl2 hero0
t=6 ph=3 ap=1 snaps=4906 hooks=19 inst=57 rollout "Adventurousness" AbilityAction lvl2 hero0
t=6 ph=3 ap=1 snaps=4915 hooks=19 inst=57 rollout "Adventurousness" AbilityAction lvl2 hero0
t=6 ph=3 ap=1 snaps=4925 hooks=19 inst=57 rollout "Adventurousness" AbilityAction lvl2 hero0
t=6 ph=3 ap=1 snaps=4932 hooks=19 inst=57 rollout "Adventurousness" AbilityAction lvl2 hero0
t=6 ph=3 ap=1 snaps=4941 hooks=19 inst=57 rollout "Adventurousness" AbilityAction lvl2 hero0
t=6 ph=3 ap=1 snaps=4950 hooks=19 inst=57 rollout "Adventurousness" AbilityAction lvl2 hero0
t=6 ph=3 ap=1 snaps=4956 hooks=19 inst=57 rollout "Adventurousness" AbilityAction lvl2 hero0
t=6 ph=3 ap=1 snaps=4969 hooks=19 inst=57 rollout "Adventurousness" AbilityAction lvl2 hero0
t=6 ph=3 ap=1 snaps=4978 hooks=19 inst=57 rollout "Adventurousness" AbilityAction lvl2 hero0
t=6 ph=3 ap=1 snaps=4988 hooks=19 inst=57 rollout "Adventurousness" AbilityAction lvl2 hero0
t=6 ph=3 ap=1 snaps=4994 hooks=19 inst=57 rollout "Adventurousness" AbilityAction lvl2 hero0
t=6 ph=3 ap=1 snaps=5001 hooks=19 inst=57 rollout "Adventurousness" AbilityAction lvl2 hero0
t=6 ph=3 ap=1 snaps=5010 hooks=19 inst=57 rollout "Adventurousness" AbilityAction lvl2 hero0
t=6 ph=3 ap=1 snaps=5022 hooks=19 inst=57 rollout "Adventurousness" AbilityAction lvl2 hero0
t=6 ph=3 ap=1 snaps=5035 hooks=19 inst=57 rollout "Adventurousness" AbilityAction lvl2 hero0
t=6 ph=3 ap=1 snaps=5044 hooks=19 inst=57 rollout "Adventurousness" AbilityAction lvl2 hero0
t=6 ph=5 ap=1 snaps=5057 hooks=27 inst=57 switchTurn ending p1
t=7 ph=2 ap=0 snaps=5057 hooks=10 inst=58 cpuTurnStart cpu=p0 hand=4
t=7 ph=3 ap=0 snaps=5083 hooks=22 inst=62 rollout "Adventurousness" AbilityAction lvl1 hero2
t=7 ph=3 ap=0 snaps=5093 hooks=22 inst=62 rollout "Adventurousness" AbilityAction lvl1 hero2
t=7 ph=3 ap=0 snaps=5103 hooks=22 inst=62 rollout "Adventurousness" AbilityAction lvl1 hero2
t=7 ph=3 ap=0 snaps=5109 hooks=22 inst=62 rollout "Adventurousness" AbilityAction lvl1 hero2
t=7 ph=3 ap=0 snaps=5118 hooks=22 inst=62 rollout "Adventurousness" AbilityAction lvl1 hero2
t=7 ph=3 ap=0 snaps=5126 hooks=22 inst=62 rollout "Adventurousness" AbilityAction lvl1 hero2
t=7 ph=3 ap=0 snaps=5133 hooks=22 inst=62 rollout "Adventurousness" AbilityAction lvl1 hero2
t=7 ph=3 ap=0 snaps=5148 hooks=22 inst=62 rollout "Adventurousness" AbilityAction lvl1 hero2
t=7 ph=3 ap=0 snaps=5156 hooks=22 inst=62 rollout "Adventurousness" AbilityAction lvl1 hero2
t=7 ph=3 ap=0 snaps=5172 hooks=22 inst=62 rollout "Adventurousness" AbilityAction lvl1 hero2
t=7 ph=3 ap=0 snaps=5181 hooks=22 inst=62 rollout "Adventurousness" AbilityAction lvl1 hero2
t=7 ph=3 ap=0 snaps=5188 hooks=22 inst=62 rollout "Adventurousness" AbilityAction lvl1 hero2
t=7 ph=3 ap=0 snaps=5198 hooks=22 inst=62 rollout "Adventurousness" AbilityAction lvl1 hero2
t=7 ph=3 ap=0 snaps=5221 hooks=22 inst=62 rollout "Adventurousness" AbilityAction lvl1 hero2
t=7 ph=3 ap=0 snaps=5230 hooks=22 inst=62 rollout "Adventurousness" AbilityAction lvl1 hero2
t=7 ph=3 ap=0 snaps=5240 hooks=22 inst=62 rollout "Adventurousness" AbilityAction lvl1 hero2
t=7 ph=3 ap=0 snaps=5251 hooks=22 inst=62 rollout "Adventurousness" AbilityAction lvl1 hero2
t=7 ph=3 ap=0 snaps=5260 hooks=22 inst=62 rollout "Adventurousness" AbilityAction lvl1 hero2
t=7 ph=3 ap=0 snaps=5278 hooks=22 inst=62 rollout "Adventurousness" AbilityAction lvl1 hero2
t=7 ph=3 ap=0 snaps=5289 hooks=22 inst=62 rollout "Adventurousness" AbilityAction lvl1 hero2
t=7 ph=3 ap=0 snaps=5294 hooks=22 inst=62 rollout "Adventurousness" AbilityAction lvl1 hero2
t=7 ph=3 ap=0 snaps=5299 hooks=22 inst=62 rollout "Adventurousness" AbilityAction lvl1 hero2
t=7 ph=3 ap=0 snaps=5303 hooks=22 inst=62 rollout "Adventurousness" AbilityAction lvl1 hero2
t=7 ph=3 ap=0 snaps=5314 hooks=22 inst=62 rollout "Adventurousness" AbilityAction lvl1 hero2
t=7 ph=3 ap=0 snaps=5327 hooks=22 inst=62 rollout "Adventurousness" AbilityAction lvl1 hero2
t=7 ph=3 ap=0 snaps=5339 hooks=22 inst=62 rollout "Adventurousness" AbilityAction lvl1 hero2
t=7 ph=3 ap=0 snaps=5346 hooks=22 inst=62 rollout "Adventurousness" AbilityAction lvl1 hero2
t=7 ph=3 ap=0 snaps=5353 hooks=22 inst=62 rollout "Adventurousness" AbilityAction lvl1 hero2
t=7 ph=3 ap=0 snaps=5363 hooks=22 inst=62 rollout "Adventurousness" AbilityAction lvl1 hero2
t=7 ph=3 ap=0 snaps=5372 hooks=22 inst=62 rollout "Adventurousness" AbilityAction lvl1 hero2
t=7 ph=3 ap=0 snaps=5385 hooks=22 inst=62 rollout "Adventurousness" AbilityAction lvl1 hero2
t=7 ph=3 ap=0 snaps=5392 hooks=22 inst=62 rollout "Adventurousness" AbilityAction lvl1 hero2
t=7 ph=3 ap=0 snaps=5400 hooks=22 inst=62 rollout "Adventurousness" AbilityAction lvl1 hero2
t=7 ph=3 ap=0 snaps=5409 hooks=22 inst=62 rollout "Adventurousness" AbilityAction lvl1 hero2
t=7 ph=3 ap=0 snaps=5418 hooks=22 inst=62 rollout "Adventurousness" AbilityAction lvl1 hero2
t=7 ph=3 ap=0 snaps=5426 hooks=22 inst=62 rollout "Adventurousness" AbilityAction lvl1 hero2
t=7 ph=3 ap=0 snaps=5436 hooks=22 inst=62 rollout "Adventurousness" AbilityAction lvl1 hero2
t=7 ph=3 ap=0 snaps=5447 hooks=22 inst=62 rollout "Adventurousness" AbilityAction lvl1 hero2
t=7 ph=3 ap=0 snaps=5458 hooks=22 inst=62 rollout "Adventurousness" AbilityAction lvl1 hero2
t=7 ph=3 ap=0 snaps=5467 hooks=22 inst=62 rollout "Adventurousness" AbilityAction lvl1 hero2
t=7 ph=3 ap=0 snaps=5476 hooks=22 inst=62 rollout "Adventurousness" AbilityAction lvl1 hero2
t=7 ph=3 ap=0 snaps=5487 hooks=22 inst=62 rollout "Adventurousness" AbilityAction lvl1 hero2
t=7 ph=3 ap=0 snaps=5498 hooks=22 inst=62 rollout "Adventurousness" AbilityAction lvl1 hero2
t=7 ph=3 ap=0 snaps=5515 hooks=22 inst=62 rollout "Adventurousness" AbilityAction lvl1 hero2
t=7 ph=3 ap=0 snaps=5524 hooks=22 inst=62 rollout "Adventurousness" AbilityAction lvl1 hero2
t=7 ph=3 ap=0 snaps=5532 hooks=22 inst=62 rollout "Adventurousness" AbilityAction lvl1 hero2
t=7 ph=3 ap=0 snaps=5546 hooks=22 inst=62 rollout "Adventurousness" AbilityAction lvl1 hero2
t=7 ph=3 ap=0 snaps=5555 hooks=22 inst=62 rollout "Adventurousness" AbilityAction lvl1 hero2
t=7 ph=3 ap=0 snaps=5566 hooks=22 inst=62 rollout "Adventurousness" AbilityAction lvl1 hero2
t=7 ph=3 ap=0 snaps=5574 hooks=22 inst=62 rollout "Adventurousness" AbilityAction lvl1 hero2
t=7 ph=3 ap=0 snaps=5589 hooks=22 inst=62 rollout "Adventurousness" AbilityAction lvl1 hero2
t=7 ph=3 ap=0 snaps=5598 hooks=22 inst=62 rollout "Adventurousness" AbilityAction lvl1 hero2
t=7 ph=3 ap=0 snaps=5609 hooks=22 inst=62 rollout "Adventurousness" AbilityAction lvl1 hero2
t=7 ph=3 ap=0 snaps=5615 hooks=22 inst=62 rollout "Adventurousness" AbilityAction lvl1 hero2
t=7 ph=3 ap=0 snaps=5627 hooks=22 inst=62 rollout "Adventurousness" AbilityAction lvl1 hero2
t=7 ph=3 ap=0 snaps=5639 hooks=22 inst=62 rollout "Adventurousness" AbilityAction lvl1 hero2
t=7 ph=3 ap=0 snaps=5647 hooks=22 inst=62 rollout "Adventurousness" AbilityAction lvl1 hero2
t=7 ph=3 ap=0 snaps=5660 hooks=22 inst=62 rollout "Adventurousness" AbilityAction lvl1 hero2
t=7 ph=3 ap=0 snaps=5671 hooks=22 inst=62 rollout "Adventurousness" AbilityAction lvl1 hero2
t=7 ph=3 ap=0 snaps=5682 hooks=22 inst=62 rollout "Adventurousness" AbilityAction lvl1 hero2
t=7 ph=3 ap=0 snaps=5690 hooks=22 inst=62 rollout "Adventurousness" AbilityAction lvl1 hero2
t=7 ph=3 ap=0 snaps=5699 hooks=22 inst=62 rollout "Adventurousness" AbilityAction lvl1 hero2
t=7 ph=3 ap=0 snaps=5710 hooks=22 inst=62 rollout "Adventurousness" AbilityAction lvl1 hero2
t=7 ph=3 ap=0 snaps=5717 hooks=22 inst=62 rollout "Adventurousness" AbilityAction lvl1 hero2
t=7 ph=3 ap=0 snaps=5730 hooks=22 inst=62 rollout "Adventurousness" AbilityAction lvl1 hero2
t=7 ph=3 ap=0 snaps=5738 hooks=22 inst=62 rollout "Adventurousness" AbilityAction lvl1 hero2
t=7 ph=3 ap=0 snaps=5749 hooks=22 inst=62 rollout "Adventurousness" AbilityAction lvl1 hero2
t=7 ph=3 ap=0 snaps=5762 hooks=22 inst=62 rollout "Adventurousness" AbilityAction lvl1 hero2
t=7 ph=3 ap=0 snaps=5774 hooks=22 inst=62 rollout "Adventurousness" AbilityAction lvl1 hero2
t=7 ph=3 ap=0 snaps=5782 hooks=22 inst=62 rollout "Adventurousness" AbilityAction lvl1 hero2
t=7 ph=3 ap=0 snaps=5790 hooks=22 inst=62 rollout "Adventurousness" AbilityAction lvl1 hero2
t=7 ph=3 ap=0 snaps=5807 hooks=22 inst=62 rollout "Adventurousness" AbilityAction lvl1 hero2
t=7 ph=3 ap=0 snaps=5814 hooks=22 inst=62 rollout "Adventurousness" AbilityAction lvl1 hero2
t=7 ph=3 ap=0 snaps=5821 hooks=22 inst=62 rollout "Adventurousness" AbilityAction lvl1 hero2
t=7 ph=3 ap=0 snaps=5836 hooks=22 inst=62 rollout "Adventurousness" AbilityAction lvl1 hero2
t=7 ph=3 ap=0 snaps=5848 hooks=22 inst=62 rollout "Adventurousness" AbilityAction lvl1 hero2
t=7 ph=3 ap=0 snaps=5861 hooks=22 inst=62 rollout "Adventurousness" AbilityAction lvl1 hero2
t=7 ph=3 ap=0 snaps=5877 hooks=22 inst=62 rollout "Adventurousness" AbilityAction lvl1 hero2
t=7 ph=3 ap=0 snaps=5888 hooks=22 inst=62 rollout "Adventurousness" AbilityAction lvl1 hero2
t=7 ph=3 ap=0 snaps=5899 hooks=22 inst=62 rollout "Adventurousness" AbilityAction lvl1 hero2
t=7 ph=5 ap=0 snaps=5921 hooks=30 inst=62 switchTurn ending p0
t=8 ph=2 ap=1 snaps=5921 hooks=10 inst=63 cpuTurnStart cpu=p1 hand=4
t=8 ph=3 ap=1 snaps=5931 hooks=14 inst=64 rollout "Adventurousness" AbilityAction lvl2 hero0
t=8 ph=3 ap=1 snaps=5939 hooks=14 inst=64 rollout "Adventurousness" AbilityAction lvl2 hero0
t=8 ph=3 ap=1 snaps=5955 hooks=14 inst=64 rollout "Adventurousness" AbilityAction lvl2 hero0
t=8 ph=3 ap=1 snaps=5964 hooks=14 inst=64 rollout "Adventurousness" AbilityAction lvl2 hero0
t=8 ph=3 ap=1 snaps=5978 hooks=14 inst=64 rollout "Adventurousness" AbilityAction lvl2 hero0
t=8 ph=3 ap=1 snaps=5990 hooks=14 inst=64 rollout "Adventurousness" AbilityAction lvl2 hero0
t=8 ph=3 ap=1 snaps=5999 hooks=14 inst=64 rollout "Adventurousness" AbilityAction lvl2 hero0
t=8 ph=3 ap=1 snaps=6011 hooks=14 inst=64 rollout "Adventurousness" AbilityAction lvl2 hero0
t=8 ph=3 ap=1 snaps=6030 hooks=14 inst=64 rollout "Adventurousness" AbilityAction lvl2 hero0
t=8 ph=3 ap=1 snaps=6037 hooks=14 inst=64 rollout "Adventurousness" AbilityAction lvl2 hero0
t=8 ph=3 ap=1 snaps=6043 hooks=14 inst=64 rollout "Adventurousness" AbilityAction lvl2 hero0
t=8 ph=3 ap=1 snaps=6050 hooks=14 inst=64 rollout "Adventurousness" AbilityAction lvl2 hero0
t=8 ph=3 ap=1 snaps=6066 hooks=14 inst=64 rollout "Adventurousness" AbilityAction lvl2 hero0
t=8 ph=3 ap=1 snaps=6076 hooks=14 inst=64 rollout "Adventurousness" AbilityAction lvl2 hero0
t=8 ph=3 ap=1 snaps=6083 hooks=14 inst=64 rollout "Adventurousness" AbilityAction lvl2 hero0
t=8 ph=3 ap=1 snaps=6097 hooks=14 inst=64 rollout "Adventurousness" AbilityAction lvl2 hero0
t=8 ph=3 ap=1 snaps=6104 hooks=14 inst=64 rollout "Adventurousness" AbilityAction lvl2 hero0
t=8 ph=3 ap=1 snaps=6117 hooks=14 inst=64 rollout "Adventurousness" AbilityAction lvl2 hero0
t=8 ph=3 ap=1 snaps=6133 hooks=14 inst=64 rollout "Adventurousness" AbilityAction lvl2 hero0
t=8 ph=3 ap=1 snaps=6157 hooks=14 inst=64 rollout "Adventurousness" AbilityAction lvl2 hero0
t=8 ph=3 ap=1 snaps=6165 hooks=14 inst=64 rollout "Adventurousness" AbilityAction lvl2 hero0
t=8 ph=3 ap=1 snaps=6177 hooks=14 inst=64 rollout "Adventurousness" AbilityAction lvl2 hero0
t=8 ph=3 ap=1 snaps=6186 hooks=14 inst=64 rollout "Adventurousness" AbilityAction lvl2 hero0
t=8 ph=3 ap=1 snaps=6201 hooks=14 inst=64 rollout "Adventurousness" AbilityAction lvl2 hero0
t=8 ph=3 ap=1 snaps=6208 hooks=14 inst=64 rollout "Adventurousness" AbilityAction lvl2 hero0
t=8 ph=3 ap=1 snaps=6228 hooks=14 inst=64 rollout "Adventurousness" AbilityAction lvl2 hero0
t=8 ph=3 ap=1 snaps=6236 hooks=14 inst=64 rollout "Adventurousness" AbilityAction lvl2 hero0
t=8 ph=3 ap=1 snaps=6245 hooks=14 inst=64 rollout "Adventurousness" AbilityAction lvl2 hero0
t=8 ph=3 ap=1 snaps=6258 hooks=14 inst=64 rollout "Adventurousness" AbilityAction lvl2 hero0
t=8 ph=3 ap=1 snaps=6268 hooks=14 inst=64 rollout "Adventurousness" AbilityAction lvl2 hero0
t=8 ph=3 ap=1 snaps=6276 hooks=14 inst=64 rollout "Adventurousness" AbilityAction lvl2 hero0
t=8 ph=3 ap=1 snaps=6288 hooks=14 inst=64 rollout "Adventurousness" AbilityAction lvl2 hero0
t=8 ph=3 ap=1 snaps=6299 hooks=14 inst=64 rollout "Adventurousness" AbilityAction lvl2 hero0
t=8 ph=3 ap=1 snaps=6305 hooks=14 inst=64 rollout "Adventurousness" AbilityAction lvl2 hero0
t=8 ph=3 ap=1 snaps=6319 hooks=14 inst=64 rollout "Adventurousness" AbilityAction lvl2 hero0
t=8 ph=3 ap=1 snaps=6329 hooks=14 inst=64 rollout "Adventurousness" AbilityAction lvl2 hero0
t=8 ph=3 ap=1 snaps=6348 hooks=14 inst=64 rollout "Adventurousness" AbilityAction lvl2 hero0
t=8 ph=3 ap=1 snaps=6363 hooks=14 inst=64 rollout "Adventurousness" AbilityAction lvl2 hero0
t=8 ph=3 ap=1 snaps=6376 hooks=14 inst=64 rollout "Adventurousness" AbilityAction lvl2 hero0
t=8 ph=3 ap=1 snaps=6383 hooks=14 inst=64 rollout "Adventurousness" AbilityAction lvl2 hero0
t=8 ph=3 ap=1 snaps=6392 hooks=14 inst=64 rollout "Adventurousness" AbilityAction lvl2 hero0
t=8 ph=3 ap=1 snaps=6405 hooks=14 inst=64 rollout "Adventurousness" AbilityAction lvl2 hero0
t=8 ph=3 ap=1 snaps=6424 hooks=14 inst=64 rollout "Adventurousness" AbilityAction lvl2 hero0
t=8 ph=3 ap=1 snaps=6437 hooks=14 inst=64 rollout "Adventurousness" AbilityAction lvl2 hero0
t=8 ph=3 ap=1 snaps=6444 hooks=14 inst=64 rollout "Adventurousness" AbilityAction lvl2 hero0
t=8 ph=3 ap=1 snaps=6455 hooks=14 inst=64 rollout "Adventurousness" AbilityAction lvl2 hero0
t=8 ph=3 ap=1 snaps=6466 hooks=14 inst=64 rollout "Adventurousness" AbilityAction lvl2 hero0
t=8 ph=3 ap=1 snaps=6483 hooks=14 inst=64 rollout "Adventurousness" AbilityAction lvl2 hero0
t=8 ph=3 ap=1 snaps=6492 hooks=14 inst=64 rollout "Adventurousness" AbilityAction lvl2 hero0
t=8 ph=3 ap=1 snaps=6501 hooks=14 inst=64 rollout "Adventurousness" AbilityAction lvl2 hero0
t=8 ph=3 ap=1 snaps=6511 hooks=14 inst=64 rollout "Adventurousness" AbilityAction lvl2 hero0
t=8 ph=3 ap=1 snaps=6528 hooks=14 inst=64 rollout "Adventurousness" AbilityAction lvl2 hero0
t=8 ph=3 ap=1 snaps=6541 hooks=14 inst=64 rollout "Adventurousness" AbilityAction lvl2 hero0
t=8 ph=3 ap=1 snaps=6552 hooks=14 inst=64 rollout "Adventurousness" AbilityAction lvl2 hero0
t=8 ph=3 ap=1 snaps=6568 hooks=14 inst=64 rollout "Adventurousness" AbilityAction lvl2 hero0
t=8 ph=3 ap=1 snaps=6584 hooks=14 inst=64 rollout "Adventurousness" AbilityAction lvl2 hero0
t=8 ph=3 ap=1 snaps=6591 hooks=14 inst=64 rollout "Adventurousness" AbilityAction lvl2 hero0
t=8 ph=3 ap=1 snaps=6601 hooks=14 inst=64 rollout "Adventurousness" AbilityAction lvl2 hero0
t=8 ph=3 ap=1 snaps=6610 hooks=14 inst=64 rollout "Adventurousness" AbilityAction lvl2 hero0
t=8 ph=3 ap=1 snaps=6621 hooks=14 inst=64 rollout "Adventurousness" AbilityAction lvl2 hero0
t=8 ph=3 ap=1 snaps=6632 hooks=14 inst=64 rollout "Adventurousness" AbilityAction lvl2 hero0
t=8 ph=3 ap=1 snaps=6640 hooks=14 inst=64 rollout "Adventurousness" AbilityAction lvl2 hero0
t=8 ph=3 ap=1 snaps=6651 hooks=14 inst=64 rollout "Adventurousness" AbilityAction lvl2 hero0
t=8 ph=3 ap=1 snaps=6666 hooks=14 inst=64 rollout "Adventurousness" AbilityAction lvl2 hero0
t=8 ph=3 ap=1 snaps=6673 hooks=14 inst=64 rollout "Adventurousness" AbilityAction lvl2 hero0
t=8 ph=3 ap=1 snaps=6687 hooks=14 inst=64 rollout "Adventurousness" AbilityAction lvl2 hero0
t=8 ph=3 ap=1 snaps=6696 hooks=14 inst=64 rollout "Adventurousness" AbilityAction lvl2 hero0
t=8 ph=3 ap=1 snaps=6707 hooks=14 inst=64 rollout "Adventurousness" AbilityAction lvl2 hero0
t=8 ph=3 ap=1 snaps=6716 hooks=14 inst=64 rollout "Adventurousness" AbilityAction lvl2 hero0
t=8 ph=3 ap=1 snaps=6734 hooks=14 inst=64 rollout "Adventurousness" AbilityAction lvl2 hero0
t=8 ph=3 ap=1 snaps=6742 hooks=14 inst=64 rollout "Adventurousness" AbilityAction lvl2 hero0
t=8 ph=3 ap=1 snaps=6751 hooks=14 inst=64 rollout "Adventurousness" AbilityAction lvl2 hero0
t=8 ph=3 ap=1 snaps=6765 hooks=14 inst=64 rollout "Adventurousness" AbilityAction lvl2 hero0
t=8 ph=3 ap=1 snaps=6784 hooks=14 inst=64 rollout "Adventurousness" AbilityAction lvl2 hero0
t=8 ph=3 ap=1 snaps=6800 hooks=14 inst=64 rollout "Adventurousness" AbilityAction lvl2 hero0
t=8 ph=3 ap=1 snaps=6812 hooks=14 inst=64 rollout "Adventurousness" AbilityAction lvl2 hero0
t=8 ph=3 ap=1 snaps=6822 hooks=14 inst=64 rollout "Adventurousness" AbilityAction lvl2 hero0
t=8 ph=3 ap=1 snaps=6835 hooks=14 inst=64 rollout "Adventurousness" AbilityAction lvl2 hero0
t=8 ph=3 ap=1 snaps=6840 hooks=14 inst=64 rollout "Adventurousness" AbilityAction lvl2 hero0
t=8 ph=3 ap=1 snaps=6857 hooks=14 inst=64 rollout "Adventurousness" AbilityAction lvl2 hero0
t=8 ph=5 ap=1 snaps=6872 hooks=22 inst=64 switchTurn ending p1
t=9 ph=2 ap=0 snaps=6872 hooks=8 inst=64 cpuTurnStart cpu=p0 hand=6
t=9 ph=3 ap=0 snaps=6891 hooks=18 inst=67 rollout "Magic Hammer" Spell lvl3 hero1
t=9 ph=3 ap=0 snaps=6899 hooks=18 inst=67 rollout "Magic Hammer" Spell lvl3 hero2
t=9 ph=3 ap=0 snaps=6902 hooks=18 inst=67 rollout "Adventurousness" AbilityAction lvl1 hero2
t=9 ph=3 ap=0 snaps=6915 hooks=18 inst=67 rollout "Magic Hammer" Spell lvl3 hero1
t=9 ph=3 ap=0 snaps=6923 hooks=18 inst=67 rollout "Magic Hammer" Spell lvl3 hero1
t=9 ph=3 ap=0 snaps=6933 hooks=18 inst=67 rollout "Magic Hammer" Spell lvl3 hero1
t=9 ph=3 ap=0 snaps=6941 hooks=18 inst=67 rollout "Magic Hammer" Spell lvl3 hero1
t=9 ph=3 ap=0 snaps=6948 hooks=18 inst=67 rollout "Magic Hammer" Spell lvl3 hero1
t=9 ph=3 ap=0 snaps=6957 hooks=18 inst=67 rollout "Magic Hammer" Spell lvl3 hero1
t=9 ph=3 ap=0 snaps=6967 hooks=18 inst=67 rollout "Magic Hammer" Spell lvl3 hero1
t=9 ph=3 ap=0 snaps=6974 hooks=18 inst=67 rollout "Magic Hammer" Spell lvl3 hero1
t=9 ph=3 ap=0 snaps=6982 hooks=18 inst=67 rollout "Magic Hammer" Spell lvl3 hero1
t=9 ph=3 ap=0 snaps=6986 hooks=18 inst=67 rollout "Magic Hammer" Spell lvl3 hero1
t=9 ph=3 ap=0 snaps=6992 hooks=18 inst=67 rollout "Magic Hammer" Spell lvl3 hero1
t=9 ph=3 ap=0 snaps=6995 hooks=18 inst=67 rollout "Magic Hammer" Spell lvl3 hero2
t=9 ph=3 ap=0 snaps=7006 hooks=18 inst=67 rollout "Magic Hammer" Spell lvl3 hero2
t=9 ph=3 ap=0 snaps=7012 hooks=18 inst=67 rollout "Magic Hammer" Spell lvl3 hero2
t=9 ph=3 ap=0 snaps=7021 hooks=18 inst=67 rollout "Magic Hammer" Spell lvl3 hero2
t=9 ph=3 ap=0 snaps=7029 hooks=18 inst=67 rollout "Magic Hammer" Spell lvl3 hero2
t=9 ph=3 ap=0 snaps=7033 hooks=18 inst=67 rollout "Magic Hammer" Spell lvl3 hero2
t=9 ph=3 ap=0 snaps=7037 hooks=18 inst=67 rollout "Magic Hammer" Spell lvl3 hero2
t=9 ph=3 ap=0 snaps=7043 hooks=18 inst=67 rollout "Magic Hammer" Spell lvl3 hero2
t=9 ph=3 ap=0 snaps=7048 hooks=18 inst=67 rollout "Magic Hammer" Spell lvl3 hero2
t=9 ph=3 ap=0 snaps=7054 hooks=18 inst=67 rollout "Magic Hammer" Spell lvl3 hero2
t=9 ph=3 ap=0 snaps=7059 hooks=18 inst=67 rollout "Magic Hammer" Spell lvl3 hero2
t=9 ph=3 ap=0 snaps=7064 hooks=18 inst=67 rollout "Adventurousness" AbilityAction lvl1 hero2
t=9 ph=3 ap=0 snaps=7073 hooks=18 inst=67 rollout "Adventurousness" AbilityAction lvl1 hero2
t=9 ph=3 ap=0 snaps=7081 hooks=18 inst=67 rollout "Adventurousness" AbilityAction lvl1 hero2
t=9 ph=3 ap=0 snaps=7094 hooks=18 inst=67 rollout "Adventurousness" AbilityAction lvl1 hero2
t=9 ph=3 ap=0 snaps=7107 hooks=18 inst=67 rollout "Adventurousness" AbilityAction lvl1 hero2
t=9 ph=3 ap=0 snaps=7112 hooks=18 inst=67 rollout "Adventurousness" AbilityAction lvl1 hero2
t=9 ph=3 ap=0 snaps=7124 hooks=18 inst=67 rollout "Adventurousness" AbilityAction lvl1 hero2
t=9 ph=3 ap=0 snaps=7134 hooks=18 inst=67 rollout "Adventurousness" AbilityAction lvl1 hero2
t=9 ph=3 ap=0 snaps=7146 hooks=18 inst=67 rollout "Adventurousness" AbilityAction lvl1 hero2
t=9 ph=3 ap=0 snaps=7154 hooks=18 inst=67 rollout "Adventurousness" AbilityAction lvl1 hero2
t=9 ph=3 ap=0 snaps=7167 hooks=18 inst=67 rollout "Magic Hammer" Spell lvl3 hero1
t=9 ph=3 ap=0 snaps=7174 hooks=18 inst=67 rollout "Magic Hammer" Spell lvl3 hero1
t=9 ph=3 ap=0 snaps=7184 hooks=18 inst=67 rollout "Magic Hammer" Spell lvl3 hero1
t=9 ph=3 ap=0 snaps=7194 hooks=18 inst=67 rollout "Magic Hammer" Spell lvl3 hero1
t=9 ph=3 ap=0 snaps=7201 hooks=18 inst=67 rollout "Adventurousness" AbilityAction lvl1 hero2
t=9 ph=3 ap=0 snaps=7214 hooks=18 inst=67 rollout "Adventurousness" AbilityAction lvl1 hero2
t=9 ph=3 ap=0 snaps=7230 hooks=18 inst=67 rollout "Magic Hammer" Spell lvl3 hero1
t=9 ph=3 ap=0 snaps=7240 hooks=18 inst=67 rollout "Magic Hammer" Spell lvl3 hero1
t=9 ph=3 ap=0 snaps=7248 hooks=18 inst=67 rollout "Magic Hammer" Spell lvl3 hero1
t=9 ph=3 ap=0 snaps=7255 hooks=18 inst=67 rollout "Magic Hammer" Spell lvl3 hero1
t=9 ph=3 ap=0 snaps=7262 hooks=18 inst=67 rollout "Magic Hammer" Spell lvl3 hero1
t=9 ph=3 ap=0 snaps=7272 hooks=18 inst=67 rollout "Magic Hammer" Spell lvl3 hero1
t=9 ph=3 ap=0 snaps=7283 hooks=18 inst=67 rollout "Magic Hammer" Spell lvl3 hero1
t=9 ph=3 ap=0 snaps=7290 hooks=18 inst=67 rollout "Magic Hammer" Spell lvl3 hero1
t=9 ph=3 ap=0 snaps=7299 hooks=18 inst=67 rollout "Magic Hammer" Spell lvl3 hero1
t=9 ph=3 ap=0 snaps=7307 hooks=18 inst=67 rollout "Magic Hammer" Spell lvl3 hero1
t=9 ph=3 ap=0 snaps=7317 hooks=18 inst=67 rollout "Magic Hammer" Spell lvl3 hero1
t=9 ph=3 ap=0 snaps=7327 hooks=18 inst=67 rollout "Magic Hammer" Spell lvl3 hero1
t=9 ph=3 ap=0 snaps=7339 hooks=18 inst=67 rollout "Magic Hammer" Spell lvl3 hero1
t=9 ph=3 ap=0 snaps=7347 hooks=18 inst=67 rollout "Magic Hammer" Spell lvl3 hero1
t=9 ph=3 ap=0 snaps=7355 hooks=18 inst=67 rollout "Magic Hammer" Spell lvl3 hero1
t=9 ph=3 ap=0 snaps=7363 hooks=18 inst=67 rollout "Magic Hammer" Spell lvl3 hero1
t=9 ph=3 ap=0 snaps=7372 hooks=18 inst=67 rollout "Magic Hammer" Spell lvl3 hero1
t=9 ph=3 ap=0 snaps=7382 hooks=18 inst=67 rollout "Magic Hammer" Spell lvl3 hero1
t=9 ph=3 ap=0 snaps=7394 hooks=18 inst=67 rollout "Magic Hammer" Spell lvl3 hero1
t=9 ph=3 ap=0 snaps=7404 hooks=18 inst=67 rollout "Magic Hammer" Spell lvl3 hero1
t=9 ph=3 ap=0 snaps=7410 hooks=18 inst=67 rollout "Magic Hammer" Spell lvl3 hero1
t=9 ph=3 ap=0 snaps=7418 hooks=18 inst=67 rollout "Magic Hammer" Spell lvl3 hero1
t=9 ph=3 ap=0 snaps=7429 hooks=18 inst=67 rollout "Magic Hammer" Spell lvl3 hero1
t=9 ph=3 ap=0 snaps=7444 hooks=18 inst=67 rollout "Magic Hammer" Spell lvl3 hero1
t=9 ph=3 ap=0 snaps=7459 hooks=18 inst=67 rollout "Magic Hammer" Spell lvl3 hero1
t=9 ph=3 ap=0 snaps=7466 hooks=18 inst=67 rollout "Magic Hammer" Spell lvl3 hero1
t=9 ph=3 ap=0 snaps=7474 hooks=18 inst=67 rollout "Magic Hammer" Spell lvl3 hero1
t=9 ph=3 ap=0 snaps=7479 hooks=18 inst=67 rollout "Magic Hammer" Spell lvl3 hero1
t=9 ph=3 ap=0 snaps=7486 hooks=18 inst=67 rollout "Magic Hammer" Spell lvl3 hero1
t=9 ph=3 ap=0 snaps=7493 hooks=18 inst=67 rollout "Magic Hammer" Spell lvl3 hero1
t=9 ph=3 ap=0 snaps=7501 hooks=18 inst=67 rollout "Magic Hammer" Spell lvl3 hero1
t=9 ph=3 ap=0 snaps=7510 hooks=18 inst=67 rollout "Magic Hammer" Spell lvl3 hero1
t=9 ph=3 ap=0 snaps=7518 hooks=18 inst=67 rollout "Magic Hammer" Spell lvl3 hero1
t=9 ph=3 ap=0 snaps=7525 hooks=18 inst=67 rollout "Magic Hammer" Spell lvl3 hero1
t=9 ph=3 ap=0 snaps=7535 hooks=18 inst=67 rollout "Magic Hammer" Spell lvl3 hero1
t=9 ph=3 ap=0 snaps=7542 hooks=18 inst=67 rollout "Magic Hammer" Spell lvl3 hero1
t=9 ph=3 ap=0 snaps=7555 hooks=18 inst=67 rollout "Magic Hammer" Spell lvl3 hero1
t=9 ph=3 ap=0 snaps=7563 hooks=18 inst=67 rollout "Magic Hammer" Spell lvl3 hero1
t=9 ph=3 ap=0 snaps=7571 hooks=18 inst=67 rollout "Magic Hammer" Spell lvl3 hero1
t=9 ph=5 ap=0 snaps=7587 hooks=30 inst=67 switchTurn ending p0
t=10 ph=2 ap=1 snaps=7587 hooks=10 inst=68 cpuTurnStart cpu=p1 hand=4
t=10 ph=3 ap=1 snaps=7600 hooks=24 inst=68 rollout "Adventurousness" AbilityAction lvl2 hero0
t=10 ph=3 ap=1 snaps=7605 hooks=24 inst=68 rollout "Adventurousness" AbilityAction lvl2 hero0
t=10 ph=3 ap=1 snaps=7612 hooks=24 inst=68 rollout "Adventurousness" AbilityAction lvl2 hero0
t=10 ph=3 ap=1 snaps=7618 hooks=24 inst=68 rollout "Adventurousness" AbilityAction lvl2 hero0
t=10 ph=3 ap=1 snaps=7625 hooks=24 inst=68 rollout "Adventurousness" AbilityAction lvl2 hero0
t=10 ph=3 ap=1 snaps=7632 hooks=24 inst=68 rollout "Adventurousness" AbilityAction lvl2 hero0
t=10 ph=3 ap=1 snaps=7636 hooks=24 inst=68 rollout "Adventurousness" AbilityAction lvl2 hero0
t=10 ph=3 ap=1 snaps=7643 hooks=24 inst=68 rollout "Adventurousness" AbilityAction lvl2 hero0
t=10 ph=3 ap=1 snaps=7647 hooks=24 inst=68 rollout "Adventurousness" AbilityAction lvl2 hero0
t=10 ph=3 ap=1 snaps=7653 hooks=24 inst=68 rollout "Adventurousness" AbilityAction lvl2 hero0
t=10 ph=3 ap=1 snaps=7662 hooks=24 inst=68 rollout "Adventurousness" AbilityAction lvl2 hero0
t=10 ph=3 ap=1 snaps=7669 hooks=24 inst=68 rollout "Adventurousness" AbilityAction lvl2 hero0
t=10 ph=3 ap=1 snaps=7680 hooks=24 inst=68 rollout "Adventurousness" AbilityAction lvl2 hero0
t=10 ph=3 ap=1 snaps=7687 hooks=24 inst=68 rollout "Adventurousness" AbilityAction lvl2 hero0
t=10 ph=3 ap=1 snaps=7695 hooks=24 inst=68 rollout "Adventurousness" AbilityAction lvl2 hero0
t=10 ph=3 ap=1 snaps=7705 hooks=24 inst=68 rollout "Adventurousness" AbilityAction lvl2 hero0
t=10 ph=3 ap=1 snaps=7722 hooks=24 inst=68 rollout "Adventurousness" AbilityAction lvl2 hero0
t=10 ph=3 ap=1 snaps=7732 hooks=24 inst=68 rollout "Adventurousness" AbilityAction lvl2 hero0
t=10 ph=3 ap=1 snaps=7742 hooks=24 inst=68 rollout "Adventurousness" AbilityAction lvl2 hero0
t=10 ph=3 ap=1 snaps=7750 hooks=24 inst=68 rollout "Adventurousness" AbilityAction lvl2 hero0
t=10 ph=3 ap=1 snaps=7760 hooks=24 inst=68 rollout "Adventurousness" AbilityAction lvl2 hero0
t=10 ph=3 ap=1 snaps=7765 hooks=24 inst=68 rollout "Adventurousness" AbilityAction lvl2 hero0
t=10 ph=3 ap=1 snaps=7773 hooks=24 inst=68 rollout "Adventurousness" AbilityAction lvl2 hero0
t=10 ph=3 ap=1 snaps=7780 hooks=24 inst=68 rollout "Adventurousness" AbilityAction lvl2 hero0
t=10 ph=3 ap=1 snaps=7789 hooks=24 inst=68 rollout "Adventurousness" AbilityAction lvl2 hero0
t=10 ph=3 ap=1 snaps=7800 hooks=24 inst=68 rollout "Adventurousness" AbilityAction lvl2 hero0
t=10 ph=3 ap=1 snaps=7817 hooks=24 inst=68 rollout "Adventurousness" AbilityAction lvl2 hero0
t=10 ph=3 ap=1 snaps=7823 hooks=24 inst=68 rollout "Adventurousness" AbilityAction lvl2 hero0
t=10 ph=3 ap=1 snaps=7830 hooks=24 inst=68 rollout "Adventurousness" AbilityAction lvl2 hero0
t=10 ph=3 ap=1 snaps=7836 hooks=24 inst=68 rollout "Adventurousness" AbilityAction lvl2 hero0
t=10 ph=3 ap=1 snaps=7843 hooks=24 inst=68 rollout "Adventurousness" AbilityAction lvl2 hero0
t=10 ph=3 ap=1 snaps=7848 hooks=24 inst=68 rollout "Adventurousness" AbilityAction lvl2 hero0
t=10 ph=3 ap=1 snaps=7857 hooks=24 inst=68 rollout "Adventurousness" AbilityAction lvl2 hero0
t=10 ph=3 ap=1 snaps=7864 hooks=24 inst=68 rollout "Adventurousness" AbilityAction lvl2 hero0
t=10 ph=3 ap=1 snaps=7870 hooks=24 inst=68 rollout "Adventurousness" AbilityAction lvl2 hero0
t=10 ph=3 ap=1 snaps=7881 hooks=24 inst=68 rollout "Adventurousness" AbilityAction lvl2 hero0
t=10 ph=3 ap=1 snaps=7886 hooks=24 inst=68 rollout "Adventurousness" AbilityAction lvl2 hero0
t=10 ph=3 ap=1 snaps=7894 hooks=24 inst=68 rollout "Adventurousness" AbilityAction lvl2 hero0
t=10 ph=3 ap=1 snaps=7902 hooks=24 inst=68 rollout "Adventurousness" AbilityAction lvl2 hero0
t=10 ph=3 ap=1 snaps=7907 hooks=24 inst=68 rollout "Adventurousness" AbilityAction lvl2 hero0
t=10 ph=3 ap=1 snaps=7919 hooks=24 inst=68 rollout "Adventurousness" AbilityAction lvl2 hero0
t=10 ph=3 ap=1 snaps=7926 hooks=24 inst=68 rollout "Adventurousness" AbilityAction lvl2 hero0
t=10 ph=3 ap=1 snaps=7935 hooks=24 inst=68 rollout "Adventurousness" AbilityAction lvl2 hero0
t=10 ph=3 ap=1 snaps=7942 hooks=24 inst=68 rollout "Adventurousness" AbilityAction lvl2 hero0
t=10 ph=3 ap=1 snaps=7950 hooks=24 inst=68 rollout "Adventurousness" AbilityAction lvl2 hero0
t=10 ph=3 ap=1 snaps=7959 hooks=24 inst=68 rollout "Adventurousness" AbilityAction lvl2 hero0
t=10 ph=3 ap=1 snaps=7972 hooks=24 inst=68 rollout "Adventurousness" AbilityAction lvl2 hero0
t=10 ph=3 ap=1 snaps=7979 hooks=24 inst=68 rollout "Adventurousness" AbilityAction lvl2 hero0
t=10 ph=3 ap=1 snaps=7985 hooks=24 inst=68 rollout "Adventurousness" AbilityAction lvl2 hero0
t=10 ph=3 ap=1 snaps=7995 hooks=24 inst=68 rollout "Adventurousness" AbilityAction lvl2 hero0
t=10 ph=3 ap=1 snaps=8005 hooks=24 inst=68 rollout "Adventurousness" AbilityAction lvl2 hero0
t=10 ph=3 ap=1 snaps=8015 hooks=24 inst=68 rollout "Adventurousness" AbilityAction lvl2 hero0
t=10 ph=3 ap=1 snaps=8024 hooks=24 inst=68 rollout "Adventurousness" AbilityAction lvl2 hero0
t=10 ph=3 ap=1 snaps=8031 hooks=24 inst=68 rollout "Adventurousness" AbilityAction lvl2 hero0
t=10 ph=3 ap=1 snaps=8036 hooks=24 inst=68 rollout "Adventurousness" AbilityAction lvl2 hero0
t=10 ph=3 ap=1 snaps=8045 hooks=24 inst=68 rollout "Adventurousness" AbilityAction lvl2 hero0
t=10 ph=3 ap=1 snaps=8053 hooks=24 inst=68 rollout "Adventurousness" AbilityAction lvl2 hero0
t=10 ph=3 ap=1 snaps=8057 hooks=24 inst=68 rollout "Adventurousness" AbilityAction lvl2 hero0
t=10 ph=3 ap=1 snaps=8068 hooks=24 inst=68 rollout "Adventurousness" AbilityAction lvl2 hero0
t=10 ph=3 ap=1 snaps=8074 hooks=24 inst=68 rollout "Adventurousness" AbilityAction lvl2 hero0
t=10 ph=3 ap=1 snaps=8085 hooks=24 inst=68 rollout "Adventurousness" AbilityAction lvl2 hero0
t=10 ph=3 ap=1 snaps=8096 hooks=24 inst=68 rollout "Adventurousness" AbilityAction lvl2 hero0
t=10 ph=3 ap=1 snaps=8102 hooks=24 inst=68 rollout "Adventurousness" AbilityAction lvl2 hero0
t=10 ph=3 ap=1 snaps=8107 hooks=24 inst=68 rollout "Adventurousness" AbilityAction lvl2 hero0
t=10 ph=3 ap=1 snaps=8117 hooks=24 inst=68 rollout "Adventurousness" AbilityAction lvl2 hero0
t=10 ph=3 ap=1 snaps=8122 hooks=24 inst=68 rollout "Adventurousness" AbilityAction lvl2 hero0
t=10 ph=3 ap=1 snaps=8129 hooks=24 inst=68 rollout "Adventurousness" AbilityAction lvl2 hero0
t=10 ph=3 ap=1 snaps=8138 hooks=24 inst=68 rollout "Adventurousness" AbilityAction lvl2 hero0
t=10 ph=3 ap=1 snaps=8149 hooks=24 inst=68 rollout "Adventurousness" AbilityAction lvl2 hero0
t=10 ph=3 ap=1 snaps=8157 hooks=24 inst=68 rollout "Adventurousness" AbilityAction lvl2 hero0
t=10 ph=3 ap=1 snaps=8162 hooks=24 inst=68 rollout "Adventurousness" AbilityAction lvl2 hero0
t=10 ph=3 ap=1 snaps=8172 hooks=24 inst=68 rollout "Adventurousness" AbilityAction lvl2 hero0
t=10 ph=3 ap=1 snaps=8182 hooks=24 inst=68 rollout "Adventurousness" AbilityAction lvl2 hero0
t=10 ph=3 ap=1 snaps=8197 hooks=24 inst=68 rollout "Adventurousness" AbilityAction lvl2 hero0
t=10 ph=3 ap=1 snaps=8202 hooks=24 inst=68 rollout "Adventurousness" AbilityAction lvl2 hero0
t=10 ph=3 ap=1 snaps=8211 hooks=24 inst=68 rollout "Adventurousness" AbilityAction lvl2 hero0
t=10 ph=3 ap=1 snaps=8218 hooks=24 inst=68 rollout "Adventurousness" AbilityAction lvl2 hero0
t=10 ph=3 ap=1 snaps=8231 hooks=24 inst=68 rollout "Adventurousness" AbilityAction lvl2 hero0
t=10 ph=3 ap=1 snaps=8239 hooks=24 inst=68 rollout "Adventurousness" AbilityAction lvl2 hero0
t=10 ph=3 ap=1 snaps=8249 hooks=24 inst=68 rollout "Adventurousness" AbilityAction lvl2 hero0
t=10 ph=5 ap=1 snaps=8259 hooks=32 inst=68 switchTurn ending p1
t=11 ph=2 ap=0 snaps=8259 hooks=11 inst=68 cpuTurnStart cpu=p0 hand=6
t=11 ph=3 ap=0 snaps=8281 hooks=17 inst=69 rollout "Magic Hammer" Spell lvl3 hero2
t=11 ph=3 ap=0 snaps=8289 hooks=17 inst=69 rollout "Adventurousness" AbilityAction lvl1 hero2
t=11 ph=3 ap=0 snaps=8297 hooks=17 inst=69 rollout "Magic Hammer" Spell lvl3 hero2
t=11 ph=3 ap=0 snaps=8301 hooks=17 inst=69 rollout "Magic Hammer" Spell lvl3 hero2
t=11 ph=3 ap=0 snaps=8311 hooks=17 inst=69 rollout "Magic Hammer" Spell lvl3 hero2
t=11 ph=3 ap=0 snaps=8317 hooks=17 inst=69 rollout "Magic Hammer" Spell lvl3 hero2
t=11 ph=3 ap=0 snaps=8327 hooks=17 inst=69 rollout "Magic Hammer" Spell lvl3 hero2
t=11 ph=3 ap=0 snaps=8333 hooks=17 inst=69 rollout "Magic Hammer" Spell lvl3 hero2
t=11 ph=3 ap=0 snaps=8345 hooks=17 inst=69 rollout "Magic Hammer" Spell lvl3 hero2
t=11 ph=3 ap=0 snaps=8352 hooks=17 inst=69 rollout "Magic Hammer" Spell lvl3 hero2
t=11 ph=3 ap=0 snaps=8359 hooks=17 inst=69 rollout "Magic Hammer" Spell lvl3 hero2
t=11 ph=3 ap=0 snaps=8370 hooks=17 inst=69 rollout "Magic Hammer" Spell lvl3 hero2
t=11 ph=3 ap=0 snaps=8380 hooks=17 inst=69 rollout "Magic Hammer" Spell lvl3 hero2
t=11 ph=3 ap=0 snaps=8389 hooks=17 inst=69 rollout "Adventurousness" AbilityAction lvl1 hero2
t=11 ph=3 ap=0 snaps=8395 hooks=17 inst=69 rollout "Adventurousness" AbilityAction lvl1 hero2
t=11 ph=3 ap=0 snaps=8401 hooks=17 inst=69 rollout "Adventurousness" AbilityAction lvl1 hero2
t=11 ph=3 ap=0 snaps=8409 hooks=17 inst=69 rollout "Adventurousness" AbilityAction lvl1 hero2
t=11 ph=3 ap=0 snaps=8418 hooks=17 inst=69 rollout "Adventurousness" AbilityAction lvl1 hero2
t=11 ph=3 ap=0 snaps=8422 hooks=17 inst=69 rollout "Adventurousness" AbilityAction lvl1 hero2
t=11 ph=3 ap=0 snaps=8429 hooks=17 inst=69 rollout "Adventurousness" AbilityAction lvl1 hero2
t=11 ph=3 ap=0 snaps=8437 hooks=17 inst=69 rollout "Adventurousness" AbilityAction lvl1 hero2
t=11 ph=3 ap=0 snaps=8444 hooks=17 inst=69 rollout "Adventurousness" AbilityAction lvl1 hero2
t=11 ph=3 ap=0 snaps=8451 hooks=17 inst=69 rollout "Adventurousness" AbilityAction lvl1 hero2
t=11 ph=3 ap=0 snaps=8458 hooks=17 inst=69 rollout "Adventurousness" AbilityAction lvl1 hero2
t=11 ph=3 ap=0 snaps=8466 hooks=17 inst=69 rollout "Adventurousness" AbilityAction lvl1 hero2
t=11 ph=3 ap=0 snaps=8472 hooks=17 inst=69 rollout "Adventurousness" AbilityAction lvl1 hero2
t=11 ph=3 ap=0 snaps=8481 hooks=17 inst=69 rollout "Adventurousness" AbilityAction lvl1 hero2
t=11 ph=3 ap=0 snaps=8489 hooks=17 inst=69 rollout "Adventurousness" AbilityAction lvl1 hero2
t=11 ph=3 ap=0 snaps=8498 hooks=17 inst=69 rollout "Adventurousness" AbilityAction lvl1 hero2
t=11 ph=3 ap=0 snaps=8507 hooks=17 inst=69 rollout "Adventurousness" AbilityAction lvl1 hero2
t=11 ph=3 ap=0 snaps=8516 hooks=17 inst=69 rollout "Adventurousness" AbilityAction lvl1 hero2
t=11 ph=3 ap=0 snaps=8522 hooks=17 inst=69 rollout "Adventurousness" AbilityAction lvl1 hero2
t=11 ph=3 ap=0 snaps=8529 hooks=17 inst=69 rollout "Adventurousness" AbilityAction lvl1 hero2
t=11 ph=3 ap=0 snaps=8537 hooks=17 inst=69 rollout "Adventurousness" AbilityAction lvl1 hero2
t=11 ph=3 ap=0 snaps=8546 hooks=17 inst=69 rollout "Adventurousness" AbilityAction lvl1 hero2
t=11 ph=3 ap=0 snaps=8561 hooks=17 inst=69 rollout "Adventurousness" AbilityAction lvl1 hero2
t=11 ph=3 ap=0 snaps=8570 hooks=17 inst=69 rollout "Adventurousness" AbilityAction lvl1 hero2
t=11 ph=3 ap=0 snaps=8585 hooks=17 inst=69 rollout "Adventurousness" AbilityAction lvl1 hero2
t=11 ph=3 ap=0 snaps=8591 hooks=17 inst=69 rollout "Adventurousness" AbilityAction lvl1 hero2
t=11 ph=3 ap=0 snaps=8602 hooks=17 inst=69 rollout "Adventurousness" AbilityAction lvl1 hero2
t=11 ph=3 ap=0 snaps=8611 hooks=17 inst=69 rollout "Adventurousness" AbilityAction lvl1 hero2
t=11 ph=3 ap=0 snaps=8620 hooks=17 inst=69 rollout "Adventurousness" AbilityAction lvl1 hero2
t=11 ph=3 ap=0 snaps=8629 hooks=17 inst=69 rollout "Adventurousness" AbilityAction lvl1 hero2
t=11 ph=3 ap=0 snaps=8634 hooks=17 inst=69 rollout "Adventurousness" AbilityAction lvl1 hero2
t=11 ph=3 ap=0 snaps=8641 hooks=17 inst=69 rollout "Adventurousness" AbilityAction lvl1 hero2
t=11 ph=3 ap=0 snaps=8646 hooks=17 inst=69 rollout "Adventurousness" AbilityAction lvl1 hero2
t=11 ph=3 ap=0 snaps=8652 hooks=17 inst=69 rollout "Adventurousness" AbilityAction lvl1 hero2
t=11 ph=3 ap=0 snaps=8655 hooks=17 inst=69 rollout "Adventurousness" AbilityAction lvl1 hero2
t=11 ph=3 ap=0 snaps=8664 hooks=17 inst=69 rollout "Adventurousness" AbilityAction lvl1 hero2
t=11 ph=3 ap=0 snaps=8671 hooks=17 inst=69 rollout "Adventurousness" AbilityAction lvl1 hero2
t=11 ph=3 ap=0 snaps=8679 hooks=17 inst=69 rollout "Adventurousness" AbilityAction lvl1 hero2
t=11 ph=3 ap=0 snaps=8689 hooks=17 inst=69 rollout "Adventurousness" AbilityAction lvl1 hero2
t=11 ph=3 ap=0 snaps=8697 hooks=17 inst=69 rollout "Adventurousness" AbilityAction lvl1 hero2
t=11 ph=3 ap=0 snaps=8705 hooks=17 inst=69 rollout "Adventurousness" AbilityAction lvl1 hero2
t=11 ph=3 ap=0 snaps=8712 hooks=17 inst=69 rollout "Adventurousness" AbilityAction lvl1 hero2
t=11 ph=3 ap=0 snaps=8723 hooks=17 inst=69 rollout "Adventurousness" AbilityAction lvl1 hero2
t=11 ph=3 ap=0 snaps=8735 hooks=17 inst=69 rollout "Adventurousness" AbilityAction lvl1 hero2
t=11 ph=3 ap=0 snaps=8742 hooks=17 inst=69 rollout "Adventurousness" AbilityAction lvl1 hero2
t=11 ph=3 ap=0 snaps=8752 hooks=17 inst=69 rollout "Adventurousness" AbilityAction lvl1 hero2
t=11 ph=3 ap=0 snaps=8759 hooks=17 inst=69 rollout "Adventurousness" AbilityAction lvl1 hero2
t=11 ph=3 ap=0 snaps=8767 hooks=17 inst=69 rollout "Adventurousness" AbilityAction lvl1 hero2
t=11 ph=3 ap=0 snaps=8778 hooks=17 inst=69 rollout "Adventurousness" AbilityAction lvl1 hero2
t=11 ph=3 ap=0 snaps=8786 hooks=17 inst=69 rollout "Adventurousness" AbilityAction lvl1 hero2
t=11 ph=3 ap=0 snaps=8796 hooks=17 inst=69 rollout "Adventurousness" AbilityAction lvl1 hero2
t=11 ph=3 ap=0 snaps=8805 hooks=17 inst=69 rollout "Adventurousness" AbilityAction lvl1 hero2
t=11 ph=3 ap=0 snaps=8811 hooks=17 inst=69 rollout "Adventurousness" AbilityAction lvl1 hero2
t=11 ph=3 ap=0 snaps=8823 hooks=17 inst=69 rollout "Adventurousness" AbilityAction lvl1 hero2
t=11 ph=3 ap=0 snaps=8832 hooks=17 inst=69 rollout "Adventurousness" AbilityAction lvl1 hero2
t=11 ph=3 ap=0 snaps=8843 hooks=17 inst=69 rollout "Adventurousness" AbilityAction lvl1 hero2
t=11 ph=3 ap=0 snaps=8852 hooks=17 inst=69 rollout "Adventurousness" AbilityAction lvl1 hero2
t=11 ph=3 ap=0 snaps=8862 hooks=17 inst=69 rollout "Adventurousness" AbilityAction lvl1 hero2
t=11 ph=3 ap=0 snaps=8869 hooks=17 inst=69 rollout "Adventurousness" AbilityAction lvl1 hero2
t=11 ph=3 ap=0 snaps=8881 hooks=17 inst=69 rollout "Adventurousness" AbilityAction lvl1 hero2
t=11 ph=3 ap=0 snaps=8890 hooks=17 inst=69 rollout "Adventurousness" AbilityAction lvl1 hero2
t=11 ph=3 ap=0 snaps=8897 hooks=17 inst=69 rollout "Adventurousness" AbilityAction lvl1 hero2
t=11 ph=3 ap=0 snaps=8907 hooks=17 inst=69 rollout "Adventurousness" AbilityAction lvl1 hero2
t=11 ph=3 ap=0 snaps=8915 hooks=17 inst=69 rollout "Adventurousness" AbilityAction lvl1 hero2
t=11 ph=3 ap=0 snaps=8924 hooks=17 inst=69 rollout "Adventurousness" AbilityAction lvl1 hero2
t=11 ph=3 ap=0 snaps=8945 hooks=17 inst=69 rollout "Adventurousness" AbilityAction lvl1 hero2
t=11 ph=3 ap=0 snaps=8956 hooks=17 inst=69 rollout "Adventurousness" AbilityAction lvl1 hero2
t=11 ph=5 ap=0 snaps=8973 hooks=27 inst=69 switchTurn ending p0
t=12 ph=2 ap=1 snaps=8973 hooks=10 inst=70 cpuTurnStart cpu=p1 hand=3
t=12 ph=3 ap=1 snaps=8985 hooks=15 inst=69 rollout "Adventurousness" AbilityAction lvl2 hero0
t=12 ph=3 ap=1 snaps=8996 hooks=15 inst=69 rollout "Adventurousness" AbilityAction lvl2 hero0
t=12 ph=3 ap=1 snaps=9008 hooks=15 inst=69 rollout "Adventurousness" AbilityAction lvl2 hero0
t=12 ph=3 ap=1 snaps=9017 hooks=15 inst=69 rollout "Adventurousness" AbilityAction lvl2 hero0
t=12 ph=3 ap=1 snaps=9024 hooks=15 inst=69 rollout "Adventurousness" AbilityAction lvl2 hero0
t=12 ph=3 ap=1 snaps=9036 hooks=15 inst=69 rollout "Adventurousness" AbilityAction lvl2 hero0
t=12 ph=3 ap=1 snaps=9047 hooks=15 inst=69 rollout "Adventurousness" AbilityAction lvl2 hero0
t=12 ph=3 ap=1 snaps=9057 hooks=15 inst=69 rollout "Adventurousness" AbilityAction lvl2 hero0
t=12 ph=3 ap=1 snaps=9069 hooks=15 inst=69 rollout "Adventurousness" AbilityAction lvl2 hero0
t=12 ph=3 ap=1 snaps=9084 hooks=15 inst=69 rollout "Adventurousness" AbilityAction lvl2 hero0
t=12 ph=3 ap=1 snaps=9096 hooks=15 inst=69 rollout "Adventurousness" AbilityAction lvl2 hero0
t=12 ph=3 ap=1 snaps=9117 hooks=15 inst=69 rollout "Adventurousness" AbilityAction lvl2 hero0
t=12 ph=3 ap=1 snaps=9136 hooks=15 inst=69 rollout "Adventurousness" AbilityAction lvl2 hero0
t=12 ph=3 ap=1 snaps=9145 hooks=15 inst=69 rollout "Adventurousness" AbilityAction lvl2 hero0
t=12 ph=3 ap=1 snaps=9155 hooks=15 inst=69 rollout "Adventurousness" AbilityAction lvl2 hero0
t=12 ph=3 ap=1 snaps=9167 hooks=15 inst=69 rollout "Adventurousness" AbilityAction lvl2 hero0
t=12 ph=3 ap=1 snaps=9179 hooks=15 inst=69 rollout "Adventurousness" AbilityAction lvl2 hero0
t=12 ph=3 ap=1 snaps=9194 hooks=15 inst=69 rollout "Adventurousness" AbilityAction lvl2 hero0
t=12 ph=3 ap=1 snaps=9208 hooks=15 inst=69 rollout "Adventurousness" AbilityAction lvl2 hero0
t=12 ph=3 ap=1 snaps=9221 hooks=15 inst=69 rollout "Adventurousness" AbilityAction lvl2 hero0
t=12 ph=3 ap=1 snaps=9232 hooks=15 inst=69 rollout "Adventurousness" AbilityAction lvl2 hero0
t=12 ph=3 ap=1 snaps=9241 hooks=15 inst=69 rollout "Adventurousness" AbilityAction lvl2 hero0
t=12 ph=3 ap=1 snaps=9248 hooks=15 inst=69 rollout "Adventurousness" AbilityAction lvl2 hero0
t=12 ph=3 ap=1 snaps=9256 hooks=15 inst=69 rollout "Adventurousness" AbilityAction lvl2 hero0
t=12 ph=3 ap=1 snaps=9265 hooks=15 inst=69 rollout "Adventurousness" AbilityAction lvl2 hero0
t=12 ph=3 ap=1 snaps=9273 hooks=15 inst=69 rollout "Adventurousness" AbilityAction lvl2 hero0
t=12 ph=3 ap=1 snaps=9285 hooks=15 inst=69 rollout "Adventurousness" AbilityAction lvl2 hero0
t=12 ph=3 ap=1 snaps=9297 hooks=15 inst=69 rollout "Adventurousness" AbilityAction lvl2 hero0
