=== self-play batch start 2026-05-01T09:55:40.121Z count=1000 mode=random ===

=== GAME 1/1000: Lightning Caller vs Spell Industrialization @ 2026-05-01T09:55:40.122Z ===
t=1 ph=2 ap=0 snaps=0 hooks=10 inst=29 cpuTurnStart cpu=p0 hand=6
t=1 ph=5 ap=0 snaps=62 hooks=21 inst=31 switchTurn ending p0
t=2 ph=2 ap=1 snaps=62 hooks=13 inst=32 cpuTurnStart cpu=p1 hand=6
t=2 ph=5 ap=1 snaps=67 hooks=20 inst=34 switchTurn ending p1
t=3 ph=2 ap=0 snaps=67 hooks=10 inst=35 cpuTurnStart cpu=p0 hand=8
t=3 ph=5 ap=0 snaps=106 hooks=40 inst=38 switchTurn ending p0
t=4 ph=2 ap=1 snaps=106 hooks=10 inst=39 cpuTurnStart cpu=p1 hand=5
t=4 ph=2 ap=1 snaps=107 hooks=10 inst=39 summon "Pollution Spewer" p1/h2
t=4 ph=3 ap=1 snaps=143 hooks=31 inst=45 rollout "Goldify" Spell lvl1 hero1
t=4 ph=3 ap=1 snaps=151 hooks=31 inst=45 rollout "Pyroblast" Spell lvl0 hero0
t=4 ph=3 ap=1 snaps=153 hooks=31 inst=45 rollout "Pyroblast" Spell lvl0 hero1
t=4 ph=3 ap=1 snaps=162 hooks=31 inst=45 rollout "Pyroblast" Spell lvl0 hero2
t=4 ph=3 ap=1 snaps=164 hooks=31 inst=45 rollout "Goldify" Spell lvl1 hero1
t=4 ph=3 ap=1 snaps=170 hooks=31 inst=45 rollout "Goldify" Spell lvl1 hero1
t=4 ph=3 ap=1 snaps=175 hooks=31 inst=45 rollout "Goldify" Spell lvl1 hero1
t=4 ph=3 ap=1 snaps=182 hooks=31 inst=45 rollout "Goldify" Spell lvl1 hero1
t=4 ph=3 ap=1 snaps=187 hooks=31 inst=45 rollout "Goldify" Spell lvl1 hero1
t=4 ph=3 ap=1 snaps=194 hooks=31 inst=45 rollout "Goldify" Spell lvl1 hero1
t=4 ph=3 ap=1 snaps=201 hooks=31 inst=45 rollout "Pyroblast" Spell lvl0 hero0
t=4 ph=3 ap=1 snaps=206 hooks=31 inst=45 rollout "Pyroblast" Spell lvl0 hero0
t=4 ph=3 ap=1 snaps=209 hooks=31 inst=45 rollout "Pyroblast" Spell lvl0 hero0
t=4 ph=3 ap=1 snaps=213 hooks=31 inst=45 rollout "Pyroblast" Spell lvl0 hero0
t=4 ph=3 ap=1 snaps=219 hooks=31 inst=45 rollout "Pyroblast" Spell lvl0 hero0
t=4 ph=3 ap=1 snaps=224 hooks=31 inst=45 rollout "Pyroblast" Spell lvl0 hero0
t=4 ph=3 ap=1 snaps=227 hooks=31 inst=45 rollout "Pyroblast" Spell lvl0 hero0
t=4 ph=3 ap=1 snaps=231 hooks=31 inst=45 rollout "Pyroblast" Spell lvl0 hero0
t=4 ph=3 ap=1 snaps=240 hooks=31 inst=45 rollout "Pyroblast" Spell lvl0 hero0
t=4 ph=3 ap=1 snaps=244 hooks=31 inst=45 rollout "Pyroblast" Spell lvl0 hero1
t=4 ph=3 ap=1 snaps=248 hooks=31 inst=45 rollout "Pyroblast" Spell lvl0 hero1
t=4 ph=3 ap=1 snaps=250 hooks=31 inst=45 rollout "Pyroblast" Spell lvl0 hero1
t=4 ph=3 ap=1 snaps=256 hooks=31 inst=45 rollout "Pyroblast" Spell lvl0 hero1
t=4 ph=3 ap=1 snaps=262 hooks=31 inst=45 rollout "Pyroblast" Spell lvl0 hero1
t=4 ph=3 ap=1 snaps=266 hooks=31 inst=45 rollout "Pyroblast" Spell lvl0 hero1
t=4 ph=3 ap=1 snaps=269 hooks=31 inst=45 rollout "Pyroblast" Spell lvl0 hero1
t=4 ph=3 ap=1 snaps=271 hooks=31 inst=45 rollout "Pyroblast" Spell lvl0 hero1
t=4 ph=3 ap=1 snaps=275 hooks=31 inst=45 rollout "Pyroblast" Spell lvl0 hero1
t=4 ph=3 ap=1 snaps=278 hooks=31 inst=45 rollout "Pyroblast" Spell lvl0 hero2
t=4 ph=3 ap=1 snaps=281 hooks=31 inst=45 rollout "Pyroblast" Spell lvl0 hero2
t=4 ph=3 ap=1 snaps=286 hooks=31 inst=45 rollout "Pyroblast" Spell lvl0 hero2
t=4 ph=3 ap=1 snaps=288 hooks=31 inst=45 rollout "Pyroblast" Spell lvl0 hero2
t=4 ph=3 ap=1 snaps=292 hooks=31 inst=45 rollout "Pyroblast" Spell lvl0 hero2
t=4 ph=3 ap=1 snaps=294 hooks=31 inst=45 rollout "Pyroblast" Spell lvl0 hero2
t=4 ph=3 ap=1 snaps=297 hooks=31 inst=45 rollout "Pyroblast" Spell lvl0 hero2
t=4 ph=3 ap=1 snaps=301 hooks=31 inst=45 rollout "Pyroblast" Spell lvl0 hero2
t=4 ph=3 ap=1 snaps=305 hooks=31 inst=45 rollout "Pyroblast" Spell lvl0 hero2
t=4 ph=3 ap=1 snaps=312 hooks=31 inst=45 rollout "Pyroblast" Spell lvl0 hero1
t=4 ph=3 ap=1 snaps=315 hooks=31 inst=45 rollout "Pyroblast" Spell lvl0 hero1
t=4 ph=3 ap=1 snaps=319 hooks=31 inst=45 rollout "Pyroblast" Spell lvl0 hero1
t=4 ph=3 ap=1 snaps=324 hooks=31 inst=45 rollout "Pyroblast" Spell lvl0 hero1
t=4 ph=3 ap=1 snaps=327 hooks=31 inst=45 rollout "Pyroblast" Spell lvl0 hero0
t=4 ph=3 ap=1 snaps=331 hooks=31 inst=45 rollout "Pyroblast" Spell lvl0 hero1
t=4 ph=3 ap=1 snaps=335 hooks=31 inst=45 rollout "Pyroblast" Spell lvl0 hero1
t=4 ph=3 ap=1 snaps=337 hooks=31 inst=45 rollout "Pyroblast" Spell lvl0 hero1
t=4 ph=3 ap=1 snaps=339 hooks=31 inst=45 rollout "Pyroblast" Spell lvl0 hero1
t=4 ph=3 ap=1 snaps=349 hooks=31 inst=45 rollout "Pyroblast" Spell lvl0 hero1
t=4 ph=3 ap=1 snaps=352 hooks=31 inst=45 rollout "Pyroblast" Spell lvl0 hero2
t=4 ph=3 ap=1 snaps=355 hooks=31 inst=45 rollout "Pyroblast" Spell lvl0 hero0
t=4 ph=3 ap=1 snaps=360 hooks=31 inst=45 rollout "Pyroblast" Spell lvl0 hero0
t=4 ph=3 ap=1 snaps=365 hooks=31 inst=45 rollout "Pyroblast" Spell lvl0 hero2
t=4 ph=3 ap=1 snaps=368 hooks=31 inst=45 rollout "Goldify" Spell lvl1 hero1
t=4 ph=3 ap=1 snaps=374 hooks=31 inst=45 rollout "Pyroblast" Spell lvl0 hero1
t=4 ph=3 ap=1 snaps=380 hooks=31 inst=45 rollout "Pyroblast" Spell lvl0 hero0
t=4 ph=3 ap=1 snaps=383 hooks=31 inst=45 rollout "Pyroblast" Spell lvl0 hero2
t=4 ph=3 ap=1 snaps=390 hooks=31 inst=45 rollout "Pyroblast" Spell lvl0 hero1
t=4 ph=3 ap=1 snaps=395 hooks=31 inst=45 rollout "Pyroblast" Spell lvl0 hero1
t=4 ph=3 ap=1 snaps=401 hooks=31 inst=45 rollout "Pyroblast" Spell lvl0 hero1
t=4 ph=3 ap=1 snaps=406 hooks=31 inst=45 rollout "Pyroblast" Spell lvl0 hero1
t=4 ph=3 ap=1 snaps=412 hooks=31 inst=45 rollout "Pyroblast" Spell lvl0 hero1
t=4 ph=3 ap=1 snaps=417 hooks=31 inst=45 rollout "Pyroblast" Spell lvl0 hero2
t=4 ph=3 ap=1 snaps=424 hooks=31 inst=45 rollout "Pyroblast" Spell lvl0 hero1
t=4 ph=3 ap=1 snaps=431 hooks=31 inst=45 rollout "Pyroblast" Spell lvl0 hero1
t=4 ph=3 ap=1 snaps=437 hooks=31 inst=45 rollout "Pyroblast" Spell lvl0 hero1
t=4 ph=3 ap=1 snaps=443 hooks=31 inst=45 rollout "Pyroblast" Spell lvl0 hero2
t=4 ph=3 ap=1 snaps=449 hooks=31 inst=45 rollout "Pyroblast" Spell lvl0 hero2
t=4 ph=3 ap=1 snaps=451 hooks=31 inst=45 rollout "Pyroblast" Spell lvl0 hero2
t=4 ph=3 ap=1 snaps=455 hooks=31 inst=45 rollout "Pyroblast" Spell lvl0 hero2
t=4 ph=3 ap=1 snaps=457 hooks=31 inst=45 rollout "Pyroblast" Spell lvl0 hero2
t=4 ph=3 ap=1 snaps=461 hooks=31 inst=45 rollout "Pyroblast" Spell lvl0 hero2
t=4 ph=3 ap=1 snaps=465 hooks=31 inst=45 rollout "Pyroblast" Spell lvl0 hero2
t=4 ph=3 ap=1 snaps=467 hooks=31 inst=45 rollout "Pyroblast" Spell lvl0 hero2
t=4 ph=3 ap=1 snaps=473 hooks=31 inst=45 rollout "Pyroblast" Spell lvl0 hero2
t=4 ph=3 ap=1 snaps=475 hooks=31 inst=45 rollout "Pyroblast" Spell lvl0 hero2
t=4 ph=3 ap=1 snaps=482 hooks=31 inst=45 rollout "Pyroblast" Spell lvl0 hero2
t=4 ph=3 ap=1 snaps=485 hooks=31 inst=45 rollout "Pyroblast" Spell lvl0 hero2
t=4 ph=3 ap=1 snaps=486 hooks=31 inst=45 rollout "Pyroblast" Spell lvl0 hero2
t=4 ph=3 ap=1 snaps=495 hooks=31 inst=45 rollout "Pyroblast" Spell lvl0 hero2
t=4 ph=3 ap=1 snaps=498 hooks=31 inst=45 rollout "Pyroblast" Spell lvl0 hero2
t=4 ph=3 ap=1 snaps=501 hooks=31 inst=45 rollout "Pyroblast" Spell lvl0 hero2
t=4 ph=5 ap=1 snaps=512 hooks=53 inst=48 switchTurn ending p1
t=5 ph=2 ap=0 snaps=512 hooks=11 inst=49 cpuTurnStart cpu=p0 hand=7
t=5 ph=3 ap=0 snaps=556 hooks=24 inst=53 rollout "Chain Lightning" Spell lvl3 hero1
t=5 ph=3 ap=0 snaps=559 hooks=24 inst=53 rollout "Butterfly Cloud" Spell lvl2 hero1
t=5 ph=3 ap=0 snaps=568 hooks=24 inst=53 rollout "Chain Lightning" Spell lvl3 hero1
t=5 ph=3 ap=0 snaps=571 hooks=24 inst=53 rollout "Chain Lightning" Spell lvl3 hero1
t=5 ph=3 ap=0 snaps=575 hooks=24 inst=53 rollout "Chain Lightning" Spell lvl3 hero1
t=5 ph=3 ap=0 snaps=578 hooks=24 inst=53 rollout "Chain Lightning" Spell lvl3 hero1
t=5 ph=3 ap=0 snaps=581 hooks=24 inst=53 rollout "Chain Lightning" Spell lvl3 hero1
t=5 ph=3 ap=0 snaps=590 hooks=24 inst=53 rollout "Chain Lightning" Spell lvl3 hero1
t=5 ph=3 ap=0 snaps=594 hooks=24 inst=53 rollout "Butterfly Cloud" Spell lvl2 hero1
t=5 ph=3 ap=0 snaps=597 hooks=24 inst=53 rollout "Butterfly Cloud" Spell lvl2 hero1
t=5 ph=3 ap=0 snaps=602 hooks=24 inst=53 rollout "Butterfly Cloud" Spell lvl2 hero1
t=5 ph=3 ap=0 snaps=611 hooks=24 inst=53 rollout "Butterfly Cloud" Spell lvl2 hero1
t=5 ph=3 ap=0 snaps=618 hooks=24 inst=53 rollout "Chain Lightning" Spell lvl3 hero1
t=5 ph=3 ap=0 snaps=625 hooks=24 inst=53 rollout "Chain Lightning" Spell lvl3 hero1
t=5 ph=3 ap=0 snaps=629 hooks=24 inst=53 rollout "Chain Lightning" Spell lvl3 hero1
t=5 ph=3 ap=0 snaps=636 hooks=24 inst=53 rollout "Chain Lightning" Spell lvl3 hero1
t=5 ph=3 ap=0 snaps=641 hooks=24 inst=53 rollout "Chain Lightning" Spell lvl3 hero1
t=5 ph=3 ap=0 snaps=644 hooks=24 inst=53 rollout "Chain Lightning" Spell lvl3 hero1
t=5 ph=3 ap=0 snaps=649 hooks=24 inst=53 rollout "Chain Lightning" Spell lvl3 hero1
t=5 ph=3 ap=0 snaps=656 hooks=24 inst=53 rollout "Chain Lightning" Spell lvl3 hero1
t=5 ph=3 ap=0 snaps=664 hooks=24 inst=53 rollout "Chain Lightning" Spell lvl3 hero1
t=5 ph=3 ap=0 snaps=668 hooks=24 inst=53 rollout "Chain Lightning" Spell lvl3 hero1
t=5 ph=3 ap=0 snaps=672 hooks=24 inst=53 rollout "Chain Lightning" Spell lvl3 hero1
t=5 ph=3 ap=0 snaps=677 hooks=24 inst=53 rollout "Chain Lightning" Spell lvl3 hero1
t=5 ph=3 ap=0 snaps=682 hooks=24 inst=53 rollout "Chain Lightning" Spell lvl3 hero1
t=5 ph=3 ap=0 snaps=688 hooks=24 inst=53 rollout "Chain Lightning" Spell lvl3 hero1
t=5 ph=3 ap=0 snaps=691 hooks=24 inst=53 rollout "Chain Lightning" Spell lvl3 hero1
t=5 ph=3 ap=0 snaps=697 hooks=24 inst=53 rollout "Chain Lightning" Spell lvl3 hero1
t=5 ph=3 ap=0 snaps=700 hooks=24 inst=53 rollout "Chain Lightning" Spell lvl3 hero1
t=5 ph=3 ap=0 snaps=704 hooks=24 inst=53 rollout "Chain Lightning" Spell lvl3 hero1
t=5 ph=3 ap=0 snaps=712 hooks=24 inst=53 rollout "Chain Lightning" Spell lvl3 hero1
t=5 ph=3 ap=0 snaps=718 hooks=24 inst=53 rollout "Chain Lightning" Spell lvl3 hero1
t=5 ph=3 ap=0 snaps=725 hooks=24 inst=53 rollout "Chain Lightning" Spell lvl3 hero1
t=5 ph=3 ap=0 snaps=729 hooks=24 inst=53 rollout "Chain Lightning" Spell lvl3 hero1
t=5 ph=3 ap=0 snaps=736 hooks=24 inst=53 rollout "Chain Lightning" Spell lvl3 hero1
t=5 ph=3 ap=0 snaps=740 hooks=24 inst=53 rollout "Chain Lightning" Spell lvl3 hero1
t=5 ph=3 ap=0 snaps=746 hooks=24 inst=53 rollout "Chain Lightning" Spell lvl3 hero1
t=5 ph=3 ap=0 snaps=750 hooks=24 inst=53 rollout "Chain Lightning" Spell lvl3 hero1
t=5 ph=3 ap=0 snaps=754 hooks=24 inst=53 rollout "Chain Lightning" Spell lvl3 hero1
t=5 ph=3 ap=0 snaps=763 hooks=24 inst=53 rollout "Chain Lightning" Spell lvl3 hero1
t=5 ph=3 ap=0 snaps=771 hooks=24 inst=53 rollout "Chain Lightning" Spell lvl3 hero1
t=5 ph=3 ap=0 snaps=780 hooks=24 inst=53 rollout "Chain Lightning" Spell lvl3 hero1
t=5 ph=3 ap=0 snaps=783 hooks=24 inst=53 rollout "Chain Lightning" Spell lvl3 hero1
t=5 ph=3 ap=0 snaps=788 hooks=24 inst=53 rollout "Chain Lightning" Spell lvl3 hero1
t=5 ph=3 ap=0 snaps=791 hooks=24 inst=53 rollout "Chain Lightning" Spell lvl3 hero1
t=5 ph=3 ap=0 snaps=798 hooks=24 inst=53 rollout "Chain Lightning" Spell lvl3 hero1
t=5 ph=3 ap=0 snaps=801 hooks=24 inst=53 rollout "Chain Lightning" Spell lvl3 hero1
t=5 ph=3 ap=0 snaps=813 hooks=24 inst=53 rollout "Chain Lightning" Spell lvl3 hero1
t=5 ph=3 ap=0 snaps=815 hooks=24 inst=53 rollout "Chain Lightning" Spell lvl3 hero1
t=5 ph=3 ap=0 snaps=821 hooks=24 inst=53 rollout "Chain Lightning" Spell lvl3 hero1
t=5 ph=3 ap=0 snaps=827 hooks=24 inst=53 rollout "Chain Lightning" Spell lvl3 hero1
t=5 ph=3 ap=0 snaps=831 hooks=24 inst=53 rollout "Chain Lightning" Spell lvl3 hero1
t=5 ph=3 ap=0 snaps=835 hooks=24 inst=53 rollout "Chain Lightning" Spell lvl3 hero1
t=5 ph=3 ap=0 snaps=839 hooks=24 inst=53 rollout "Chain Lightning" Spell lvl3 hero1
t=5 ph=3 ap=0 snaps=842 hooks=24 inst=53 rollout "Chain Lightning" Spell lvl3 hero1
t=5 ph=3 ap=0 snaps=848 hooks=24 inst=53 rollout "Chain Lightning" Spell lvl3 hero1
t=5 ph=3 ap=0 snaps=852 hooks=24 inst=53 rollout "Chain Lightning" Spell lvl3 hero1
t=5 ph=3 ap=0 snaps=856 hooks=24 inst=53 rollout "Chain Lightning" Spell lvl3 hero1
t=5 ph=3 ap=0 snaps=859 hooks=24 inst=53 rollout "Chain Lightning" Spell lvl3 hero1
t=5 ph=3 ap=0 snaps=861 hooks=24 inst=53 rollout "Chain Lightning" Spell lvl3 hero1
t=5 ph=3 ap=0 snaps=863 hooks=24 inst=53 rollout "Chain Lightning" Spell lvl3 hero1
t=5 ph=3 ap=0 snaps=870 hooks=24 inst=53 rollout "Chain Lightning" Spell lvl3 hero1
t=5 ph=3 ap=0 snaps=878 hooks=24 inst=53 rollout "Chain Lightning" Spell lvl3 hero1
t=5 ph=3 ap=0 snaps=882 hooks=24 inst=53 rollout "Chain Lightning" Spell lvl3 hero1
t=5 ph=3 ap=0 snaps=885 hooks=24 inst=53 rollout "Chain Lightning" Spell lvl3 hero1
t=5 ph=3 ap=0 snaps=892 hooks=24 inst=53 rollout "Chain Lightning" Spell lvl3 hero1
t=5 ph=3 ap=0 snaps=897 hooks=24 inst=53 rollout "Chain Lightning" Spell lvl3 hero1
t=5 ph=3 ap=0 snaps=902 hooks=24 inst=53 rollout "Chain Lightning" Spell lvl3 hero1
t=5 ph=3 ap=0 snaps=906 hooks=24 inst=53 rollout "Chain Lightning" Spell lvl3 hero1
t=5 ph=3 ap=0 snaps=909 hooks=24 inst=53 rollout "Chain Lightning" Spell lvl3 hero1
t=5 ph=3 ap=0 snaps=912 hooks=24 inst=53 rollout "Chain Lightning" Spell lvl3 hero1
t=5 ph=3 ap=0 snaps=914 hooks=24 inst=53 rollout "Chain Lightning" Spell lvl3 hero1
t=5 ph=3 ap=0 snaps=917 hooks=24 inst=53 rollout "Chain Lightning" Spell lvl3 hero1
t=5 ph=3 ap=0 snaps=922 hooks=24 inst=53 rollout "Chain Lightning" Spell lvl3 hero1
t=5 ph=3 ap=0 snaps=924 hooks=24 inst=53 rollout "Chain Lightning" Spell lvl3 hero1
t=5 ph=3 ap=0 snaps=927 hooks=24 inst=53 rollout "Chain Lightning" Spell lvl3 hero1
t=5 ph=3 ap=0 snaps=930 hooks=24 inst=53 rollout "Chain Lightning" Spell lvl3 hero1
t=5 ph=3 ap=0 snaps=936 hooks=24 inst=53 rollout "Chain Lightning" Spell lvl3 hero1
t=5 ph=3 ap=0 snaps=941 hooks=24 inst=53 rollout "Chain Lightning" Spell lvl3 hero1
t=5 ph=3 ap=0 snaps=948 hooks=24 inst=53 rollout "Chain Lightning" Spell lvl3 hero1
t=5 ph=5 ap=0 snaps=960 hooks=39 inst=53 switchTurn ending p0
t=6 ph=2 ap=1 snaps=960 hooks=10 inst=54 cpuTurnStart cpu=p1 hand=4
t=6 ph=3 ap=1 snaps=1014 hooks=24 inst=55 rollout "Goldify" Spell lvl1 hero1
t=6 ph=3 ap=1 snaps=1018 hooks=24 inst=55 rollout "Goldify" Spell lvl1 hero1
t=6 ph=3 ap=1 snaps=1024 hooks=24 inst=55 rollout "Goldify" Spell lvl1 hero1
t=6 ph=3 ap=1 snaps=1026 hooks=24 inst=55 rollout "Goldify" Spell lvl1 hero1
t=6 ph=3 ap=1 snaps=1029 hooks=24 inst=55 rollout "Goldify" Spell lvl1 hero1
t=6 ph=3 ap=1 snaps=1032 hooks=24 inst=55 rollout "Goldify" Spell lvl1 hero1
t=6 ph=3 ap=1 snaps=1035 hooks=24 inst=55 rollout "Goldify" Spell lvl1 hero1
t=6 ph=3 ap=1 snaps=1037 hooks=24 inst=55 rollout "Goldify" Spell lvl1 hero1
t=6 ph=3 ap=1 snaps=1040 hooks=24 inst=55 rollout "Goldify" Spell lvl1 hero1
t=6 ph=3 ap=1 snaps=1043 hooks=24 inst=55 rollout "Goldify" Spell lvl1 hero1
t=6 ph=3 ap=1 snaps=1048 hooks=24 inst=55 rollout "Goldify" Spell lvl1 hero1
t=6 ph=3 ap=1 snaps=1051 hooks=24 inst=55 rollout "Goldify" Spell lvl1 hero1
t=6 ph=3 ap=1 snaps=1055 hooks=24 inst=55 rollout "Goldify" Spell lvl1 hero1
t=6 ph=3 ap=1 snaps=1059 hooks=24 inst=55 rollout "Goldify" Spell lvl1 hero1
t=6 ph=3 ap=1 snaps=1062 hooks=24 inst=55 rollout "Goldify" Spell lvl1 hero1
t=6 ph=3 ap=1 snaps=1064 hooks=24 inst=55 rollout "Goldify" Spell lvl1 hero1
t=6 ph=3 ap=1 snaps=1066 hooks=24 inst=55 rollout "Goldify" Spell lvl1 hero1
t=6 ph=3 ap=1 snaps=1069 hooks=24 inst=55 rollout "Goldify" Spell lvl1 hero1
t=6 ph=3 ap=1 snaps=1071 hooks=24 inst=55 rollout "Goldify" Spell lvl1 hero1
t=6 ph=3 ap=1 snaps=1074 hooks=24 inst=55 rollout "Goldify" Spell lvl1 hero1
t=6 ph=3 ap=1 snaps=1078 hooks=24 inst=55 rollout "Goldify" Spell lvl1 hero1
t=6 ph=3 ap=1 snaps=1081 hooks=24 inst=55 rollout "Goldify" Spell lvl1 hero1
t=6 ph=3 ap=1 snaps=1088 hooks=24 inst=55 rollout "Goldify" Spell lvl1 hero1
t=6 ph=3 ap=1 snaps=1090 hooks=24 inst=55 rollout "Goldify" Spell lvl1 hero1
t=6 ph=3 ap=1 snaps=1093 hooks=24 inst=55 rollout "Goldify" Spell lvl1 hero1
t=6 ph=3 ap=1 snaps=1095 hooks=24 inst=55 rollout "Goldify" Spell lvl1 hero1
t=6 ph=3 ap=1 snaps=1099 hooks=24 inst=55 rollout "Goldify" Spell lvl1 hero1
t=6 ph=3 ap=1 snaps=1102 hooks=24 inst=55 rollout "Goldify" Spell lvl1 hero1
t=6 ph=3 ap=1 snaps=1104 hooks=24 inst=55 rollout "Goldify" Spell lvl1 hero1
t=6 ph=3 ap=1 snaps=1107 hooks=24 inst=55 rollout "Goldify" Spell lvl1 hero1
t=6 ph=3 ap=1 snaps=1111 hooks=24 inst=55 rollout "Goldify" Spell lvl1 hero1
t=6 ph=3 ap=1 snaps=1113 hooks=24 inst=55 rollout "Goldify" Spell lvl1 hero1
t=6 ph=3 ap=1 snaps=1120 hooks=24 inst=55 rollout "Goldify" Spell lvl1 hero1
t=6 ph=3 ap=1 snaps=1122 hooks=24 inst=55 rollout "Goldify" Spell lvl1 hero1
t=6 ph=3 ap=1 snaps=1124 hooks=24 inst=55 rollout "Goldify" Spell lvl1 hero1
t=6 ph=3 ap=1 snaps=1127 hooks=24 inst=55 rollout "Goldify" Spell lvl1 hero1
t=6 ph=3 ap=1 snaps=1134 hooks=24 inst=55 rollout "Goldify" Spell lvl1 hero1
t=6 ph=3 ap=1 snaps=1136 hooks=24 inst=55 rollout "Goldify" Spell lvl1 hero1
t=6 ph=3 ap=1 snaps=1140 hooks=24 inst=55 rollout "Goldify" Spell lvl1 hero1
t=6 ph=3 ap=1 snaps=1144 hooks=24 inst=55 rollout "Goldify" Spell lvl1 hero1
t=6 ph=3 ap=1 snaps=1151 hooks=24 inst=55 rollout "Goldify" Spell lvl1 hero1
t=6 ph=3 ap=1 snaps=1154 hooks=24 inst=55 rollout "Goldify" Spell lvl1 hero1
t=6 ph=3 ap=1 snaps=1158 hooks=24 inst=55 rollout "Goldify" Spell lvl1 hero1
t=6 ph=3 ap=1 snaps=1160 hooks=24 inst=55 rollout "Goldify" Spell lvl1 hero1
t=6 ph=3 ap=1 snaps=1164 hooks=24 inst=55 rollout "Goldify" Spell lvl1 hero1
t=6 ph=3 ap=1 snaps=1167 hooks=24 inst=55 rollout "Goldify" Spell lvl1 hero1
t=6 ph=3 ap=1 snaps=1169 hooks=24 inst=55 rollout "Goldify" Spell lvl1 hero1
t=6 ph=3 ap=1 snaps=1175 hooks=24 inst=55 rollout "Goldify" Spell lvl1 hero1
t=6 ph=3 ap=1 snaps=1177 hooks=24 inst=55 rollout "Goldify" Spell lvl1 hero1
t=6 ph=3 ap=1 snaps=1179 hooks=24 inst=55 rollout "Goldify" Spell lvl1 hero1
t=6 ph=3 ap=1 snaps=1184 hooks=24 inst=55 rollout "Goldify" Spell lvl1 hero1
t=6 ph=3 ap=1 snaps=1187 hooks=24 inst=55 rollout "Goldify" Spell lvl1 hero1
t=6 ph=3 ap=1 snaps=1192 hooks=24 inst=55 rollout "Goldify" Spell lvl1 hero1
t=6 ph=3 ap=1 snaps=1196 hooks=24 inst=55 rollout "Goldify" Spell lvl1 hero1
t=6 ph=3 ap=1 snaps=1198 hooks=24 inst=55 rollout "Goldify" Spell lvl1 hero1
t=6 ph=3 ap=1 snaps=1202 hooks=24 inst=55 rollout "Goldify" Spell lvl1 hero1
t=6 ph=3 ap=1 snaps=1207 hooks=24 inst=55 rollout "Goldify" Spell lvl1 hero1
t=6 ph=3 ap=1 snaps=1210 hooks=24 inst=55 rollout "Goldify" Spell lvl1 hero1
t=6 ph=3 ap=1 snaps=1213 hooks=24 inst=55 rollout "Goldify" Spell lvl1 hero1
t=6 ph=3 ap=1 snaps=1219 hooks=24 inst=55 rollout "Goldify" Spell lvl1 hero1
t=6 ph=3 ap=1 snaps=1222 hooks=24 inst=55 rollout "Goldify" Spell lvl1 hero1
t=6 ph=3 ap=1 snaps=1225 hooks=24 inst=55 rollout "Goldify" Spell lvl1 hero1
t=6 ph=3 ap=1 snaps=1227 hooks=24 inst=55 rollout "Goldify" Spell lvl1 hero1
t=6 ph=3 ap=1 snaps=1231 hooks=24 inst=55 rollout "Goldify" Spell lvl1 hero1
t=6 ph=3 ap=1 snaps=1233 hooks=24 inst=55 rollout "Goldify" Spell lvl1 hero1
t=6 ph=3 ap=1 snaps=1235 hooks=24 inst=55 rollout "Goldify" Spell lvl1 hero1
t=6 ph=3 ap=1 snaps=1238 hooks=24 inst=55 rollout "Goldify" Spell lvl1 hero1
t=6 ph=3 ap=1 snaps=1244 hooks=24 inst=55 rollout "Goldify" Spell lvl1 hero1
t=6 ph=3 ap=1 snaps=1247 hooks=24 inst=55 rollout "Goldify" Spell lvl1 hero1
t=6 ph=3 ap=1 snaps=1250 hooks=24 inst=55 rollout "Goldify" Spell lvl1 hero1
t=6 ph=3 ap=1 snaps=1256 hooks=24 inst=55 rollout "Goldify" Spell lvl1 hero1
t=6 ph=3 ap=1 snaps=1264 hooks=24 inst=55 rollout "Goldify" Spell lvl1 hero1
t=6 ph=3 ap=1 snaps=1266 hooks=24 inst=55 rollout "Goldify" Spell lvl1 hero1
t=6 ph=3 ap=1 snaps=1270 hooks=24 inst=55 rollout "Goldify" Spell lvl1 hero1
t=6 ph=3 ap=1 snaps=1273 hooks=24 inst=55 rollout "Goldify" Spell lvl1 hero1
t=6 ph=3 ap=1 snaps=1277 hooks=24 inst=55 rollout "Goldify" Spell lvl1 hero1
t=6 ph=3 ap=1 snaps=1279 hooks=24 inst=55 rollout "Goldify" Spell lvl1 hero1
t=6 ph=3 ap=1 snaps=1286 hooks=24 inst=55 rollout "Goldify" Spell lvl1 hero1
t=6 ph=3 ap=1 snaps=1293 hooks=24 inst=55 rollout "Goldify" Spell lvl1 hero1
t=6 ph=3 ap=1 snaps=1298 hooks=24 inst=55 rollout "Goldify" Spell lvl1 hero1
t=6 ph=5 ap=1 snaps=1312 hooks=38 inst=56 switchTurn ending p1
t=7 ph=2 ap=0 snaps=1312 hooks=10 inst=57 cpuTurnStart cpu=p0 hand=8
t=7 ph=3 ap=0 snaps=1325 hooks=26 inst=62 rollout "Butterfly Cloud" Spell lvl2 hero1
t=7 ph=3 ap=0 snaps=1327 hooks=26 inst=62 rollout "Chain Lightning" Spell lvl3 hero1
t=7 ph=3 ap=0 snaps=1329 hooks=26 inst=62 rollout "Butterfly Cloud" Spell lvl2 hero1
t=7 ph=3 ap=0 snaps=1331 hooks=26 inst=62 rollout "Butterfly Cloud" Spell lvl2 hero1
t=7 ph=3 ap=0 snaps=1336 hooks=26 inst=62 rollout "Butterfly Cloud" Spell lvl2 hero1
t=7 ph=3 ap=0 snaps=1339 hooks=26 inst=62 rollout "Butterfly Cloud" Spell lvl2 hero1
t=7 ph=3 ap=0 snaps=1341 hooks=26 inst=62 rollout "Butterfly Cloud" Spell lvl2 hero1
t=7 ph=3 ap=0 snaps=1343 hooks=26 inst=62 rollout "Butterfly Cloud" Spell lvl2 hero1
t=7 ph=3 ap=0 snaps=1345 hooks=26 inst=62 rollout "Butterfly Cloud" Spell lvl2 hero1
t=7 ph=3 ap=0 snaps=1351 hooks=26 inst=62 rollout "Chain Lightning" Spell lvl3 hero1
t=7 ph=3 ap=0 snaps=1353 hooks=26 inst=62 rollout "Chain Lightning" Spell lvl3 hero1
t=7 ph=3 ap=0 snaps=1355 hooks=26 inst=62 rollout "Chain Lightning" Spell lvl3 hero1
t=7 ph=3 ap=0 snaps=1357 hooks=26 inst=62 rollout "Chain Lightning" Spell lvl3 hero1
t=7 ph=3 ap=0 snaps=1359 hooks=26 inst=62 rollout "Chain Lightning" Spell lvl3 hero1
t=7 ph=3 ap=0 snaps=1361 hooks=26 inst=62 rollout "Butterfly Cloud" Spell lvl2 hero1
t=7 ph=3 ap=0 snaps=1363 hooks=26 inst=62 rollout "Butterfly Cloud" Spell lvl2 hero1
t=7 ph=3 ap=0 snaps=1365 hooks=26 inst=62 rollout "Butterfly Cloud" Spell lvl2 hero1
t=7 ph=3 ap=0 snaps=1368 hooks=26 inst=62 rollout "Butterfly Cloud" Spell lvl2 hero1
t=7 ph=3 ap=0 snaps=1370 hooks=26 inst=62 rollout "Butterfly Cloud" Spell lvl2 hero1
t=7 ph=3 ap=0 snaps=1373 hooks=26 inst=62 rollout "Chain Lightning" Spell lvl3 hero1
t=7 ph=3 ap=0 snaps=1375 hooks=26 inst=62 rollout "Chain Lightning" Spell lvl3 hero1
t=7 ph=3 ap=0 snaps=1378 hooks=26 inst=62 rollout "Butterfly Cloud" Spell lvl2 hero1
t=7 ph=3 ap=0 snaps=1381 hooks=26 inst=62 rollout "Butterfly Cloud" Spell lvl2 hero1
t=7 ph=3 ap=0 snaps=1385 hooks=26 inst=62 rollout "Butterfly Cloud" Spell lvl2 hero1
t=7 ph=3 ap=0 snaps=1387 hooks=26 inst=62 rollout "Chain Lightning" Spell lvl3 hero1
t=7 ph=3 ap=0 snaps=1389 hooks=26 inst=62 rollout "Butterfly Cloud" Spell lvl2 hero1
t=7 ph=3 ap=0 snaps=1395 hooks=26 inst=62 rollout "Butterfly Cloud" Spell lvl2 hero1
t=7 ph=3 ap=0 snaps=1399 hooks=26 inst=62 rollout "Butterfly Cloud" Spell lvl2 hero1
t=7 ph=3 ap=0 snaps=1405 hooks=26 inst=62 rollout "Butterfly Cloud" Spell lvl2 hero1
t=7 ph=3 ap=0 snaps=1408 hooks=26 inst=62 rollout "Butterfly Cloud" Spell lvl2 hero1
t=7 ph=3 ap=0 snaps=1411 hooks=26 inst=62 rollout "Butterfly Cloud" Spell lvl2 hero1
t=7 ph=3 ap=0 snaps=1417 hooks=26 inst=62 rollout "Butterfly Cloud" Spell lvl2 hero1
t=7 ph=3 ap=0 snaps=1422 hooks=26 inst=62 rollout "Butterfly Cloud" Spell lvl2 hero1
t=7 ph=3 ap=0 snaps=1424 hooks=26 inst=62 rollout "Butterfly Cloud" Spell lvl2 hero1
t=7 ph=3 ap=0 snaps=1430 hooks=26 inst=62 rollout "Butterfly Cloud" Spell lvl2 hero1
t=7 ph=3 ap=0 snaps=1435 hooks=26 inst=62 rollout "Butterfly Cloud" Spell lvl2 hero1
t=7 ph=3 ap=0 snaps=1441 hooks=26 inst=62 rollout "Butterfly Cloud" Spell lvl2 hero1
t=7 ph=3 ap=0 snaps=1443 hooks=26 inst=62 rollout "Butterfly Cloud" Spell lvl2 hero1
t=7 ph=3 ap=0 snaps=1448 hooks=26 inst=62 rollout "Butterfly Cloud" Spell lvl2 hero1
t=7 ph=3 ap=0 snaps=1450 hooks=26 inst=62 rollout "Butterfly Cloud" Spell lvl2 hero1
t=7 ph=3 ap=0 snaps=1452 hooks=26 inst=62 rollout "Butterfly Cloud" Spell lvl2 hero1
t=7 ph=3 ap=0 snaps=1454 hooks=26 inst=62 rollout "Butterfly Cloud" Spell lvl2 hero1
t=7 ph=3 ap=0 snaps=1457 hooks=26 inst=62 rollout "Butterfly Cloud" Spell lvl2 hero1
t=7 ph=3 ap=0 snaps=1461 hooks=26 inst=62 rollout "Butterfly Cloud" Spell lvl2 hero1
t=7 ph=3 ap=0 snaps=1466 hooks=26 inst=62 rollout "Butterfly Cloud" Spell lvl2 hero1
t=7 ph=3 ap=0 snaps=1470 hooks=26 inst=62 rollout "Butterfly Cloud" Spell lvl2 hero1
t=7 ph=3 ap=0 snaps=1477 hooks=26 inst=62 rollout "Butterfly Cloud" Spell lvl2 hero1
t=7 ph=3 ap=0 snaps=1480 hooks=26 inst=62 rollout "Butterfly Cloud" Spell lvl2 hero1
t=7 ph=3 ap=0 snaps=1484 hooks=26 inst=62 rollout "Butterfly Cloud" Spell lvl2 hero1
t=7 ph=3 ap=0 snaps=1488 hooks=26 inst=62 rollout "Butterfly Cloud" Spell lvl2 hero1
t=7 ph=3 ap=0 snaps=1490 hooks=26 inst=62 rollout "Butterfly Cloud" Spell lvl2 hero1
t=7 ph=3 ap=0 snaps=1493 hooks=26 inst=62 rollout "Butterfly Cloud" Spell lvl2 hero1
t=7 ph=3 ap=0 snaps=1496 hooks=26 inst=62 rollout "Butterfly Cloud" Spell lvl2 hero1
t=7 ph=3 ap=0 snaps=1497 hooks=26 inst=62 rollout "Butterfly Cloud" Spell lvl2 hero1
t=7 ph=3 ap=0 snaps=1500 hooks=26 inst=62 rollout "Butterfly Cloud" Spell lvl2 hero1
t=7 ph=3 ap=0 snaps=1502 hooks=26 inst=62 rollout "Butterfly Cloud" Spell lvl2 hero1
t=7 ph=3 ap=0 snaps=1505 hooks=26 inst=62 rollout "Butterfly Cloud" Spell lvl2 hero1
t=7 ph=3 ap=0 snaps=1508 hooks=26 inst=62 rollout "Butterfly Cloud" Spell lvl2 hero1
t=7 ph=3 ap=0 snaps=1510 hooks=26 inst=62 rollout "Butterfly Cloud" Spell lvl2 hero1
t=7 ph=3 ap=0 snaps=1514 hooks=26 inst=62 rollout "Butterfly Cloud" Spell lvl2 hero1
t=7 ph=3 ap=0 snaps=1517 hooks=26 inst=62 rollout "Butterfly Cloud" Spell lvl2 hero1
t=7 ph=3 ap=0 snaps=1520 hooks=26 inst=62 rollout "Butterfly Cloud" Spell lvl2 hero1
t=7 ph=3 ap=0 snaps=1525 hooks=26 inst=62 rollout "Butterfly Cloud" Spell lvl2 hero1
t=7 ph=3 ap=0 snaps=1526 hooks=26 inst=62 rollout "Butterfly Cloud" Spell lvl2 hero1
t=7 ph=3 ap=0 snaps=1528 hooks=26 inst=62 rollout "Butterfly Cloud" Spell lvl2 hero1
t=7 ph=3 ap=0 snaps=1530 hooks=26 inst=62 rollout "Butterfly Cloud" Spell lvl2 hero1
t=7 ph=3 ap=0 snaps=1532 hooks=26 inst=62 rollout "Butterfly Cloud" Spell lvl2 hero1
t=7 ph=3 ap=0 snaps=1534 hooks=26 inst=62 rollout "Butterfly Cloud" Spell lvl2 hero1
t=7 ph=3 ap=0 snaps=1536 hooks=26 inst=62 rollout "Butterfly Cloud" Spell lvl2 hero1
t=7 ph=3 ap=0 snaps=1540 hooks=26 inst=62 rollout "Butterfly Cloud" Spell lvl2 hero1
t=7 ph=3 ap=0 snaps=1545 hooks=26 inst=62 rollout "Butterfly Cloud" Spell lvl2 hero1
t=7 ph=3 ap=0 snaps=1547 hooks=26 inst=62 rollout "Butterfly Cloud" Spell lvl2 hero1
t=7 ph=3 ap=0 snaps=1549 hooks=26 inst=62 rollout "Butterfly Cloud" Spell lvl2 hero1
t=7 ph=3 ap=0 snaps=1554 hooks=26 inst=62 rollout "Butterfly Cloud" Spell lvl2 hero1
t=7 ph=3 ap=0 snaps=1556 hooks=26 inst=62 rollout "Butterfly Cloud" Spell lvl2 hero1
t=7 ph=3 ap=0 snaps=1561 hooks=26 inst=62 rollout "Butterfly Cloud" Spell lvl2 hero1
t=7 ph=3 ap=0 snaps=1563 hooks=26 inst=62 rollout "Butterfly Cloud" Spell lvl2 hero1
t=7 ph=3 ap=0 snaps=1566 hooks=26 inst=62 rollout "Butterfly Cloud" Spell lvl2 hero1
t=7 ph=3 ap=0 snaps=1568 hooks=26 inst=62 rollout "Butterfly Cloud" Spell lvl2 hero1
t=7 ph=3 ap=0 snaps=1570 hooks=26 inst=62 rollout "Butterfly Cloud" Spell lvl2 hero1
t=7 ph=5 ap=0 snaps=1579 hooks=43 inst=62 switchTurn ending p0
t=8 ph=2 ap=1 snaps=1579 hooks=10 inst=63 cpuTurnStart cpu=p1 hand=4
t=8 ph=3 ap=1 snaps=1633 hooks=33 inst=70 rollout "Rain of Arrows" Spell lvl1 hero1
t=8 ph=3 ap=1 snaps=1637 hooks=33 inst=70 rollout "Rain of Arrows" Spell lvl1 hero1
t=8 ph=3 ap=1 snaps=1640 hooks=33 inst=70 rollout "Rain of Arrows" Spell lvl1 hero1
t=8 ph=3 ap=1 snaps=1644 hooks=33 inst=70 rollout "Rain of Arrows" Spell lvl1 hero1
t=8 ph=3 ap=1 snaps=1645 hooks=33 inst=70 rollout "Rain of Arrows" Spell lvl1 hero1
t=8 ph=3 ap=1 snaps=1648 hooks=33 inst=70 rollout "Rain of Arrows" Spell lvl1 hero1
t=8 ph=3 ap=1 snaps=1652 hooks=33 inst=70 rollout "Rain of Arrows" Spell lvl1 hero1
t=8 ph=3 ap=1 snaps=1656 hooks=33 inst=70 rollout "Rain of Arrows" Spell lvl1 hero1
t=8 ph=3 ap=1 snaps=1660 hooks=33 inst=70 rollout "Rain of Arrows" Spell lvl1 hero1
t=8 ph=3 ap=1 snaps=1662 hooks=33 inst=70 rollout "Rain of Arrows" Spell lvl1 hero1
t=8 ph=3 ap=1 snaps=1664 hooks=33 inst=70 rollout "Rain of Arrows" Spell lvl1 hero1
t=8 ph=3 ap=1 snaps=1665 hooks=33 inst=70 rollout "Rain of Arrows" Spell lvl1 hero1
t=8 ph=3 ap=1 snaps=1666 hooks=33 inst=70 rollout "Rain of Arrows" Spell lvl1 hero1
t=8 ph=3 ap=1 snaps=1669 hooks=33 inst=70 rollout "Rain of Arrows" Spell lvl1 hero1
t=8 ph=3 ap=1 snaps=1671 hooks=33 inst=70 rollout "Rain of Arrows" Spell lvl1 hero1
t=8 ph=3 ap=1 snaps=1674 hooks=33 inst=70 rollout "Rain of Arrows" Spell lvl1 hero1
t=8 ph=3 ap=1 snaps=1676 hooks=33 inst=70 rollout "Rain of Arrows" Spell lvl1 hero1
t=8 ph=3 ap=1 snaps=1682 hooks=33 inst=70 rollout "Rain of Arrows" Spell lvl1 hero1
t=8 ph=3 ap=1 snaps=1683 hooks=33 inst=70 rollout "Rain of Arrows" Spell lvl1 hero1
t=8 ph=3 ap=1 snaps=1686 hooks=33 inst=70 rollout "Rain of Arrows" Spell lvl1 hero1
t=8 ph=3 ap=1 snaps=1688 hooks=33 inst=70 rollout "Rain of Arrows" Spell lvl1 hero1
t=8 ph=3 ap=1 snaps=1692 hooks=33 inst=70 rollout "Rain of Arrows" Spell lvl1 hero1
t=8 ph=3 ap=1 snaps=1695 hooks=33 inst=70 rollout "Rain of Arrows" Spell lvl1 hero1
t=8 ph=3 ap=1 snaps=1699 hooks=33 inst=70 rollout "Rain of Arrows" Spell lvl1 hero1
t=8 ph=3 ap=1 snaps=1703 hooks=33 inst=70 rollout "Rain of Arrows" Spell lvl1 hero1
t=8 ph=3 ap=1 snaps=1705 hooks=33 inst=70 rollout "Rain of Arrows" Spell lvl1 hero1
t=8 ph=3 ap=1 snaps=1708 hooks=33 inst=70 rollout "Rain of Arrows" Spell lvl1 hero1
t=8 ph=3 ap=1 snaps=1710 hooks=33 inst=70 rollout "Rain of Arrows" Spell lvl1 hero1
t=8 ph=3 ap=1 snaps=1713 hooks=33 inst=70 rollout "Rain of Arrows" Spell lvl1 hero1
t=8 ph=3 ap=1 snaps=1717 hooks=33 inst=70 rollout "Rain of Arrows" Spell lvl1 hero1
t=8 ph=3 ap=1 snaps=1720 hooks=33 inst=70 rollout "Rain of Arrows" Spell lvl1 hero1
t=8 ph=3 ap=1 snaps=1723 hooks=33 inst=70 rollout "Rain of Arrows" Spell lvl1 hero1
t=8 ph=3 ap=1 snaps=1724 hooks=33 inst=70 rollout "Rain of Arrows" Spell lvl1 hero1
t=8 ph=3 ap=1 snaps=1727 hooks=33 inst=70 rollout "Rain of Arrows" Spell lvl1 hero1
t=8 ph=3 ap=1 snaps=1731 hooks=33 inst=70 rollout "Rain of Arrows" Spell lvl1 hero1
t=8 ph=3 ap=1 snaps=1733 hooks=33 inst=70 rollout "Rain of Arrows" Spell lvl1 hero1
t=8 ph=3 ap=1 snaps=1735 hooks=33 inst=70 rollout "Rain of Arrows" Spell lvl1 hero1
t=8 ph=3 ap=1 snaps=1737 hooks=33 inst=70 rollout "Rain of Arrows" Spell lvl1 hero1
t=8 ph=3 ap=1 snaps=1740 hooks=33 inst=70 rollout "Rain of Arrows" Spell lvl1 hero1
t=8 ph=3 ap=1 snaps=1743 hooks=33 inst=70 rollout "Rain of Arrows" Spell lvl1 hero1
t=8 ph=3 ap=1 snaps=1744 hooks=33 inst=70 rollout "Rain of Arrows" Spell lvl1 hero1
t=8 ph=3 ap=1 snaps=1747 hooks=33 inst=70 rollout "Rain of Arrows" Spell lvl1 hero1
t=8 ph=3 ap=1 snaps=1749 hooks=33 inst=70 rollout "Rain of Arrows" Spell lvl1 hero1
t=8 ph=3 ap=1 snaps=1751 hooks=33 inst=70 rollout "Rain of Arrows" Spell lvl1 hero1
t=8 ph=3 ap=1 snaps=1752 hooks=33 inst=70 rollout "Rain of Arrows" Spell lvl1 hero1
t=8 ph=3 ap=1 snaps=1758 hooks=33 inst=70 rollout "Rain of Arrows" Spell lvl1 hero1
t=8 ph=3 ap=1 snaps=1760 hooks=33 inst=70 rollout "Rain of Arrows" Spell lvl1 hero1
t=8 ph=3 ap=1 snaps=1763 hooks=33 inst=70 rollout "Rain of Arrows" Spell lvl1 hero1
t=8 ph=3 ap=1 snaps=1765 hooks=33 inst=70 rollout "Rain of Arrows" Spell lvl1 hero1
t=8 ph=3 ap=1 snaps=1768 hooks=33 inst=70 rollout "Rain of Arrows" Spell lvl1 hero1
t=8 ph=3 ap=1 snaps=1772 hooks=33 inst=70 rollout "Rain of Arrows" Spell lvl1 hero1
t=8 ph=3 ap=1 snaps=1779 hooks=33 inst=70 rollout "Rain of Arrows" Spell lvl1 hero1
t=8 ph=3 ap=1 snaps=1781 hooks=33 inst=70 rollout "Rain of Arrows" Spell lvl1 hero1
t=8 ph=3 ap=1 snaps=1785 hooks=33 inst=70 rollout "Rain of Arrows" Spell lvl1 hero1
t=8 ph=3 ap=1 snaps=1788 hooks=33 inst=70 rollout "Rain of Arrows" Spell lvl1 hero1
t=8 ph=3 ap=1 snaps=1792 hooks=33 inst=70 rollout "Rain of Arrows" Spell lvl1 hero1
t=8 ph=3 ap=1 snaps=1794 hooks=33 inst=70 rollout "Rain of Arrows" Spell lvl1 hero1
t=8 ph=3 ap=1 snaps=1795 hooks=33 inst=70 rollout "Rain of Arrows" Spell lvl1 hero1
t=8 ph=3 ap=1 snaps=1797 hooks=33 inst=70 rollout "Rain of Arrows" Spell lvl1 hero1
t=8 ph=3 ap=1 snaps=1800 hooks=33 inst=70 rollout "Rain of Arrows" Spell lvl1 hero1
t=8 ph=3 ap=1 snaps=1804 hooks=33 inst=70 rollout "Rain of Arrows" Spell lvl1 hero1
t=8 ph=3 ap=1 snaps=1806 hooks=33 inst=70 rollout "Rain of Arrows" Spell lvl1 hero1
t=8 ph=3 ap=1 snaps=1810 hooks=33 inst=70 rollout "Rain of Arrows" Spell lvl1 hero1
t=8 ph=3 ap=1 snaps=1814 hooks=33 inst=70 rollout "Rain of Arrows" Spell lvl1 hero1
t=8 ph=3 ap=1 snaps=1817 hooks=33 inst=70 rollout "Rain of Arrows" Spell lvl1 hero1
t=8 ph=3 ap=1 snaps=1823 hooks=33 inst=70 rollout "Rain of Arrows" Spell lvl1 hero1
t=8 ph=3 ap=1 snaps=1826 hooks=33 inst=70 rollout "Rain of Arrows" Spell lvl1 hero1
t=8 ph=3 ap=1 snaps=1830 hooks=33 inst=70 rollout "Rain of Arrows" Spell lvl1 hero1
t=8 ph=3 ap=1 snaps=1834 hooks=33 inst=70 rollout "Rain of Arrows" Spell lvl1 hero1
t=8 ph=3 ap=1 snaps=1838 hooks=33 inst=70 rollout "Rain of Arrows" Spell lvl1 hero1
t=8 ph=3 ap=1 snaps=1841 hooks=33 inst=70 rollout "Rain of Arrows" Spell lvl1 hero1
t=8 ph=3 ap=1 snaps=1844 hooks=33 inst=70 rollout "Rain of Arrows" Spell lvl1 hero1
t=8 ph=3 ap=1 snaps=1846 hooks=33 inst=70 rollout "Rain of Arrows" Spell lvl1 hero1
t=8 ph=3 ap=1 snaps=1847 hooks=33 inst=70 rollout "Rain of Arrows" Spell lvl1 hero1
t=8 ph=3 ap=1 snaps=1849 hooks=33 inst=70 rollout "Rain of Arrows" Spell lvl1 hero1
t=8 ph=3 ap=1 snaps=1852 hooks=33 inst=70 rollout "Rain of Arrows" Spell lvl1 hero1
t=8 ph=3 ap=1 snaps=1854 hooks=33 inst=70 rollout "Rain of Arrows" Spell lvl1 hero1
t=8 ph=3 ap=1 snaps=1855 hooks=33 inst=70 rollout "Rain of Arrows" Spell lvl1 hero1
t=8 ph=3 ap=1 snaps=1864 hooks=33 inst=70 rollout "Rain of Arrows" Spell lvl1 hero1
t=8 ph=3 ap=1 snaps=1866 hooks=33 inst=70 rollout "Rain of Arrows" Spell lvl1 hero1
t=8 ph=5 ap=1 snaps=1874 hooks=44 inst=70 switchTurn ending p1
t=9 ph=2 ap=0 snaps=1874 hooks=10 inst=71 cpuTurnStart cpu=p0 hand=8
t=9 ph=3 ap=0 snaps=1932 hooks=16 inst=73 rollout "Chain Lightning" Spell lvl3 hero1
t=9 ph=3 ap=0 snaps=1934 hooks=16 inst=73 rollout "Chain Lightning" Spell lvl3 hero1
t=9 ph=3 ap=0 snaps=1937 hooks=16 inst=73 rollout "Chain Lightning" Spell lvl3 hero1
t=9 ph=3 ap=0 snaps=1938 hooks=16 inst=73 rollout "Chain Lightning" Spell lvl3 hero1
t=9 ph=3 ap=0 snaps=1942 hooks=16 inst=73 rollout "Chain Lightning" Spell lvl3 hero1
t=9 ph=3 ap=0 snaps=1943 hooks=16 inst=73 rollout "Chain Lightning" Spell lvl3 hero1
t=9 ph=3 ap=0 snaps=1944 hooks=16 inst=73 rollout "Chain Lightning" Spell lvl3 hero1
t=9 ph=3 ap=0 snaps=1946 hooks=16 inst=73 rollout "Chain Lightning" Spell lvl3 hero1
t=9 ph=3 ap=0 snaps=1949 hooks=16 inst=73 rollout "Chain Lightning" Spell lvl3 hero1
t=9 ph=3 ap=0 snaps=1951 hooks=16 inst=73 rollout "Chain Lightning" Spell lvl3 hero1
t=9 ph=3 ap=0 snaps=1953 hooks=16 inst=73 rollout "Chain Lightning" Spell lvl3 hero1
t=9 ph=3 ap=0 snaps=1956 hooks=16 inst=73 rollout "Chain Lightning" Spell lvl3 hero1
t=9 ph=3 ap=0 snaps=1958 hooks=16 inst=73 rollout "Chain Lightning" Spell lvl3 hero1
t=9 ph=3 ap=0 snaps=1961 hooks=16 inst=73 rollout "Chain Lightning" Spell lvl3 hero1
t=9 ph=3 ap=0 snaps=1963 hooks=16 inst=73 rollout "Chain Lightning" Spell lvl3 hero1
t=9 ph=3 ap=0 snaps=1966 hooks=16 inst=73 rollout "Chain Lightning" Spell lvl3 hero1
t=9 ph=3 ap=0 snaps=1968 hooks=16 inst=73 rollout "Chain Lightning" Spell lvl3 hero1
t=9 ph=3 ap=0 snaps=1970 hooks=16 inst=73 rollout "Chain Lightning" Spell lvl3 hero1
t=9 ph=3 ap=0 snaps=1972 hooks=16 inst=73 rollout "Chain Lightning" Spell lvl3 hero1
t=9 ph=3 ap=0 snaps=1975 hooks=16 inst=73 rollout "Chain Lightning" Spell lvl3 hero1
t=9 ph=3 ap=0 snaps=1977 hooks=16 inst=73 rollout "Chain Lightning" Spell lvl3 hero1
t=9 ph=3 ap=0 snaps=1978 hooks=16 inst=73 rollout "Chain Lightning" Spell lvl3 hero1
t=9 ph=3 ap=0 snaps=1980 hooks=16 inst=73 rollout "Chain Lightning" Spell lvl3 hero1
t=9 ph=3 ap=0 snaps=1982 hooks=16 inst=73 rollout "Chain Lightning" Spell lvl3 hero1
t=9 ph=3 ap=0 snaps=1984 hooks=16 inst=73 rollout "Chain Lightning" Spell lvl3 hero1
t=9 ph=3 ap=0 snaps=1986 hooks=16 inst=73 rollout "Chain Lightning" Spell lvl3 hero1
t=9 ph=3 ap=0 snaps=1989 hooks=16 inst=73 rollout "Chain Lightning" Spell lvl3 hero1
t=9 ph=3 ap=0 snaps=1991 hooks=16 inst=73 rollout "Chain Lightning" Spell lvl3 hero1
t=9 ph=3 ap=0 snaps=1993 hooks=16 inst=73 rollout "Chain Lightning" Spell lvl3 hero1
t=9 ph=3 ap=0 snaps=1996 hooks=16 inst=73 rollout "Chain Lightning" Spell lvl3 hero1
t=9 ph=3 ap=0 snaps=1998 hooks=16 inst=73 rollout "Chain Lightning" Spell lvl3 hero1
t=9 ph=3 ap=0 snaps=2000 hooks=16 inst=73 rollout "Chain Lightning" Spell lvl3 hero1
t=9 ph=3 ap=0 snaps=2002 hooks=16 inst=73 rollout "Chain Lightning" Spell lvl3 hero1
t=9 ph=3 ap=0 snaps=2004 hooks=16 inst=73 rollout "Chain Lightning" Spell lvl3 hero1
t=9 ph=3 ap=0 snaps=2006 hooks=16 inst=73 rollout "Chain Lightning" Spell lvl3 hero1
t=9 ph=3 ap=0 snaps=2009 hooks=16 inst=73 rollout "Chain Lightning" Spell lvl3 hero1
t=9 ph=3 ap=0 snaps=2011 hooks=16 inst=73 rollout "Chain Lightning" Spell lvl3 hero1
t=9 ph=3 ap=0 snaps=2014 hooks=16 inst=73 rollout "Chain Lightning" Spell lvl3 hero1
t=9 ph=3 ap=0 snaps=2016 hooks=16 inst=73 rollout "Chain Lightning" Spell lvl3 hero1
t=9 ph=3 ap=0 snaps=2017 hooks=16 inst=73 rollout "Chain Lightning" Spell lvl3 hero1
t=9 ph=3 ap=0 snaps=2019 hooks=16 inst=73 rollout "Chain Lightning" Spell lvl3 hero1
t=9 ph=3 ap=0 snaps=2021 hooks=16 inst=73 rollout "Chain Lightning" Spell lvl3 hero1
t=9 ph=3 ap=0 snaps=2022 hooks=16 inst=73 rollout "Chain Lightning" Spell lvl3 hero1
t=9 ph=3 ap=0 snaps=2024 hooks=16 inst=73 rollout "Chain Lightning" Spell lvl3 hero1
t=9 ph=3 ap=0 snaps=2027 hooks=16 inst=73 rollout "Chain Lightning" Spell lvl3 hero1
t=9 ph=3 ap=0 snaps=2029 hooks=16 inst=73 rollout "Chain Lightning" Spell lvl3 hero1
t=9 ph=3 ap=0 snaps=2031 hooks=16 inst=73 rollout "Chain Lightning" Spell lvl3 hero1
t=9 ph=3 ap=0 snaps=2033 hooks=16 inst=73 rollout "Chain Lightning" Spell lvl3 hero1
t=9 ph=3 ap=0 snaps=2035 hooks=16 inst=73 rollout "Chain Lightning" Spell lvl3 hero1
t=9 ph=3 ap=0 snaps=2037 hooks=16 inst=73 rollout "Chain Lightning" Spell lvl3 hero1
t=9 ph=3 ap=0 snaps=2040 hooks=16 inst=73 rollout "Chain Lightning" Spell lvl3 hero1
t=9 ph=3 ap=0 snaps=2041 hooks=16 inst=73 rollout "Chain Lightning" Spell lvl3 hero1
t=9 ph=3 ap=0 snaps=2043 hooks=16 inst=73 rollout "Chain Lightning" Spell lvl3 hero1
t=9 ph=3 ap=0 snaps=2046 hooks=16 inst=73 rollout "Chain Lightning" Spell lvl3 hero1
t=9 ph=3 ap=0 snaps=2048 hooks=16 inst=73 rollout "Chain Lightning" Spell lvl3 hero1
t=9 ph=3 ap=0 snaps=2050 hooks=16 inst=73 rollout "Chain Lightning" Spell lvl3 hero1
t=9 ph=3 ap=0 snaps=2052 hooks=16 inst=73 rollout "Chain Lightning" Spell lvl3 hero1
t=9 ph=3 ap=0 snaps=2054 hooks=16 inst=73 rollout "Chain Lightning" Spell lvl3 hero1
t=9 ph=3 ap=0 snaps=2056 hooks=16 inst=73 rollout "Chain Lightning" Spell lvl3 hero1
t=9 ph=3 ap=0 snaps=2058 hooks=16 inst=73 rollout "Chain Lightning" Spell lvl3 hero1
t=9 ph=3 ap=0 snaps=2060 hooks=16 inst=73 rollout "Chain Lightning" Spell lvl3 hero1
t=9 ph=3 ap=0 snaps=2062 hooks=16 inst=73 rollout "Chain Lightning" Spell lvl3 hero1
t=9 ph=3 ap=0 snaps=2064 hooks=16 inst=73 rollout "Chain Lightning" Spell lvl3 hero1
t=9 ph=3 ap=0 snaps=2066 hooks=16 inst=73 rollout "Chain Lightning" Spell lvl3 hero1
t=9 ph=3 ap=0 snaps=2068 hooks=16 inst=73 rollout "Chain Lightning" Spell lvl3 hero1
t=9 ph=3 ap=0 snaps=2070 hooks=16 inst=73 rollout "Chain Lightning" Spell lvl3 hero1
t=9 ph=3 ap=0 snaps=2073 hooks=16 inst=73 rollout "Chain Lightning" Spell lvl3 hero1
t=9 ph=3 ap=0 snaps=2075 hooks=16 inst=73 rollout "Chain Lightning" Spell lvl3 hero1
t=9 ph=3 ap=0 snaps=2078 hooks=16 inst=73 rollout "Chain Lightning" Spell lvl3 hero1
t=9 ph=3 ap=0 snaps=2080 hooks=16 inst=73 rollout "Chain Lightning" Spell lvl3 hero1
t=9 ph=3 ap=0 snaps=2083 hooks=16 inst=73 rollout "Chain Lightning" Spell lvl3 hero1
t=9 ph=3 ap=0 snaps=2087 hooks=16 inst=73 rollout "Chain Lightning" Spell lvl3 hero1
t=9 ph=3 ap=0 snaps=2090 hooks=16 inst=73 rollout "Chain Lightning" Spell lvl3 hero1
t=9 ph=3 ap=0 snaps=2092 hooks=16 inst=73 rollout "Chain Lightning" Spell lvl3 hero1
t=9 ph=3 ap=0 snaps=2094 hooks=16 inst=73 rollout "Chain Lightning" Spell lvl3 hero1
t=9 ph=3 ap=0 snaps=2096 hooks=16 inst=73 rollout "Chain Lightning" Spell lvl3 hero1
t=9 ph=3 ap=0 snaps=2098 hooks=16 inst=73 rollout "Chain Lightning" Spell lvl3 hero1
t=9 ph=3 ap=0 snaps=2100 hooks=16 inst=73 rollout "Chain Lightning" Spell lvl3 hero1
t=9 ph=3 ap=0 snaps=2102 hooks=16 inst=73 rollout "Chain Lightning" Spell lvl3 hero1
t=9 ph=3 ap=0 snaps=2103 hooks=16 inst=73 rollout "Chain Lightning" Spell lvl3 hero1
t=9 ph=5 ap=0 snaps=2114 hooks=34 inst=73 switchTurn ending p0
t=10 ph=2 ap=1 snaps=2114 hooks=10 inst=74 cpuTurnStart cpu=p1 hand=4
t=10 ph=5 ap=1 snaps=2120 hooks=17 inst=74 switchTurn ending p1
t=11 ph=2 ap=0 snaps=2120 hooks=10 inst=75 cpuTurnStart cpu=p0 hand=8
t=11 ph=3 ap=0 snaps=2125 hooks=15 inst=75 rollout "Butterfly Cloud" Spell lvl2 hero1
t=11 ph=3 ap=0 snaps=2126 hooks=15 inst=75 rollout "Butterfly Cloud" Spell lvl2 hero1
t=11 ph=3 ap=0 snaps=2127 hooks=15 inst=75 rollout "Butterfly Cloud" Spell lvl2 hero1
t=11 ph=3 ap=0 snaps=2128 hooks=15 inst=75 rollout "Butterfly Cloud" Spell lvl2 hero1
t=11 ph=3 ap=0 snaps=2129 hooks=15 inst=75 rollout "Butterfly Cloud" Spell lvl2 hero1
t=11 ph=3 ap=0 snaps=2130 hooks=15 inst=75 rollout "Butterfly Cloud" Spell lvl2 hero1
t=11 ph=3 ap=0 snaps=2131 hooks=15 inst=75 rollout "Butterfly Cloud" Spell lvl2 hero1
t=11 ph=3 ap=0 snaps=2132 hooks=15 inst=75 rollout "Butterfly Cloud" Spell lvl2 hero1
t=11 ph=3 ap=0 snaps=2133 hooks=15 inst=75 rollout "Butterfly Cloud" Spell lvl2 hero1
t=11 ph=3 ap=0 snaps=2134 hooks=15 inst=75 rollout "Butterfly Cloud" Spell lvl2 hero1
t=11 ph=3 ap=0 snaps=2135 hooks=15 inst=75 rollout "Butterfly Cloud" Spell lvl2 hero1
t=11 ph=3 ap=0 snaps=2136 hooks=15 inst=75 rollout "Butterfly Cloud" Spell lvl2 hero1
t=11 ph=3 ap=0 snaps=2137 hooks=15 inst=75 rollout "Butterfly Cloud" Spell lvl2 hero1
t=11 ph=3 ap=0 snaps=2138 hooks=15 inst=75 rollout "Butterfly Cloud" Spell lvl2 hero1
t=11 ph=3 ap=0 snaps=2139 hooks=15 inst=75 rollout "Butterfly Cloud" Spell lvl2 hero1
t=11 ph=3 ap=0 snaps=2140 hooks=15 inst=75 rollout "Butterfly Cloud" Spell lvl2 hero1
t=11 ph=3 ap=0 snaps=2141 hooks=15 inst=75 rollout "Butterfly Cloud" Spell lvl2 hero1
t=11 ph=3 ap=0 snaps=2142 hooks=15 inst=75 rollout "Butterfly Cloud" Spell lvl2 hero1
t=11 ph=3 ap=0 snaps=2143 hooks=15 inst=75 rollout "Butterfly Cloud" Spell lvl2 hero1
t=11 ph=3 ap=0 snaps=2144 hooks=15 inst=75 rollout "Butterfly Cloud" Spell lvl2 hero1
t=11 ph=3 ap=0 snaps=2145 hooks=15 inst=75 rollout "Butterfly Cloud" Spell lvl2 hero1
t=11 ph=3 ap=0 snaps=2146 hooks=15 inst=75 rollout "Butterfly Cloud" Spell lvl2 hero1
t=11 ph=3 ap=0 snaps=2147 hooks=15 inst=75 rollout "Butterfly Cloud" Spell lvl2 hero1
t=11 ph=3 ap=0 snaps=2148 hooks=15 inst=75 rollout "Butterfly Cloud" Spell lvl2 hero1
t=11 ph=3 ap=0 snaps=2149 hooks=15 inst=75 rollout "Butterfly Cloud" Spell lvl2 hero1
t=11 ph=3 ap=0 snaps=2150 hooks=15 inst=75 rollout "Butterfly Cloud" Spell lvl2 hero1
t=11 ph=3 ap=0 snaps=2151 hooks=15 inst=75 rollout "Butterfly Cloud" Spell lvl2 hero1
t=11 ph=3 ap=0 snaps=2152 hooks=15 inst=75 rollout "Butterfly Cloud" Spell lvl2 hero1
t=11 ph=3 ap=0 snaps=2153 hooks=15 inst=75 rollout "Butterfly Cloud" Spell lvl2 hero1
t=11 ph=3 ap=0 snaps=2154 hooks=15 inst=75 rollout "Butterfly Cloud" Spell lvl2 hero1
t=11 ph=3 ap=0 snaps=2155 hooks=15 inst=75 rollout "Butterfly Cloud" Spell lvl2 hero1
t=11 ph=3 ap=0 snaps=2156 hooks=15 inst=75 rollout "Butterfly Cloud" Spell lvl2 hero1
t=11 ph=3 ap=0 snaps=2157 hooks=15 inst=75 rollout "Butterfly Cloud" Spell lvl2 hero1
t=11 ph=3 ap=0 snaps=2158 hooks=15 inst=75 rollout "Butterfly Cloud" Spell lvl2 hero1
t=11 ph=3 ap=0 snaps=2159 hooks=15 inst=75 rollout "Butterfly Cloud" Spell lvl2 hero1
t=11 ph=3 ap=0 snaps=2160 hooks=15 inst=75 rollout "Butterfly Cloud" Spell lvl2 hero1
t=11 ph=3 ap=0 snaps=2161 hooks=15 inst=75 rollout "Butterfly Cloud" Spell lvl2 hero1
t=11 ph=3 ap=0 snaps=2162 hooks=15 inst=75 rollout "Butterfly Cloud" Spell lvl2 hero1
t=11 ph=3 ap=0 snaps=2163 hooks=15 inst=75 rollout "Butterfly Cloud" Spell lvl2 hero1
t=11 ph=3 ap=0 snaps=2164 hooks=15 inst=75 rollout "Butterfly Cloud" Spell lvl2 hero1
t=11 ph=3 ap=0 snaps=2165 hooks=15 inst=75 rollout "Butterfly Cloud" Spell lvl2 hero1
t=11 ph=3 ap=0 snaps=2166 hooks=15 inst=75 rollout "Butterfly Cloud" Spell lvl2 hero1
t=11 ph=3 ap=0 snaps=2167 hooks=15 inst=75 rollout "Butterfly Cloud" Spell lvl2 hero1
t=11 ph=3 ap=0 snaps=2168 hooks=15 inst=75 rollout "Butterfly Cloud" Spell lvl2 hero1
t=11 ph=3 ap=0 snaps=2169 hooks=15 inst=75 rollout "Butterfly Cloud" Spell lvl2 hero1
t=11 ph=3 ap=0 snaps=2170 hooks=15 inst=75 rollout "Butterfly Cloud" Spell lvl2 hero1
t=11 ph=3 ap=0 snaps=2171 hooks=15 inst=75 rollout "Butterfly Cloud" Spell lvl2 hero1
t=11 ph=3 ap=0 snaps=2172 hooks=15 inst=75 rollout "Butterfly Cloud" Spell lvl2 hero1
t=11 ph=3 ap=0 snaps=2173 hooks=15 inst=75 rollout "Butterfly Cloud" Spell lvl2 hero1
t=11 ph=3 ap=0 snaps=2174 hooks=15 inst=75 rollout "Butterfly Cloud" Spell lvl2 hero1
t=11 ph=3 ap=0 snaps=2175 hooks=15 inst=75 rollout "Butterfly Cloud" Spell lvl2 hero1
t=11 ph=3 ap=0 snaps=2176 hooks=15 inst=75 rollout "Butterfly Cloud" Spell lvl2 hero1
t=11 ph=3 ap=0 snaps=2177 hooks=15 inst=75 rollout "Butterfly Cloud" Spell lvl2 hero1
t=11 ph=3 ap=0 snaps=2178 hooks=15 inst=75 rollout "Butterfly Cloud" Spell lvl2 hero1
t=11 ph=3 ap=0 snaps=2179 hooks=15 inst=75 rollout "Butterfly Cloud" Spell lvl2 hero1
t=11 ph=3 ap=0 snaps=2180 hooks=15 inst=75 rollout "Butterfly Cloud" Spell lvl2 hero1
t=11 ph=3 ap=0 snaps=2181 hooks=15 inst=75 rollout "Butterfly Cloud" Spell lvl2 hero1
t=11 ph=3 ap=0 snaps=2182 hooks=15 inst=75 rollout "Butterfly Cloud" Spell lvl2 hero1
t=11 ph=3 ap=0 snaps=2183 hooks=15 inst=75 rollout "Butterfly Cloud" Spell lvl2 hero1
t=11 ph=3 ap=0 snaps=2184 hooks=15 inst=75 rollout "Butterfly Cloud" Spell lvl2 hero1
t=11 ph=3 ap=0 snaps=2185 hooks=15 inst=75 rollout "Butterfly Cloud" Spell lvl2 hero1
t=11 ph=3 ap=0 snaps=2186 hooks=15 inst=75 rollout "Butterfly Cloud" Spell lvl2 hero1
t=11 ph=3 ap=0 snaps=2187 hooks=15 inst=75 rollout "Butterfly Cloud" Spell lvl2 hero1
t=11 ph=3 ap=0 snaps=2188 hooks=15 inst=75 rollout "Butterfly Cloud" Spell lvl2 hero1
t=11 ph=3 ap=0 snaps=2189 hooks=15 inst=75 rollout "Butterfly Cloud" Spell lvl2 hero1
t=11 ph=3 ap=0 snaps=2190 hooks=15 inst=75 rollout "Butterfly Cloud" Spell lvl2 hero1
t=11 ph=3 ap=0 snaps=2191 hooks=15 inst=75 rollout "Butterfly Cloud" Spell lvl2 hero1
t=11 ph=3 ap=0 snaps=2192 hooks=15 inst=75 rollout "Butterfly Cloud" Spell lvl2 hero1
t=11 ph=3 ap=0 snaps=2193 hooks=15 inst=75 rollout "Butterfly Cloud" Spell lvl2 hero1
t=11 ph=3 ap=0 snaps=2194 hooks=15 inst=75 rollout "Butterfly Cloud" Spell lvl2 hero1
t=11 ph=3 ap=0 snaps=2195 hooks=15 inst=75 rollout "Butterfly Cloud" Spell lvl2 hero1
t=11 ph=3 ap=0 snaps=2196 hooks=15 inst=75 rollout "Butterfly Cloud" Spell lvl2 hero1
t=11 ph=3 ap=0 snaps=2197 hooks=15 inst=75 rollout "Butterfly Cloud" Spell lvl2 hero1
t=11 ph=3 ap=0 snaps=2198 hooks=15 inst=75 rollout "Butterfly Cloud" Spell lvl2 hero1
t=11 ph=3 ap=0 snaps=2199 hooks=15 inst=75 rollout "Butterfly Cloud" Spell lvl2 hero1
t=11 ph=3 ap=0 snaps=2200 hooks=15 inst=75 rollout "Butterfly Cloud" Spell lvl2 hero1
t=11 ph=3 ap=0 snaps=2201 hooks=15 inst=75 rollout "Butterfly Cloud" Spell lvl2 hero1
t=11 ph=3 ap=0 snaps=2202 hooks=15 inst=75 rollout "Butterfly Cloud" Spell lvl2 hero1
t=11 ph=3 ap=0 snaps=2203 hooks=15 inst=75 rollout "Butterfly Cloud" Spell lvl2 hero1
t=11 ph=3 ap=0 snaps=2204 hooks=15 inst=75 rollout "Butterfly Cloud" Spell lvl2 hero1

=== GAME 2/1000: To Attain Divinity vs Burning Inferno @ 2026-05-01T09:55:58.747Z ===
t=1 ph=2 ap=1 snaps=0 hooks=10 inst=29 cpuTurnStart cpu=p1 hand=6
t=1 ph=3 ap=1 snaps=15 hooks=15 inst=30 rollout "Waitress" Creature lvl1 hero2
t=1 ph=3 ap=1 snaps=28 hooks=15 inst=30 rollout "Waitress" Creature lvl1 hero2
t=1 ph=3 ap=1 snaps=41 hooks=15 inst=30 rollout "Waitress" Creature lvl1 hero2
t=1 ph=3 ap=1 snaps=57 hooks=15 inst=30 rollout "Waitress" Creature lvl1 hero2
t=1 ph=3 ap=1 snaps=71 hooks=15 inst=30 rollout "Waitress" Creature lvl1 hero2
t=1 ph=3 ap=1 snaps=86 hooks=15 inst=30 rollout "Waitress" Creature lvl1 hero2
t=1 ph=3 ap=1 snaps=99 hooks=15 inst=30 rollout "Waitress" Creature lvl1 hero2
t=1 ph=3 ap=1 snaps=115 hooks=15 inst=30 rollout "Waitress" Creature lvl1 hero2
t=1 ph=3 ap=1 snaps=129 hooks=15 inst=30 rollout "Waitress" Creature lvl1 hero2
t=1 ph=3 ap=1 snaps=146 hooks=15 inst=30 rollout "Waitress" Creature lvl1 hero2
t=1 ph=3 ap=1 snaps=159 hooks=15 inst=30 rollout "Waitress" Creature lvl1 hero2
t=1 ph=3 ap=1 snaps=169 hooks=15 inst=30 rollout "Waitress" Creature lvl1 hero2
t=1 ph=3 ap=1 snaps=177 hooks=15 inst=30 rollout "Waitress" Creature lvl1 hero2
t=1 ph=3 ap=1 snaps=196 hooks=15 inst=30 rollout "Waitress" Creature lvl1 hero2
t=1 ph=3 ap=1 snaps=209 hooks=15 inst=30 rollout "Waitress" Creature lvl1 hero2
t=1 ph=3 ap=1 snaps=223 hooks=15 inst=30 rollout "Waitress" Creature lvl1 hero2
t=1 ph=3 ap=1 snaps=237 hooks=15 inst=30 rollout "Waitress" Creature lvl1 hero2
t=1 ph=3 ap=1 snaps=251 hooks=15 inst=30 rollout "Waitress" Creature lvl1 hero2
t=1 ph=3 ap=1 snaps=265 hooks=15 inst=30 rollout "Waitress" Creature lvl1 hero2
t=1 ph=3 ap=1 snaps=278 hooks=15 inst=30 rollout "Waitress" Creature lvl1 hero2
t=1 ph=3 ap=1 snaps=294 hooks=15 inst=30 rollout "Waitress" Creature lvl1 hero2
t=1 ph=3 ap=1 snaps=307 hooks=15 inst=30 rollout "Waitress" Creature lvl1 hero2
t=1 ph=3 ap=1 snaps=320 hooks=15 inst=30 rollout "Waitress" Creature lvl1 hero2
t=1 ph=3 ap=1 snaps=335 hooks=15 inst=30 rollout "Waitress" Creature lvl1 hero2
t=1 ph=3 ap=1 snaps=349 hooks=15 inst=30 rollout "Waitress" Creature lvl1 hero2
t=1 ph=3 ap=1 snaps=363 hooks=15 inst=30 rollout "Waitress" Creature lvl1 hero2
t=1 ph=3 ap=1 snaps=371 hooks=15 inst=30 rollout "Waitress" Creature lvl1 hero2
t=1 ph=3 ap=1 snaps=379 hooks=15 inst=30 rollout "Waitress" Creature lvl1 hero2
t=1 ph=3 ap=1 snaps=396 hooks=15 inst=30 rollout "Waitress" Creature lvl1 hero2
t=1 ph=3 ap=1 snaps=409 hooks=15 inst=30 rollout "Waitress" Creature lvl1 hero2
t=1 ph=3 ap=1 snaps=426 hooks=15 inst=30 rollout "Waitress" Creature lvl1 hero2
t=1 ph=3 ap=1 snaps=439 hooks=15 inst=30 rollout "Waitress" Creature lvl1 hero2
t=1 ph=3 ap=1 snaps=452 hooks=15 inst=30 rollout "Waitress" Creature lvl1 hero2
t=1 ph=3 ap=1 snaps=465 hooks=15 inst=30 rollout "Waitress" Creature lvl1 hero2
t=1 ph=3 ap=1 snaps=483 hooks=15 inst=30 rollout "Waitress" Creature lvl1 hero2
t=1 ph=3 ap=1 snaps=501 hooks=15 inst=30 rollout "Waitress" Creature lvl1 hero2
t=1 ph=3 ap=1 snaps=518 hooks=15 inst=30 rollout "Waitress" Creature lvl1 hero2
t=1 ph=3 ap=1 snaps=536 hooks=15 inst=30 rollout "Waitress" Creature lvl1 hero2
t=1 ph=3 ap=1 snaps=552 hooks=15 inst=30 rollout "Waitress" Creature lvl1 hero2
t=1 ph=3 ap=1 snaps=571 hooks=15 inst=30 rollout "Waitress" Creature lvl1 hero2
t=1 ph=3 ap=1 snaps=587 hooks=15 inst=30 rollout "Waitress" Creature lvl1 hero2
t=1 ph=3 ap=1 snaps=601 hooks=15 inst=30 rollout "Waitress" Creature lvl1 hero2
t=1 ph=3 ap=1 snaps=618 hooks=15 inst=30 rollout "Waitress" Creature lvl1 hero2
t=1 ph=3 ap=1 snaps=634 hooks=15 inst=30 rollout "Waitress" Creature lvl1 hero2
t=1 ph=3 ap=1 snaps=644 hooks=15 inst=30 rollout "Waitress" Creature lvl1 hero2
t=1 ph=3 ap=1 snaps=652 hooks=15 inst=30 rollout "Waitress" Creature lvl1 hero2
t=1 ph=3 ap=1 snaps=665 hooks=15 inst=30 rollout "Waitress" Creature lvl1 hero2
t=1 ph=3 ap=1 snaps=678 hooks=15 inst=30 rollout "Waitress" Creature lvl1 hero2
t=1 ph=3 ap=1 snaps=692 hooks=15 inst=30 rollout "Waitress" Creature lvl1 hero2
t=1 ph=3 ap=1 snaps=705 hooks=15 inst=30 rollout "Waitress" Creature lvl1 hero2
t=1 ph=3 ap=1 snaps=718 hooks=15 inst=30 rollout "Waitress" Creature lvl1 hero2
t=1 ph=3 ap=1 snaps=735 hooks=15 inst=30 rollout "Waitress" Creature lvl1 hero2
t=1 ph=3 ap=1 snaps=749 hooks=15 inst=30 rollout "Waitress" Creature lvl1 hero2
t=1 ph=3 ap=1 snaps=757 hooks=15 inst=30 rollout "Waitress" Creature lvl1 hero2
t=1 ph=3 ap=1 snaps=772 hooks=15 inst=30 rollout "Waitress" Creature lvl1 hero2
t=1 ph=3 ap=1 snaps=786 hooks=15 inst=30 rollout "Waitress" Creature lvl1 hero2
t=1 ph=3 ap=1 snaps=794 hooks=15 inst=30 rollout "Waitress" Creature lvl1 hero2
t=1 ph=3 ap=1 snaps=804 hooks=15 inst=30 rollout "Waitress" Creature lvl1 hero2
t=1 ph=3 ap=1 snaps=812 hooks=15 inst=30 rollout "Waitress" Creature lvl1 hero2
t=1 ph=3 ap=1 snaps=820 hooks=15 inst=30 rollout "Waitress" Creature lvl1 hero2
t=1 ph=3 ap=1 snaps=835 hooks=15 inst=30 rollout "Waitress" Creature lvl1 hero2
t=1 ph=3 ap=1 snaps=848 hooks=15 inst=30 rollout "Waitress" Creature lvl1 hero2
t=1 ph=3 ap=1 snaps=862 hooks=15 inst=30 rollout "Waitress" Creature lvl1 hero2
t=1 ph=3 ap=1 snaps=875 hooks=15 inst=30 rollout "Waitress" Creature lvl1 hero2
t=1 ph=3 ap=1 snaps=890 hooks=15 inst=30 rollout "Waitress" Creature lvl1 hero2
t=1 ph=3 ap=1 snaps=905 hooks=15 inst=30 rollout "Waitress" Creature lvl1 hero2
t=1 ph=3 ap=1 snaps=920 hooks=15 inst=30 rollout "Waitress" Creature lvl1 hero2
t=1 ph=3 ap=1 snaps=933 hooks=15 inst=30 rollout "Waitress" Creature lvl1 hero2
t=1 ph=3 ap=1 snaps=951 hooks=15 inst=30 rollout "Waitress" Creature lvl1 hero2
t=1 ph=3 ap=1 snaps=964 hooks=15 inst=30 rollout "Waitress" Creature lvl1 hero2
t=1 ph=3 ap=1 snaps=979 hooks=15 inst=30 rollout "Waitress" Creature lvl1 hero2
t=1 ph=3 ap=1 snaps=991 hooks=15 inst=30 rollout "Waitress" Creature lvl1 hero2
t=1 ph=3 ap=1 snaps=1004 hooks=15 inst=30 rollout "Waitress" Creature lvl1 hero2
t=1 ph=3 ap=1 snaps=1018 hooks=15 inst=30 rollout "Waitress" Creature lvl1 hero2
t=1 ph=3 ap=1 snaps=1027 hooks=15 inst=30 rollout "Waitress" Creature lvl1 hero2
t=1 ph=3 ap=1 snaps=1042 hooks=15 inst=30 rollout "Waitress" Creature lvl1 hero2
t=1 ph=3 ap=1 snaps=1055 hooks=15 inst=30 rollout "Waitress" Creature lvl1 hero2
t=1 ph=3 ap=1 snaps=1069 hooks=15 inst=30 rollout "Waitress" Creature lvl1 hero2
t=1 ph=3 ap=1 snaps=1087 hooks=15 inst=30 rollout "Waitress" Creature lvl1 hero2
t=1 ph=3 ap=1 snaps=1100 hooks=15 inst=30 rollout "Waitress" Creature lvl1 hero2
t=1 ph=3 ap=1 snaps=1108 hooks=15 inst=30 summon "Waitress" p1/h2
t=1 ph=5 ap=1 snaps=1112 hooks=24 inst=31 switchTurn ending p1
t=2 ph=2 ap=0 snaps=1112 hooks=13 inst=32 cpuTurnStart cpu=p0 hand=6
t=2 ph=2 ap=0 snaps=1114 hooks=13 inst=32 summon "Ska Harpyformer" p0/h1
t=2 ph=3 ap=0 snaps=1120 hooks=46 inst=40 rollout "Forbidden Zone" Spell lvl3 hero1
t=2 ph=3 ap=0 snaps=1133 hooks=46 inst=40 rollout "Magic Hammer" Spell lvl3 hero1
t=2 ph=3 ap=0 snaps=1145 hooks=46 inst=40 rollout "Adventurousness" AbilityAction lvl1 hero2
t=2 ph=3 ap=0 snaps=1154 hooks=46 inst=40 rollout "Forbidden Zone" Spell lvl3 hero1
t=2 ph=3 ap=0 snaps=1167 hooks=46 inst=40 rollout "Forbidden Zone" Spell lvl3 hero1
t=2 ph=3 ap=0 snaps=1180 hooks=46 inst=40 rollout "Magic Hammer" Spell lvl3 hero1
t=2 ph=3 ap=0 snaps=1194 hooks=46 inst=40 rollout "Magic Hammer" Spell lvl3 hero1
t=2 ph=3 ap=0 snaps=1206 hooks=46 inst=40 rollout "Magic Hammer" Spell lvl3 hero1
t=2 ph=3 ap=0 snaps=1218 hooks=46 inst=40 rollout "Magic Hammer" Spell lvl3 hero1
t=2 ph=3 ap=0 snaps=1230 hooks=46 inst=40 rollout "Magic Hammer" Spell lvl3 hero1
t=2 ph=3 ap=0 snaps=1241 hooks=46 inst=40 rollout "Magic Hammer" Spell lvl3 hero1
t=2 ph=3 ap=0 snaps=1256 hooks=46 inst=40 rollout "Magic Hammer" Spell lvl3 hero1
t=2 ph=3 ap=0 snaps=1268 hooks=46 inst=40 rollout "Adventurousness" AbilityAction lvl1 hero2
t=2 ph=3 ap=0 snaps=1281 hooks=46 inst=40 rollout "Adventurousness" AbilityAction lvl1 hero2
t=2 ph=3 ap=0 snaps=1293 hooks=46 inst=40 rollout "Adventurousness" AbilityAction lvl1 hero2
t=2 ph=3 ap=0 snaps=1307 hooks=46 inst=40 rollout "Adventurousness" AbilityAction lvl1 hero2
t=2 ph=3 ap=0 snaps=1323 hooks=46 inst=40 rollout "Adventurousness" AbilityAction lvl1 hero2
t=2 ph=3 ap=0 snaps=1331 hooks=46 inst=40 rollout "Adventurousness" AbilityAction lvl1 hero2
t=2 ph=3 ap=0 snaps=1345 hooks=46 inst=40 rollout "Adventurousness" AbilityAction lvl1 hero2
t=2 ph=3 ap=0 snaps=1359 hooks=46 inst=40 rollout "Forbidden Zone" Spell lvl3 hero1
t=2 ph=3 ap=0 snaps=1372 hooks=46 inst=40 rollout "Forbidden Zone" Spell lvl3 hero1
t=2 ph=3 ap=0 snaps=1385 hooks=46 inst=40 rollout "Forbidden Zone" Spell lvl3 hero1
t=2 ph=3 ap=0 snaps=1398 hooks=46 inst=40 rollout "Forbidden Zone" Spell lvl3 hero1
t=2 ph=3 ap=0 snaps=1411 hooks=46 inst=40 rollout "Forbidden Zone" Spell lvl3 hero1
t=2 ph=3 ap=0 snaps=1424 hooks=46 inst=40 rollout "Forbidden Zone" Spell lvl3 hero1
t=2 ph=3 ap=0 snaps=1437 hooks=46 inst=40 rollout "Forbidden Zone" Spell lvl3 hero1
t=2 ph=3 ap=0 snaps=1450 hooks=46 inst=40 rollout "Forbidden Zone" Spell lvl3 hero1
t=2 ph=3 ap=0 snaps=1463 hooks=46 inst=40 rollout "Forbidden Zone" Spell lvl3 hero1
t=2 ph=3 ap=0 snaps=1476 hooks=46 inst=40 rollout "Forbidden Zone" Spell lvl3 hero1
t=2 ph=3 ap=0 snaps=1489 hooks=46 inst=40 rollout "Forbidden Zone" Spell lvl3 hero1
t=2 ph=3 ap=0 snaps=1502 hooks=46 inst=40 rollout "Forbidden Zone" Spell lvl3 hero1
t=2 ph=3 ap=0 snaps=1515 hooks=46 inst=40 rollout "Forbidden Zone" Spell lvl3 hero1
t=2 ph=3 ap=0 snaps=1528 hooks=46 inst=40 rollout "Forbidden Zone" Spell lvl3 hero1
t=2 ph=3 ap=0 snaps=1541 hooks=46 inst=40 rollout "Forbidden Zone" Spell lvl3 hero1
t=2 ph=3 ap=0 snaps=1554 hooks=46 inst=40 rollout "Forbidden Zone" Spell lvl3 hero1
t=2 ph=3 ap=0 snaps=1567 hooks=46 inst=40 rollout "Forbidden Zone" Spell lvl3 hero1
t=2 ph=3 ap=0 snaps=1580 hooks=46 inst=40 rollout "Forbidden Zone" Spell lvl3 hero1
t=2 ph=3 ap=0 snaps=1593 hooks=46 inst=40 rollout "Forbidden Zone" Spell lvl3 hero1
t=2 ph=3 ap=0 snaps=1606 hooks=46 inst=40 rollout "Forbidden Zone" Spell lvl3 hero1
t=2 ph=3 ap=0 snaps=1619 hooks=46 inst=40 rollout "Forbidden Zone" Spell lvl3 hero1
t=2 ph=3 ap=0 snaps=1632 hooks=46 inst=40 rollout "Forbidden Zone" Spell lvl3 hero1
t=2 ph=3 ap=0 snaps=1645 hooks=46 inst=40 rollout "Forbidden Zone" Spell lvl3 hero1
t=2 ph=3 ap=0 snaps=1658 hooks=46 inst=40 rollout "Forbidden Zone" Spell lvl3 hero1
t=2 ph=3 ap=0 snaps=1671 hooks=46 inst=40 rollout "Forbidden Zone" Spell lvl3 hero1
t=2 ph=3 ap=0 snaps=1684 hooks=46 inst=40 rollout "Forbidden Zone" Spell lvl3 hero1
t=2 ph=3 ap=0 snaps=1697 hooks=46 inst=40 rollout "Forbidden Zone" Spell lvl3 hero1
t=2 ph=3 ap=0 snaps=1710 hooks=46 inst=40 rollout "Forbidden Zone" Spell lvl3 hero1
t=2 ph=3 ap=0 snaps=1723 hooks=46 inst=40 rollout "Forbidden Zone" Spell lvl3 hero1
t=2 ph=3 ap=0 snaps=1736 hooks=46 inst=40 rollout "Forbidden Zone" Spell lvl3 hero1
t=2 ph=3 ap=0 snaps=1749 hooks=46 inst=40 rollout "Forbidden Zone" Spell lvl3 hero1
t=2 ph=3 ap=0 snaps=1762 hooks=46 inst=40 rollout "Forbidden Zone" Spell lvl3 hero1
t=2 ph=3 ap=0 snaps=1775 hooks=46 inst=40 rollout "Forbidden Zone" Spell lvl3 hero1
t=2 ph=3 ap=0 snaps=1788 hooks=46 inst=40 rollout "Forbidden Zone" Spell lvl3 hero1
t=2 ph=3 ap=0 snaps=1801 hooks=46 inst=40 rollout "Forbidden Zone" Spell lvl3 hero1
t=2 ph=3 ap=0 snaps=1814 hooks=46 inst=40 rollout "Forbidden Zone" Spell lvl3 hero1
t=2 ph=3 ap=0 snaps=1827 hooks=46 inst=40 rollout "Forbidden Zone" Spell lvl3 hero1
t=2 ph=3 ap=0 snaps=1840 hooks=46 inst=40 rollout "Forbidden Zone" Spell lvl3 hero1
t=2 ph=3 ap=0 snaps=1853 hooks=46 inst=40 rollout "Forbidden Zone" Spell lvl3 hero1
t=2 ph=3 ap=0 snaps=1866 hooks=46 inst=40 rollout "Forbidden Zone" Spell lvl3 hero1
t=2 ph=3 ap=0 snaps=1879 hooks=46 inst=40 rollout "Forbidden Zone" Spell lvl3 hero1
t=2 ph=3 ap=0 snaps=1892 hooks=46 inst=40 rollout "Forbidden Zone" Spell lvl3 hero1
t=2 ph=3 ap=0 snaps=1905 hooks=46 inst=40 rollout "Forbidden Zone" Spell lvl3 hero1
t=2 ph=3 ap=0 snaps=1918 hooks=46 inst=40 rollout "Forbidden Zone" Spell lvl3 hero1
t=2 ph=3 ap=0 snaps=1931 hooks=46 inst=40 rollout "Forbidden Zone" Spell lvl3 hero1
t=2 ph=3 ap=0 snaps=1944 hooks=46 inst=40 rollout "Forbidden Zone" Spell lvl3 hero1
t=2 ph=3 ap=0 snaps=1957 hooks=46 inst=40 rollout "Forbidden Zone" Spell lvl3 hero1
t=2 ph=3 ap=0 snaps=1970 hooks=46 inst=40 rollout "Forbidden Zone" Spell lvl3 hero1
t=2 ph=3 ap=0 snaps=1983 hooks=46 inst=40 rollout "Forbidden Zone" Spell lvl3 hero1
t=2 ph=3 ap=0 snaps=1996 hooks=46 inst=40 rollout "Forbidden Zone" Spell lvl3 hero1
t=2 ph=3 ap=0 snaps=2009 hooks=46 inst=40 rollout "Forbidden Zone" Spell lvl3 hero1
t=2 ph=3 ap=0 snaps=2022 hooks=46 inst=40 rollout "Forbidden Zone" Spell lvl3 hero1
t=2 ph=3 ap=0 snaps=2035 hooks=46 inst=40 rollout "Forbidden Zone" Spell lvl3 hero1
t=2 ph=3 ap=0 snaps=2048 hooks=46 inst=40 rollout "Forbidden Zone" Spell lvl3 hero1
t=2 ph=3 ap=0 snaps=2061 hooks=46 inst=40 rollout "Forbidden Zone" Spell lvl3 hero1
t=2 ph=3 ap=0 snaps=2074 hooks=46 inst=40 rollout "Forbidden Zone" Spell lvl3 hero1
t=2 ph=3 ap=0 snaps=2087 hooks=46 inst=40 rollout "Forbidden Zone" Spell lvl3 hero1
t=2 ph=3 ap=0 snaps=2100 hooks=46 inst=40 rollout "Forbidden Zone" Spell lvl3 hero1
t=2 ph=3 ap=0 snaps=2113 hooks=46 inst=40 rollout "Forbidden Zone" Spell lvl3 hero1
t=2 ph=3 ap=0 snaps=2126 hooks=46 inst=40 rollout "Forbidden Zone" Spell lvl3 hero1
t=2 ph=3 ap=0 snaps=2139 hooks=46 inst=40 rollout "Forbidden Zone" Spell lvl3 hero1
t=2 ph=3 ap=0 snaps=2152 hooks=46 inst=40 rollout "Forbidden Zone" Spell lvl3 hero1
t=2 ph=3 ap=0 snaps=2165 hooks=46 inst=40 rollout "Forbidden Zone" Spell lvl3 hero1
t=2 ph=3 ap=0 snaps=2178 hooks=46 inst=40 rollout "Forbidden Zone" Spell lvl3 hero1
t=2 ph=3 ap=0 snaps=2191 hooks=46 inst=40 rollout "Forbidden Zone" Spell lvl3 hero1
t=2 ph=3 ap=0 snaps=2204 hooks=46 inst=40 rollout "Forbidden Zone" Spell lvl3 hero1
t=2 ph=3 ap=0 snaps=2217 hooks=46 inst=40 rollout "Forbidden Zone" Spell lvl3 hero1
t=2 ph=3 ap=0 snaps=2230 hooks=46 inst=40 rollout "Forbidden Zone" Spell lvl3 hero1
t=2 ph=3 ap=0 snaps=2243 hooks=46 inst=40 rollout "Forbidden Zone" Spell lvl3 hero1
t=2 ph=3 ap=0 snaps=2256 hooks=46 inst=40 rollout "Forbidden Zone" Spell lvl3 hero1
t=2 ph=3 ap=0 snaps=2269 hooks=46 inst=40 rollout "Forbidden Zone" Spell lvl3 hero1
t=2 ph=3 ap=0 snaps=2282 hooks=46 inst=40 rollout "Forbidden Zone" Spell lvl3 hero1
t=2 ph=3 ap=0 snaps=2295 hooks=46 inst=40 rollout "Forbidden Zone" Spell lvl3 hero1
t=2 ph=3 ap=0 snaps=2308 hooks=46 inst=40 rollout "Forbidden Zone" Spell lvl3 hero1
t=2 ph=3 ap=0 snaps=2321 hooks=46 inst=40 rollout "Forbidden Zone" Spell lvl3 hero1
t=2 ph=3 ap=0 snaps=2334 hooks=46 inst=40 rollout "Forbidden Zone" Spell lvl3 hero1
t=2 ph=3 ap=0 snaps=2347 hooks=46 inst=40 rollout "Forbidden Zone" Spell lvl3 hero1
t=2 ph=3 ap=0 snaps=2360 hooks=46 inst=40 rollout "Forbidden Zone" Spell lvl3 hero1
t=2 ph=3 ap=0 snaps=2373 hooks=46 inst=40 rollout "Forbidden Zone" Spell lvl3 hero1
t=2 ph=3 ap=0 snaps=2386 hooks=46 inst=40 rollout "Forbidden Zone" Spell lvl3 hero1
t=2 ph=3 ap=0 snaps=2399 hooks=46 inst=40 rollout "Forbidden Zone" Spell lvl3 hero1
t=2 ph=3 ap=0 snaps=2412 hooks=46 inst=40 rollout "Forbidden Zone" Spell lvl3 hero1
t=2 ph=3 ap=0 snaps=2425 hooks=46 inst=40 rollout "Forbidden Zone" Spell lvl3 hero1
t=2 ph=3 ap=0 snaps=2438 hooks=46 inst=40 rollout "Forbidden Zone" Spell lvl3 hero1
t=2 ph=3 ap=0 snaps=2451 hooks=46 inst=40 rollout "Forbidden Zone" Spell lvl3 hero1
t=2 ph=3 ap=0 snaps=2464 hooks=46 inst=40 rollout "Forbidden Zone" Spell lvl3 hero1
t=2 ph=3 ap=0 snaps=2477 hooks=46 inst=40 rollout "Forbidden Zone" Spell lvl3 hero1
t=2 ph=3 ap=0 snaps=2490 hooks=46 inst=40 rollout "Forbidden Zone" Spell lvl3 hero1
t=2 ph=3 ap=0 snaps=2503 hooks=46 inst=40 rollout "Forbidden Zone" Spell lvl3 hero1
t=2 ph=3 ap=0 snaps=2516 hooks=46 inst=40 rollout "Forbidden Zone" Spell lvl3 hero1
t=2 ph=3 ap=0 snaps=2529 hooks=46 inst=40 rollout "Forbidden Zone" Spell lvl3 hero1
t=2 ph=3 ap=0 snaps=2542 hooks=46 inst=40 rollout "Forbidden Zone" Spell lvl3 hero1
t=2 ph=3 ap=0 snaps=2555 hooks=46 inst=40 rollout "Forbidden Zone" Spell lvl3 hero1
t=2 ph=3 ap=0 snaps=2568 hooks=46 inst=40 rollout "Forbidden Zone" Spell lvl3 hero1
t=2 ph=3 ap=0 snaps=2581 hooks=46 inst=40 rollout "Forbidden Zone" Spell lvl3 hero1
t=2 ph=3 ap=0 snaps=2594 hooks=46 inst=40 rollout "Forbidden Zone" Spell lvl3 hero1
t=2 ph=3 ap=0 snaps=2607 hooks=46 inst=40 rollout "Forbidden Zone" Spell lvl3 hero1
t=2 ph=3 ap=0 snaps=2620 hooks=46 inst=40 rollout "Forbidden Zone" Spell lvl3 hero1
t=2 ph=3 ap=0 snaps=2633 hooks=46 inst=40 rollout "Forbidden Zone" Spell lvl3 hero1
t=2 ph=3 ap=0 snaps=2646 hooks=46 inst=40 rollout "Forbidden Zone" Spell lvl3 hero1
t=2 ph=3 ap=0 snaps=2659 hooks=46 inst=40 rollout "Forbidden Zone" Spell lvl3 hero1
t=2 ph=3 ap=0 snaps=2672 hooks=46 inst=40 rollout "Forbidden Zone" Spell lvl3 hero1
t=2 ph=3 ap=0 snaps=2685 hooks=46 inst=40 rollout "Forbidden Zone" Spell lvl3 hero1
t=2 ph=3 ap=0 snaps=2698 hooks=46 inst=40 rollout "Forbidden Zone" Spell lvl3 hero1
t=2 ph=3 ap=0 snaps=2711 hooks=46 inst=40 rollout "Forbidden Zone" Spell lvl3 hero1
t=2 ph=3 ap=0 snaps=2724 hooks=46 inst=40 rollout "Forbidden Zone" Spell lvl3 hero1
t=2 ph=3 ap=0 snaps=2737 hooks=46 inst=40 rollout "Forbidden Zone" Spell lvl3 hero1
t=2 ph=3 ap=0 snaps=2750 hooks=46 inst=40 rollout "Forbidden Zone" Spell lvl3 hero1
t=2 ph=3 ap=0 snaps=2763 hooks=46 inst=40 rollout "Forbidden Zone" Spell lvl3 hero1
t=2 ph=3 ap=0 snaps=2776 hooks=46 inst=40 rollout "Forbidden Zone" Spell lvl3 hero1
t=2 ph=3 ap=0 snaps=2789 hooks=46 inst=40 rollout "Forbidden Zone" Spell lvl3 hero1
t=2 ph=3 ap=0 snaps=2802 hooks=46 inst=40 rollout "Forbidden Zone" Spell lvl3 hero1
t=2 ph=3 ap=0 snaps=2815 hooks=46 inst=40 rollout "Forbidden Zone" Spell lvl3 hero1
t=2 ph=3 ap=0 snaps=2828 hooks=46 inst=40 rollout "Forbidden Zone" Spell lvl3 hero1
t=2 ph=3 ap=0 snaps=2841 hooks=46 inst=40 rollout "Forbidden Zone" Spell lvl3 hero1
t=2 ph=3 ap=0 snaps=2854 hooks=46 inst=40 rollout "Forbidden Zone" Spell lvl3 hero1
t=2 ph=3 ap=0 snaps=2867 hooks=46 inst=40 rollout "Forbidden Zone" Spell lvl3 hero1
t=2 ph=3 ap=0 snaps=2880 hooks=46 inst=40 rollout "Forbidden Zone" Spell lvl3 hero1
t=2 ph=3 ap=0 snaps=2893 hooks=46 inst=40 rollout "Forbidden Zone" Spell lvl3 hero1
t=2 ph=3 ap=0 snaps=2906 hooks=46 inst=40 rollout "Forbidden Zone" Spell lvl3 hero1
t=2 ph=3 ap=0 snaps=2919 hooks=46 inst=40 rollout "Forbidden Zone" Spell lvl3 hero1
t=2 ph=5 ap=0 snaps=2933 hooks=88 inst=39 switchTurn ending p0
t=3 ph=2 ap=1 snaps=2933 hooks=10 inst=40 cpuTurnStart cpu=p1 hand=5
t=3 ph=5 ap=1 snaps=2945 hooks=19 inst=41 switchTurn ending p1
t=4 ph=2 ap=0 snaps=2945 hooks=15 inst=42 cpuTurnStart cpu=p0 hand=1
t=4 ph=2 ap=0 snaps=2947 hooks=15 inst=42 summon "Ska Harpyformer" p0/h2
t=4 ph=3 ap=0 snaps=2952 hooks=39 inst=51 rollout "Magic Hammer" Spell lvl3 hero1
t=4 ph=3 ap=0 snaps=2966 hooks=39 inst=51 rollout "Prophecy of Tempeste" Spell lvl3 hero1
t=4 ph=3 ap=0 snaps=2973 hooks=39 inst=51 rollout "Guardian Angel" Spell lvl3 hero1
t=4 ph=3 ap=0 snaps=2980 hooks=39 inst=51 rollout "Compulsory Body Swap" Spell lvl3 hero1
t=4 ph=3 ap=0 snaps=2999 hooks=39 inst=51 rollout "Adventurousness" AbilityAction lvl1 hero2
t=4 ph=3 ap=0 snaps=3021 hooks=39 inst=51 rollout "Magic Hammer" Spell lvl3 hero1
t=4 ph=3 ap=0 snaps=3046 hooks=39 inst=51 rollout "Magic Hammer" Spell lvl3 hero1
t=4 ph=3 ap=0 snaps=3071 hooks=39 inst=51 rollout "Magic Hammer" Spell lvl3 hero1
t=4 ph=3 ap=0 snaps=3093 hooks=39 inst=51 rollout "Magic Hammer" Spell lvl3 hero1
t=4 ph=3 ap=0 snaps=3121 hooks=39 inst=51 rollout "Magic Hammer" Spell lvl3 hero1
t=4 ph=3 ap=0 snaps=3141 hooks=39 inst=51 rollout "Magic Hammer" Spell lvl3 hero1
t=4 ph=3 ap=0 snaps=3166 hooks=39 inst=51 rollout "Magic Hammer" Spell lvl3 hero1
t=4 ph=3 ap=0 snaps=3180 hooks=39 inst=51 rollout "Magic Hammer" Spell lvl3 hero1
t=4 ph=3 ap=0 snaps=3195 hooks=39 inst=51 rollout "Prophecy of Tempeste" Spell lvl3 hero1
t=4 ph=3 ap=0 snaps=3202 hooks=39 inst=51 rollout "Prophecy of Tempeste" Spell lvl3 hero1
t=4 ph=3 ap=0 snaps=3221 hooks=39 inst=51 rollout "Prophecy of Tempeste" Spell lvl3 hero1
t=4 ph=3 ap=0 snaps=3240 hooks=39 inst=51 rollout "Prophecy of Tempeste" Spell lvl3 hero1
t=4 ph=3 ap=0 snaps=3262 hooks=39 inst=51 rollout "Prophecy of Tempeste" Spell lvl3 hero1
t=4 ph=3 ap=0 snaps=3287 hooks=39 inst=51 rollout "Prophecy of Tempeste" Spell lvl3 hero1
t=4 ph=3 ap=0 snaps=3309 hooks=39 inst=51 rollout "Prophecy of Tempeste" Spell lvl3 hero1
t=4 ph=3 ap=0 snaps=3331 hooks=39 inst=51 rollout "Guardian Angel" Spell lvl3 hero1
t=4 ph=3 ap=0 snaps=3338 hooks=39 inst=51 rollout "Guardian Angel" Spell lvl3 hero1
t=4 ph=3 ap=0 snaps=3346 hooks=39 inst=51 rollout "Guardian Angel" Spell lvl3 hero1
t=4 ph=3 ap=0 snaps=3354 hooks=39 inst=51 rollout "Guardian Angel" Spell lvl3 hero1
t=4 ph=3 ap=0 snaps=3362 hooks=39 inst=51 rollout "Guardian Angel" Spell lvl3 hero1
t=4 ph=3 ap=0 snaps=3370 hooks=39 inst=51 rollout "Guardian Angel" Spell lvl3 hero1
t=4 ph=3 ap=0 snaps=3378 hooks=39 inst=51 rollout "Guardian Angel" Spell lvl3 hero1
t=4 ph=3 ap=0 snaps=3385 hooks=39 inst=51 rollout "Compulsory Body Swap" Spell lvl3 hero1
t=4 ph=3 ap=0 snaps=3386 hooks=39 inst=51 rollout "Compulsory Body Swap" Spell lvl3 hero1
t=4 ph=3 ap=0 snaps=3387 hooks=39 inst=51 rollout "Compulsory Body Swap" Spell lvl3 hero1
t=4 ph=3 ap=0 snaps=3388 hooks=39 inst=51 rollout "Compulsory Body Swap" Spell lvl3 hero1
t=4 ph=3 ap=0 snaps=3389 hooks=39 inst=51 rollout "Compulsory Body Swap" Spell lvl3 hero1
t=4 ph=3 ap=0 snaps=3390 hooks=39 inst=51 rollout "Compulsory Body Swap" Spell lvl3 hero1
t=4 ph=3 ap=0 snaps=3391 hooks=39 inst=51 rollout "Compulsory Body Swap" Spell lvl3 hero1
t=4 ph=3 ap=0 snaps=3392 hooks=39 inst=51 rollout "Compulsory Body Swap" Spell lvl3 hero1
t=4 ph=3 ap=0 snaps=3411 hooks=39 inst=51 rollout "Adventurousness" AbilityAction lvl1 hero2
t=4 ph=3 ap=0 snaps=3433 hooks=39 inst=51 rollout "Adventurousness" AbilityAction lvl1 hero2
t=4 ph=3 ap=0 snaps=3455 hooks=39 inst=51 rollout "Adventurousness" AbilityAction lvl1 hero2
t=4 ph=3 ap=0 snaps=3477 hooks=39 inst=51 rollout "Adventurousness" AbilityAction lvl1 hero2
t=4 ph=3 ap=0 snaps=3499 hooks=39 inst=51 rollout "Guardian Angel" Spell lvl3 hero1
t=4 ph=3 ap=0 snaps=3506 hooks=39 inst=51 rollout "Guardian Angel" Spell lvl3 hero1
t=4 ph=3 ap=0 snaps=3513 hooks=39 inst=51 rollout "Guardian Angel" Spell lvl3 hero1
t=4 ph=3 ap=0 snaps=3521 hooks=39 inst=51 rollout "Guardian Angel" Spell lvl3 hero1
t=4 ph=3 ap=0 snaps=3528 hooks=39 inst=51 rollout "Guardian Angel" Spell lvl3 hero1
t=4 ph=3 ap=0 snaps=3535 hooks=39 inst=51 rollout "Guardian Angel" Spell lvl3 hero1
t=4 ph=3 ap=0 snaps=3543 hooks=39 inst=51 rollout "Guardian Angel" Spell lvl3 hero1
t=4 ph=3 ap=0 snaps=3550 hooks=39 inst=51 rollout "Guardian Angel" Spell lvl3 hero1
t=4 ph=3 ap=0 snaps=3557 hooks=39 inst=51 rollout "Magic Hammer" Spell lvl3 hero1
t=4 ph=3 ap=0 snaps=3572 hooks=39 inst=51 rollout "Guardian Angel" Spell lvl3 hero1
t=4 ph=3 ap=0 snaps=3579 hooks=39 inst=51 rollout "Guardian Angel" Spell lvl3 hero1
t=4 ph=3 ap=0 snaps=3587 hooks=39 inst=51 rollout "Guardian Angel" Spell lvl3 hero1
t=4 ph=3 ap=0 snaps=3594 hooks=39 inst=51 rollout "Guardian Angel" Spell lvl3 hero1
t=4 ph=3 ap=0 snaps=3601 hooks=39 inst=51 rollout "Guardian Angel" Spell lvl3 hero1
t=4 ph=3 ap=0 snaps=3609 hooks=39 inst=51 rollout "Guardian Angel" Spell lvl3 hero1
t=4 ph=3 ap=0 snaps=3616 hooks=39 inst=51 rollout "Guardian Angel" Spell lvl3 hero1
t=4 ph=3 ap=0 snaps=3624 hooks=39 inst=51 rollout "Guardian Angel" Spell lvl3 hero1
t=4 ph=3 ap=0 snaps=3631 hooks=39 inst=51 rollout "Guardian Angel" Spell lvl3 hero1
t=4 ph=3 ap=0 snaps=3638 hooks=39 inst=51 rollout "Guardian Angel" Spell lvl3 hero1
t=4 ph=3 ap=0 snaps=3645 hooks=39 inst=51 rollout "Guardian Angel" Spell lvl3 hero1
t=4 ph=3 ap=0 snaps=3652 hooks=39 inst=51 rollout "Guardian Angel" Spell lvl3 hero1
t=4 ph=3 ap=0 snaps=3659 hooks=39 inst=51 rollout "Guardian Angel" Spell lvl3 hero1
t=4 ph=3 ap=0 snaps=3667 hooks=39 inst=51 rollout "Guardian Angel" Spell lvl3 hero1
t=4 ph=3 ap=0 snaps=3674 hooks=39 inst=51 rollout "Guardian Angel" Spell lvl3 hero1
t=4 ph=3 ap=0 snaps=3681 hooks=39 inst=51 rollout "Guardian Angel" Spell lvl3 hero1
t=4 ph=3 ap=0 snaps=3688 hooks=39 inst=51 rollout "Guardian Angel" Spell lvl3 hero1
t=4 ph=3 ap=0 snaps=3695 hooks=39 inst=51 rollout "Magic Hammer" Spell lvl3 hero1
t=4 ph=3 ap=0 snaps=3709 hooks=39 inst=51 rollout "Guardian Angel" Spell lvl3 hero1
t=4 ph=3 ap=0 snaps=3717 hooks=39 inst=51 rollout "Guardian Angel" Spell lvl3 hero1
t=4 ph=3 ap=0 snaps=3724 hooks=39 inst=51 rollout "Guardian Angel" Spell lvl3 hero1
t=4 ph=3 ap=0 snaps=3731 hooks=39 inst=51 rollout "Guardian Angel" Spell lvl3 hero1
t=4 ph=3 ap=0 snaps=3739 hooks=39 inst=51 rollout "Guardian Angel" Spell lvl3 hero1
t=4 ph=3 ap=0 snaps=3746 hooks=39 inst=51 rollout "Guardian Angel" Spell lvl3 hero1
t=4 ph=3 ap=0 snaps=3753 hooks=39 inst=51 rollout "Guardian Angel" Spell lvl3 hero1
t=4 ph=3 ap=0 snaps=3760 hooks=39 inst=51 rollout "Guardian Angel" Spell lvl3 hero1
t=4 ph=3 ap=0 snaps=3767 hooks=39 inst=51 rollout "Guardian Angel" Spell lvl3 hero1
t=4 ph=3 ap=0 snaps=3774 hooks=39 inst=51 rollout "Guardian Angel" Spell lvl3 hero1
t=4 ph=3 ap=0 snaps=3781 hooks=39 inst=51 rollout "Guardian Angel" Spell lvl3 hero1
t=4 ph=3 ap=0 snaps=3788 hooks=39 inst=51 rollout "Guardian Angel" Spell lvl3 hero1
t=4 ph=3 ap=0 snaps=3795 hooks=39 inst=51 rollout "Guardian Angel" Spell lvl3 hero1
t=4 ph=3 ap=0 snaps=3803 hooks=39 inst=51 rollout "Guardian Angel" Spell lvl3 hero1
t=4 ph=5 ap=0 snaps=3811 hooks=61 inst=52 switchTurn ending p0
t=5 ph=2 ap=1 snaps=3811 hooks=10 inst=53 cpuTurnStart cpu=p1 hand=5
t=5 ph=3 ap=1 snaps=3817 hooks=12 inst=53 rollout "Waitress" Creature lvl1 hero2
t=5 ph=3 ap=1 snaps=3821 hooks=12 inst=53 rollout "Waitress" Creature lvl1 hero2
t=5 ph=3 ap=1 snaps=3826 hooks=12 inst=53 rollout "Waitress" Creature lvl1 hero2
t=5 ph=3 ap=1 snaps=3831 hooks=12 inst=53 rollout "Waitress" Creature lvl1 hero2
t=5 ph=3 ap=1 snaps=3835 hooks=12 inst=53 rollout "Waitress" Creature lvl1 hero2
t=5 ph=3 ap=1 snaps=3840 hooks=12 inst=53 rollout "Waitress" Creature lvl1 hero2
t=5 ph=3 ap=1 snaps=3847 hooks=12 inst=53 rollout "Waitress" Creature lvl1 hero2
t=5 ph=3 ap=1 snaps=3853 hooks=12 inst=53 rollout "Waitress" Creature lvl1 hero2
t=5 ph=3 ap=1 snaps=3857 hooks=12 inst=53 rollout "Waitress" Creature lvl1 hero2
t=5 ph=3 ap=1 snaps=3862 hooks=12 inst=53 rollout "Waitress" Creature lvl1 hero2
t=5 ph=3 ap=1 snaps=3866 hooks=12 inst=53 rollout "Waitress" Creature lvl1 hero2
t=5 ph=3 ap=1 snaps=3870 hooks=12 inst=53 rollout "Waitress" Creature lvl1 hero2
t=5 ph=3 ap=1 snaps=3877 hooks=12 inst=53 rollout "Waitress" Creature lvl1 hero2
t=5 ph=3 ap=1 snaps=3881 hooks=12 inst=53 rollout "Waitress" Creature lvl1 hero2
t=5 ph=3 ap=1 snaps=3885 hooks=12 inst=53 rollout "Waitress" Creature lvl1 hero2
t=5 ph=3 ap=1 snaps=3889 hooks=12 inst=53 rollout "Waitress" Creature lvl1 hero2
t=5 ph=3 ap=1 snaps=3896 hooks=12 inst=53 rollout "Waitress" Creature lvl1 hero2
t=5 ph=3 ap=1 snaps=3905 hooks=12 inst=53 rollout "Waitress" Creature lvl1 hero2
t=5 ph=3 ap=1 snaps=3909 hooks=12 inst=53 rollout "Waitress" Creature lvl1 hero2
t=5 ph=3 ap=1 snaps=3913 hooks=12 inst=53 rollout "Waitress" Creature lvl1 hero2
t=5 ph=3 ap=1 snaps=3918 hooks=12 inst=53 rollout "Waitress" Creature lvl1 hero2
t=5 ph=3 ap=1 snaps=3922 hooks=12 inst=53 rollout "Waitress" Creature lvl1 hero2
t=5 ph=3 ap=1 snaps=3928 hooks=12 inst=53 rollout "Waitress" Creature lvl1 hero2
t=5 ph=3 ap=1 snaps=3934 hooks=12 inst=53 rollout "Waitress" Creature lvl1 hero2
t=5 ph=3 ap=1 snaps=3938 hooks=12 inst=53 rollout "Waitress" Creature lvl1 hero2
t=5 ph=3 ap=1 snaps=3945 hooks=12 inst=53 rollout "Waitress" Creature lvl1 hero2
t=5 ph=3 ap=1 snaps=3951 hooks=12 inst=53 rollout "Waitress" Creature lvl1 hero2
t=5 ph=3 ap=1 snaps=3955 hooks=12 inst=53 rollout "Waitress" Creature lvl1 hero2
t=5 ph=3 ap=1 snaps=3959 hooks=12 inst=53 rollout "Waitress" Creature lvl1 hero2
t=5 ph=3 ap=1 snaps=3964 hooks=12 inst=53 rollout "Waitress" Creature lvl1 hero2
t=5 ph=3 ap=1 snaps=3971 hooks=12 inst=53 rollout "Waitress" Creature lvl1 hero2
t=5 ph=3 ap=1 snaps=3975 hooks=12 inst=53 rollout "Waitress" Creature lvl1 hero2
t=5 ph=3 ap=1 snaps=3979 hooks=12 inst=53 rollout "Waitress" Creature lvl1 hero2
t=5 ph=3 ap=1 snaps=3983 hooks=12 inst=53 rollout "Waitress" Creature lvl1 hero2
t=5 ph=3 ap=1 snaps=3987 hooks=12 inst=53 rollout "Waitress" Creature lvl1 hero2
t=5 ph=3 ap=1 snaps=3991 hooks=12 inst=53 rollout "Waitress" Creature lvl1 hero2
t=5 ph=3 ap=1 snaps=3996 hooks=12 inst=53 rollout "Waitress" Creature lvl1 hero2
t=5 ph=3 ap=1 snaps=4000 hooks=12 inst=53 rollout "Waitress" Creature lvl1 hero2
t=5 ph=3 ap=1 snaps=4004 hooks=12 inst=53 rollout "Waitress" Creature lvl1 hero2
t=5 ph=3 ap=1 snaps=4010 hooks=12 inst=53 rollout "Waitress" Creature lvl1 hero2
t=5 ph=3 ap=1 snaps=4014 hooks=12 inst=53 rollout "Waitress" Creature lvl1 hero2
t=5 ph=3 ap=1 snaps=4018 hooks=12 inst=53 rollout "Waitress" Creature lvl1 hero2
t=5 ph=3 ap=1 snaps=4022 hooks=12 inst=53 rollout "Waitress" Creature lvl1 hero2
t=5 ph=3 ap=1 snaps=4029 hooks=12 inst=53 rollout "Waitress" Creature lvl1 hero2
t=5 ph=3 ap=1 snaps=4033 hooks=12 inst=53 rollout "Waitress" Creature lvl1 hero2
t=5 ph=3 ap=1 snaps=4037 hooks=12 inst=53 rollout "Waitress" Creature lvl1 hero2
t=5 ph=3 ap=1 snaps=4041 hooks=12 inst=53 rollout "Waitress" Creature lvl1 hero2
t=5 ph=3 ap=1 snaps=4046 hooks=12 inst=53 rollout "Waitress" Creature lvl1 hero2
t=5 ph=3 ap=1 snaps=4050 hooks=12 inst=53 rollout "Waitress" Creature lvl1 hero2
t=5 ph=3 ap=1 snaps=4054 hooks=12 inst=53 rollout "Waitress" Creature lvl1 hero2
t=5 ph=3 ap=1 snaps=4059 hooks=12 inst=53 rollout "Waitress" Creature lvl1 hero2
t=5 ph=3 ap=1 snaps=4063 hooks=12 inst=53 rollout "Waitress" Creature lvl1 hero2
t=5 ph=3 ap=1 snaps=4067 hooks=12 inst=53 rollout "Waitress" Creature lvl1 hero2
t=5 ph=3 ap=1 snaps=4072 hooks=12 inst=53 rollout "Waitress" Creature lvl1 hero2
t=5 ph=3 ap=1 snaps=4079 hooks=12 inst=53 rollout "Waitress" Creature lvl1 hero2
t=5 ph=3 ap=1 snaps=4083 hooks=12 inst=53 rollout "Waitress" Creature lvl1 hero2
t=5 ph=3 ap=1 snaps=4089 hooks=12 inst=53 rollout "Waitress" Creature lvl1 hero2
t=5 ph=3 ap=1 snaps=4093 hooks=12 inst=53 rollout "Waitress" Creature lvl1 hero2
t=5 ph=3 ap=1 snaps=4097 hooks=12 inst=53 rollout "Waitress" Creature lvl1 hero2
t=5 ph=3 ap=1 snaps=4101 hooks=12 inst=53 rollout "Waitress" Creature lvl1 hero2
t=5 ph=3 ap=1 snaps=4107 hooks=12 inst=53 rollout "Waitress" Creature lvl1 hero2
t=5 ph=3 ap=1 snaps=4111 hooks=12 inst=53 rollout "Waitress" Creature lvl1 hero2
t=5 ph=3 ap=1 snaps=4117 hooks=12 inst=53 rollout "Waitress" Creature lvl1 hero2
t=5 ph=3 ap=1 snaps=4122 hooks=12 inst=53 rollout "Waitress" Creature lvl1 hero2
t=5 ph=3 ap=1 snaps=4126 hooks=12 inst=53 rollout "Waitress" Creature lvl1 hero2
t=5 ph=3 ap=1 snaps=4130 hooks=12 inst=53 rollout "Waitress" Creature lvl1 hero2
t=5 ph=3 ap=1 snaps=4134 hooks=12 inst=53 rollout "Waitress" Creature lvl1 hero2
t=5 ph=3 ap=1 snaps=4138 hooks=12 inst=53 rollout "Waitress" Creature lvl1 hero2
t=5 ph=3 ap=1 snaps=4142 hooks=12 inst=53 rollout "Waitress" Creature lvl1 hero2
t=5 ph=3 ap=1 snaps=4146 hooks=12 inst=53 rollout "Waitress" Creature lvl1 hero2
t=5 ph=3 ap=1 snaps=4150 hooks=12 inst=53 rollout "Waitress" Creature lvl1 hero2
t=5 ph=3 ap=1 snaps=4154 hooks=12 inst=53 rollout "Waitress" Creature lvl1 hero2
t=5 ph=3 ap=1 snaps=4160 hooks=12 inst=53 rollout "Waitress" Creature lvl1 hero2
t=5 ph=3 ap=1 snaps=4166 hooks=12 inst=53 rollout "Waitress" Creature lvl1 hero2
t=5 ph=3 ap=1 snaps=4170 hooks=12 inst=53 rollout "Waitress" Creature lvl1 hero2
t=5 ph=3 ap=1 snaps=4177 hooks=12 inst=53 rollout "Waitress" Creature lvl1 hero2
t=5 ph=3 ap=1 snaps=4181 hooks=12 inst=53 rollout "Waitress" Creature lvl1 hero2
t=5 ph=3 ap=1 snaps=4185 hooks=12 inst=53 rollout "Waitress" Creature lvl1 hero2
t=5 ph=3 ap=1 snaps=4189 hooks=12 inst=53 rollout "Waitress" Creature lvl1 hero2
t=5 ph=3 ap=1 snaps=4193 hooks=12 inst=53 rollout "Waitress" Creature lvl1 hero2
t=5 ph=3 ap=1 snaps=4197 hooks=12 inst=53 summon "Waitress" p1/h2
t=5 ph=5 ap=1 snaps=4202 hooks=21 inst=54 switchTurn ending p1
t=6 ph=2 ap=0 snaps=4202 hooks=12 inst=55 cpuTurnStart cpu=p0 hand=1
t=6 ph=2 ap=0 snaps=4210 hooks=38 inst=62 summon "Ska Harpyformer" p0/h2
t=6 ph=3 ap=0 snaps=4215 hooks=44 inst=63 rollout "Magic Hammer" Spell lvl3 hero1
t=6 ph=3 ap=0 snaps=4221 hooks=44 inst=63 rollout "Adventurousness" AbilityAction lvl1 hero2
t=6 ph=3 ap=0 snaps=4228 hooks=44 inst=63 rollout "Magic Hammer" Spell lvl3 hero1
t=6 ph=3 ap=0 snaps=4233 hooks=44 inst=63 rollout "Magic Hammer" Spell lvl3 hero1
t=6 ph=3 ap=0 snaps=4239 hooks=44 inst=63 rollout "Magic Hammer" Spell lvl3 hero1
t=6 ph=3 ap=0 snaps=4245 hooks=44 inst=63 rollout "Magic Hammer" Spell lvl3 hero1
t=6 ph=3 ap=0 snaps=4251 hooks=44 inst=63 rollout "Magic Hammer" Spell lvl3 hero1
t=6 ph=3 ap=0 snaps=4257 hooks=44 inst=63 rollout "Magic Hammer" Spell lvl3 hero1
t=6 ph=3 ap=0 snaps=4263 hooks=44 inst=63 rollout "Magic Hammer" Spell lvl3 hero1
t=6 ph=3 ap=0 snaps=4269 hooks=44 inst=63 rollout "Adventurousness" AbilityAction lvl1 hero2
t=6 ph=3 ap=0 snaps=4276 hooks=44 inst=63 rollout "Adventurousness" AbilityAction lvl1 hero2
t=6 ph=3 ap=0 snaps=4283 hooks=44 inst=63 rollout "Magic Hammer" Spell lvl3 hero1
t=6 ph=3 ap=0 snaps=4288 hooks=44 inst=63 rollout "Magic Hammer" Spell lvl3 hero1
t=6 ph=3 ap=0 snaps=4293 hooks=44 inst=63 rollout "Magic Hammer" Spell lvl3 hero1
t=6 ph=3 ap=0 snaps=4298 hooks=44 inst=63 rollout "Magic Hammer" Spell lvl3 hero1
t=6 ph=3 ap=0 snaps=4303 hooks=44 inst=63 rollout "Magic Hammer" Spell lvl3 hero1
t=6 ph=3 ap=0 snaps=4308 hooks=44 inst=63 rollout "Magic Hammer" Spell lvl3 hero1
t=6 ph=3 ap=0 snaps=4313 hooks=44 inst=63 rollout "Magic Hammer" Spell lvl3 hero1
t=6 ph=3 ap=0 snaps=4318 hooks=44 inst=63 rollout "Magic Hammer" Spell lvl3 hero1
t=6 ph=3 ap=0 snaps=4323 hooks=44 inst=63 rollout "Magic Hammer" Spell lvl3 hero1
t=6 ph=3 ap=0 snaps=4328 hooks=44 inst=63 rollout "Magic Hammer" Spell lvl3 hero1
t=6 ph=3 ap=0 snaps=4333 hooks=44 inst=63 rollout "Magic Hammer" Spell lvl3 hero1
t=6 ph=3 ap=0 snaps=4338 hooks=44 inst=63 rollout "Magic Hammer" Spell lvl3 hero1
t=6 ph=3 ap=0 snaps=4343 hooks=44 inst=63 rollout "Magic Hammer" Spell lvl3 hero1
t=6 ph=3 ap=0 snaps=4348 hooks=44 inst=63 rollout "Magic Hammer" Spell lvl3 hero1
t=6 ph=3 ap=0 snaps=4353 hooks=44 inst=63 rollout "Magic Hammer" Spell lvl3 hero1
t=6 ph=3 ap=0 snaps=4358 hooks=44 inst=63 rollout "Magic Hammer" Spell lvl3 hero1
t=6 ph=3 ap=0 snaps=4363 hooks=44 inst=63 rollout "Magic Hammer" Spell lvl3 hero1
t=6 ph=3 ap=0 snaps=4368 hooks=44 inst=63 rollout "Magic Hammer" Spell lvl3 hero1
t=6 ph=3 ap=0 snaps=4373 hooks=44 inst=63 rollout "Magic Hammer" Spell lvl3 hero1
t=6 ph=3 ap=0 snaps=4378 hooks=44 inst=63 rollout "Magic Hammer" Spell lvl3 hero1
t=6 ph=3 ap=0 snaps=4383 hooks=44 inst=63 rollout "Magic Hammer" Spell lvl3 hero1
t=6 ph=3 ap=0 snaps=4388 hooks=44 inst=63 rollout "Magic Hammer" Spell lvl3 hero1
t=6 ph=3 ap=0 snaps=4393 hooks=44 inst=63 rollout "Magic Hammer" Spell lvl3 hero1
t=6 ph=3 ap=0 snaps=4398 hooks=44 inst=63 rollout "Magic Hammer" Spell lvl3 hero1
t=6 ph=3 ap=0 snaps=4403 hooks=44 inst=63 rollout "Magic Hammer" Spell lvl3 hero1
t=6 ph=3 ap=0 snaps=4408 hooks=44 inst=63 rollout "Magic Hammer" Spell lvl3 hero1
t=6 ph=3 ap=0 snaps=4413 hooks=44 inst=63 rollout "Magic Hammer" Spell lvl3 hero1
t=6 ph=3 ap=0 snaps=4418 hooks=44 inst=63 rollout "Magic Hammer" Spell lvl3 hero1
t=6 ph=3 ap=0 snaps=4423 hooks=44 inst=63 rollout "Magic Hammer" Spell lvl3 hero1
t=6 ph=3 ap=0 snaps=4428 hooks=44 inst=63 rollout "Magic Hammer" Spell lvl3 hero1
t=6 ph=3 ap=0 snaps=4433 hooks=44 inst=63 rollout "Magic Hammer" Spell lvl3 hero1
t=6 ph=3 ap=0 snaps=4438 hooks=44 inst=63 rollout "Magic Hammer" Spell lvl3 hero1
t=6 ph=3 ap=0 snaps=4443 hooks=44 inst=63 rollout "Magic Hammer" Spell lvl3 hero1
t=6 ph=3 ap=0 snaps=4448 hooks=44 inst=63 rollout "Magic Hammer" Spell lvl3 hero1
t=6 ph=3 ap=0 snaps=4453 hooks=44 inst=63 rollout "Magic Hammer" Spell lvl3 hero1
t=6 ph=3 ap=0 snaps=4458 hooks=44 inst=63 rollout "Magic Hammer" Spell lvl3 hero1
t=6 ph=3 ap=0 snaps=4463 hooks=44 inst=63 rollout "Magic Hammer" Spell lvl3 hero1
t=6 ph=3 ap=0 snaps=4468 hooks=44 inst=63 rollout "Magic Hammer" Spell lvl3 hero1
t=6 ph=3 ap=0 snaps=4473 hooks=44 inst=63 rollout "Magic Hammer" Spell lvl3 hero1
t=6 ph=3 ap=0 snaps=4478 hooks=44 inst=63 rollout "Magic Hammer" Spell lvl3 hero1
t=6 ph=3 ap=0 snaps=4483 hooks=44 inst=63 rollout "Magic Hammer" Spell lvl3 hero1
t=6 ph=3 ap=0 snaps=4488 hooks=44 inst=63 rollout "Magic Hammer" Spell lvl3 hero1
t=6 ph=3 ap=0 snaps=4493 hooks=44 inst=63 rollout "Magic Hammer" Spell lvl3 hero1
t=6 ph=3 ap=0 snaps=4498 hooks=44 inst=63 rollout "Magic Hammer" Spell lvl3 hero1
t=6 ph=3 ap=0 snaps=4503 hooks=44 inst=63 rollout "Magic Hammer" Spell lvl3 hero1
t=6 ph=3 ap=0 snaps=4508 hooks=44 inst=63 rollout "Magic Hammer" Spell lvl3 hero1
t=6 ph=3 ap=0 snaps=4513 hooks=44 inst=63 rollout "Magic Hammer" Spell lvl3 hero1
t=6 ph=3 ap=0 snaps=4518 hooks=44 inst=63 rollout "Magic Hammer" Spell lvl3 hero1
t=6 ph=3 ap=0 snaps=4523 hooks=44 inst=63 rollout "Magic Hammer" Spell lvl3 hero1
t=6 ph=3 ap=0 snaps=4528 hooks=44 inst=63 rollout "Magic Hammer" Spell lvl3 hero1
t=6 ph=3 ap=0 snaps=4533 hooks=44 inst=63 rollout "Magic Hammer" Spell lvl3 hero1
t=6 ph=3 ap=0 snaps=4538 hooks=44 inst=63 rollout "Magic Hammer" Spell lvl3 hero1
t=6 ph=3 ap=0 snaps=4543 hooks=44 inst=63 rollout "Magic Hammer" Spell lvl3 hero1
t=6 ph=3 ap=0 snaps=4548 hooks=44 inst=63 rollout "Magic Hammer" Spell lvl3 hero1
t=6 ph=3 ap=0 snaps=4553 hooks=44 inst=63 rollout "Magic Hammer" Spell lvl3 hero1
t=6 ph=3 ap=0 snaps=4558 hooks=44 inst=63 rollout "Magic Hammer" Spell lvl3 hero1
t=6 ph=3 ap=0 snaps=4563 hooks=44 inst=63 rollout "Magic Hammer" Spell lvl3 hero1
t=6 ph=3 ap=0 snaps=4568 hooks=44 inst=63 rollout "Magic Hammer" Spell lvl3 hero1
t=6 ph=3 ap=0 snaps=4573 hooks=44 inst=63 rollout "Magic Hammer" Spell lvl3 hero1
t=6 ph=3 ap=0 snaps=4578 hooks=44 inst=63 rollout "Magic Hammer" Spell lvl3 hero1
t=6 ph=3 ap=0 snaps=4583 hooks=44 inst=63 rollout "Magic Hammer" Spell lvl3 hero1
t=6 ph=3 ap=0 snaps=4588 hooks=44 inst=63 rollout "Magic Hammer" Spell lvl3 hero1
t=6 ph=3 ap=0 snaps=4593 hooks=44 inst=63 rollout "Magic Hammer" Spell lvl3 hero1
t=6 ph=3 ap=0 snaps=4598 hooks=44 inst=63 rollout "Magic Hammer" Spell lvl3 hero1
t=6 ph=3 ap=0 snaps=4603 hooks=44 inst=63 rollout "Magic Hammer" Spell lvl3 hero1
t=6 ph=3 ap=0 snaps=4608 hooks=44 inst=63 rollout "Magic Hammer" Spell lvl3 hero1
t=6 ph=3 ap=0 snaps=4613 hooks=44 inst=63 rollout "Magic Hammer" Spell lvl3 hero1
t=6 ph=3 ap=0 snaps=4618 hooks=44 inst=63 rollout "Magic Hammer" Spell lvl3 hero1
t=6 ph=3 ap=0 snaps=4623 hooks=44 inst=63 rollout "Magic Hammer" Spell lvl3 hero1
t=6 ph=5 ap=0 snaps=4629 hooks=66 inst=63 switchTurn ending p0
t=7 ph=2 ap=1 snaps=4629 hooks=10 inst=64 cpuTurnStart cpu=p1 hand=5
t=7 ph=5 ap=1 snaps=4648 hooks=20 inst=65 switchTurn ending p1
t=8 ph=2 ap=0 snaps=4648 hooks=12 inst=66 cpuTurnStart cpu=p0 hand=2
t=8 ph=3 ap=0 snaps=4663 hooks=50 inst=72 rollout "Adventurousness" AbilityAction lvl1 hero2
t=8 ph=3 ap=0 snaps=4667 hooks=50 inst=72 rollout "Adventurousness" AbilityAction lvl1 hero2
t=8 ph=3 ap=0 snaps=4671 hooks=50 inst=72 rollout "Adventurousness" AbilityAction lvl1 hero2
t=8 ph=3 ap=0 snaps=4675 hooks=50 inst=72 rollout "Adventurousness" AbilityAction lvl1 hero2
t=8 ph=3 ap=0 snaps=4679 hooks=50 inst=72 rollout "Adventurousness" AbilityAction lvl1 hero2
t=8 ph=3 ap=0 snaps=4683 hooks=50 inst=72 rollout "Adventurousness" AbilityAction lvl1 hero2
t=8 ph=3 ap=0 snaps=4687 hooks=50 inst=72 rollout "Adventurousness" AbilityAction lvl1 hero2
t=8 ph=3 ap=0 snaps=4691 hooks=50 inst=72 rollout "Adventurousness" AbilityAction lvl1 hero2
t=8 ph=3 ap=0 snaps=4695 hooks=50 inst=72 rollout "Adventurousness" AbilityAction lvl1 hero2
t=8 ph=3 ap=0 snaps=4699 hooks=50 inst=72 rollout "Adventurousness" AbilityAction lvl1 hero2
t=8 ph=3 ap=0 snaps=4703 hooks=50 inst=72 rollout "Adventurousness" AbilityAction lvl1 hero2
t=8 ph=3 ap=0 snaps=4707 hooks=50 inst=72 rollout "Adventurousness" AbilityAction lvl1 hero2
t=8 ph=3 ap=0 snaps=4711 hooks=50 inst=72 rollout "Adventurousness" AbilityAction lvl1 hero2
t=8 ph=3 ap=0 snaps=4715 hooks=50 inst=72 rollout "Adventurousness" AbilityAction lvl1 hero2
t=8 ph=3 ap=0 snaps=4719 hooks=50 inst=72 rollout "Adventurousness" AbilityAction lvl1 hero2
t=8 ph=3 ap=0 snaps=4723 hooks=50 inst=72 rollout "Adventurousness" AbilityAction lvl1 hero2
t=8 ph=3 ap=0 snaps=4727 hooks=50 inst=72 rollout "Adventurousness" AbilityAction lvl1 hero2
t=8 ph=3 ap=0 snaps=4731 hooks=50 inst=72 rollout "Adventurousness" AbilityAction lvl1 hero2
t=8 ph=3 ap=0 snaps=4735 hooks=50 inst=72 rollout "Adventurousness" AbilityAction lvl1 hero2
t=8 ph=3 ap=0 snaps=4739 hooks=50 inst=72 rollout "Adventurousness" AbilityAction lvl1 hero2
t=8 ph=3 ap=0 snaps=4743 hooks=50 inst=72 rollout "Adventurousness" AbilityAction lvl1 hero2
t=8 ph=3 ap=0 snaps=4747 hooks=50 inst=72 rollout "Adventurousness" AbilityAction lvl1 hero2
t=8 ph=3 ap=0 snaps=4751 hooks=50 inst=72 rollout "Adventurousness" AbilityAction lvl1 hero2
t=8 ph=3 ap=0 snaps=4755 hooks=50 inst=72 rollout "Adventurousness" AbilityAction lvl1 hero2
t=8 ph=3 ap=0 snaps=4759 hooks=50 inst=72 rollout "Adventurousness" AbilityAction lvl1 hero2
t=8 ph=3 ap=0 snaps=4763 hooks=50 inst=72 rollout "Adventurousness" AbilityAction lvl1 hero2
t=8 ph=3 ap=0 snaps=4767 hooks=50 inst=72 rollout "Adventurousness" AbilityAction lvl1 hero2
t=8 ph=3 ap=0 snaps=4771 hooks=50 inst=72 rollout "Adventurousness" AbilityAction lvl1 hero2
t=8 ph=3 ap=0 snaps=4775 hooks=50 inst=72 rollout "Adventurousness" AbilityAction lvl1 hero2
t=8 ph=3 ap=0 snaps=4779 hooks=50 inst=72 rollout "Adventurousness" AbilityAction lvl1 hero2
t=8 ph=3 ap=0 snaps=4783 hooks=50 inst=72 rollout "Adventurousness" AbilityAction lvl1 hero2
t=8 ph=3 ap=0 snaps=4787 hooks=50 inst=72 rollout "Adventurousness" AbilityAction lvl1 hero2
t=8 ph=3 ap=0 snaps=4791 hooks=50 inst=72 rollout "Adventurousness" AbilityAction lvl1 hero2
t=8 ph=3 ap=0 snaps=4795 hooks=50 inst=72 rollout "Adventurousness" AbilityAction lvl1 hero2
t=8 ph=3 ap=0 snaps=4799 hooks=50 inst=72 rollout "Adventurousness" AbilityAction lvl1 hero2
t=8 ph=3 ap=0 snaps=4803 hooks=50 inst=72 rollout "Adventurousness" AbilityAction lvl1 hero2
t=8 ph=3 ap=0 snaps=4807 hooks=50 inst=72 rollout "Adventurousness" AbilityAction lvl1 hero2
t=8 ph=3 ap=0 snaps=4811 hooks=50 inst=72 rollout "Adventurousness" AbilityAction lvl1 hero2
t=8 ph=3 ap=0 snaps=4815 hooks=50 inst=72 rollout "Adventurousness" AbilityAction lvl1 hero2
t=8 ph=3 ap=0 snaps=4819 hooks=50 inst=72 rollout "Adventurousness" AbilityAction lvl1 hero2
t=8 ph=3 ap=0 snaps=4823 hooks=50 inst=72 rollout "Adventurousness" AbilityAction lvl1 hero2
t=8 ph=3 ap=0 snaps=4827 hooks=50 inst=72 rollout "Adventurousness" AbilityAction lvl1 hero2
t=8 ph=3 ap=0 snaps=4831 hooks=50 inst=72 rollout "Adventurousness" AbilityAction lvl1 hero2
t=8 ph=3 ap=0 snaps=4835 hooks=50 inst=72 rollout "Adventurousness" AbilityAction lvl1 hero2
t=8 ph=3 ap=0 snaps=4839 hooks=50 inst=72 rollout "Adventurousness" AbilityAction lvl1 hero2
t=8 ph=3 ap=0 snaps=4843 hooks=50 inst=72 rollout "Adventurousness" AbilityAction lvl1 hero2
t=8 ph=3 ap=0 snaps=4847 hooks=50 inst=72 rollout "Adventurousness" AbilityAction lvl1 hero2
t=8 ph=3 ap=0 snaps=4851 hooks=50 inst=72 rollout "Adventurousness" AbilityAction lvl1 hero2
t=8 ph=3 ap=0 snaps=4855 hooks=50 inst=72 rollout "Adventurousness" AbilityAction lvl1 hero2
t=8 ph=3 ap=0 snaps=4859 hooks=50 inst=72 rollout "Adventurousness" AbilityAction lvl1 hero2
t=8 ph=3 ap=0 snaps=4863 hooks=50 inst=72 rollout "Adventurousness" AbilityAction lvl1 hero2
t=8 ph=3 ap=0 snaps=4867 hooks=50 inst=72 rollout "Adventurousness" AbilityAction lvl1 hero2
t=8 ph=3 ap=0 snaps=4871 hooks=50 inst=72 rollout "Adventurousness" AbilityAction lvl1 hero2
t=8 ph=3 ap=0 snaps=4875 hooks=50 inst=72 rollout "Adventurousness" AbilityAction lvl1 hero2
t=8 ph=3 ap=0 snaps=4879 hooks=50 inst=72 rollout "Adventurousness" AbilityAction lvl1 hero2
t=8 ph=3 ap=0 snaps=4883 hooks=50 inst=72 rollout "Adventurousness" AbilityAction lvl1 hero2
t=8 ph=3 ap=0 snaps=4887 hooks=50 inst=72 rollout "Adventurousness" AbilityAction lvl1 hero2
t=8 ph=3 ap=0 snaps=4891 hooks=50 inst=72 rollout "Adventurousness" AbilityAction lvl1 hero2
t=8 ph=3 ap=0 snaps=4895 hooks=50 inst=72 rollout "Adventurousness" AbilityAction lvl1 hero2
t=8 ph=3 ap=0 snaps=4899 hooks=50 inst=72 rollout "Adventurousness" AbilityAction lvl1 hero2
t=8 ph=3 ap=0 snaps=4903 hooks=50 inst=72 rollout "Adventurousness" AbilityAction lvl1 hero2
t=8 ph=3 ap=0 snaps=4907 hooks=50 inst=72 rollout "Adventurousness" AbilityAction lvl1 hero2
t=8 ph=3 ap=0 snaps=4911 hooks=50 inst=72 rollout "Adventurousness" AbilityAction lvl1 hero2
t=8 ph=3 ap=0 snaps=4915 hooks=50 inst=72 rollout "Adventurousness" AbilityAction lvl1 hero2
t=8 ph=3 ap=0 snaps=4919 hooks=50 inst=72 rollout "Adventurousness" AbilityAction lvl1 hero2
t=8 ph=3 ap=0 snaps=4923 hooks=50 inst=72 rollout "Adventurousness" AbilityAction lvl1 hero2
t=8 ph=3 ap=0 snaps=4927 hooks=50 inst=72 rollout "Adventurousness" AbilityAction lvl1 hero2
t=8 ph=3 ap=0 snaps=4931 hooks=50 inst=72 rollout "Adventurousness" AbilityAction lvl1 hero2
t=8 ph=3 ap=0 snaps=4935 hooks=50 inst=72 rollout "Adventurousness" AbilityAction lvl1 hero2
t=8 ph=3 ap=0 snaps=4939 hooks=50 inst=72 rollout "Adventurousness" AbilityAction lvl1 hero2
t=8 ph=3 ap=0 snaps=4943 hooks=50 inst=72 rollout "Adventurousness" AbilityAction lvl1 hero2
t=8 ph=3 ap=0 snaps=4947 hooks=50 inst=72 rollout "Adventurousness" AbilityAction lvl1 hero2
t=8 ph=3 ap=0 snaps=4951 hooks=50 inst=72 rollout "Adventurousness" AbilityAction lvl1 hero2
t=8 ph=3 ap=0 snaps=4955 hooks=50 inst=72 rollout "Adventurousness" AbilityAction lvl1 hero2
t=8 ph=3 ap=0 snaps=4959 hooks=50 inst=72 rollout "Adventurousness" AbilityAction lvl1 hero2
t=8 ph=3 ap=0 snaps=4963 hooks=50 inst=72 rollout "Adventurousness" AbilityAction lvl1 hero2
t=8 ph=3 ap=0 snaps=4967 hooks=50 inst=72 rollout "Adventurousness" AbilityAction lvl1 hero2
t=8 ph=3 ap=0 snaps=4971 hooks=50 inst=72 rollout "Adventurousness" AbilityAction lvl1 hero2
t=8 ph=3 ap=0 snaps=4975 hooks=50 inst=72 rollout "Adventurousness" AbilityAction lvl1 hero2
t=8 ph=3 ap=0 snaps=4979 hooks=50 inst=72 rollout "Adventurousness" AbilityAction lvl1 hero2
t=8 ph=3 ap=0 snaps=4983 hooks=50 inst=72 rollout "Adventurousness" AbilityAction lvl1 hero2
t=8 ph=3 ap=0 snaps=4987 hooks=50 inst=72 rollout "Adventurousness" AbilityAction lvl1 hero2
t=8 ph=3 ap=0 snaps=4991 hooks=50 inst=72 rollout "Adventurousness" AbilityAction lvl1 hero2
t=8 ph=3 ap=0 snaps=4995 hooks=50 inst=72 rollout "Adventurousness" AbilityAction lvl1 hero2
t=8 ph=3 ap=0 snaps=4999 hooks=50 inst=72 rollout "Adventurousness" AbilityAction lvl1 hero2
t=8 ph=3 ap=0 snaps=5003 hooks=50 inst=72 rollout "Adventurousness" AbilityAction lvl1 hero2
t=8 ph=3 ap=0 snaps=5007 hooks=50 inst=72 rollout "Adventurousness" AbilityAction lvl1 hero2
t=8 ph=3 ap=0 snaps=5011 hooks=50 inst=72 rollout "Adventurousness" AbilityAction lvl1 hero2
t=8 ph=3 ap=0 snaps=5015 hooks=50 inst=72 rollout "Adventurousness" AbilityAction lvl1 hero2
t=8 ph=3 ap=0 snaps=5019 hooks=50 inst=72 rollout "Adventurousness" AbilityAction lvl1 hero2
t=8 ph=3 ap=0 snaps=5023 hooks=50 inst=72 rollout "Adventurousness" AbilityAction lvl1 hero2
t=8 ph=3 ap=0 snaps=5027 hooks=50 inst=72 rollout "Adventurousness" AbilityAction lvl1 hero2
t=8 ph=3 ap=0 snaps=5031 hooks=50 inst=72 rollout "Adventurousness" AbilityAction lvl1 hero2
t=8 ph=3 ap=0 snaps=5035 hooks=50 inst=72 rollout "Adventurousness" AbilityAction lvl1 hero2
t=8 ph=3 ap=0 snaps=5039 hooks=50 inst=72 rollout "Adventurousness" AbilityAction lvl1 hero2
t=8 ph=3 ap=0 snaps=5043 hooks=50 inst=72 rollout "Adventurousness" AbilityAction lvl1 hero2
t=8 ph=3 ap=0 snaps=5047 hooks=50 inst=72 rollout "Adventurousness" AbilityAction lvl1 hero2
t=8 ph=3 ap=0 snaps=5051 hooks=50 inst=72 rollout "Adventurousness" AbilityAction lvl1 hero2
t=8 ph=3 ap=0 snaps=5055 hooks=50 inst=72 rollout "Adventurousness" AbilityAction lvl1 hero2
t=8 ph=3 ap=0 snaps=5059 hooks=50 inst=72 rollout "Adventurousness" AbilityAction lvl1 hero2
t=8 ph=3 ap=0 snaps=5063 hooks=50 inst=72 rollout "Adventurousness" AbilityAction lvl1 hero2
t=8 ph=3 ap=0 snaps=5067 hooks=50 inst=72 rollout "Adventurousness" AbilityAction lvl1 hero2
t=8 ph=3 ap=0 snaps=5071 hooks=50 inst=72 rollout "Adventurousness" AbilityAction lvl1 hero2
t=8 ph=3 ap=0 snaps=5075 hooks=50 inst=72 rollout "Adventurousness" AbilityAction lvl1 hero2
t=8 ph=3 ap=0 snaps=5079 hooks=50 inst=72 rollout "Adventurousness" AbilityAction lvl1 hero2
t=8 ph=3 ap=0 snaps=5083 hooks=50 inst=72 rollout "Adventurousness" AbilityAction lvl1 hero2
t=8 ph=3 ap=0 snaps=5087 hooks=50 inst=72 rollout "Adventurousness" AbilityAction lvl1 hero2
t=8 ph=3 ap=0 snaps=5091 hooks=50 inst=72 rollout "Adventurousness" AbilityAction lvl1 hero2
t=8 ph=3 ap=0 snaps=5095 hooks=50 inst=72 rollout "Adventurousness" AbilityAction lvl1 hero2
t=8 ph=3 ap=0 snaps=5099 hooks=50 inst=72 rollout "Adventurousness" AbilityAction lvl1 hero2
t=8 ph=3 ap=0 snaps=5103 hooks=50 inst=72 rollout "Adventurousness" AbilityAction lvl1 hero2
t=8 ph=3 ap=0 snaps=5107 hooks=50 inst=72 rollout "Adventurousness" AbilityAction lvl1 hero2
t=8 ph=3 ap=0 snaps=5111 hooks=50 inst=72 rollout "Adventurousness" AbilityAction lvl1 hero2
t=8 ph=3 ap=0 snaps=5115 hooks=50 inst=72 rollout "Adventurousness" AbilityAction lvl1 hero2
t=8 ph=3 ap=0 snaps=5119 hooks=50 inst=72 rollout "Adventurousness" AbilityAction lvl1 hero2
t=8 ph=3 ap=0 snaps=5123 hooks=50 inst=72 rollout "Adventurousness" AbilityAction lvl1 hero2
t=8 ph=3 ap=0 snaps=5127 hooks=50 inst=72 rollout "Adventurousness" AbilityAction lvl1 hero2
t=8 ph=3 ap=0 snaps=5131 hooks=50 inst=72 rollout "Adventurousness" AbilityAction lvl1 hero2
t=8 ph=3 ap=0 snaps=5135 hooks=50 inst=72 rollout "Adventurousness" AbilityAction lvl1 hero2
t=8 ph=3 ap=0 snaps=5139 hooks=50 inst=72 rollout "Adventurousness" AbilityAction lvl1 hero2
t=8 ph=3 ap=0 snaps=5143 hooks=50 inst=72 rollout "Adventurousness" AbilityAction lvl1 hero2
t=8 ph=3 ap=0 snaps=5147 hooks=50 inst=72 rollout "Adventurousness" AbilityAction lvl1 hero2
t=8 ph=3 ap=0 snaps=5151 hooks=50 inst=72 rollout "Adventurousness" AbilityAction lvl1 hero2
t=8 ph=3 ap=0 snaps=5155 hooks=50 inst=72 rollout "Adventurousness" AbilityAction lvl1 hero2
t=8 ph=3 ap=0 snaps=5159 hooks=50 inst=72 rollout "Adventurousness" AbilityAction lvl1 hero2
t=8 ph=3 ap=0 snaps=5163 hooks=50 inst=72 rollout "Adventurousness" AbilityAction lvl1 hero2
t=8 ph=3 ap=0 snaps=5167 hooks=50 inst=72 rollout "Adventurousness" AbilityAction lvl1 hero2
t=8 ph=3 ap=0 snaps=5171 hooks=50 inst=72 rollout "Adventurousness" AbilityAction lvl1 hero2
t=8 ph=3 ap=0 snaps=5175 hooks=50 inst=72 rollout "Adventurousness" AbilityAction lvl1 hero2
t=8 ph=3 ap=0 snaps=5179 hooks=50 inst=72 rollout "Adventurousness" AbilityAction lvl1 hero2
t=8 ph=3 ap=0 snaps=5183 hooks=50 inst=72 rollout "Adventurousness" AbilityAction lvl1 hero2
t=8 ph=3 ap=0 snaps=5187 hooks=50 inst=72 rollout "Adventurousness" AbilityAction lvl1 hero2
t=8 ph=3 ap=0 snaps=5191 hooks=50 inst=72 rollout "Adventurousness" AbilityAction lvl1 hero2
t=8 ph=3 ap=0 snaps=5195 hooks=50 inst=72 rollout "Adventurousness" AbilityAction lvl1 hero2
t=8 ph=3 ap=0 snaps=5199 hooks=50 inst=72 rollout "Adventurousness" AbilityAction lvl1 hero2
t=8 ph=3 ap=0 snaps=5203 hooks=50 inst=72 rollout "Adventurousness" AbilityAction lvl1 hero2
t=8 ph=3 ap=0 snaps=5207 hooks=50 inst=72 rollout "Adventurousness" AbilityAction lvl1 hero2
t=8 ph=3 ap=0 snaps=5211 hooks=50 inst=72 rollout "Adventurousness" AbilityAction lvl1 hero2
t=8 ph=3 ap=0 snaps=5215 hooks=50 inst=72 rollout "Adventurousness" AbilityAction lvl1 hero2
t=8 ph=3 ap=0 snaps=5219 hooks=50 inst=72 rollout "Adventurousness" AbilityAction lvl1 hero2
t=8 ph=5 ap=0 snaps=5224 hooks=58 inst=72 switchTurn ending p0
t=9 ph=2 ap=1 snaps=5224 hooks=10 inst=73 cpuTurnStart cpu=p1 hand=6
t=9 ph=5 ap=1 snaps=5239 hooks=19 inst=74 switchTurn ending p1
t=10 ph=2 ap=0 snaps=5239 hooks=12 inst=75 cpuTurnStart cpu=p0 hand=2
t=10 ph=3 ap=0 snaps=5246 hooks=32 inst=82 rollout "Adventurousness" AbilityAction lvl1 hero2
t=10 ph=3 ap=0 snaps=5249 hooks=32 inst=82 rollout "Adventurousness" AbilityAction lvl1 hero2
t=10 ph=3 ap=0 snaps=5252 hooks=32 inst=82 rollout "Adventurousness" AbilityAction lvl1 hero2
t=10 ph=3 ap=0 snaps=5255 hooks=32 inst=82 rollout "Adventurousness" AbilityAction lvl1 hero2
t=10 ph=3 ap=0 snaps=5258 hooks=32 inst=82 rollout "Adventurousness" AbilityAction lvl1 hero2
t=10 ph=3 ap=0 snaps=5261 hooks=32 inst=82 rollout "Adventurousness" AbilityAction lvl1 hero2
t=10 ph=3 ap=0 snaps=5264 hooks=32 inst=82 rollout "Adventurousness" AbilityAction lvl1 hero2
t=10 ph=3 ap=0 snaps=5267 hooks=32 inst=82 rollout "Adventurousness" AbilityAction lvl1 hero2
t=10 ph=3 ap=0 snaps=5270 hooks=32 inst=82 rollout "Adventurousness" AbilityAction lvl1 hero2
t=10 ph=3 ap=0 snaps=5273 hooks=32 inst=82 rollout "Adventurousness" AbilityAction lvl1 hero2
t=10 ph=3 ap=0 snaps=5276 hooks=32 inst=82 rollout "Adventurousness" AbilityAction lvl1 hero2
t=10 ph=3 ap=0 snaps=5279 hooks=32 inst=82 rollout "Adventurousness" AbilityAction lvl1 hero2
t=10 ph=3 ap=0 snaps=5282 hooks=32 inst=82 rollout "Adventurousness" AbilityAction lvl1 hero2
t=10 ph=3 ap=0 snaps=5285 hooks=32 inst=82 rollout "Adventurousness" AbilityAction lvl1 hero2
t=10 ph=3 ap=0 snaps=5288 hooks=32 inst=82 rollout "Adventurousness" AbilityAction lvl1 hero2
t=10 ph=3 ap=0 snaps=5291 hooks=32 inst=82 rollout "Adventurousness" AbilityAction lvl1 hero2
t=10 ph=3 ap=0 snaps=5294 hooks=32 inst=82 rollout "Adventurousness" AbilityAction lvl1 hero2
t=10 ph=3 ap=0 snaps=5297 hooks=32 inst=82 rollout "Adventurousness" AbilityAction lvl1 hero2
t=10 ph=3 ap=0 snaps=5300 hooks=32 inst=82 rollout "Adventurousness" AbilityAction lvl1 hero2
t=10 ph=3 ap=0 snaps=5303 hooks=32 inst=82 rollout "Adventurousness" AbilityAction lvl1 hero2
t=10 ph=3 ap=0 snaps=5306 hooks=32 inst=82 rollout "Adventurousness" AbilityAction lvl1 hero2
t=10 ph=3 ap=0 snaps=5309 hooks=32 inst=82 rollout "Adventurousness" AbilityAction lvl1 hero2
t=10 ph=3 ap=0 snaps=5312 hooks=32 inst=82 rollout "Adventurousness" AbilityAction lvl1 hero2
t=10 ph=3 ap=0 snaps=5315 hooks=32 inst=82 rollout "Adventurousness" AbilityAction lvl1 hero2
t=10 ph=3 ap=0 snaps=5318 hooks=32 inst=82 rollout "Adventurousness" AbilityAction lvl1 hero2
t=10 ph=3 ap=0 snaps=5321 hooks=32 inst=82 rollout "Adventurousness" AbilityAction lvl1 hero2
t=10 ph=3 ap=0 snaps=5324 hooks=32 inst=82 rollout "Adventurousness" AbilityAction lvl1 hero2
t=10 ph=3 ap=0 snaps=5327 hooks=32 inst=82 rollout "Adventurousness" AbilityAction lvl1 hero2
t=10 ph=3 ap=0 snaps=5330 hooks=32 inst=82 rollout "Adventurousness" AbilityAction lvl1 hero2
t=10 ph=3 ap=0 snaps=5333 hooks=32 inst=82 rollout "Adventurousness" AbilityAction lvl1 hero2
t=10 ph=3 ap=0 snaps=5336 hooks=32 inst=82 rollout "Adventurousness" AbilityAction lvl1 hero2
t=10 ph=3 ap=0 snaps=5339 hooks=32 inst=82 rollout "Adventurousness" AbilityAction lvl1 hero2
t=10 ph=3 ap=0 snaps=5342 hooks=32 inst=82 rollout "Adventurousness" AbilityAction lvl1 hero2
t=10 ph=3 ap=0 snaps=5345 hooks=32 inst=82 rollout "Adventurousness" AbilityAction lvl1 hero2
t=10 ph=3 ap=0 snaps=5348 hooks=32 inst=82 rollout "Adventurousness" AbilityAction lvl1 hero2
t=10 ph=3 ap=0 snaps=5351 hooks=32 inst=82 rollout "Adventurousness" AbilityAction lvl1 hero2
t=10 ph=3 ap=0 snaps=5354 hooks=32 inst=82 rollout "Adventurousness" AbilityAction lvl1 hero2
t=10 ph=3 ap=0 snaps=5357 hooks=32 inst=82 rollout "Adventurousness" AbilityAction lvl1 hero2
t=10 ph=3 ap=0 snaps=5360 hooks=32 inst=82 rollout "Adventurousness" AbilityAction lvl1 hero2
t=10 ph=3 ap=0 snaps=5363 hooks=32 inst=82 rollout "Adventurousness" AbilityAction lvl1 hero2
t=10 ph=3 ap=0 snaps=5366 hooks=32 inst=82 rollout "Adventurousness" AbilityAction lvl1 hero2
t=10 ph=3 ap=0 snaps=5369 hooks=32 inst=82 rollout "Adventurousness" AbilityAction lvl1 hero2
t=10 ph=3 ap=0 snaps=5372 hooks=32 inst=82 rollout "Adventurousness" AbilityAction lvl1 hero2
t=10 ph=3 ap=0 snaps=5375 hooks=32 inst=82 rollout "Adventurousness" AbilityAction lvl1 hero2
t=10 ph=3 ap=0 snaps=5378 hooks=32 inst=82 rollout "Adventurousness" AbilityAction lvl1 hero2
t=10 ph=3 ap=0 snaps=5381 hooks=32 inst=82 rollout "Adventurousness" AbilityAction lvl1 hero2
t=10 ph=3 ap=0 snaps=5384 hooks=32 inst=82 rollout "Adventurousness" AbilityAction lvl1 hero2
t=10 ph=3 ap=0 snaps=5387 hooks=32 inst=82 rollout "Adventurousness" AbilityAction lvl1 hero2
t=10 ph=3 ap=0 snaps=5390 hooks=32 inst=82 rollout "Adventurousness" AbilityAction lvl1 hero2
t=10 ph=3 ap=0 snaps=5393 hooks=32 inst=82 rollout "Adventurousness" AbilityAction lvl1 hero2
t=10 ph=3 ap=0 snaps=5396 hooks=32 inst=82 rollout "Adventurousness" AbilityAction lvl1 hero2
t=10 ph=3 ap=0 snaps=5399 hooks=32 inst=82 rollout "Adventurousness" AbilityAction lvl1 hero2
t=10 ph=3 ap=0 snaps=5402 hooks=32 inst=82 rollout "Adventurousness" AbilityAction lvl1 hero2
t=10 ph=3 ap=0 snaps=5405 hooks=32 inst=82 rollout "Adventurousness" AbilityAction lvl1 hero2
t=10 ph=3 ap=0 snaps=5408 hooks=32 inst=82 rollout "Adventurousness" AbilityAction lvl1 hero2
t=10 ph=3 ap=0 snaps=5411 hooks=32 inst=82 rollout "Adventurousness" AbilityAction lvl1 hero2
t=10 ph=3 ap=0 snaps=5414 hooks=32 inst=82 rollout "Adventurousness" AbilityAction lvl1 hero2
t=10 ph=3 ap=0 snaps=5417 hooks=32 inst=82 rollout "Adventurousness" AbilityAction lvl1 hero2
t=10 ph=3 ap=0 snaps=5420 hooks=32 inst=82 rollout "Adventurousness" AbilityAction lvl1 hero2
t=10 ph=3 ap=0 snaps=5423 hooks=32 inst=82 rollout "Adventurousness" AbilityAction lvl1 hero2
t=10 ph=3 ap=0 snaps=5426 hooks=32 inst=82 rollout "Adventurousness" AbilityAction lvl1 hero2
t=10 ph=3 ap=0 snaps=5429 hooks=32 inst=82 rollout "Adventurousness" AbilityAction lvl1 hero2
t=10 ph=3 ap=0 snaps=5432 hooks=32 inst=82 rollout "Adventurousness" AbilityAction lvl1 hero2
t=10 ph=3 ap=0 snaps=5435 hooks=32 inst=82 rollout "Adventurousness" AbilityAction lvl1 hero2
t=10 ph=3 ap=0 snaps=5438 hooks=32 inst=82 rollout "Adventurousness" AbilityAction lvl1 hero2
t=10 ph=3 ap=0 snaps=5441 hooks=32 inst=82 rollout "Adventurousness" AbilityAction lvl1 hero2
t=10 ph=3 ap=0 snaps=5444 hooks=32 inst=82 rollout "Adventurousness" AbilityAction lvl1 hero2
t=10 ph=3 ap=0 snaps=5447 hooks=32 inst=82 rollout "Adventurousness" AbilityAction lvl1 hero2
t=10 ph=3 ap=0 snaps=5450 hooks=32 inst=82 rollout "Adventurousness" AbilityAction lvl1 hero2
t=10 ph=3 ap=0 snaps=5453 hooks=32 inst=82 rollout "Adventurousness" AbilityAction lvl1 hero2
t=10 ph=3 ap=0 snaps=5456 hooks=32 inst=82 rollout "Adventurousness" AbilityAction lvl1 hero2
t=10 ph=3 ap=0 snaps=5459 hooks=32 inst=82 rollout "Adventurousness" AbilityAction lvl1 hero2
t=10 ph=3 ap=0 snaps=5462 hooks=32 inst=82 rollout "Adventurousness" AbilityAction lvl1 hero2
t=10 ph=3 ap=0 snaps=5465 hooks=32 inst=82 rollout "Adventurousness" AbilityAction lvl1 hero2
t=10 ph=3 ap=0 snaps=5468 hooks=32 inst=82 rollout "Adventurousness" AbilityAction lvl1 hero2
t=10 ph=3 ap=0 snaps=5471 hooks=32 inst=82 rollout "Adventurousness" AbilityAction lvl1 hero2
t=10 ph=3 ap=0 snaps=5474 hooks=32 inst=82 rollout "Adventurousness" AbilityAction lvl1 hero2
t=10 ph=3 ap=0 snaps=5477 hooks=32 inst=82 rollout "Adventurousness" AbilityAction lvl1 hero2
t=10 ph=3 ap=0 snaps=5480 hooks=32 inst=82 rollout "Adventurousness" AbilityAction lvl1 hero2
t=10 ph=3 ap=0 snaps=5483 hooks=32 inst=82 rollout "Adventurousness" AbilityAction lvl1 hero2
t=10 ph=3 ap=0 snaps=5486 hooks=32 inst=82 rollout "Adventurousness" AbilityAction lvl1 hero2
t=10 ph=3 ap=0 snaps=5489 hooks=32 inst=82 rollout "Adventurousness" AbilityAction lvl1 hero2
t=10 ph=3 ap=0 snaps=5492 hooks=32 inst=82 rollout "Adventurousness" AbilityAction lvl1 hero2
t=10 ph=3 ap=0 snaps=5495 hooks=32 inst=82 rollout "Adventurousness" AbilityAction lvl1 hero2
t=10 ph=3 ap=0 snaps=5498 hooks=32 inst=82 rollout "Adventurousness" AbilityAction lvl1 hero2
t=10 ph=3 ap=0 snaps=5501 hooks=32 inst=82 rollout "Adventurousness" AbilityAction lvl1 hero2
t=10 ph=3 ap=0 snaps=5504 hooks=32 inst=82 rollout "Adventurousness" AbilityAction lvl1 hero2
t=10 ph=3 ap=0 snaps=5507 hooks=32 inst=82 rollout "Adventurousness" AbilityAction lvl1 hero2
t=10 ph=3 ap=0 snaps=5510 hooks=32 inst=82 rollout "Adventurousness" AbilityAction lvl1 hero2
t=10 ph=3 ap=0 snaps=5513 hooks=32 inst=82 rollout "Adventurousness" AbilityAction lvl1 hero2
t=10 ph=3 ap=0 snaps=5516 hooks=32 inst=82 rollout "Adventurousness" AbilityAction lvl1 hero2
t=10 ph=3 ap=0 snaps=5519 hooks=32 inst=82 rollout "Adventurousness" AbilityAction lvl1 hero2
t=10 ph=3 ap=0 snaps=5522 hooks=32 inst=82 rollout "Adventurousness" AbilityAction lvl1 hero2
t=10 ph=3 ap=0 snaps=5525 hooks=32 inst=82 rollout "Adventurousness" AbilityAction lvl1 hero2
t=10 ph=3 ap=0 snaps=5528 hooks=32 inst=82 rollout "Adventurousness" AbilityAction lvl1 hero2
t=10 ph=3 ap=0 snaps=5531 hooks=32 inst=82 rollout "Adventurousness" AbilityAction lvl1 hero2
t=10 ph=3 ap=0 snaps=5534 hooks=32 inst=82 rollout "Adventurousness" AbilityAction lvl1 hero2
t=10 ph=3 ap=0 snaps=5537 hooks=32 inst=82 rollout "Adventurousness" AbilityAction lvl1 hero2
t=10 ph=3 ap=0 snaps=5540 hooks=32 inst=82 rollout "Adventurousness" AbilityAction lvl1 hero2
t=10 ph=3 ap=0 snaps=5543 hooks=32 inst=82 rollout "Adventurousness" AbilityAction lvl1 hero2
t=10 ph=3 ap=0 snaps=5546 hooks=32 inst=82 rollout "Adventurousness" AbilityAction lvl1 hero2
t=10 ph=3 ap=0 snaps=5549 hooks=32 inst=82 rollout "Adventurousness" AbilityAction lvl1 hero2
t=10 ph=3 ap=0 snaps=5552 hooks=32 inst=82 rollout "Adventurousness" AbilityAction lvl1 hero2
t=10 ph=3 ap=0 snaps=5555 hooks=32 inst=82 rollout "Adventurousness" AbilityAction lvl1 hero2
t=10 ph=3 ap=0 snaps=5558 hooks=32 inst=82 rollout "Adventurousness" AbilityAction lvl1 hero2
t=10 ph=3 ap=0 snaps=5561 hooks=32 inst=82 rollout "Adventurousness" AbilityAction lvl1 hero2
t=10 ph=3 ap=0 snaps=5564 hooks=32 inst=82 rollout "Adventurousness" AbilityAction lvl1 hero2
t=10 ph=3 ap=0 snaps=5567 hooks=32 inst=82 rollout "Adventurousness" AbilityAction lvl1 hero2
t=10 ph=3 ap=0 snaps=5570 hooks=32 inst=82 rollout "Adventurousness" AbilityAction lvl1 hero2
t=10 ph=3 ap=0 snaps=5573 hooks=32 inst=82 rollout "Adventurousness" AbilityAction lvl1 hero2
t=10 ph=3 ap=0 snaps=5576 hooks=32 inst=82 rollout "Adventurousness" AbilityAction lvl1 hero2
t=10 ph=3 ap=0 snaps=5579 hooks=32 inst=82 rollout "Adventurousness" AbilityAction lvl1 hero2
t=10 ph=3 ap=0 snaps=5582 hooks=32 inst=82 rollout "Adventurousness" AbilityAction lvl1 hero2
t=10 ph=3 ap=0 snaps=5585 hooks=32 inst=82 rollout "Adventurousness" AbilityAction lvl1 hero2
t=10 ph=3 ap=0 snaps=5588 hooks=32 inst=82 rollout "Adventurousness" AbilityAction lvl1 hero2
t=10 ph=3 ap=0 snaps=5591 hooks=32 inst=82 rollout "Adventurousness" AbilityAction lvl1 hero2
t=10 ph=3 ap=0 snaps=5594 hooks=32 inst=82 rollout "Adventurousness" AbilityAction lvl1 hero2
t=10 ph=3 ap=0 snaps=5597 hooks=32 inst=82 rollout "Adventurousness" AbilityAction lvl1 hero2
t=10 ph=3 ap=0 snaps=5600 hooks=32 inst=82 rollout "Adventurousness" AbilityAction lvl1 hero2
t=10 ph=3 ap=0 snaps=5603 hooks=32 inst=82 rollout "Adventurousness" AbilityAction lvl1 hero2
t=10 ph=3 ap=0 snaps=5606 hooks=32 inst=82 rollout "Adventurousness" AbilityAction lvl1 hero2
t=10 ph=3 ap=0 snaps=5609 hooks=32 inst=82 rollout "Adventurousness" AbilityAction lvl1 hero2
t=10 ph=3 ap=0 snaps=5612 hooks=32 inst=82 rollout "Adventurousness" AbilityAction lvl1 hero2
t=10 ph=3 ap=0 snaps=5615 hooks=32 inst=82 rollout "Adventurousness" AbilityAction lvl1 hero2
t=10 ph=3 ap=0 snaps=5618 hooks=32 inst=82 rollout "Adventurousness" AbilityAction lvl1 hero2
t=10 ph=3 ap=0 snaps=5621 hooks=32 inst=82 rollout "Adventurousness" AbilityAction lvl1 hero2
t=10 ph=3 ap=0 snaps=5624 hooks=32 inst=82 rollout "Adventurousness" AbilityAction lvl1 hero2
t=10 ph=3 ap=0 snaps=5627 hooks=32 inst=82 rollout "Adventurousness" AbilityAction lvl1 hero2
t=10 ph=3 ap=0 snaps=5630 hooks=32 inst=82 rollout "Adventurousness" AbilityAction lvl1 hero2
t=10 ph=3 ap=0 snaps=5633 hooks=32 inst=82 rollout "Adventurousness" AbilityAction lvl1 hero2
t=10 ph=3 ap=0 snaps=5636 hooks=32 inst=82 rollout "Adventurousness" AbilityAction lvl1 hero2
t=10 ph=3 ap=0 snaps=5639 hooks=32 inst=82 rollout "Adventurousness" AbilityAction lvl1 hero2
t=10 ph=3 ap=0 snaps=5642 hooks=32 inst=82 rollout "Adventurousness" AbilityAction lvl1 hero2
t=10 ph=3 ap=0 snaps=5645 hooks=32 inst=82 rollout "Adventurousness" AbilityAction lvl1 hero2
t=10 ph=3 ap=0 snaps=5648 hooks=32 inst=82 rollout "Adventurousness" AbilityAction lvl1 hero2
t=10 ph=3 ap=0 snaps=5651 hooks=32 inst=82 rollout "Adventurousness" AbilityAction lvl1 hero2
t=10 ph=3 ap=0 snaps=5654 hooks=32 inst=82 rollout "Adventurousness" AbilityAction lvl1 hero2
t=10 ph=3 ap=0 snaps=5657 hooks=32 inst=82 rollout "Adventurousness" AbilityAction lvl1 hero2
t=10 ph=3 ap=0 snaps=5660 hooks=32 inst=82 rollout "Adventurousness" AbilityAction lvl1 hero2
t=10 ph=3 ap=0 snaps=5663 hooks=32 inst=82 rollout "Adventurousness" AbilityAction lvl1 hero2
t=10 ph=5 ap=0 snaps=5668 hooks=40 inst=82 switchTurn ending p0
t=11 ph=2 ap=1 snaps=5668 hooks=10 inst=83 cpuTurnStart cpu=p1 hand=6
t=11 ph=2 ap=1 snaps=5676 hooks=12 inst=83 summon "Grunge Harpyformer" p1/h0
t=11 ph=5 ap=1 snaps=5685 hooks=23 inst=84 switchTurn ending p1
t=12 ph=2 ap=0 snaps=5685 hooks=11 inst=84 cpuTurnStart cpu=p0 hand=4
t=12 ph=3 ap=0 snaps=5795 hooks=34 inst=91 rollout "Flame Avalanche" Spell lvl3 hero1
t=12 ph=3 ap=0 snaps=5802 hooks=34 inst=91 rollout "Flame Avalanche" Spell lvl3 hero2
t=12 ph=3 ap=0 snaps=5809 hooks=34 inst=91 rollout "Adventurousness" AbilityAction lvl1 hero2
t=12 ph=3 ap=0 snaps=5818 hooks=34 inst=91 rollout "Flame Avalanche" Spell lvl3 hero1
t=12 ph=3 ap=0 snaps=5836 hooks=34 inst=91 rollout "Flame Avalanche" Spell lvl3 hero1
t=12 ph=3 ap=0 snaps=5849 hooks=34 inst=91 rollout "Flame Avalanche" Spell lvl3 hero2
t=12 ph=3 ap=0 snaps=5861 hooks=34 inst=91 rollout "Flame Avalanche" Spell lvl3 hero2
t=12 ph=3 ap=0 snaps=5873 hooks=34 inst=91 rollout "Flame Avalanche" Spell lvl3 hero2
t=12 ph=3 ap=0 snaps=5885 hooks=34 inst=91 rollout "Flame Avalanche" Spell lvl3 hero2
t=12 ph=3 ap=0 snaps=5892 hooks=34 inst=91 rollout "Flame Avalanche" Spell lvl3 hero2
t=12 ph=3 ap=0 snaps=5896 hooks=34 inst=91 rollout "Flame Avalanche" Spell lvl3 hero2
t=12 ph=3 ap=0 snaps=5908 hooks=34 inst=91 rollout "Flame Avalanche" Spell lvl3 hero2
t=12 ph=3 ap=0 snaps=5930 hooks=34 inst=91 rollout "Adventurousness" AbilityAction lvl1 hero2
t=12 ph=3 ap=0 snaps=5939 hooks=34 inst=91 rollout "Adventurousness" AbilityAction lvl1 hero2
t=12 ph=3 ap=0 snaps=5948 hooks=34 inst=91 rollout "Adventurousness" AbilityAction lvl1 hero2
t=12 ph=3 ap=0 snaps=5961 hooks=34 inst=91 rollout "Adventurousness" AbilityAction lvl1 hero2
t=12 ph=3 ap=0 snaps=5975 hooks=34 inst=91 rollout "Adventurousness" AbilityAction lvl1 hero2
t=12 ph=3 ap=0 snaps=5986 hooks=34 inst=91 rollout "Adventurousness" AbilityAction lvl1 hero2
t=12 ph=3 ap=0 snaps=5994 hooks=34 inst=91 rollout "Adventurousness" AbilityAction lvl1 hero2
t=12 ph=3 ap=0 snaps=6015 hooks=34 inst=91 rollout "Flame Avalanche" Spell lvl3 hero2
t=12 ph=3 ap=0 snaps=6037 hooks=34 inst=91 rollout "Flame Avalanche" Spell lvl3 hero2
t=12 ph=3 ap=0 snaps=6059 hooks=34 inst=91 rollout "Flame Avalanche" Spell lvl3 hero2
t=12 ph=3 ap=0 snaps=6081 hooks=34 inst=91 rollout "Flame Avalanche" Spell lvl3 hero2
t=12 ph=3 ap=0 snaps=6098 hooks=34 inst=91 rollout "Flame Avalanche" Spell lvl3 hero2
t=12 ph=3 ap=0 snaps=6120 hooks=34 inst=91 rollout "Flame Avalanche" Spell lvl3 hero2
t=12 ph=3 ap=0 snaps=6137 hooks=34 inst=91 rollout "Flame Avalanche" Spell lvl3 hero2
t=12 ph=3 ap=0 snaps=6154 hooks=34 inst=91 rollout "Flame Avalanche" Spell lvl3 hero2
t=12 ph=3 ap=0 snaps=6176 hooks=34 inst=91 rollout "Flame Avalanche" Spell lvl3 hero2
t=12 ph=3 ap=0 snaps=6193 hooks=34 inst=91 rollout "Flame Avalanche" Spell lvl3 hero2
t=12 ph=3 ap=0 snaps=6210 hooks=34 inst=91 rollout "Flame Avalanche" Spell lvl3 hero2
t=12 ph=3 ap=0 snaps=6227 hooks=34 inst=91 rollout "Flame Avalanche" Spell lvl3 hero2
t=12 ph=3 ap=0 snaps=6244 hooks=34 inst=91 rollout "Flame Avalanche" Spell lvl3 hero2
t=12 ph=3 ap=0 snaps=6266 hooks=34 inst=91 rollout "Flame Avalanche" Spell lvl3 hero2
t=12 ph=3 ap=0 snaps=6288 hooks=34 inst=91 rollout "Flame Avalanche" Spell lvl3 hero2
t=12 ph=3 ap=0 snaps=6310 hooks=34 inst=91 rollout "Flame Avalanche" Spell lvl3 hero2
t=12 ph=3 ap=0 snaps=6327 hooks=34 inst=91 rollout "Flame Avalanche" Spell lvl3 hero2
t=12 ph=3 ap=0 snaps=6344 hooks=34 inst=91 rollout "Flame Avalanche" Spell lvl3 hero2
t=12 ph=3 ap=0 snaps=6361 hooks=34 inst=91 rollout "Flame Avalanche" Spell lvl3 hero2
t=12 ph=3 ap=0 snaps=6383 hooks=34 inst=91 rollout "Flame Avalanche" Spell lvl3 hero2
t=12 ph=3 ap=0 snaps=6405 hooks=34 inst=91 rollout "Flame Avalanche" Spell lvl3 hero2
t=12 ph=3 ap=0 snaps=6427 hooks=34 inst=91 rollout "Flame Avalanche" Spell lvl3 hero2
t=12 ph=3 ap=0 snaps=6449 hooks=34 inst=91 rollout "Flame Avalanche" Spell lvl3 hero2
t=12 ph=3 ap=0 snaps=6466 hooks=34 inst=91 rollout "Flame Avalanche" Spell lvl3 hero2
t=12 ph=3 ap=0 snaps=6488 hooks=34 inst=91 rollout "Flame Avalanche" Spell lvl3 hero2
t=12 ph=3 ap=0 snaps=6505 hooks=34 inst=91 rollout "Flame Avalanche" Spell lvl3 hero2
t=12 ph=3 ap=0 snaps=6527 hooks=34 inst=91 rollout "Flame Avalanche" Spell lvl3 hero2
t=12 ph=3 ap=0 snaps=6544 hooks=34 inst=91 rollout "Flame Avalanche" Spell lvl3 hero2
t=12 ph=3 ap=0 snaps=6561 hooks=34 inst=91 rollout "Flame Avalanche" Spell lvl3 hero2
t=12 ph=3 ap=0 snaps=6578 hooks=34 inst=91 rollout "Flame Avalanche" Spell lvl3 hero2
t=12 ph=3 ap=0 snaps=6600 hooks=34 inst=91 rollout "Flame Avalanche" Spell lvl3 hero2
t=12 ph=3 ap=0 snaps=6617 hooks=34 inst=91 rollout "Flame Avalanche" Spell lvl3 hero2
t=12 ph=3 ap=0 snaps=6639 hooks=34 inst=91 rollout "Flame Avalanche" Spell lvl3 hero2
t=12 ph=3 ap=0 snaps=6656 hooks=34 inst=91 rollout "Flame Avalanche" Spell lvl3 hero2
t=12 ph=3 ap=0 snaps=6678 hooks=34 inst=91 rollout "Flame Avalanche" Spell lvl3 hero2
t=12 ph=3 ap=0 snaps=6700 hooks=34 inst=91 rollout "Flame Avalanche" Spell lvl3 hero2
t=12 ph=3 ap=0 snaps=6717 hooks=34 inst=91 rollout "Flame Avalanche" Spell lvl3 hero2
t=12 ph=3 ap=0 snaps=6734 hooks=34 inst=91 rollout "Flame Avalanche" Spell lvl3 hero2
t=12 ph=3 ap=0 snaps=6751 hooks=34 inst=91 rollout "Flame Avalanche" Spell lvl3 hero2
t=12 ph=3 ap=0 snaps=6773 hooks=34 inst=91 rollout "Flame Avalanche" Spell lvl3 hero2
t=12 ph=3 ap=0 snaps=6790 hooks=34 inst=91 rollout "Flame Avalanche" Spell lvl3 hero2
t=12 ph=3 ap=0 snaps=6812 hooks=34 inst=91 rollout "Flame Avalanche" Spell lvl3 hero2
t=12 ph=3 ap=0 snaps=6829 hooks=34 inst=91 rollout "Flame Avalanche" Spell lvl3 hero2
t=12 ph=3 ap=0 snaps=6846 hooks=34 inst=91 rollout "Flame Avalanche" Spell lvl3 hero2
t=12 ph=3 ap=0 snaps=6863 hooks=34 inst=91 rollout "Flame Avalanche" Spell lvl3 hero2
t=12 ph=3 ap=0 snaps=6885 hooks=34 inst=91 rollout "Flame Avalanche" Spell lvl3 hero2
t=12 ph=3 ap=0 snaps=6902 hooks=34 inst=91 rollout "Flame Avalanche" Spell lvl3 hero2
t=12 ph=3 ap=0 snaps=6919 hooks=34 inst=91 rollout "Flame Avalanche" Spell lvl3 hero2
t=12 ph=3 ap=0 snaps=6936 hooks=34 inst=91 rollout "Flame Avalanche" Spell lvl3 hero2
t=12 ph=3 ap=0 snaps=6953 hooks=34 inst=91 rollout "Flame Avalanche" Spell lvl3 hero2
t=12 ph=3 ap=0 snaps=6975 hooks=34 inst=91 rollout "Flame Avalanche" Spell lvl3 hero2
t=12 ph=3 ap=0 snaps=6997 hooks=34 inst=91 rollout "Flame Avalanche" Spell lvl3 hero2
t=12 ph=3 ap=0 snaps=7019 hooks=34 inst=91 rollout "Flame Avalanche" Spell lvl3 hero2
t=12 ph=3 ap=0 snaps=7041 hooks=34 inst=91 rollout "Flame Avalanche" Spell lvl3 hero2
t=12 ph=3 ap=0 snaps=7058 hooks=34 inst=91 rollout "Flame Avalanche" Spell lvl3 hero2
t=12 ph=3 ap=0 snaps=7075 hooks=34 inst=91 rollout "Flame Avalanche" Spell lvl3 hero2
t=12 ph=3 ap=0 snaps=7092 hooks=34 inst=91 rollout "Flame Avalanche" Spell lvl3 hero2
t=12 ph=3 ap=0 snaps=7109 hooks=34 inst=91 rollout "Flame Avalanche" Spell lvl3 hero2
t=12 ph=3 ap=0 snaps=7131 hooks=34 inst=91 rollout "Flame Avalanche" Spell lvl3 hero2
t=12 ph=3 ap=0 snaps=7148 hooks=34 inst=91 rollout "Flame Avalanche" Spell lvl3 hero2
t=12 ph=3 ap=0 snaps=7165 hooks=34 inst=91 rollout "Flame Avalanche" Spell lvl3 hero2
t=12 ph=5 ap=0 snaps=7189 hooks=50 inst=91 switchTurn ending p0
t=13 ph=2 ap=1 snaps=7189 hooks=10 inst=92 cpuTurnStart cpu=p1 hand=6
t=13 ph=3 ap=1 snaps=7318 hooks=15 inst=93 rollout "Boiling Oil" Spell lvl2 hero1
t=13 ph=3 ap=1 snaps=7325 hooks=15 inst=93 rollout "Candlestick Squire" Creature lvl1 hero0
t=13 ph=3 ap=1 snaps=7329 hooks=15 inst=93 rollout "Candlestick Squire" Creature lvl1 hero0
t=13 ph=3 ap=1 snaps=7333 hooks=15 inst=93 rollout "Candlestick Squire" Creature lvl1 hero0
t=13 ph=3 ap=1 snaps=7337 hooks=15 inst=93 rollout "Dance of the Flame Pillars" Spell lvl2 hero1
t=13 ph=3 ap=1 snaps=7344 hooks=15 inst=93 rollout "Boiling Oil" Spell lvl2 hero1
t=13 ph=3 ap=1 snaps=7351 hooks=15 inst=93 rollout "Boiling Oil" Spell lvl2 hero1
t=13 ph=3 ap=1 snaps=7358 hooks=15 inst=93 rollout "Boiling Oil" Spell lvl2 hero1
t=13 ph=3 ap=1 snaps=7365 hooks=15 inst=93 rollout "Boiling Oil" Spell lvl2 hero1
t=13 ph=3 ap=1 snaps=7372 hooks=15 inst=93 rollout "Boiling Oil" Spell lvl2 hero1
t=13 ph=3 ap=1 snaps=7376 hooks=15 inst=93 rollout "Boiling Oil" Spell lvl2 hero1
t=13 ph=3 ap=1 snaps=7383 hooks=15 inst=93 rollout "Boiling Oil" Spell lvl2 hero1
t=13 ph=3 ap=1 snaps=7400 hooks=15 inst=93 rollout "Candlestick Squire" Creature lvl1 hero0
t=13 ph=3 ap=1 snaps=7404 hooks=15 inst=93 rollout "Candlestick Squire" Creature lvl1 hero0
t=13 ph=3 ap=1 snaps=7408 hooks=15 inst=93 rollout "Candlestick Squire" Creature lvl1 hero0
t=13 ph=3 ap=1 snaps=7412 hooks=15 inst=93 rollout "Candlestick Squire" Creature lvl1 hero0
t=13 ph=3 ap=1 snaps=7416 hooks=15 inst=93 rollout "Candlestick Squire" Creature lvl1 hero0
t=13 ph=3 ap=1 snaps=7417 hooks=15 inst=93 rollout "Candlestick Squire" Creature lvl1 hero0
t=13 ph=3 ap=1 snaps=7421 hooks=15 inst=93 rollout "Candlestick Squire" Creature lvl1 hero0
t=13 ph=3 ap=1 snaps=7435 hooks=15 inst=93 rollout "Candlestick Squire" Creature lvl1 hero0
t=13 ph=3 ap=1 snaps=7439 hooks=15 inst=93 rollout "Candlestick Squire" Creature lvl1 hero0
t=13 ph=3 ap=1 snaps=7443 hooks=15 inst=93 rollout "Candlestick Squire" Creature lvl1 hero0
t=13 ph=3 ap=1 snaps=7447 hooks=15 inst=93 rollout "Candlestick Squire" Creature lvl1 hero0
t=13 ph=3 ap=1 snaps=7451 hooks=15 inst=93 rollout "Candlestick Squire" Creature lvl1 hero0
t=13 ph=3 ap=1 snaps=7452 hooks=15 inst=93 rollout "Candlestick Squire" Creature lvl1 hero0
t=13 ph=3 ap=1 snaps=7456 hooks=15 inst=93 rollout "Candlestick Squire" Creature lvl1 hero0
t=13 ph=3 ap=1 snaps=7470 hooks=15 inst=93 rollout "Candlestick Squire" Creature lvl1 hero0
t=13 ph=3 ap=1 snaps=7474 hooks=15 inst=93 rollout "Candlestick Squire" Creature lvl1 hero0
t=13 ph=3 ap=1 snaps=7478 hooks=15 inst=93 rollout "Candlestick Squire" Creature lvl1 hero0
t=13 ph=3 ap=1 snaps=7482 hooks=15 inst=93 rollout "Candlestick Squire" Creature lvl1 hero0
t=13 ph=3 ap=1 snaps=7486 hooks=15 inst=93 rollout "Candlestick Squire" Creature lvl1 hero0
t=13 ph=3 ap=1 snaps=7487 hooks=15 inst=93 rollout "Candlestick Squire" Creature lvl1 hero0
t=13 ph=3 ap=1 snaps=7491 hooks=15 inst=93 rollout "Candlestick Squire" Creature lvl1 hero0
t=13 ph=3 ap=1 snaps=7505 hooks=15 inst=93 rollout "Dance of the Flame Pillars" Spell lvl2 hero1
t=13 ph=3 ap=1 snaps=7512 hooks=15 inst=93 rollout "Dance of the Flame Pillars" Spell lvl2 hero1
t=13 ph=3 ap=1 snaps=7519 hooks=15 inst=93 rollout "Dance of the Flame Pillars" Spell lvl2 hero1
t=13 ph=3 ap=1 snaps=7520 hooks=15 inst=93 rollout "Dance of the Flame Pillars" Spell lvl2 hero1
t=13 ph=3 ap=1 snaps=7527 hooks=15 inst=93 rollout "Dance of the Flame Pillars" Spell lvl2 hero1
t=13 ph=3 ap=1 snaps=7534 hooks=15 inst=93 rollout "Dance of the Flame Pillars" Spell lvl2 hero1
t=13 ph=3 ap=1 snaps=7541 hooks=15 inst=93 rollout "Dance of the Flame Pillars" Spell lvl2 hero1
t=13 ph=3 ap=1 snaps=7548 hooks=15 inst=93 rollout "Dance of the Flame Pillars" Spell lvl2 hero1
t=13 ph=3 ap=1 snaps=7555 hooks=15 inst=93 rollout "Dance of the Flame Pillars" Spell lvl2 hero1
t=13 ph=3 ap=1 snaps=7562 hooks=15 inst=93 rollout "Dance of the Flame Pillars" Spell lvl2 hero1
t=13 ph=3 ap=1 snaps=7569 hooks=15 inst=93 rollout "Dance of the Flame Pillars" Spell lvl2 hero1
t=13 ph=3 ap=1 snaps=7573 hooks=15 inst=93 rollout "Dance of the Flame Pillars" Spell lvl2 hero1
t=13 ph=3 ap=1 snaps=7580 hooks=15 inst=93 rollout "Dance of the Flame Pillars" Spell lvl2 hero1
t=13 ph=3 ap=1 snaps=7587 hooks=15 inst=93 rollout "Dance of the Flame Pillars" Spell lvl2 hero1
t=13 ph=3 ap=1 snaps=7594 hooks=15 inst=93 rollout "Dance of the Flame Pillars" Spell lvl2 hero1
t=13 ph=3 ap=1 snaps=7601 hooks=15 inst=93 rollout "Dance of the Flame Pillars" Spell lvl2 hero1
t=13 ph=3 ap=1 snaps=7608 hooks=15 inst=93 rollout "Dance of the Flame Pillars" Spell lvl2 hero1
t=13 ph=3 ap=1 snaps=7615 hooks=15 inst=93 rollout "Dance of the Flame Pillars" Spell lvl2 hero1
t=13 ph=3 ap=1 snaps=7622 hooks=15 inst=93 rollout "Dance of the Flame Pillars" Spell lvl2 hero1
t=13 ph=3 ap=1 snaps=7629 hooks=15 inst=93 rollout "Dance of the Flame Pillars" Spell lvl2 hero1
t=13 ph=3 ap=1 snaps=7636 hooks=15 inst=93 rollout "Boiling Oil" Spell lvl2 hero1
t=13 ph=3 ap=1 snaps=7640 hooks=15 inst=93 rollout "Dance of the Flame Pillars" Spell lvl2 hero1
t=13 ph=3 ap=1 snaps=7647 hooks=15 inst=93 rollout "Dance of the Flame Pillars" Spell lvl2 hero1
t=13 ph=3 ap=1 snaps=7654 hooks=15 inst=93 rollout "Boiling Oil" Spell lvl2 hero1
t=13 ph=3 ap=1 snaps=7661 hooks=15 inst=93 rollout "Boiling Oil" Spell lvl2 hero1
t=13 ph=3 ap=1 snaps=7668 hooks=15 inst=93 rollout "Boiling Oil" Spell lvl2 hero1
t=13 ph=3 ap=1 snaps=7675 hooks=15 inst=93 rollout "Boiling Oil" Spell lvl2 hero1
t=13 ph=3 ap=1 snaps=7682 hooks=15 inst=93 rollout "Boiling Oil" Spell lvl2 hero1
t=13 ph=3 ap=1 snaps=7689 hooks=15 inst=93 rollout "Boiling Oil" Spell lvl2 hero1
t=13 ph=3 ap=1 snaps=7696 hooks=15 inst=93 rollout "Boiling Oil" Spell lvl2 hero1
t=13 ph=3 ap=1 snaps=7703 hooks=15 inst=93 rollout "Dance of the Flame Pillars" Spell lvl2 hero1
t=13 ph=3 ap=1 snaps=7710 hooks=15 inst=93 rollout "Dance of the Flame Pillars" Spell lvl2 hero1
t=13 ph=3 ap=1 snaps=7717 hooks=15 inst=93 rollout "Dance of the Flame Pillars" Spell lvl2 hero1
t=13 ph=3 ap=1 snaps=7724 hooks=15 inst=93 rollout "Dance of the Flame Pillars" Spell lvl2 hero1
t=13 ph=3 ap=1 snaps=7731 hooks=15 inst=93 rollout "Dance of the Flame Pillars" Spell lvl2 hero1
t=13 ph=3 ap=1 snaps=7738 hooks=15 inst=93 rollout "Dance of the Flame Pillars" Spell lvl2 hero1
t=13 ph=3 ap=1 snaps=7745 hooks=15 inst=93 rollout "Dance of the Flame Pillars" Spell lvl2 hero1
t=13 ph=3 ap=1 snaps=7752 hooks=15 inst=93 rollout "Dance of the Flame Pillars" Spell lvl2 hero1
t=13 ph=3 ap=1 snaps=7759 hooks=15 inst=93 rollout "Dance of the Flame Pillars" Spell lvl2 hero1
t=13 ph=3 ap=1 snaps=7766 hooks=15 inst=93 rollout "Dance of the Flame Pillars" Spell lvl2 hero1
t=13 ph=3 ap=1 snaps=7773 hooks=15 inst=93 rollout "Dance of the Flame Pillars" Spell lvl2 hero1
t=13 ph=3 ap=1 snaps=7780 hooks=15 inst=93 rollout "Dance of the Flame Pillars" Spell lvl2 hero1
t=13 ph=3 ap=1 snaps=7787 hooks=15 inst=93 rollout "Dance of the Flame Pillars" Spell lvl2 hero1
t=13 ph=3 ap=1 snaps=7794 hooks=15 inst=93 rollout "Dance of the Flame Pillars" Spell lvl2 hero1
t=13 ph=3 ap=1 snaps=7801 hooks=15 inst=93 rollout "Dance of the Flame Pillars" Spell lvl2 hero1
t=13 ph=3 ap=1 snaps=7808 hooks=15 inst=93 rollout "Dance of the Flame Pillars" Spell lvl2 hero1
t=13 ph=3 ap=1 snaps=7815 hooks=15 inst=93 rollout "Dance of the Flame Pillars" Spell lvl2 hero1
t=13 ph=5 ap=1 snaps=7825 hooks=29 inst=93 switchTurn ending p1
t=14 ph=2 ap=0 snaps=7825 hooks=10 inst=94 cpuTurnStart cpu=p0 hand=2
t=14 ph=2 ap=0 snaps=7964 hooks=25 inst=100 summon "Ska Harpyformer" p0/h2
t=14 ph=3 ap=0 snaps=7968 hooks=31 inst=101 rollout "Hell Fox" Creature lvl1 hero0
t=14 ph=3 ap=0 snaps=7977 hooks=31 inst=101 rollout "Hell Fox" Creature lvl1 hero0
t=14 ph=3 ap=0 snaps=7986 hooks=31 inst=101 rollout "Adventurousness" AbilityAction lvl1 hero2
t=14 ph=3 ap=0 snaps=8004 hooks=31 inst=101 rollout "Hell Fox" Creature lvl1 hero0
t=14 ph=3 ap=0 snaps=8013 hooks=31 inst=101 rollout "Hell Fox" Creature lvl1 hero0
t=14 ph=3 ap=0 snaps=8017 hooks=31 inst=101 rollout "Hell Fox" Creature lvl1 hero0
t=14 ph=3 ap=0 snaps=8026 hooks=31 inst=101 rollout "Hell Fox" Creature lvl1 hero0
t=14 ph=3 ap=0 snaps=8035 hooks=31 inst=101 rollout "Hell Fox" Creature lvl1 hero0
t=14 ph=3 ap=0 snaps=8039 hooks=31 inst=101 rollout "Hell Fox" Creature lvl1 hero0
t=14 ph=3 ap=0 snaps=8048 hooks=31 inst=101 rollout "Adventurousness" AbilityAction lvl1 hero2
t=14 ph=3 ap=0 snaps=8057 hooks=31 inst=101 rollout "Adventurousness" AbilityAction lvl1 hero2
t=14 ph=3 ap=0 snaps=8075 hooks=31 inst=101 rollout "Adventurousness" AbilityAction lvl1 hero2
t=14 ph=3 ap=0 snaps=8093 hooks=31 inst=101 rollout "Adventurousness" AbilityAction lvl1 hero2
t=14 ph=3 ap=0 snaps=8111 hooks=31 inst=101 rollout "Adventurousness" AbilityAction lvl1 hero2
t=14 ph=3 ap=0 snaps=8120 hooks=31 inst=101 rollout "Adventurousness" AbilityAction lvl1 hero2
t=14 ph=3 ap=0 snaps=8138 hooks=31 inst=101 rollout "Adventurousness" AbilityAction lvl1 hero2
t=14 ph=3 ap=0 snaps=8153 hooks=31 inst=101 rollout "Adventurousness" AbilityAction lvl1 hero2
t=14 ph=3 ap=0 snaps=8159 hooks=31 inst=101 rollout "Hell Fox" Creature lvl1 hero0
t=14 ph=3 ap=0 snaps=8168 hooks=31 inst=101 rollout "Hell Fox" Creature lvl1 hero0
t=14 ph=3 ap=0 snaps=8177 hooks=31 inst=101 rollout "Hell Fox" Creature lvl1 hero0
t=14 ph=3 ap=0 snaps=8184 hooks=31 inst=101 rollout "Hell Fox" Creature lvl1 hero0
t=14 ph=3 ap=0 snaps=8193 hooks=31 inst=101 rollout "Hell Fox" Creature lvl1 hero0
t=14 ph=3 ap=0 snaps=8202 hooks=31 inst=101 rollout "Hell Fox" Creature lvl1 hero0
t=14 ph=3 ap=0 snaps=8211 hooks=31 inst=101 rollout "Adventurousness" AbilityAction lvl1 hero2
t=14 ph=3 ap=0 snaps=8229 hooks=31 inst=101 rollout "Adventurousness" AbilityAction lvl1 hero2
t=14 ph=3 ap=0 snaps=8238 hooks=31 inst=101 rollout "Adventurousness" AbilityAction lvl1 hero2
t=14 ph=3 ap=0 snaps=8256 hooks=31 inst=101 rollout "Adventurousness" AbilityAction lvl1 hero2
t=14 ph=3 ap=0 snaps=8274 hooks=31 inst=101 rollout "Adventurousness" AbilityAction lvl1 hero2
t=14 ph=3 ap=0 snaps=8292 hooks=31 inst=101 rollout "Adventurousness" AbilityAction lvl1 hero2
t=14 ph=3 ap=0 snaps=8301 hooks=31 inst=101 rollout "Adventurousness" AbilityAction lvl1 hero2
t=14 ph=3 ap=0 snaps=8316 hooks=31 inst=101 rollout "Adventurousness" AbilityAction lvl1 hero2
t=14 ph=3 ap=0 snaps=8334 hooks=31 inst=101 rollout "Hell Fox" Creature lvl1 hero0
t=14 ph=3 ap=0 snaps=8343 hooks=31 inst=101 rollout "Hell Fox" Creature lvl1 hero0
t=14 ph=3 ap=0 snaps=8350 hooks=31 inst=101 rollout "Hell Fox" Creature lvl1 hero0
t=14 ph=3 ap=0 snaps=8357 hooks=31 inst=101 rollout "Hell Fox" Creature lvl1 hero0
t=14 ph=3 ap=0 snaps=8366 hooks=31 inst=101 rollout "Hell Fox" Creature lvl1 hero0
t=14 ph=3 ap=0 snaps=8375 hooks=31 inst=101 rollout "Adventurousness" AbilityAction lvl1 hero2
t=14 ph=3 ap=0 snaps=8390 hooks=31 inst=101 rollout "Adventurousness" AbilityAction lvl1 hero2
t=14 ph=3 ap=0 snaps=8399 hooks=31 inst=101 rollout "Adventurousness" AbilityAction lvl1 hero2
t=14 ph=3 ap=0 snaps=8417 hooks=31 inst=101 rollout "Adventurousness" AbilityAction lvl1 hero2
t=14 ph=3 ap=0 snaps=8435 hooks=31 inst=101 rollout "Adventurousness" AbilityAction lvl1 hero2
t=14 ph=3 ap=0 snaps=8453 hooks=31 inst=101 rollout "Adventurousness" AbilityAction lvl1 hero2
t=14 ph=3 ap=0 snaps=8460 hooks=31 inst=101 rollout "Adventurousness" AbilityAction lvl1 hero2
t=14 ph=3 ap=0 snaps=8478 hooks=31 inst=101 rollout "Adventurousness" AbilityAction lvl1 hero2
t=14 ph=3 ap=0 snaps=8493 hooks=31 inst=101 rollout "Hell Fox" Creature lvl1 hero0
t=14 ph=3 ap=0 snaps=8502 hooks=31 inst=101 rollout "Hell Fox" Creature lvl1 hero0
t=14 ph=3 ap=0 snaps=8511 hooks=31 inst=101 rollout "Hell Fox" Creature lvl1 hero0
t=14 ph=3 ap=0 snaps=8520 hooks=31 inst=101 rollout "Adventurousness" AbilityAction lvl1 hero2
t=14 ph=3 ap=0 snaps=8538 hooks=31 inst=101 rollout "Adventurousness" AbilityAction lvl1 hero2
t=14 ph=3 ap=0 snaps=8547 hooks=31 inst=101 rollout "Adventurousness" AbilityAction lvl1 hero2
t=14 ph=3 ap=0 snaps=8565 hooks=31 inst=101 rollout "Adventurousness" AbilityAction lvl1 hero2
t=14 ph=3 ap=0 snaps=8583 hooks=31 inst=101 rollout "Adventurousness" AbilityAction lvl1 hero2
t=14 ph=3 ap=0 snaps=8601 hooks=31 inst=101 rollout "Adventurousness" AbilityAction lvl1 hero2
t=14 ph=3 ap=0 snaps=8619 hooks=31 inst=101 rollout "Adventurousness" AbilityAction lvl1 hero2
t=14 ph=3 ap=0 snaps=8634 hooks=31 inst=101 rollout "Hell Fox" Creature lvl1 hero0
t=14 ph=3 ap=0 snaps=8643 hooks=31 inst=101 rollout "Hell Fox" Creature lvl1 hero0
t=14 ph=3 ap=0 snaps=8652 hooks=31 inst=101 rollout "Hell Fox" Creature lvl1 hero0
t=14 ph=3 ap=0 snaps=8661 hooks=31 inst=101 rollout "Adventurousness" AbilityAction lvl1 hero2
t=14 ph=3 ap=0 snaps=8679 hooks=31 inst=101 rollout "Adventurousness" AbilityAction lvl1 hero2
t=14 ph=3 ap=0 snaps=8688 hooks=31 inst=101 rollout "Adventurousness" AbilityAction lvl1 hero2
t=14 ph=3 ap=0 snaps=8706 hooks=31 inst=101 rollout "Adventurousness" AbilityAction lvl1 hero2
t=14 ph=3 ap=0 snaps=8721 hooks=31 inst=101 rollout "Adventurousness" AbilityAction lvl1 hero2
t=14 ph=3 ap=0 snaps=8739 hooks=31 inst=101 rollout "Adventurousness" AbilityAction lvl1 hero2
t=14 ph=3 ap=0 snaps=8757 hooks=31 inst=101 rollout "Adventurousness" AbilityAction lvl1 hero2
t=14 ph=3 ap=0 snaps=8770 hooks=31 inst=101 rollout "Hell Fox" Creature lvl1 hero0
t=14 ph=3 ap=0 snaps=8779 hooks=31 inst=101 rollout "Hell Fox" Creature lvl1 hero0
t=14 ph=3 ap=0 snaps=8788 hooks=31 inst=101 rollout "Hell Fox" Creature lvl1 hero0
t=14 ph=3 ap=0 snaps=8797 hooks=31 inst=101 rollout "Adventurousness" AbilityAction lvl1 hero2
t=14 ph=3 ap=0 snaps=8815 hooks=31 inst=101 rollout "Adventurousness" AbilityAction lvl1 hero2
t=14 ph=3 ap=0 snaps=8824 hooks=31 inst=101 rollout "Adventurousness" AbilityAction lvl1 hero2
t=14 ph=3 ap=0 snaps=8842 hooks=31 inst=101 rollout "Adventurousness" AbilityAction lvl1 hero2
t=14 ph=3 ap=0 snaps=8860 hooks=31 inst=101 rollout "Adventurousness" AbilityAction lvl1 hero2
t=14 ph=3 ap=0 snaps=8878 hooks=31 inst=101 rollout "Adventurousness" AbilityAction lvl1 hero2
t=14 ph=3 ap=0 snaps=8896 hooks=31 inst=101 rollout "Adventurousness" AbilityAction lvl1 hero2
t=14 ph=3 ap=0 snaps=8911 hooks=31 inst=101 rollout "Hell Fox" Creature lvl1 hero0
t=14 ph=3 ap=0 snaps=8920 hooks=31 inst=101 rollout "Hell Fox" Creature lvl1 hero0
t=14 ph=3 ap=0 snaps=8927 hooks=31 inst=101 rollout "Hell Fox" Creature lvl1 hero0
t=14 ph=3 ap=0 snaps=8936 hooks=31 inst=101 rollout "Adventurousness" AbilityAction lvl1 hero2
t=14 ph=3 ap=0 snaps=8954 hooks=31 inst=101 rollout "Adventurousness" AbilityAction lvl1 hero2
t=14 ph=3 ap=0 snaps=8963 hooks=31 inst=101 rollout "Adventurousness" AbilityAction lvl1 hero2
t=14 ph=3 ap=0 snaps=8981 hooks=31 inst=101 rollout "Adventurousness" AbilityAction lvl1 hero2
t=14 ph=3 ap=0 snaps=8999 hooks=31 inst=101 rollout "Adventurousness" AbilityAction lvl1 hero2
t=14 ph=3 ap=0 snaps=9017 hooks=31 inst=101 rollout "Adventurousness" AbilityAction lvl1 hero2
t=14 ph=3 ap=0 snaps=9035 hooks=31 inst=101 rollout "Adventurousness" AbilityAction lvl1 hero2
t=14 ph=3 ap=0 snaps=9053 hooks=31 inst=101 rollout "Hell Fox" Creature lvl1 hero0
t=14 ph=3 ap=0 snaps=9062 hooks=31 inst=101 rollout "Hell Fox" Creature lvl1 hero0
t=14 ph=3 ap=0 snaps=9069 hooks=31 inst=101 rollout "Adventurousness" AbilityAction lvl1 hero2
t=14 ph=3 ap=0 snaps=9087 hooks=31 inst=101 rollout "Adventurousness" AbilityAction lvl1 hero2
t=14 ph=3 ap=0 snaps=9096 hooks=31 inst=101 rollout "Adventurousness" AbilityAction lvl1 hero2
t=14 ph=3 ap=0 snaps=9114 hooks=31 inst=101 rollout "Adventurousness" AbilityAction lvl1 hero2
t=14 ph=3 ap=0 snaps=9129 hooks=31 inst=101 rollout "Adventurousness" AbilityAction lvl1 hero2
t=14 ph=3 ap=0 snaps=9147 hooks=31 inst=101 rollout "Adventurousness" AbilityAction lvl1 hero2
t=14 ph=3 ap=0 snaps=9165 hooks=31 inst=101 rollout "Adventurousness" AbilityAction lvl1 hero2
t=14 ph=3 ap=0 snaps=9180 hooks=31 inst=101 rollout "Hell Fox" Creature lvl1 hero0
t=14 ph=3 ap=0 snaps=9187 hooks=31 inst=101 rollout "Adventurousness" AbilityAction lvl1 hero2
t=14 ph=3 ap=0 snaps=9205 hooks=31 inst=101 rollout "Adventurousness" AbilityAction lvl1 hero2
t=14 ph=3 ap=0 snaps=9214 hooks=31 inst=101 rollout "Adventurousness" AbilityAction lvl1 hero2
t=14 ph=3 ap=0 snaps=9232 hooks=31 inst=101 rollout "Adventurousness" AbilityAction lvl1 hero2
t=14 ph=3 ap=0 snaps=9250 hooks=31 inst=101 rollout "Adventurousness" AbilityAction lvl1 hero2
t=14 ph=3 ap=0 snaps=9268 hooks=31 inst=101 rollout "Adventurousness" AbilityAction lvl1 hero2
t=14 ph=3 ap=0 snaps=9286 hooks=31 inst=101 rollout "Adventurousness" AbilityAction lvl1 hero2
t=14 ph=3 ap=0 snaps=9301 hooks=31 inst=101 rollout "Adventurousness" AbilityAction lvl1 hero2
t=14 ph=3 ap=0 snaps=9319 hooks=31 inst=101 rollout "Adventurousness" AbilityAction lvl1 hero2
t=14 ph=3 ap=0 snaps=9328 hooks=31 inst=101 rollout "Adventurousness" AbilityAction lvl1 hero2
t=14 ph=3 ap=0 snaps=9346 hooks=31 inst=101 rollout "Adventurousness" AbilityAction lvl1 hero2
t=14 ph=3 ap=0 snaps=9364 hooks=31 inst=101 rollout "Adventurousness" AbilityAction lvl1 hero2
t=14 ph=3 ap=0 snaps=9382 hooks=31 inst=101 rollout "Adventurousness" AbilityAction lvl1 hero2
t=14 ph=3 ap=0 snaps=9400 hooks=31 inst=101 rollout "Adventurousness" AbilityAction lvl1 hero2
t=14 ph=3 ap=0 snaps=9415 hooks=31 inst=101 rollout "Adventurousness" AbilityAction lvl1 hero2
t=14 ph=3 ap=0 snaps=9433 hooks=31 inst=101 rollout "Adventurousness" AbilityAction lvl1 hero2
t=14 ph=3 ap=0 snaps=9442 hooks=31 inst=101 rollout "Adventurousness" AbilityAction lvl1 hero2
t=14 ph=3 ap=0 snaps=9460 hooks=31 inst=101 rollout "Adventurousness" AbilityAction lvl1 hero2
t=14 ph=3 ap=0 snaps=9478 hooks=31 inst=101 rollout "Adventurousness" AbilityAction lvl1 hero2
t=14 ph=3 ap=0 snaps=9496 hooks=31 inst=101 rollout "Adventurousness" AbilityAction lvl1 hero2
t=14 ph=3 ap=0 snaps=9511 hooks=31 inst=101 rollout "Adventurousness" AbilityAction lvl1 hero2
t=14 ph=3 ap=0 snaps=9529 hooks=31 inst=101 rollout "Adventurousness" AbilityAction lvl1 hero2
t=14 ph=3 ap=0 snaps=9547 hooks=31 inst=101 rollout "Adventurousness" AbilityAction lvl1 hero2
t=14 ph=3 ap=0 snaps=9556 hooks=31 inst=101 rollout "Adventurousness" AbilityAction lvl1 hero2
t=14 ph=3 ap=0 snaps=9574 hooks=31 inst=101 rollout "Adventurousness" AbilityAction lvl1 hero2
t=14 ph=3 ap=0 snaps=9592 hooks=31 inst=101 rollout "Adventurousness" AbilityAction lvl1 hero2
t=14 ph=3 ap=0 snaps=9610 hooks=31 inst=101 rollout "Adventurousness" AbilityAction lvl1 hero2
t=14 ph=3 ap=0 snaps=9628 hooks=31 inst=101 rollout "Adventurousness" AbilityAction lvl1 hero2
t=14 ph=3 ap=0 snaps=9643 hooks=31 inst=101 rollout "Adventurousness" AbilityAction lvl1 hero2
t=14 ph=3 ap=0 snaps=9661 hooks=31 inst=101 rollout "Adventurousness" AbilityAction lvl1 hero2
t=14 ph=3 ap=0 snaps=9670 hooks=31 inst=101 rollout "Adventurousness" AbilityAction lvl1 hero2
t=14 ph=3 ap=0 snaps=9688 hooks=31 inst=101 rollout "Adventurousness" AbilityAction lvl1 hero2
t=14 ph=3 ap=0 snaps=9703 hooks=31 inst=101 rollout "Adventurousness" AbilityAction lvl1 hero2
t=14 ph=3 ap=0 snaps=9718 hooks=31 inst=101 rollout "Adventurousness" AbilityAction lvl1 hero2
t=14 ph=3 ap=0 snaps=9736 hooks=31 inst=101 rollout "Adventurousness" AbilityAction lvl1 hero2
t=14 ph=3 ap=0 snaps=9751 hooks=31 inst=101 rollout "Adventurousness" AbilityAction lvl1 hero2
t=14 ph=3 ap=0 snaps=9769 hooks=31 inst=101 rollout "Adventurousness" AbilityAction lvl1 hero2
t=14 ph=3 ap=0 snaps=9778 hooks=31 inst=101 rollout "Adventurousness" AbilityAction lvl1 hero2
t=14 ph=3 ap=0 snaps=9796 hooks=31 inst=101 rollout "Adventurousness" AbilityAction lvl1 hero2
t=14 ph=3 ap=0 snaps=9814 hooks=31 inst=101 rollout "Adventurousness" AbilityAction lvl1 hero2
t=14 ph=3 ap=0 snaps=9832 hooks=31 inst=101 rollout "Adventurousness" AbilityAction lvl1 hero2
t=14 ph=3 ap=0 snaps=9847 hooks=31 inst=101 rollout "Adventurousness" AbilityAction lvl1 hero2
t=14 ph=3 ap=0 snaps=9862 hooks=31 inst=101 rollout "Adventurousness" AbilityAction lvl1 hero2
t=14 ph=3 ap=0 snaps=9880 hooks=31 inst=101 rollout "Adventurousness" AbilityAction lvl1 hero2
t=14 ph=3 ap=0 snaps=9889 hooks=31 inst=101 rollout "Adventurousness" AbilityAction lvl1 hero2
t=14 ph=3 ap=0 snaps=9907 hooks=31 inst=101 rollout "Adventurousness" AbilityAction lvl1 hero2
t=14 ph=5 ap=0 snaps=9947 hooks=48 inst=100 switchTurn ending p0
t=15 ph=2 ap=1 snaps=9947 hooks=10 inst=101 cpuTurnStart cpu=p1 hand=4
t=15 ph=3 ap=1 snaps=9949 hooks=12 inst=101 rollout "Candlestick Squire" Creature lvl1 hero0
t=15 ph=3 ap=1 snaps=9964 hooks=12 inst=101 rollout "Candlestick Squire" Creature lvl1 hero0
t=15 ph=3 ap=1 snaps=9979 hooks=12 inst=101 rollout "Candlestick Squire" Creature lvl1 hero0
t=15 ph=3 ap=1 snaps=9994 hooks=12 inst=101 rollout "Candlestick Squire" Creature lvl1 hero0
t=15 ph=3 ap=1 snaps=10000 hooks=12 inst=101 rollout "Candlestick Squire" Creature lvl1 hero0
t=15 ph=3 ap=1 snaps=10015 hooks=12 inst=101 rollout "Candlestick Squire" Creature lvl1 hero0
t=15 ph=3 ap=1 snaps=10030 hooks=12 inst=101 rollout "Candlestick Squire" Creature lvl1 hero0
t=15 ph=3 ap=1 snaps=10045 hooks=12 inst=101 rollout "Candlestick Squire" Creature lvl1 hero0
t=15 ph=3 ap=1 snaps=10051 hooks=12 inst=101 rollout "Candlestick Squire" Creature lvl1 hero0
t=15 ph=3 ap=1 snaps=10066 hooks=12 inst=101 rollout "Candlestick Squire" Creature lvl1 hero0
t=15 ph=3 ap=1 snaps=10077 hooks=12 inst=101 rollout "Candlestick Squire" Creature lvl1 hero0
t=15 ph=3 ap=1 snaps=10083 hooks=12 inst=101 rollout "Candlestick Squire" Creature lvl1 hero0
t=15 ph=3 ap=1 snaps=10098 hooks=12 inst=101 rollout "Candlestick Squire" Creature lvl1 hero0
t=15 ph=3 ap=1 snaps=10113 hooks=12 inst=101 rollout "Candlestick Squire" Creature lvl1 hero0
t=15 ph=3 ap=1 snaps=10128 hooks=12 inst=101 rollout "Candlestick Squire" Creature lvl1 hero0
t=15 ph=3 ap=1 snaps=10132 hooks=12 inst=101 rollout "Candlestick Squire" Creature lvl1 hero0
t=15 ph=3 ap=1 snaps=10144 hooks=12 inst=101 rollout "Candlestick Squire" Creature lvl1 hero0
t=15 ph=3 ap=1 snaps=10155 hooks=12 inst=101 rollout "Candlestick Squire" Creature lvl1 hero0
t=15 ph=3 ap=1 snaps=10161 hooks=12 inst=101 rollout "Candlestick Squire" Creature lvl1 hero0
t=15 ph=3 ap=1 snaps=10176 hooks=12 inst=101 rollout "Candlestick Squire" Creature lvl1 hero0
t=15 ph=3 ap=1 snaps=10188 hooks=12 inst=101 rollout "Candlestick Squire" Creature lvl1 hero0
t=15 ph=3 ap=1 snaps=10203 hooks=12 inst=101 rollout "Candlestick Squire" Creature lvl1 hero0
t=15 ph=3 ap=1 snaps=10209 hooks=12 inst=101 rollout "Candlestick Squire" Creature lvl1 hero0
t=15 ph=3 ap=1 snaps=10224 hooks=12 inst=101 rollout "Candlestick Squire" Creature lvl1 hero0
t=15 ph=3 ap=1 snaps=10235 hooks=12 inst=101 rollout "Candlestick Squire" Creature lvl1 hero0
t=15 ph=3 ap=1 snaps=10241 hooks=12 inst=101 rollout "Candlestick Squire" Creature lvl1 hero0
t=15 ph=3 ap=1 snaps=10247 hooks=12 inst=101 rollout "Candlestick Squire" Creature lvl1 hero0
t=15 ph=3 ap=1 snaps=10253 hooks=12 inst=101 rollout "Candlestick Squire" Creature lvl1 hero0
t=15 ph=3 ap=1 snaps=10259 hooks=12 inst=101 rollout "Candlestick Squire" Creature lvl1 hero0
t=15 ph=3 ap=1 snaps=10265 hooks=12 inst=101 rollout "Candlestick Squire" Creature lvl1 hero0
t=15 ph=3 ap=1 snaps=10271 hooks=12 inst=101 rollout "Candlestick Squire" Creature lvl1 hero0
t=15 ph=3 ap=1 snaps=10277 hooks=12 inst=101 rollout "Candlestick Squire" Creature lvl1 hero0
t=15 ph=3 ap=1 snaps=10283 hooks=12 inst=101 rollout "Candlestick Squire" Creature lvl1 hero0
t=15 ph=3 ap=1 snaps=10289 hooks=12 inst=101 rollout "Candlestick Squire" Creature lvl1 hero0
t=15 ph=3 ap=1 snaps=10295 hooks=12 inst=101 rollout "Candlestick Squire" Creature lvl1 hero0
t=15 ph=3 ap=1 snaps=10301 hooks=12 inst=101 rollout "Candlestick Squire" Creature lvl1 hero0
t=15 ph=3 ap=1 snaps=10307 hooks=12 inst=101 rollout "Candlestick Squire" Creature lvl1 hero0
t=15 ph=3 ap=1 snaps=10313 hooks=12 inst=101 rollout "Candlestick Squire" Creature lvl1 hero0
t=15 ph=3 ap=1 snaps=10319 hooks=12 inst=101 rollout "Candlestick Squire" Creature lvl1 hero0
t=15 ph=3 ap=1 snaps=10323 hooks=12 inst=101 rollout "Candlestick Squire" Creature lvl1 hero0
t=15 ph=3 ap=1 snaps=10329 hooks=12 inst=101 rollout "Candlestick Squire" Creature lvl1 hero0
t=15 ph=3 ap=1 snaps=10335 hooks=12 inst=101 rollout "Candlestick Squire" Creature lvl1 hero0
t=15 ph=3 ap=1 snaps=10341 hooks=12 inst=101 rollout "Candlestick Squire" Creature lvl1 hero0
t=15 ph=3 ap=1 snaps=10345 hooks=12 inst=101 rollout "Candlestick Squire" Creature lvl1 hero0
t=15 ph=3 ap=1 snaps=10349 hooks=12 inst=101 rollout "Candlestick Squire" Creature lvl1 hero0
t=15 ph=3 ap=1 snaps=10355 hooks=12 inst=101 rollout "Candlestick Squire" Creature lvl1 hero0
t=15 ph=3 ap=1 snaps=10361 hooks=12 inst=101 rollout "Candlestick Squire" Creature lvl1 hero0
t=15 ph=3 ap=1 snaps=10367 hooks=12 inst=101 rollout "Candlestick Squire" Creature lvl1 hero0
t=15 ph=3 ap=1 snaps=10371 hooks=12 inst=101 rollout "Candlestick Squire" Creature lvl1 hero0
t=15 ph=3 ap=1 snaps=10377 hooks=12 inst=101 rollout "Candlestick Squire" Creature lvl1 hero0
t=15 ph=3 ap=1 snaps=10381 hooks=12 inst=101 rollout "Candlestick Squire" Creature lvl1 hero0
t=15 ph=3 ap=1 snaps=10387 hooks=12 inst=101 rollout "Candlestick Squire" Creature lvl1 hero0
t=15 ph=3 ap=1 snaps=10391 hooks=12 inst=101 rollout "Candlestick Squire" Creature lvl1 hero0
t=15 ph=3 ap=1 snaps=10397 hooks=12 inst=101 rollout "Candlestick Squire" Creature lvl1 hero0
t=15 ph=3 ap=1 snaps=10403 hooks=12 inst=101 rollout "Candlestick Squire" Creature lvl1 hero0
t=15 ph=3 ap=1 snaps=10409 hooks=12 inst=101 rollout "Candlestick Squire" Creature lvl1 hero0
t=15 ph=3 ap=1 snaps=10415 hooks=12 inst=101 rollout "Candlestick Squire" Creature lvl1 hero0
t=15 ph=3 ap=1 snaps=10421 hooks=12 inst=101 rollout "Candlestick Squire" Creature lvl1 hero0
t=15 ph=3 ap=1 snaps=10427 hooks=12 inst=101 rollout "Candlestick Squire" Creature lvl1 hero0
t=15 ph=3 ap=1 snaps=10433 hooks=12 inst=101 rollout "Candlestick Squire" Creature lvl1 hero0
t=15 ph=3 ap=1 snaps=10439 hooks=12 inst=101 rollout "Candlestick Squire" Creature lvl1 hero0
t=15 ph=3 ap=1 snaps=10445 hooks=12 inst=101 rollout "Candlestick Squire" Creature lvl1 hero0
t=15 ph=3 ap=1 snaps=10451 hooks=12 inst=101 rollout "Candlestick Squire" Creature lvl1 hero0
t=15 ph=3 ap=1 snaps=10457 hooks=12 inst=101 rollout "Candlestick Squire" Creature lvl1 hero0
t=15 ph=3 ap=1 snaps=10463 hooks=12 inst=101 rollout "Candlestick Squire" Creature lvl1 hero0
t=15 ph=3 ap=1 snaps=10469 hooks=12 inst=101 rollout "Candlestick Squire" Creature lvl1 hero0
t=15 ph=3 ap=1 snaps=10475 hooks=12 inst=101 rollout "Candlestick Squire" Creature lvl1 hero0
t=15 ph=3 ap=1 snaps=10479 hooks=12 inst=101 rollout "Candlestick Squire" Creature lvl1 hero0
t=15 ph=3 ap=1 snaps=10485 hooks=12 inst=101 rollout "Candlestick Squire" Creature lvl1 hero0
t=15 ph=3 ap=1 snaps=10491 hooks=12 inst=101 rollout "Candlestick Squire" Creature lvl1 hero0
t=15 ph=3 ap=1 snaps=10497 hooks=12 inst=101 rollout "Candlestick Squire" Creature lvl1 hero0
t=15 ph=3 ap=1 snaps=10503 hooks=12 inst=101 rollout "Candlestick Squire" Creature lvl1 hero0
t=15 ph=3 ap=1 snaps=10509 hooks=12 inst=101 rollout "Candlestick Squire" Creature lvl1 hero0
t=15 ph=3 ap=1 snaps=10515 hooks=12 inst=101 rollout "Candlestick Squire" Creature lvl1 hero0
t=15 ph=3 ap=1 snaps=10521 hooks=12 inst=101 rollout "Candlestick Squire" Creature lvl1 hero0
t=15 ph=3 ap=1 snaps=10525 hooks=12 inst=101 rollout "Candlestick Squire" Creature lvl1 hero0
t=15 ph=3 ap=1 snaps=10531 hooks=12 inst=101 rollout "Candlestick Squire" Creature lvl1 hero0
t=15 ph=3 ap=1 snaps=10537 hooks=12 inst=101 rollout "Candlestick Squire" Creature lvl1 hero0
t=15 ph=3 ap=1 snaps=10541 hooks=12 inst=101 rollout "Candlestick Squire" Creature lvl1 hero0
t=15 ph=3 ap=1 snaps=10545 hooks=12 inst=101 rollout "Candlestick Squire" Creature lvl1 hero0
t=15 ph=3 ap=1 snaps=10551 hooks=12 inst=101 summon "Candlestick Squire" p1/h0
t=15 ph=5 ap=1 snaps=10553 hooks=21 inst=102 switchTurn ending p1
t=16 ph=2 ap=0 snaps=10553 hooks=10 inst=103 cpuTurnStart cpu=p0 hand=3
t=16 ph=3 ap=0 snaps=10577 hooks=16 inst=104 rollout "Hell Fox" Creature lvl1 hero0
t=16 ph=3 ap=0 snaps=10581 hooks=16 inst=104 rollout "Hell Fox" Creature lvl1 hero0
t=16 ph=3 ap=0 snaps=10585 hooks=16 inst=104 rollout "Hell Fox" Creature lvl1 hero0
t=16 ph=3 ap=0 snaps=10589 hooks=16 inst=104 rollout "Adventurousness" AbilityAction lvl1 hero2
t=16 ph=3 ap=0 snaps=10597 hooks=16 inst=104 rollout "Hell Fox" Creature lvl1 hero0
t=16 ph=3 ap=0 snaps=10601 hooks=16 inst=104 rollout "Hell Fox" Creature lvl1 hero0
t=16 ph=3 ap=0 snaps=10605 hooks=16 inst=104 rollout "Hell Fox" Creature lvl1 hero0
t=16 ph=3 ap=0 snaps=10609 hooks=16 inst=104 rollout "Hell Fox" Creature lvl1 hero0
t=16 ph=3 ap=0 snaps=10610 hooks=16 inst=104 rollout "Hell Fox" Creature lvl1 hero0
t=16 ph=3 ap=0 snaps=10614 hooks=16 inst=104 rollout "Hell Fox" Creature lvl1 hero0
t=16 ph=3 ap=0 snaps=10618 hooks=16 inst=104 rollout "Hell Fox" Creature lvl1 hero0
t=16 ph=3 ap=0 snaps=10619 hooks=16 inst=104 rollout "Hell Fox" Creature lvl1 hero0
t=16 ph=3 ap=0 snaps=10623 hooks=16 inst=104 rollout "Hell Fox" Creature lvl1 hero0
t=16 ph=3 ap=0 snaps=10627 hooks=16 inst=104 rollout "Hell Fox" Creature lvl1 hero0
t=16 ph=3 ap=0 snaps=10631 hooks=16 inst=104 rollout "Hell Fox" Creature lvl1 hero0
t=16 ph=3 ap=0 snaps=10632 hooks=16 inst=104 rollout "Hell Fox" Creature lvl1 hero0
t=16 ph=3 ap=0 snaps=10636 hooks=16 inst=104 rollout "Hell Fox" Creature lvl1 hero0
t=16 ph=3 ap=0 snaps=10640 hooks=16 inst=104 rollout "Hell Fox" Creature lvl1 hero0
t=16 ph=3 ap=0 snaps=10641 hooks=16 inst=104 rollout "Hell Fox" Creature lvl1 hero0
t=16 ph=3 ap=0 snaps=10645 hooks=16 inst=104 rollout "Hell Fox" Creature lvl1 hero0
t=16 ph=3 ap=0 snaps=10649 hooks=16 inst=104 rollout "Hell Fox" Creature lvl1 hero0
t=16 ph=3 ap=0 snaps=10653 hooks=16 inst=104 rollout "Hell Fox" Creature lvl1 hero0
t=16 ph=3 ap=0 snaps=10654 hooks=16 inst=104 rollout "Hell Fox" Creature lvl1 hero0
t=16 ph=3 ap=0 snaps=10658 hooks=16 inst=104 rollout "Hell Fox" Creature lvl1 hero0
t=16 ph=3 ap=0 snaps=10662 hooks=16 inst=104 rollout "Hell Fox" Creature lvl1 hero0
t=16 ph=3 ap=0 snaps=10663 hooks=16 inst=104 rollout "Adventurousness" AbilityAction lvl1 hero2
t=16 ph=3 ap=0 snaps=10668 hooks=16 inst=104 rollout "Adventurousness" AbilityAction lvl1 hero2
t=16 ph=3 ap=0 snaps=10676 hooks=16 inst=104 rollout "Adventurousness" AbilityAction lvl1 hero2
t=16 ph=3 ap=0 snaps=10684 hooks=16 inst=104 rollout "Adventurousness" AbilityAction lvl1 hero2
t=16 ph=3 ap=0 snaps=10688 hooks=16 inst=104 rollout "Adventurousness" AbilityAction lvl1 hero2
t=16 ph=3 ap=0 snaps=10696 hooks=16 inst=104 rollout "Adventurousness" AbilityAction lvl1 hero2
t=16 ph=3 ap=0 snaps=10704 hooks=16 inst=104 rollout "Adventurousness" AbilityAction lvl1 hero2
t=16 ph=3 ap=0 snaps=10715 hooks=16 inst=104 rollout "Adventurousness" AbilityAction lvl1 hero2
t=16 ph=3 ap=0 snaps=10723 hooks=16 inst=104 rollout "Adventurousness" AbilityAction lvl1 hero2
t=16 ph=3 ap=0 snaps=10728 hooks=16 inst=104 rollout "Adventurousness" AbilityAction lvl1 hero2
t=16 ph=3 ap=0 snaps=10736 hooks=16 inst=104 rollout "Adventurousness" AbilityAction lvl1 hero2
t=16 ph=3 ap=0 snaps=10744 hooks=16 inst=104 rollout "Adventurousness" AbilityAction lvl1 hero2
t=16 ph=3 ap=0 snaps=10752 hooks=16 inst=104 rollout "Adventurousness" AbilityAction lvl1 hero2
t=16 ph=3 ap=0 snaps=10760 hooks=16 inst=104 rollout "Adventurousness" AbilityAction lvl1 hero2
t=16 ph=3 ap=0 snaps=10771 hooks=16 inst=104 rollout "Adventurousness" AbilityAction lvl1 hero2
t=16 ph=3 ap=0 snaps=10779 hooks=16 inst=104 rollout "Adventurousness" AbilityAction lvl1 hero2
t=16 ph=3 ap=0 snaps=10784 hooks=16 inst=104 rollout "Adventurousness" AbilityAction lvl1 hero2
t=16 ph=3 ap=0 snaps=10792 hooks=16 inst=104 rollout "Adventurousness" AbilityAction lvl1 hero2
t=16 ph=3 ap=0 snaps=10800 hooks=16 inst=104 rollout "Adventurousness" AbilityAction lvl1 hero2
t=16 ph=3 ap=0 snaps=10808 hooks=16 inst=104 rollout "Adventurousness" AbilityAction lvl1 hero2
t=16 ph=3 ap=0 snaps=10816 hooks=16 inst=104 rollout "Adventurousness" AbilityAction lvl1 hero2
t=16 ph=3 ap=0 snaps=10827 hooks=16 inst=104 rollout "Adventurousness" AbilityAction lvl1 hero2
t=16 ph=3 ap=0 snaps=10835 hooks=16 inst=104 rollout "Adventurousness" AbilityAction lvl1 hero2
t=16 ph=3 ap=0 snaps=10840 hooks=16 inst=104 rollout "Adventurousness" AbilityAction lvl1 hero2
t=16 ph=3 ap=0 snaps=10848 hooks=16 inst=104 rollout "Adventurousness" AbilityAction lvl1 hero2
t=16 ph=3 ap=0 snaps=10856 hooks=16 inst=104 rollout "Adventurousness" AbilityAction lvl1 hero2
t=16 ph=3 ap=0 snaps=10864 hooks=16 inst=104 rollout "Adventurousness" AbilityAction lvl1 hero2
t=16 ph=3 ap=0 snaps=10872 hooks=16 inst=104 rollout "Adventurousness" AbilityAction lvl1 hero2
t=16 ph=3 ap=0 snaps=10883 hooks=16 inst=104 rollout "Adventurousness" AbilityAction lvl1 hero2
t=16 ph=3 ap=0 snaps=10891 hooks=16 inst=104 rollout "Adventurousness" AbilityAction lvl1 hero2
t=16 ph=3 ap=0 snaps=10896 hooks=16 inst=104 rollout "Adventurousness" AbilityAction lvl1 hero2
t=16 ph=3 ap=0 snaps=10904 hooks=16 inst=104 rollout "Adventurousness" AbilityAction lvl1 hero2
t=16 ph=3 ap=0 snaps=10912 hooks=16 inst=104 rollout "Adventurousness" AbilityAction lvl1 hero2
t=16 ph=3 ap=0 snaps=10920 hooks=16 inst=104 rollout "Adventurousness" AbilityAction lvl1 hero2
t=16 ph=3 ap=0 snaps=10928 hooks=16 inst=104 rollout "Adventurousness" AbilityAction lvl1 hero2
t=16 ph=3 ap=0 snaps=10939 hooks=16 inst=104 rollout "Adventurousness" AbilityAction lvl1 hero2
t=16 ph=3 ap=0 snaps=10947 hooks=16 inst=104 rollout "Adventurousness" AbilityAction lvl1 hero2
t=16 ph=3 ap=0 snaps=10952 hooks=16 inst=104 rollout "Adventurousness" AbilityAction lvl1 hero2
t=16 ph=3 ap=0 snaps=10960 hooks=16 inst=104 rollout "Adventurousness" AbilityAction lvl1 hero2
t=16 ph=3 ap=0 snaps=10968 hooks=16 inst=104 rollout "Adventurousness" AbilityAction lvl1 hero2
t=16 ph=3 ap=0 snaps=10976 hooks=16 inst=104 rollout "Adventurousness" AbilityAction lvl1 hero2
t=16 ph=3 ap=0 snaps=10984 hooks=16 inst=104 rollout "Adventurousness" AbilityAction lvl1 hero2
t=16 ph=3 ap=0 snaps=10995 hooks=16 inst=104 rollout "Adventurousness" AbilityAction lvl1 hero2
t=16 ph=3 ap=0 snaps=11003 hooks=16 inst=104 rollout "Adventurousness" AbilityAction lvl1 hero2
t=16 ph=3 ap=0 snaps=11008 hooks=16 inst=104 rollout "Adventurousness" AbilityAction lvl1 hero2
t=16 ph=3 ap=0 snaps=11016 hooks=16 inst=104 rollout "Adventurousness" AbilityAction lvl1 hero2
t=16 ph=3 ap=0 snaps=11024 hooks=16 inst=104 rollout "Adventurousness" AbilityAction lvl1 hero2
t=16 ph=3 ap=0 snaps=11032 hooks=16 inst=104 rollout "Adventurousness" AbilityAction lvl1 hero2
t=16 ph=3 ap=0 snaps=11040 hooks=16 inst=104 rollout "Adventurousness" AbilityAction lvl1 hero2
t=16 ph=3 ap=0 snaps=11051 hooks=16 inst=104 rollout "Adventurousness" AbilityAction lvl1 hero2
t=16 ph=3 ap=0 snaps=11059 hooks=16 inst=104 rollout "Adventurousness" AbilityAction lvl1 hero2
t=16 ph=3 ap=0 snaps=11064 hooks=16 inst=104 rollout "Adventurousness" AbilityAction lvl1 hero2
t=16 ph=3 ap=0 snaps=11072 hooks=16 inst=104 rollout "Adventurousness" AbilityAction lvl1 hero2
t=16 ph=3 ap=0 snaps=11080 hooks=16 inst=104 rollout "Adventurousness" AbilityAction lvl1 hero2
t=16 ph=3 ap=0 snaps=11088 hooks=16 inst=104 rollout "Adventurousness" AbilityAction lvl1 hero2
t=16 ph=3 ap=0 snaps=11096 hooks=16 inst=104 rollout "Adventurousness" AbilityAction lvl1 hero2
t=16 ph=3 ap=0 snaps=11107 hooks=16 inst=104 rollout "Adventurousness" AbilityAction lvl1 hero2
t=16 ph=3 ap=0 snaps=11115 hooks=16 inst=104 rollout "Adventurousness" AbilityAction lvl1 hero2
t=16 ph=3 ap=0 snaps=11120 hooks=16 inst=104 rollout "Adventurousness" AbilityAction lvl1 hero2
t=16 ph=3 ap=0 snaps=11128 hooks=16 inst=104 rollout "Adventurousness" AbilityAction lvl1 hero2
t=16 ph=3 ap=0 snaps=11136 hooks=16 inst=104 rollout "Adventurousness" AbilityAction lvl1 hero2
t=16 ph=3 ap=0 snaps=11144 hooks=16 inst=104 rollout "Adventurousness" AbilityAction lvl1 hero2
t=16 ph=3 ap=0 snaps=11152 hooks=16 inst=104 rollout "Adventurousness" AbilityAction lvl1 hero2
t=16 ph=3 ap=0 snaps=11163 hooks=16 inst=104 rollout "Adventurousness" AbilityAction lvl1 hero2
t=16 ph=3 ap=0 snaps=11171 hooks=16 inst=104 rollout "Adventurousness" AbilityAction lvl1 hero2
t=16 ph=3 ap=0 snaps=11176 hooks=16 inst=104 rollout "Adventurousness" AbilityAction lvl1 hero2
t=16 ph=3 ap=0 snaps=11184 hooks=16 inst=104 rollout "Adventurousness" AbilityAction lvl1 hero2
t=16 ph=3 ap=0 snaps=11192 hooks=16 inst=104 rollout "Adventurousness" AbilityAction lvl1 hero2
t=16 ph=3 ap=0 snaps=11200 hooks=16 inst=104 rollout "Adventurousness" AbilityAction lvl1 hero2
t=16 ph=3 ap=0 snaps=11208 hooks=16 inst=104 rollout "Adventurousness" AbilityAction lvl1 hero2
t=16 ph=3 ap=0 snaps=11219 hooks=16 inst=104 rollout "Adventurousness" AbilityAction lvl1 hero2
t=16 ph=3 ap=0 snaps=11227 hooks=16 inst=104 rollout "Adventurousness" AbilityAction lvl1 hero2
t=16 ph=3 ap=0 snaps=11232 hooks=16 inst=104 rollout "Adventurousness" AbilityAction lvl1 hero2
t=16 ph=3 ap=0 snaps=11240 hooks=16 inst=104 rollout "Adventurousness" AbilityAction lvl1 hero2
t=16 ph=3 ap=0 snaps=11248 hooks=16 inst=104 rollout "Adventurousness" AbilityAction lvl1 hero2
t=16 ph=3 ap=0 snaps=11256 hooks=16 inst=104 rollout "Adventurousness" AbilityAction lvl1 hero2
t=16 ph=3 ap=0 snaps=11264 hooks=16 inst=104 rollout "Adventurousness" AbilityAction lvl1 hero2
t=16 ph=3 ap=0 snaps=11275 hooks=16 inst=104 rollout "Adventurousness" AbilityAction lvl1 hero2
t=16 ph=3 ap=0 snaps=11283 hooks=16 inst=104 rollout "Adventurousness" AbilityAction lvl1 hero2
t=16 ph=3 ap=0 snaps=11288 hooks=16 inst=104 rollout "Adventurousness" AbilityAction lvl1 hero2
t=16 ph=3 ap=0 snaps=11296 hooks=16 inst=104 rollout "Adventurousness" AbilityAction lvl1 hero2
t=16 ph=3 ap=0 snaps=11304 hooks=16 inst=104 rollout "Adventurousness" AbilityAction lvl1 hero2
t=16 ph=3 ap=0 snaps=11312 hooks=16 inst=104 rollout "Adventurousness" AbilityAction lvl1 hero2
t=16 ph=3 ap=0 snaps=11320 hooks=16 inst=104 rollout "Adventurousness" AbilityAction lvl1 hero2
t=16 ph=3 ap=0 snaps=11331 hooks=16 inst=104 rollout "Adventurousness" AbilityAction lvl1 hero2
t=16 ph=3 ap=0 snaps=11339 hooks=16 inst=104 rollout "Adventurousness" AbilityAction lvl1 hero2
t=16 ph=3 ap=0 snaps=11344 hooks=16 inst=104 rollout "Adventurousness" AbilityAction lvl1 hero2
t=16 ph=3 ap=0 snaps=11352 hooks=16 inst=104 rollout "Adventurousness" AbilityAction lvl1 hero2
t=16 ph=3 ap=0 snaps=11360 hooks=16 inst=104 rollout "Adventurousness" AbilityAction lvl1 hero2
t=16 ph=3 ap=0 snaps=11368 hooks=16 inst=104 rollout "Adventurousness" AbilityAction lvl1 hero2
t=16 ph=3 ap=0 snaps=11376 hooks=16 inst=104 rollout "Adventurousness" AbilityAction lvl1 hero2
t=16 ph=3 ap=0 snaps=11387 hooks=16 inst=104 rollout "Adventurousness" AbilityAction lvl1 hero2
t=16 ph=3 ap=0 snaps=11395 hooks=16 inst=104 rollout "Adventurousness" AbilityAction lvl1 hero2
t=16 ph=3 ap=0 snaps=11400 hooks=16 inst=104 rollout "Adventurousness" AbilityAction lvl1 hero2
t=16 ph=3 ap=0 snaps=11408 hooks=16 inst=104 rollout "Adventurousness" AbilityAction lvl1 hero2
t=16 ph=3 ap=0 snaps=11416 hooks=16 inst=104 rollout "Adventurousness" AbilityAction lvl1 hero2
t=16 ph=3 ap=0 snaps=11424 hooks=16 inst=104 rollout "Adventurousness" AbilityAction lvl1 hero2
t=16 ph=3 ap=0 snaps=11432 hooks=16 inst=104 rollout "Adventurousness" AbilityAction lvl1 hero2
t=16 ph=3 ap=0 snaps=11443 hooks=16 inst=104 rollout "Adventurousness" AbilityAction lvl1 hero2
t=16 ph=3 ap=0 snaps=11451 hooks=16 inst=104 rollout "Adventurousness" AbilityAction lvl1 hero2
t=16 ph=3 ap=0 snaps=11456 hooks=16 inst=104 rollout "Adventurousness" AbilityAction lvl1 hero2
t=16 ph=3 ap=0 snaps=11464 hooks=16 inst=104 rollout "Adventurousness" AbilityAction lvl1 hero2
t=16 ph=3 ap=0 snaps=11472 hooks=16 inst=104 rollout "Adventurousness" AbilityAction lvl1 hero2
t=16 ph=3 ap=0 snaps=11480 hooks=16 inst=104 rollout "Adventurousness" AbilityAction lvl1 hero2
t=16 ph=3 ap=0 snaps=11488 hooks=16 inst=104 rollout "Adventurousness" AbilityAction lvl1 hero2
t=16 ph=3 ap=0 snaps=11499 hooks=16 inst=104 rollout "Adventurousness" AbilityAction lvl1 hero2
t=16 ph=3 ap=0 snaps=11507 hooks=16 inst=104 rollout "Adventurousness" AbilityAction lvl1 hero2
t=16 ph=3 ap=0 snaps=11512 hooks=16 inst=104 rollout "Adventurousness" AbilityAction lvl1 hero2
t=16 ph=3 ap=0 snaps=11520 hooks=16 inst=104 rollout "Adventurousness" AbilityAction lvl1 hero2
t=16 ph=3 ap=0 snaps=11528 hooks=16 inst=104 rollout "Adventurousness" AbilityAction lvl1 hero2
t=16 ph=3 ap=0 snaps=11536 hooks=16 inst=104 rollout "Adventurousness" AbilityAction lvl1 hero2
t=16 ph=3 ap=0 snaps=11544 hooks=16 inst=104 rollout "Adventurousness" AbilityAction lvl1 hero2
t=16 ph=3 ap=0 snaps=11555 hooks=16 inst=104 rollout "Adventurousness" AbilityAction lvl1 hero2
t=16 ph=3 ap=0 snaps=11563 hooks=16 inst=104 rollout "Adventurousness" AbilityAction lvl1 hero2
t=16 ph=3 ap=0 snaps=11568 hooks=16 inst=104 rollout "Adventurousness" AbilityAction lvl1 hero2
t=16 ph=5 ap=0 snaps=11588 hooks=24 inst=104 switchTurn ending p0
t=17 ph=2 ap=1 snaps=11588 hooks=10 inst=105 cpuTurnStart cpu=p1 hand=4
t=17 ph=5 ap=1 snaps=11594 hooks=17 inst=105 switchTurn ending p1
t=18 ph=2 ap=0 snaps=11594 hooks=10 inst=106 cpuTurnStart cpu=p0 hand=3
t=18 ph=3 ap=0 snaps=11618 hooks=14 inst=107 rollout "Hell Fox" Creature lvl1 hero0
t=18 ph=3 ap=0 snaps=11624 hooks=14 inst=107 rollout "Hell Fox" Creature lvl1 hero0
t=18 ph=3 ap=0 snaps=11630 hooks=14 inst=107 rollout "Hell Fox" Creature lvl1 hero0
t=18 ph=3 ap=0 snaps=11636 hooks=14 inst=107 rollout "Adventurousness" AbilityAction lvl1 hero2
t=18 ph=3 ap=0 snaps=11640 hooks=14 inst=107 rollout "Hell Fox" Creature lvl1 hero0
t=18 ph=3 ap=0 snaps=11646 hooks=14 inst=107 rollout "Hell Fox" Creature lvl1 hero0
t=18 ph=3 ap=0 snaps=11652 hooks=14 inst=107 rollout "Hell Fox" Creature lvl1 hero0
t=18 ph=3 ap=0 snaps=11658 hooks=14 inst=107 rollout "Hell Fox" Creature lvl1 hero0
t=18 ph=3 ap=0 snaps=11661 hooks=14 inst=107 rollout "Hell Fox" Creature lvl1 hero0
t=18 ph=3 ap=0 snaps=11667 hooks=14 inst=107 rollout "Hell Fox" Creature lvl1 hero0
t=18 ph=3 ap=0 snaps=11673 hooks=14 inst=107 rollout "Hell Fox" Creature lvl1 hero0
t=18 ph=3 ap=0 snaps=11674 hooks=14 inst=107 rollout "Hell Fox" Creature lvl1 hero0
t=18 ph=3 ap=0 snaps=11680 hooks=14 inst=107 rollout "Hell Fox" Creature lvl1 hero0
t=18 ph=3 ap=0 snaps=11686 hooks=14 inst=107 rollout "Hell Fox" Creature lvl1 hero0
t=18 ph=3 ap=0 snaps=11692 hooks=14 inst=107 rollout "Hell Fox" Creature lvl1 hero0
t=18 ph=3 ap=0 snaps=11695 hooks=14 inst=107 rollout "Hell Fox" Creature lvl1 hero0
t=18 ph=3 ap=0 snaps=11701 hooks=14 inst=107 rollout "Hell Fox" Creature lvl1 hero0
t=18 ph=3 ap=0 snaps=11707 hooks=14 inst=107 rollout "Hell Fox" Creature lvl1 hero0
t=18 ph=3 ap=0 snaps=11708 hooks=14 inst=107 rollout "Hell Fox" Creature lvl1 hero0
t=18 ph=3 ap=0 snaps=11714 hooks=14 inst=107 rollout "Hell Fox" Creature lvl1 hero0
t=18 ph=3 ap=0 snaps=11720 hooks=14 inst=107 rollout "Hell Fox" Creature lvl1 hero0
t=18 ph=3 ap=0 snaps=11726 hooks=14 inst=107 rollout "Hell Fox" Creature lvl1 hero0
t=18 ph=3 ap=0 snaps=11729 hooks=14 inst=107 rollout "Hell Fox" Creature lvl1 hero0
t=18 ph=3 ap=0 snaps=11735 hooks=14 inst=107 rollout "Hell Fox" Creature lvl1 hero0
t=18 ph=3 ap=0 snaps=11741 hooks=14 inst=107 rollout "Hell Fox" Creature lvl1 hero0
t=18 ph=3 ap=0 snaps=11742 hooks=14 inst=107 rollout "Adventurousness" AbilityAction lvl1 hero2
t=18 ph=3 ap=0 snaps=11746 hooks=14 inst=107 rollout "Adventurousness" AbilityAction lvl1 hero2
t=18 ph=3 ap=0 snaps=11750 hooks=14 inst=107 rollout "Adventurousness" AbilityAction lvl1 hero2
t=18 ph=3 ap=0 snaps=11754 hooks=14 inst=107 rollout "Adventurousness" AbilityAction lvl1 hero2
t=18 ph=3 ap=0 snaps=11757 hooks=14 inst=107 rollout "Adventurousness" AbilityAction lvl1 hero2
t=18 ph=3 ap=0 snaps=11761 hooks=14 inst=107 rollout "Adventurousness" AbilityAction lvl1 hero2
t=18 ph=3 ap=0 snaps=11765 hooks=14 inst=107 rollout "Adventurousness" AbilityAction lvl1 hero2
t=18 ph=3 ap=0 snaps=11766 hooks=14 inst=107 rollout "Hell Fox" Creature lvl1 hero0
t=18 ph=3 ap=0 snaps=11772 hooks=14 inst=107 rollout "Hell Fox" Creature lvl1 hero0
t=18 ph=3 ap=0 snaps=11778 hooks=14 inst=107 rollout "Hell Fox" Creature lvl1 hero0
t=18 ph=3 ap=0 snaps=11784 hooks=14 inst=107 rollout "Hell Fox" Creature lvl1 hero0
t=18 ph=3 ap=0 snaps=11790 hooks=14 inst=107 rollout "Hell Fox" Creature lvl1 hero0
t=18 ph=3 ap=0 snaps=11793 hooks=14 inst=107 rollout "Hell Fox" Creature lvl1 hero0
t=18 ph=3 ap=0 snaps=11799 hooks=14 inst=107 rollout "Hell Fox" Creature lvl1 hero0
t=18 ph=3 ap=0 snaps=11805 hooks=14 inst=107 rollout "Hell Fox" Creature lvl1 hero0
t=18 ph=3 ap=0 snaps=11811 hooks=14 inst=107 rollout "Hell Fox" Creature lvl1 hero0
t=18 ph=3 ap=0 snaps=11817 hooks=14 inst=107 rollout "Hell Fox" Creature lvl1 hero0
t=18 ph=3 ap=0 snaps=11823 hooks=14 inst=107 rollout "Hell Fox" Creature lvl1 hero0
t=18 ph=3 ap=0 snaps=11829 hooks=14 inst=107 rollout "Hell Fox" Creature lvl1 hero0
t=18 ph=3 ap=0 snaps=11832 hooks=14 inst=107 rollout "Hell Fox" Creature lvl1 hero0
t=18 ph=3 ap=0 snaps=11838 hooks=14 inst=107 rollout "Hell Fox" Creature lvl1 hero0
t=18 ph=3 ap=0 snaps=11844 hooks=14 inst=107 rollout "Hell Fox" Creature lvl1 hero0
t=18 ph=3 ap=0 snaps=11850 hooks=14 inst=107 rollout "Hell Fox" Creature lvl1 hero0
t=18 ph=3 ap=0 snaps=11856 hooks=14 inst=107 rollout "Hell Fox" Creature lvl1 hero0
t=18 ph=3 ap=0 snaps=11862 hooks=14 inst=107 rollout "Hell Fox" Creature lvl1 hero0
t=18 ph=3 ap=0 snaps=11868 hooks=14 inst=107 rollout "Hell Fox" Creature lvl1 hero0
t=18 ph=3 ap=0 snaps=11871 hooks=14 inst=107 rollout "Hell Fox" Creature lvl1 hero0
t=18 ph=3 ap=0 snaps=11877 hooks=14 inst=107 rollout "Hell Fox" Creature lvl1 hero0
t=18 ph=3 ap=0 snaps=11883 hooks=14 inst=107 rollout "Adventurousness" AbilityAction lvl1 hero2
t=18 ph=3 ap=0 snaps=11887 hooks=14 inst=107 rollout "Adventurousness" AbilityAction lvl1 hero2
t=18 ph=3 ap=0 snaps=11891 hooks=14 inst=107 rollout "Adventurousness" AbilityAction lvl1 hero2
t=18 ph=3 ap=0 snaps=11895 hooks=14 inst=107 rollout "Adventurousness" AbilityAction lvl1 hero2
t=18 ph=3 ap=0 snaps=11899 hooks=14 inst=107 rollout "Adventurousness" AbilityAction lvl1 hero2
t=18 ph=3 ap=0 snaps=11902 hooks=14 inst=107 rollout "Adventurousness" AbilityAction lvl1 hero2
t=18 ph=3 ap=0 snaps=11906 hooks=14 inst=107 rollout "Adventurousness" AbilityAction lvl1 hero2
t=18 ph=3 ap=0 snaps=11910 hooks=14 inst=107 rollout "Hell Fox" Creature lvl1 hero0
t=18 ph=3 ap=0 snaps=11916 hooks=14 inst=107 rollout "Hell Fox" Creature lvl1 hero0
t=18 ph=3 ap=0 snaps=11922 hooks=14 inst=107 rollout "Hell Fox" Creature lvl1 hero0
t=18 ph=3 ap=0 snaps=11928 hooks=14 inst=107 rollout "Hell Fox" Creature lvl1 hero0
t=18 ph=3 ap=0 snaps=11934 hooks=14 inst=107 rollout "Hell Fox" Creature lvl1 hero0
t=18 ph=3 ap=0 snaps=11937 hooks=14 inst=107 rollout "Hell Fox" Creature lvl1 hero0
t=18 ph=3 ap=0 snaps=11943 hooks=14 inst=107 rollout "Hell Fox" Creature lvl1 hero0
t=18 ph=3 ap=0 snaps=11949 hooks=14 inst=107 rollout "Hell Fox" Creature lvl1 hero0
t=18 ph=3 ap=0 snaps=11955 hooks=14 inst=107 rollout "Hell Fox" Creature lvl1 hero0
t=18 ph=3 ap=0 snaps=11961 hooks=14 inst=107 rollout "Hell Fox" Creature lvl1 hero0
t=18 ph=3 ap=0 snaps=11967 hooks=14 inst=107 rollout "Hell Fox" Creature lvl1 hero0
t=18 ph=3 ap=0 snaps=11973 hooks=14 inst=107 rollout "Hell Fox" Creature lvl1 hero0
t=18 ph=3 ap=0 snaps=11976 hooks=14 inst=107 rollout "Hell Fox" Creature lvl1 hero0
t=18 ph=3 ap=0 snaps=11982 hooks=14 inst=107 rollout "Hell Fox" Creature lvl1 hero0
t=18 ph=3 ap=0 snaps=11988 hooks=14 inst=107 rollout "Hell Fox" Creature lvl1 hero0
t=18 ph=3 ap=0 snaps=11994 hooks=14 inst=107 rollout "Hell Fox" Creature lvl1 hero0
t=18 ph=3 ap=0 snaps=12000 hooks=14 inst=107 rollout "Hell Fox" Creature lvl1 hero0
t=18 ph=3 ap=0 snaps=12006 hooks=14 inst=107 rollout "Hell Fox" Creature lvl1 hero0
t=18 ph=3 ap=0 snaps=12012 hooks=14 inst=107 rollout "Hell Fox" Creature lvl1 hero0
t=18 ph=3 ap=0 snaps=12015 hooks=14 inst=107 rollout "Hell Fox" Creature lvl1 hero0
t=18 ph=3 ap=0 snaps=12021 hooks=14 inst=107 rollout "Hell Fox" Creature lvl1 hero0
t=18 ph=3 ap=0 snaps=12027 hooks=14 inst=107 rollout "Adventurousness" AbilityAction lvl1 hero2
t=18 ph=3 ap=0 snaps=12031 hooks=14 inst=107 rollout "Adventurousness" AbilityAction lvl1 hero2
t=18 ph=3 ap=0 snaps=12035 hooks=14 inst=107 rollout "Adventurousness" AbilityAction lvl1 hero2
t=18 ph=3 ap=0 snaps=12039 hooks=14 inst=107 rollout "Adventurousness" AbilityAction lvl1 hero2
t=18 ph=3 ap=0 snaps=12043 hooks=14 inst=107 rollout "Adventurousness" AbilityAction lvl1 hero2
t=18 ph=3 ap=0 snaps=12046 hooks=14 inst=107 rollout "Adventurousness" AbilityAction lvl1 hero2
t=18 ph=3 ap=0 snaps=12050 hooks=14 inst=107 rollout "Adventurousness" AbilityAction lvl1 hero2
t=18 ph=3 ap=0 snaps=12054 hooks=14 inst=107 rollout "Hell Fox" Creature lvl1 hero0
t=18 ph=3 ap=0 snaps=12060 hooks=14 inst=107 rollout "Hell Fox" Creature lvl1 hero0
t=18 ph=3 ap=0 snaps=12066 hooks=14 inst=107 rollout "Hell Fox" Creature lvl1 hero0
t=18 ph=3 ap=0 snaps=12072 hooks=14 inst=107 rollout "Hell Fox" Creature lvl1 hero0
t=18 ph=3 ap=0 snaps=12078 hooks=14 inst=107 rollout "Hell Fox" Creature lvl1 hero0
t=18 ph=3 ap=0 snaps=12081 hooks=14 inst=107 rollout "Hell Fox" Creature lvl1 hero0
t=18 ph=3 ap=0 snaps=12087 hooks=14 inst=107 rollout "Hell Fox" Creature lvl1 hero0
t=18 ph=3 ap=0 snaps=12093 hooks=14 inst=107 rollout "Hell Fox" Creature lvl1 hero0
t=18 ph=3 ap=0 snaps=12099 hooks=14 inst=107 rollout "Hell Fox" Creature lvl1 hero0
t=18 ph=3 ap=0 snaps=12105 hooks=14 inst=107 rollout "Hell Fox" Creature lvl1 hero0
t=18 ph=3 ap=0 snaps=12111 hooks=14 inst=107 rollout "Hell Fox" Creature lvl1 hero0
t=18 ph=3 ap=0 snaps=12117 hooks=14 inst=107 rollout "Hell Fox" Creature lvl1 hero0
t=18 ph=3 ap=0 snaps=12120 hooks=14 inst=107 rollout "Hell Fox" Creature lvl1 hero0
t=18 ph=3 ap=0 snaps=12126 hooks=14 inst=107 rollout "Hell Fox" Creature lvl1 hero0
t=18 ph=3 ap=0 snaps=12132 hooks=14 inst=107 rollout "Hell Fox" Creature lvl1 hero0
t=18 ph=3 ap=0 snaps=12138 hooks=14 inst=107 rollout "Hell Fox" Creature lvl1 hero0
t=18 ph=3 ap=0 snaps=12144 hooks=14 inst=107 rollout "Hell Fox" Creature lvl1 hero0
t=18 ph=3 ap=0 snaps=12150 hooks=14 inst=107 rollout "Hell Fox" Creature lvl1 hero0
t=18 ph=3 ap=0 snaps=12156 hooks=14 inst=107 rollout "Hell Fox" Creature lvl1 hero0
t=18 ph=3 ap=0 snaps=12159 hooks=14 inst=107 rollout "Hell Fox" Creature lvl1 hero0
t=18 ph=3 ap=0 snaps=12165 hooks=14 inst=107 rollout "Hell Fox" Creature lvl1 hero0
t=18 ph=3 ap=0 snaps=12171 hooks=14 inst=107 rollout "Adventurousness" AbilityAction lvl1 hero2
t=18 ph=3 ap=0 snaps=12175 hooks=14 inst=107 rollout "Adventurousness" AbilityAction lvl1 hero2
t=18 ph=3 ap=0 snaps=12179 hooks=14 inst=107 rollout "Adventurousness" AbilityAction lvl1 hero2
t=18 ph=3 ap=0 snaps=12183 hooks=14 inst=107 rollout "Adventurousness" AbilityAction lvl1 hero2
t=18 ph=3 ap=0 snaps=12187 hooks=14 inst=107 rollout "Adventurousness" AbilityAction lvl1 hero2
t=18 ph=3 ap=0 snaps=12190 hooks=14 inst=107 rollout "Adventurousness" AbilityAction lvl1 hero2
t=18 ph=3 ap=0 snaps=12194 hooks=14 inst=107 rollout "Adventurousness" AbilityAction lvl1 hero2
t=18 ph=3 ap=0 snaps=12198 hooks=14 inst=107 rollout "Hell Fox" Creature lvl1 hero0
t=18 ph=3 ap=0 snaps=12204 hooks=14 inst=107 rollout "Hell Fox" Creature lvl1 hero0
t=18 ph=3 ap=0 snaps=12210 hooks=14 inst=107 rollout "Hell Fox" Creature lvl1 hero0
t=18 ph=3 ap=0 snaps=12216 hooks=14 inst=107 rollout "Hell Fox" Creature lvl1 hero0
t=18 ph=3 ap=0 snaps=12222 hooks=14 inst=107 rollout "Hell Fox" Creature lvl1 hero0
t=18 ph=3 ap=0 snaps=12225 hooks=14 inst=107 rollout "Hell Fox" Creature lvl1 hero0
t=18 ph=3 ap=0 snaps=12231 hooks=14 inst=107 rollout "Hell Fox" Creature lvl1 hero0
t=18 ph=3 ap=0 snaps=12237 hooks=14 inst=107 rollout "Hell Fox" Creature lvl1 hero0
t=18 ph=3 ap=0 snaps=12243 hooks=14 inst=107 rollout "Hell Fox" Creature lvl1 hero0
t=18 ph=3 ap=0 snaps=12249 hooks=14 inst=107 rollout "Hell Fox" Creature lvl1 hero0
t=18 ph=3 ap=0 snaps=12255 hooks=14 inst=107 rollout "Hell Fox" Creature lvl1 hero0
t=18 ph=3 ap=0 snaps=12261 hooks=14 inst=107 rollout "Hell Fox" Creature lvl1 hero0
t=18 ph=3 ap=0 snaps=12264 hooks=14 inst=107 rollout "Hell Fox" Creature lvl1 hero0
t=18 ph=3 ap=0 snaps=12270 hooks=14 inst=107 rollout "Hell Fox" Creature lvl1 hero0
t=18 ph=3 ap=0 snaps=12276 hooks=14 inst=107 rollout "Hell Fox" Creature lvl1 hero0
t=18 ph=3 ap=0 snaps=12282 hooks=14 inst=107 rollout "Hell Fox" Creature lvl1 hero0
t=18 ph=3 ap=0 snaps=12288 hooks=14 inst=107 rollout "Hell Fox" Creature lvl1 hero0
t=18 ph=3 ap=0 snaps=12294 hooks=14 inst=107 rollout "Hell Fox" Creature lvl1 hero0
t=18 ph=3 ap=0 snaps=12300 hooks=14 inst=107 rollout "Hell Fox" Creature lvl1 hero0
t=18 ph=3 ap=0 snaps=12303 hooks=14 inst=107 rollout "Hell Fox" Creature lvl1 hero0
t=18 ph=3 ap=0 snaps=12309 hooks=14 inst=107 rollout "Hell Fox" Creature lvl1 hero0
t=18 ph=3 ap=0 snaps=12315 hooks=14 inst=107 rollout "Adventurousness" AbilityAction lvl1 hero2
t=18 ph=3 ap=0 snaps=12319 hooks=14 inst=107 rollout "Adventurousness" AbilityAction lvl1 hero2
t=18 ph=3 ap=0 snaps=12323 hooks=14 inst=107 rollout "Adventurousness" AbilityAction lvl1 hero2
t=18 ph=3 ap=0 snaps=12327 hooks=14 inst=107 summon "Hell Fox" p0/h0
t=18 ph=5 ap=0 snaps=12339 hooks=23 inst=108 switchTurn ending p0
t=19 ph=2 ap=1 snaps=12339 hooks=10 inst=109 cpuTurnStart cpu=p1 hand=5
t=19 ph=5 ap=1 snaps=12345 hooks=17 inst=109 switchTurn ending p1
t=20 ph=2 ap=0 snaps=12345 hooks=10 inst=110 cpuTurnStart cpu=p0 hand=2
t=20 ph=3 ap=0 snaps=12357 hooks=12 inst=110 rollout "Eraser Beam" Spell lvl2 hero0
t=20 ph=3 ap=0 snaps=12358 hooks=12 inst=110 rollout "Eraser Beam" Spell lvl2 hero2
t=20 ph=3 ap=0 snaps=12359 hooks=12 inst=110 rollout "Adventurousness" AbilityAction lvl1 hero2
t=20 ph=3 ap=0 snaps=12364 hooks=12 inst=110 rollout "Eraser Beam" Spell lvl2 hero0
t=20 ph=3 ap=0 snaps=12365 hooks=12 inst=110 rollout "Eraser Beam" Spell lvl2 hero0
t=20 ph=3 ap=0 snaps=12366 hooks=12 inst=110 rollout "Eraser Beam" Spell lvl2 hero0
t=20 ph=3 ap=0 snaps=12367 hooks=12 inst=110 rollout "Eraser Beam" Spell lvl2 hero0
t=20 ph=3 ap=0 snaps=12368 hooks=12 inst=110 rollout "Eraser Beam" Spell lvl2 hero0
t=20 ph=3 ap=0 snaps=12369 hooks=12 inst=110 rollout "Eraser Beam" Spell lvl2 hero2
t=20 ph=3 ap=0 snaps=12370 hooks=12 inst=110 rollout "Eraser Beam" Spell lvl2 hero2
t=20 ph=3 ap=0 snaps=12371 hooks=12 inst=110 rollout "Eraser Beam" Spell lvl2 hero2
t=20 ph=3 ap=0 snaps=12372 hooks=12 inst=110 rollout "Eraser Beam" Spell lvl2 hero2
t=20 ph=3 ap=0 snaps=12373 hooks=12 inst=110 rollout "Eraser Beam" Spell lvl2 hero2
t=20 ph=3 ap=0 snaps=12374 hooks=12 inst=110 rollout "Adventurousness" AbilityAction lvl1 hero2
t=20 ph=3 ap=0 snaps=12379 hooks=12 inst=110 rollout "Adventurousness" AbilityAction lvl1 hero2
t=20 ph=3 ap=0 snaps=12384 hooks=12 inst=110 rollout "Adventurousness" AbilityAction lvl1 hero2
t=20 ph=3 ap=0 snaps=12389 hooks=12 inst=110 rollout "Adventurousness" AbilityAction lvl1 hero2
t=20 ph=3 ap=0 snaps=12392 hooks=12 inst=110 rollout "Adventurousness" AbilityAction lvl1 hero2
t=20 ph=3 ap=0 snaps=12397 hooks=12 inst=110 rollout "Adventurousness" AbilityAction lvl1 hero2
t=20 ph=3 ap=0 snaps=12402 hooks=12 inst=110 rollout "Eraser Beam" Spell lvl2 hero0
t=20 ph=3 ap=0 snaps=12403 hooks=12 inst=110 rollout "Eraser Beam" Spell lvl2 hero0
t=20 ph=3 ap=0 snaps=12404 hooks=12 inst=110 rollout "Eraser Beam" Spell lvl2 hero0
t=20 ph=3 ap=0 snaps=12405 hooks=12 inst=110 rollout "Eraser Beam" Spell lvl2 hero0
t=20 ph=3 ap=0 snaps=12406 hooks=12 inst=110 rollout "Eraser Beam" Spell lvl2 hero0
t=20 ph=3 ap=0 snaps=12407 hooks=12 inst=110 rollout "Eraser Beam" Spell lvl2 hero0
t=20 ph=3 ap=0 snaps=12408 hooks=12 inst=110 rollout "Eraser Beam" Spell lvl2 hero2
t=20 ph=3 ap=0 snaps=12409 hooks=12 inst=110 rollout "Eraser Beam" Spell lvl2 hero2
t=20 ph=3 ap=0 snaps=12410 hooks=12 inst=110 rollout "Eraser Beam" Spell lvl2 hero2
t=20 ph=3 ap=0 snaps=12411 hooks=12 inst=110 rollout "Eraser Beam" Spell lvl2 hero2
t=20 ph=3 ap=0 snaps=12412 hooks=12 inst=110 rollout "Eraser Beam" Spell lvl2 hero2
t=20 ph=3 ap=0 snaps=12413 hooks=12 inst=110 rollout "Eraser Beam" Spell lvl2 hero2
t=20 ph=3 ap=0 snaps=12414 hooks=12 inst=110 rollout "Adventurousness" AbilityAction lvl1 hero2
t=20 ph=3 ap=0 snaps=12419 hooks=12 inst=110 rollout "Adventurousness" AbilityAction lvl1 hero2
t=20 ph=3 ap=0 snaps=12424 hooks=12 inst=110 rollout "Adventurousness" AbilityAction lvl1 hero2
t=20 ph=3 ap=0 snaps=12429 hooks=12 inst=110 rollout "Adventurousness" AbilityAction lvl1 hero2
t=20 ph=3 ap=0 snaps=12434 hooks=12 inst=110 rollout "Adventurousness" AbilityAction lvl1 hero2
t=20 ph=3 ap=0 snaps=12437 hooks=12 inst=110 rollout "Adventurousness" AbilityAction lvl1 hero2
t=20 ph=3 ap=0 snaps=12442 hooks=12 inst=110 rollout "Adventurousness" AbilityAction lvl1 hero2
t=20 ph=3 ap=0 snaps=12447 hooks=12 inst=110 rollout "Eraser Beam" Spell lvl2 hero0
t=20 ph=3 ap=0 snaps=12448 hooks=12 inst=110 rollout "Eraser Beam" Spell lvl2 hero0
t=20 ph=3 ap=0 snaps=12449 hooks=12 inst=110 rollout "Eraser Beam" Spell lvl2 hero0
t=20 ph=3 ap=0 snaps=12450 hooks=12 inst=110 rollout "Eraser Beam" Spell lvl2 hero0
t=20 ph=3 ap=0 snaps=12451 hooks=12 inst=110 rollout "Eraser Beam" Spell lvl2 hero0
t=20 ph=3 ap=0 snaps=12452 hooks=12 inst=110 rollout "Eraser Beam" Spell lvl2 hero0
t=20 ph=3 ap=0 snaps=12453 hooks=12 inst=110 rollout "Eraser Beam" Spell lvl2 hero2
t=20 ph=3 ap=0 snaps=12454 hooks=12 inst=110 rollout "Eraser Beam" Spell lvl2 hero2
t=20 ph=3 ap=0 snaps=12455 hooks=12 inst=110 rollout "Eraser Beam" Spell lvl2 hero2
t=20 ph=3 ap=0 snaps=12456 hooks=12 inst=110 rollout "Eraser Beam" Spell lvl2 hero2
t=20 ph=3 ap=0 snaps=12457 hooks=12 inst=110 rollout "Eraser Beam" Spell lvl2 hero2
t=20 ph=3 ap=0 snaps=12458 hooks=12 inst=110 rollout "Eraser Beam" Spell lvl2 hero2
t=20 ph=3 ap=0 snaps=12459 hooks=12 inst=110 rollout "Adventurousness" AbilityAction lvl1 hero2
t=20 ph=3 ap=0 snaps=12464 hooks=12 inst=110 rollout "Adventurousness" AbilityAction lvl1 hero2
t=20 ph=3 ap=0 snaps=12469 hooks=12 inst=110 rollout "Adventurousness" AbilityAction lvl1 hero2
t=20 ph=3 ap=0 snaps=12474 hooks=12 inst=110 rollout "Adventurousness" AbilityAction lvl1 hero2
t=20 ph=3 ap=0 snaps=12479 hooks=12 inst=110 rollout "Adventurousness" AbilityAction lvl1 hero2
t=20 ph=3 ap=0 snaps=12482 hooks=12 inst=110 rollout "Adventurousness" AbilityAction lvl1 hero2
t=20 ph=3 ap=0 snaps=12487 hooks=12 inst=110 rollout "Adventurousness" AbilityAction lvl1 hero2
t=20 ph=3 ap=0 snaps=12492 hooks=12 inst=110 rollout "Eraser Beam" Spell lvl2 hero0
t=20 ph=3 ap=0 snaps=12493 hooks=12 inst=110 rollout "Eraser Beam" Spell lvl2 hero0
t=20 ph=3 ap=0 snaps=12494 hooks=12 inst=110 rollout "Eraser Beam" Spell lvl2 hero0
t=20 ph=3 ap=0 snaps=12495 hooks=12 inst=110 rollout "Eraser Beam" Spell lvl2 hero0
t=20 ph=3 ap=0 snaps=12496 hooks=12 inst=110 rollout "Eraser Beam" Spell lvl2 hero0
t=20 ph=3 ap=0 snaps=12497 hooks=12 inst=110 rollout "Eraser Beam" Spell lvl2 hero0
t=20 ph=3 ap=0 snaps=12498 hooks=12 inst=110 rollout "Eraser Beam" Spell lvl2 hero2
t=20 ph=3 ap=0 snaps=12499 hooks=12 inst=110 rollout "Eraser Beam" Spell lvl2 hero2
t=20 ph=3 ap=0 snaps=12500 hooks=12 inst=110 rollout "Eraser Beam" Spell lvl2 hero2
t=20 ph=3 ap=0 snaps=12501 hooks=12 inst=110 rollout "Eraser Beam" Spell lvl2 hero2
t=20 ph=3 ap=0 snaps=12502 hooks=12 inst=110 rollout "Eraser Beam" Spell lvl2 hero2
t=20 ph=3 ap=0 snaps=12503 hooks=12 inst=110 rollout "Eraser Beam" Spell lvl2 hero2
t=20 ph=3 ap=0 snaps=12504 hooks=12 inst=110 rollout "Adventurousness" AbilityAction lvl1 hero2
t=20 ph=3 ap=0 snaps=12509 hooks=12 inst=110 rollout "Adventurousness" AbilityAction lvl1 hero2
t=20 ph=3 ap=0 snaps=12514 hooks=12 inst=110 rollout "Adventurousness" AbilityAction lvl1 hero2
t=20 ph=3 ap=0 snaps=12519 hooks=12 inst=110 rollout "Adventurousness" AbilityAction lvl1 hero2
t=20 ph=3 ap=0 snaps=12524 hooks=12 inst=110 rollout "Adventurousness" AbilityAction lvl1 hero2
t=20 ph=3 ap=0 snaps=12527 hooks=12 inst=110 rollout "Adventurousness" AbilityAction lvl1 hero2
t=20 ph=3 ap=0 snaps=12532 hooks=12 inst=110 rollout "Adventurousness" AbilityAction lvl1 hero2
t=20 ph=3 ap=0 snaps=12537 hooks=12 inst=110 rollout "Eraser Beam" Spell lvl2 hero0
t=20 ph=3 ap=0 snaps=12538 hooks=12 inst=110 rollout "Eraser Beam" Spell lvl2 hero0
t=20 ph=3 ap=0 snaps=12539 hooks=12 inst=110 rollout "Eraser Beam" Spell lvl2 hero0
t=20 ph=3 ap=0 snaps=12540 hooks=12 inst=110 rollout "Eraser Beam" Spell lvl2 hero0
t=20 ph=3 ap=0 snaps=12541 hooks=12 inst=110 rollout "Eraser Beam" Spell lvl2 hero0
t=20 ph=3 ap=0 snaps=12542 hooks=12 inst=110 rollout "Eraser Beam" Spell lvl2 hero0
t=20 ph=3 ap=0 snaps=12543 hooks=12 inst=110 rollout "Eraser Beam" Spell lvl2 hero2
t=20 ph=3 ap=0 snaps=12544 hooks=12 inst=110 rollout "Eraser Beam" Spell lvl2 hero2
t=20 ph=3 ap=0 snaps=12545 hooks=12 inst=110 rollout "Eraser Beam" Spell lvl2 hero2
t=20 ph=3 ap=0 snaps=12546 hooks=12 inst=110 rollout "Eraser Beam" Spell lvl2 hero2
t=20 ph=3 ap=0 snaps=12547 hooks=12 inst=110 rollout "Eraser Beam" Spell lvl2 hero2
t=20 ph=3 ap=0 snaps=12548 hooks=12 inst=110 rollout "Eraser Beam" Spell lvl2 hero2
t=20 ph=3 ap=0 snaps=12549 hooks=12 inst=110 rollout "Adventurousness" AbilityAction lvl1 hero2
t=20 ph=3 ap=0 snaps=12554 hooks=12 inst=110 rollout "Adventurousness" AbilityAction lvl1 hero2
t=20 ph=3 ap=0 snaps=12559 hooks=12 inst=110 rollout "Adventurousness" AbilityAction lvl1 hero2
t=20 ph=3 ap=0 snaps=12564 hooks=12 inst=110 rollout "Adventurousness" AbilityAction lvl1 hero2
t=20 ph=3 ap=0 snaps=12569 hooks=12 inst=110 rollout "Adventurousness" AbilityAction lvl1 hero2
t=20 ph=3 ap=0 snaps=12572 hooks=12 inst=110 rollout "Adventurousness" AbilityAction lvl1 hero2
t=20 ph=3 ap=0 snaps=12577 hooks=12 inst=110 rollout "Adventurousness" AbilityAction lvl1 hero2
t=20 ph=3 ap=0 snaps=12582 hooks=12 inst=110 rollout "Eraser Beam" Spell lvl2 hero0
t=20 ph=3 ap=0 snaps=12583 hooks=12 inst=110 rollout "Eraser Beam" Spell lvl2 hero0
t=20 ph=3 ap=0 snaps=12584 hooks=12 inst=110 rollout "Eraser Beam" Spell lvl2 hero0
t=20 ph=3 ap=0 snaps=12585 hooks=12 inst=110 rollout "Eraser Beam" Spell lvl2 hero0
t=20 ph=3 ap=0 snaps=12586 hooks=12 inst=110 rollout "Eraser Beam" Spell lvl2 hero0
t=20 ph=3 ap=0 snaps=12587 hooks=12 inst=110 rollout "Eraser Beam" Spell lvl2 hero0
t=20 ph=3 ap=0 snaps=12588 hooks=12 inst=110 rollout "Eraser Beam" Spell lvl2 hero2
t=20 ph=3 ap=0 snaps=12589 hooks=12 inst=110 rollout "Eraser Beam" Spell lvl2 hero2
t=20 ph=3 ap=0 snaps=12590 hooks=12 inst=110 rollout "Eraser Beam" Spell lvl2 hero2
t=20 ph=3 ap=0 snaps=12591 hooks=12 inst=110 rollout "Eraser Beam" Spell lvl2 hero2
t=20 ph=3 ap=0 snaps=12592 hooks=12 inst=110 rollout "Eraser Beam" Spell lvl2 hero2
t=20 ph=3 ap=0 snaps=12593 hooks=12 inst=110 rollout "Eraser Beam" Spell lvl2 hero2
t=20 ph=3 ap=0 snaps=12594 hooks=12 inst=110 rollout "Adventurousness" AbilityAction lvl1 hero2
t=20 ph=3 ap=0 snaps=12599 hooks=12 inst=110 rollout "Adventurousness" AbilityAction lvl1 hero2
t=20 ph=3 ap=0 snaps=12604 hooks=12 inst=110 rollout "Adventurousness" AbilityAction lvl1 hero2
t=20 ph=3 ap=0 snaps=12609 hooks=12 inst=110 rollout "Adventurousness" AbilityAction lvl1 hero2
t=20 ph=3 ap=0 snaps=12614 hooks=12 inst=110 rollout "Adventurousness" AbilityAction lvl1 hero2
t=20 ph=3 ap=0 snaps=12617 hooks=12 inst=110 rollout "Adventurousness" AbilityAction lvl1 hero2
t=20 ph=3 ap=0 snaps=12622 hooks=12 inst=110 rollout "Adventurousness" AbilityAction lvl1 hero2
t=20 ph=3 ap=0 snaps=12627 hooks=12 inst=110 rollout "Eraser Beam" Spell lvl2 hero0
t=20 ph=3 ap=0 snaps=12628 hooks=12 inst=110 rollout "Eraser Beam" Spell lvl2 hero0
t=20 ph=3 ap=0 snaps=12629 hooks=12 inst=110 rollout "Eraser Beam" Spell lvl2 hero0
t=20 ph=3 ap=0 snaps=12630 hooks=12 inst=110 rollout "Eraser Beam" Spell lvl2 hero0
t=20 ph=3 ap=0 snaps=12631 hooks=12 inst=110 rollout "Eraser Beam" Spell lvl2 hero0
t=20 ph=3 ap=0 snaps=12632 hooks=12 inst=110 rollout "Eraser Beam" Spell lvl2 hero0
t=20 ph=3 ap=0 snaps=12633 hooks=12 inst=110 rollout "Eraser Beam" Spell lvl2 hero2
t=20 ph=3 ap=0 snaps=12634 hooks=12 inst=110 rollout "Eraser Beam" Spell lvl2 hero2
t=20 ph=3 ap=0 snaps=12635 hooks=12 inst=110 rollout "Eraser Beam" Spell lvl2 hero2
t=20 ph=3 ap=0 snaps=12636 hooks=12 inst=110 rollout "Eraser Beam" Spell lvl2 hero2
t=20 ph=3 ap=0 snaps=12637 hooks=12 inst=110 rollout "Eraser Beam" Spell lvl2 hero2
t=20 ph=3 ap=0 snaps=12638 hooks=12 inst=110 rollout "Eraser Beam" Spell lvl2 hero2
t=20 ph=3 ap=0 snaps=12639 hooks=12 inst=110 rollout "Adventurousness" AbilityAction lvl1 hero2
t=20 ph=3 ap=0 snaps=12644 hooks=12 inst=110 rollout "Adventurousness" AbilityAction lvl1 hero2
t=20 ph=3 ap=0 snaps=12649 hooks=12 inst=110 rollout "Adventurousness" AbilityAction lvl1 hero2
t=20 ph=3 ap=0 snaps=12654 hooks=12 inst=110 rollout "Adventurousness" AbilityAction lvl1 hero2
t=20 ph=3 ap=0 snaps=12659 hooks=12 inst=110 rollout "Adventurousness" AbilityAction lvl1 hero2
t=20 ph=3 ap=0 snaps=12662 hooks=12 inst=110 rollout "Adventurousness" AbilityAction lvl1 hero2
t=20 ph=3 ap=0 snaps=12667 hooks=12 inst=110 rollout "Adventurousness" AbilityAction lvl1 hero2
t=20 ph=3 ap=0 snaps=12672 hooks=12 inst=110 rollout "Eraser Beam" Spell lvl2 hero0
t=20 ph=3 ap=0 snaps=12673 hooks=12 inst=110 rollout "Eraser Beam" Spell lvl2 hero0
t=20 ph=3 ap=0 snaps=12674 hooks=12 inst=110 rollout "Eraser Beam" Spell lvl2 hero0
t=20 ph=3 ap=0 snaps=12675 hooks=12 inst=110 rollout "Eraser Beam" Spell lvl2 hero0
t=20 ph=3 ap=0 snaps=12676 hooks=12 inst=110 rollout "Eraser Beam" Spell lvl2 hero0
t=20 ph=3 ap=0 snaps=12677 hooks=12 inst=110 rollout "Eraser Beam" Spell lvl2 hero0
t=20 ph=3 ap=0 snaps=12678 hooks=12 inst=110 rollout "Eraser Beam" Spell lvl2 hero2

=== GAME 3/1000: Steam Dwarf Mines vs Great Weapon Master @ 2026-05-01T09:57:07.978Z ===
t=1 ph=2 ap=1 snaps=0 hooks=10 inst=29 cpuTurnStart cpu=p1 hand=6
t=1 ph=2 ap=1 snaps=4 hooks=16 inst=32 summon "Metal Harpyformer" p1/h0
t=1 ph=5 ap=1 snaps=4 hooks=29 inst=34 switchTurn ending p1
t=2 ph=2 ap=0 snaps=4 hooks=13 inst=35 cpuTurnStart cpu=p0 hand=6
t=2 ph=2 ap=0 snaps=22 hooks=31 inst=41 summon "Aggressive Town Guard" p0/h1
t=2 ph=3 ap=0 snaps=26 hooks=37 inst=42 rollout "Steam Dwarf Miner" Creature lvl1 hero0
t=2 ph=3 ap=0 snaps=41 hooks=37 inst=42 rollout "Steam Dwarf Miner" Creature lvl1 hero0
t=2 ph=3 ap=0 snaps=54 hooks=37 inst=42 rollout "Steam Dwarf Miner" Creature lvl1 hero0
t=2 ph=3 ap=0 snaps=58 hooks=37 inst=42 rollout "Steam Dwarf Engineer" Creature lvl1 hero2
t=2 ph=3 ap=0 snaps=61 hooks=37 inst=42 rollout "Steam Dwarf Engineer" Creature lvl1 hero2
t=2 ph=3 ap=0 snaps=65 hooks=37 inst=42 rollout "Steam Dwarf Engineer" Creature lvl1 hero2
t=2 ph=3 ap=0 snaps=67 hooks=37 inst=42 rollout "Steam Dwarf Diver" Creature lvl1 hero0
t=2 ph=3 ap=0 snaps=79 hooks=37 inst=42 rollout "Steam Dwarf Diver" Creature lvl1 hero0
t=2 ph=3 ap=0 snaps=84 hooks=37 inst=42 rollout "Steam Dwarf Diver" Creature lvl1 hero0
t=2 ph=3 ap=0 snaps=92 hooks=37 inst=42 rollout "Steam Dwarf Engineer" Creature lvl1 hero0
t=2 ph=3 ap=0 snaps=94 hooks=37 inst=42 rollout "Steam Dwarf Engineer" Creature lvl1 hero0
t=2 ph=3 ap=0 snaps=100 hooks=37 inst=42 rollout "Steam Dwarf Engineer" Creature lvl1 hero0
t=2 ph=3 ap=0 snaps=107 hooks=37 inst=42 rollout "Steam Dwarf Miner" Creature lvl1 hero0
t=2 ph=3 ap=0 snaps=112 hooks=37 inst=42 rollout "Steam Dwarf Miner" Creature lvl1 hero0
t=2 ph=3 ap=0 snaps=121 hooks=37 inst=42 rollout "Steam Dwarf Miner" Creature lvl1 hero0
t=2 ph=3 ap=0 snaps=132 hooks=37 inst=42 rollout "Steam Dwarf Miner" Creature lvl1 hero0
t=2 ph=3 ap=0 snaps=139 hooks=37 inst=42 rollout "Steam Dwarf Miner" Creature lvl1 hero0
t=2 ph=3 ap=0 snaps=151 hooks=37 inst=42 rollout "Steam Dwarf Miner" Creature lvl1 hero0
t=2 ph=3 ap=0 snaps=158 hooks=37 inst=42 rollout "Steam Dwarf Miner" Creature lvl1 hero0
t=2 ph=3 ap=0 snaps=165 hooks=37 inst=42 rollout "Steam Dwarf Miner" Creature lvl1 hero0
t=2 ph=3 ap=0 snaps=179 hooks=37 inst=42 rollout "Steam Dwarf Miner" Creature lvl1 hero0
t=2 ph=3 ap=0 snaps=190 hooks=37 inst=42 rollout "Steam Dwarf Engineer" Creature lvl1 hero2
t=2 ph=3 ap=0 snaps=192 hooks=37 inst=42 rollout "Steam Dwarf Engineer" Creature lvl1 hero2
t=2 ph=3 ap=0 snaps=196 hooks=37 inst=42 rollout "Steam Dwarf Engineer" Creature lvl1 hero2
t=2 ph=3 ap=0 snaps=201 hooks=37 inst=42 rollout "Steam Dwarf Engineer" Creature lvl1 hero2
t=2 ph=3 ap=0 snaps=204 hooks=37 inst=42 rollout "Steam Dwarf Engineer" Creature lvl1 hero2
t=2 ph=3 ap=0 snaps=208 hooks=37 inst=42 rollout "Steam Dwarf Engineer" Creature lvl1 hero2
t=2 ph=3 ap=0 snaps=213 hooks=37 inst=42 rollout "Steam Dwarf Engineer" Creature lvl1 hero2
t=2 ph=3 ap=0 snaps=219 hooks=37 inst=42 rollout "Steam Dwarf Engineer" Creature lvl1 hero2
t=2 ph=3 ap=0 snaps=226 hooks=37 inst=42 rollout "Steam Dwarf Engineer" Creature lvl1 hero2
t=2 ph=3 ap=0 snaps=234 hooks=37 inst=42 rollout "Steam Dwarf Diver" Creature lvl1 hero0
t=2 ph=3 ap=0 snaps=241 hooks=37 inst=42 rollout "Steam Dwarf Diver" Creature lvl1 hero0
t=2 ph=3 ap=0 snaps=247 hooks=37 inst=42 rollout "Steam Dwarf Diver" Creature lvl1 hero0
t=2 ph=3 ap=0 snaps=259 hooks=37 inst=42 rollout "Steam Dwarf Diver" Creature lvl1 hero0
t=2 ph=3 ap=0 snaps=269 hooks=37 inst=42 rollout "Steam Dwarf Diver" Creature lvl1 hero0
t=2 ph=3 ap=0 snaps=277 hooks=37 inst=42 rollout "Steam Dwarf Diver" Creature lvl1 hero0
t=2 ph=3 ap=0 snaps=282 hooks=37 inst=42 rollout "Steam Dwarf Diver" Creature lvl1 hero0
t=2 ph=3 ap=0 snaps=285 hooks=37 inst=42 rollout "Steam Dwarf Diver" Creature lvl1 hero0
t=2 ph=3 ap=0 snaps=288 hooks=37 inst=42 rollout "Steam Dwarf Diver" Creature lvl1 hero0
t=2 ph=3 ap=0 snaps=296 hooks=37 inst=42 rollout "Steam Dwarf Engineer" Creature lvl1 hero0
t=2 ph=3 ap=0 snaps=299 hooks=37 inst=42 rollout "Steam Dwarf Engineer" Creature lvl1 hero0
t=2 ph=3 ap=0 snaps=302 hooks=37 inst=42 rollout "Steam Dwarf Engineer" Creature lvl1 hero0
t=2 ph=3 ap=0 snaps=307 hooks=37 inst=42 rollout "Steam Dwarf Engineer" Creature lvl1 hero0
t=2 ph=3 ap=0 snaps=316 hooks=37 inst=42 rollout "Steam Dwarf Engineer" Creature lvl1 hero0
t=2 ph=3 ap=0 snaps=320 hooks=37 inst=42 rollout "Steam Dwarf Engineer" Creature lvl1 hero0
t=2 ph=3 ap=0 snaps=323 hooks=37 inst=42 rollout "Steam Dwarf Engineer" Creature lvl1 hero0
t=2 ph=3 ap=0 snaps=327 hooks=37 inst=42 rollout "Steam Dwarf Engineer" Creature lvl1 hero0
t=2 ph=3 ap=0 snaps=334 hooks=37 inst=42 rollout "Steam Dwarf Engineer" Creature lvl1 hero0
t=2 ph=3 ap=0 snaps=339 hooks=37 inst=42 rollout "Steam Dwarf Engineer" Creature lvl1 hero0
t=2 ph=3 ap=0 snaps=344 hooks=37 inst=42 rollout "Steam Dwarf Engineer" Creature lvl1 hero0
t=2 ph=3 ap=0 snaps=354 hooks=37 inst=42 rollout "Steam Dwarf Miner" Creature lvl1 hero0
t=2 ph=3 ap=0 snaps=366 hooks=37 inst=42 rollout "Steam Dwarf Engineer" Creature lvl1 hero0
t=2 ph=3 ap=0 snaps=372 hooks=37 inst=42 rollout "Steam Dwarf Engineer" Creature lvl1 hero0
t=2 ph=3 ap=0 snaps=382 hooks=37 inst=42 rollout "Steam Dwarf Diver" Creature lvl1 hero0
t=2 ph=3 ap=0 snaps=391 hooks=37 inst=42 rollout "Steam Dwarf Diver" Creature lvl1 hero0
t=2 ph=3 ap=0 snaps=402 hooks=37 inst=42 rollout "Steam Dwarf Miner" Creature lvl1 hero0
t=2 ph=3 ap=0 snaps=407 hooks=37 inst=42 rollout "Steam Dwarf Diver" Creature lvl1 hero0
t=2 ph=3 ap=0 snaps=412 hooks=37 inst=42 rollout "Steam Dwarf Diver" Creature lvl1 hero0
t=2 ph=3 ap=0 snaps=420 hooks=37 inst=42 rollout "Steam Dwarf Engineer" Creature lvl1 hero2
t=2 ph=3 ap=0 snaps=425 hooks=37 inst=42 rollout "Steam Dwarf Engineer" Creature lvl1 hero2
t=2 ph=3 ap=0 snaps=433 hooks=37 inst=42 rollout "Steam Dwarf Diver" Creature lvl1 hero0
t=2 ph=3 ap=0 snaps=445 hooks=37 inst=42 rollout "Steam Dwarf Diver" Creature lvl1 hero0
t=2 ph=3 ap=0 snaps=449 hooks=37 inst=42 rollout "Steam Dwarf Diver" Creature lvl1 hero0
t=2 ph=3 ap=0 snaps=455 hooks=37 inst=42 rollout "Steam Dwarf Diver" Creature lvl1 hero0
t=2 ph=3 ap=0 snaps=461 hooks=37 inst=42 rollout "Steam Dwarf Diver" Creature lvl1 hero0
t=2 ph=3 ap=0 snaps=467 hooks=37 inst=42 rollout "Steam Dwarf Diver" Creature lvl1 hero0
t=2 ph=3 ap=0 snaps=471 hooks=37 inst=42 rollout "Steam Dwarf Diver" Creature lvl1 hero0
t=2 ph=3 ap=0 snaps=477 hooks=37 inst=42 rollout "Steam Dwarf Miner" Creature lvl1 hero0
t=2 ph=3 ap=0 snaps=486 hooks=37 inst=42 rollout "Steam Dwarf Miner" Creature lvl1 hero0
t=2 ph=3 ap=0 snaps=498 hooks=37 inst=42 rollout "Steam Dwarf Engineer" Creature lvl1 hero0
t=2 ph=3 ap=0 snaps=507 hooks=37 inst=42 rollout "Steam Dwarf Engineer" Creature lvl1 hero2
t=2 ph=3 ap=0 snaps=514 hooks=37 inst=42 rollout "Steam Dwarf Diver" Creature lvl1 hero0
t=2 ph=3 ap=0 snaps=522 hooks=37 inst=42 rollout "Steam Dwarf Diver" Creature lvl1 hero0
t=2 ph=3 ap=0 snaps=527 hooks=37 inst=42 rollout "Steam Dwarf Miner" Creature lvl1 hero0
t=2 ph=3 ap=0 snaps=544 hooks=37 inst=42 rollout "Steam Dwarf Miner" Creature lvl1 hero0
t=2 ph=3 ap=0 snaps=575 hooks=37 inst=42 rollout "Steam Dwarf Miner" Creature lvl1 hero0
t=2 ph=3 ap=0 snaps=594 hooks=37 inst=42 rollout "Steam Dwarf Miner" Creature lvl1 hero0
t=2 ph=3 ap=0 snaps=604 hooks=37 inst=42 rollout "Steam Dwarf Engineer" Creature lvl1 hero0
t=2 ph=3 ap=0 snaps=612 hooks=37 inst=42 rollout "Steam Dwarf Miner" Creature lvl1 hero0
t=2 ph=3 ap=0 snaps=627 hooks=37 inst=42 rollout "Steam Dwarf Engineer" Creature lvl1 hero0
t=2 ph=3 ap=0 snaps=630 hooks=37 inst=42 rollout "Steam Dwarf Miner" Creature lvl1 hero0
t=2 ph=3 ap=0 snaps=643 hooks=37 inst=42 rollout "Steam Dwarf Engineer" Creature lvl1 hero0
t=2 ph=3 ap=0 snaps=646 hooks=37 inst=42 summon "Steam Dwarf Miner" p0/h0
t=2 ph=5 ap=0 snaps=648 hooks=46 inst=43 switchTurn ending p0
t=3 ph=2 ap=1 snaps=648 hooks=10 inst=45 cpuTurnStart cpu=p1 hand=3
t=3 ph=3 ap=1 snaps=657 hooks=15 inst=45 rollout "Critical Strike" Attack lvl3 hero1
t=3 ph=3 ap=1 snaps=658 hooks=15 inst=45 rollout "Critical Strike" Attack lvl3 hero1
t=3 ph=3 ap=1 snaps=659 hooks=15 inst=45 rollout "Critical Strike" Attack lvl3 hero1
t=3 ph=3 ap=1 snaps=660 hooks=15 inst=45 rollout "Critical Strike" Attack lvl3 hero1
t=3 ph=3 ap=1 snaps=687 hooks=15 inst=45 rollout "Critical Strike" Attack lvl3 hero1
t=3 ph=3 ap=1 snaps=702 hooks=15 inst=45 rollout "Critical Strike" Attack lvl3 hero1
t=3 ph=3 ap=1 snaps=716 hooks=15 inst=45 rollout "Critical Strike" Attack lvl3 hero1
t=3 ph=3 ap=1 snaps=725 hooks=15 inst=45 rollout "Critical Strike" Attack lvl3 hero1
t=3 ph=3 ap=1 snaps=726 hooks=15 inst=45 rollout "Critical Strike" Attack lvl3 hero1
t=3 ph=3 ap=1 snaps=727 hooks=15 inst=45 rollout "Critical Strike" Attack lvl3 hero1
t=3 ph=3 ap=1 snaps=728 hooks=15 inst=45 rollout "Critical Strike" Attack lvl3 hero1
t=3 ph=3 ap=1 snaps=729 hooks=15 inst=45 rollout "Critical Strike" Attack lvl3 hero1
t=3 ph=3 ap=1 snaps=730 hooks=15 inst=45 rollout "Critical Strike" Attack lvl3 hero1
t=3 ph=3 ap=1 snaps=731 hooks=15 inst=45 rollout "Critical Strike" Attack lvl3 hero1
t=3 ph=3 ap=1 snaps=732 hooks=15 inst=45 rollout "Critical Strike" Attack lvl3 hero1
t=3 ph=3 ap=1 snaps=733 hooks=15 inst=45 rollout "Critical Strike" Attack lvl3 hero1
t=3 ph=3 ap=1 snaps=734 hooks=15 inst=45 rollout "Critical Strike" Attack lvl3 hero1
t=3 ph=3 ap=1 snaps=735 hooks=15 inst=45 rollout "Critical Strike" Attack lvl3 hero1
t=3 ph=3 ap=1 snaps=736 hooks=15 inst=45 rollout "Critical Strike" Attack lvl3 hero1
t=3 ph=3 ap=1 snaps=737 hooks=15 inst=45 rollout "Critical Strike" Attack lvl3 hero1
t=3 ph=3 ap=1 snaps=738 hooks=15 inst=45 rollout "Critical Strike" Attack lvl3 hero1
t=3 ph=3 ap=1 snaps=739 hooks=15 inst=45 rollout "Critical Strike" Attack lvl3 hero1
t=3 ph=3 ap=1 snaps=740 hooks=15 inst=45 rollout "Critical Strike" Attack lvl3 hero1
t=3 ph=3 ap=1 snaps=741 hooks=15 inst=45 rollout "Critical Strike" Attack lvl3 hero1
t=3 ph=3 ap=1 snaps=742 hooks=15 inst=45 rollout "Critical Strike" Attack lvl3 hero1
t=3 ph=3 ap=1 snaps=743 hooks=15 inst=45 rollout "Critical Strike" Attack lvl3 hero1
t=3 ph=3 ap=1 snaps=744 hooks=15 inst=45 rollout "Critical Strike" Attack lvl3 hero1
t=3 ph=3 ap=1 snaps=745 hooks=15 inst=45 rollout "Critical Strike" Attack lvl3 hero1
t=3 ph=3 ap=1 snaps=746 hooks=15 inst=45 rollout "Critical Strike" Attack lvl3 hero1
t=3 ph=3 ap=1 snaps=747 hooks=15 inst=45 rollout "Critical Strike" Attack lvl3 hero1
t=3 ph=3 ap=1 snaps=748 hooks=15 inst=45 rollout "Critical Strike" Attack lvl3 hero1
t=3 ph=3 ap=1 snaps=749 hooks=15 inst=45 rollout "Critical Strike" Attack lvl3 hero1
t=3 ph=3 ap=1 snaps=750 hooks=15 inst=45 rollout "Critical Strike" Attack lvl3 hero1
t=3 ph=3 ap=1 snaps=751 hooks=15 inst=45 rollout "Critical Strike" Attack lvl3 hero1
t=3 ph=3 ap=1 snaps=752 hooks=15 inst=45 rollout "Critical Strike" Attack lvl3 hero1
t=3 ph=3 ap=1 snaps=753 hooks=15 inst=45 rollout "Critical Strike" Attack lvl3 hero1
t=3 ph=3 ap=1 snaps=754 hooks=15 inst=45 rollout "Critical Strike" Attack lvl3 hero1
t=3 ph=3 ap=1 snaps=755 hooks=15 inst=45 rollout "Critical Strike" Attack lvl3 hero1
t=3 ph=3 ap=1 snaps=756 hooks=15 inst=45 rollout "Critical Strike" Attack lvl3 hero1
t=3 ph=3 ap=1 snaps=757 hooks=15 inst=45 rollout "Critical Strike" Attack lvl3 hero1
t=3 ph=3 ap=1 snaps=758 hooks=15 inst=45 rollout "Critical Strike" Attack lvl3 hero1
t=3 ph=3 ap=1 snaps=759 hooks=15 inst=45 rollout "Critical Strike" Attack lvl3 hero1
t=3 ph=3 ap=1 snaps=760 hooks=15 inst=45 rollout "Critical Strike" Attack lvl3 hero1
t=3 ph=3 ap=1 snaps=761 hooks=15 inst=45 rollout "Critical Strike" Attack lvl3 hero1
t=3 ph=3 ap=1 snaps=762 hooks=15 inst=45 rollout "Critical Strike" Attack lvl3 hero1
t=3 ph=3 ap=1 snaps=763 hooks=15 inst=45 rollout "Critical Strike" Attack lvl3 hero1
t=3 ph=3 ap=1 snaps=764 hooks=15 inst=45 rollout "Critical Strike" Attack lvl3 hero1
t=3 ph=3 ap=1 snaps=765 hooks=15 inst=45 rollout "Critical Strike" Attack lvl3 hero1
t=3 ph=3 ap=1 snaps=766 hooks=15 inst=45 rollout "Critical Strike" Attack lvl3 hero1
t=3 ph=3 ap=1 snaps=767 hooks=15 inst=45 rollout "Critical Strike" Attack lvl3 hero1
t=3 ph=3 ap=1 snaps=768 hooks=15 inst=45 rollout "Critical Strike" Attack lvl3 hero1
t=3 ph=3 ap=1 snaps=769 hooks=15 inst=45 rollout "Critical Strike" Attack lvl3 hero1
t=3 ph=3 ap=1 snaps=770 hooks=15 inst=45 rollout "Critical Strike" Attack lvl3 hero1
t=3 ph=3 ap=1 snaps=771 hooks=15 inst=45 rollout "Critical Strike" Attack lvl3 hero1
t=3 ph=3 ap=1 snaps=772 hooks=15 inst=45 rollout "Critical Strike" Attack lvl3 hero1
t=3 ph=3 ap=1 snaps=773 hooks=15 inst=45 rollout "Critical Strike" Attack lvl3 hero1
t=3 ph=3 ap=1 snaps=774 hooks=15 inst=45 rollout "Critical Strike" Attack lvl3 hero1
t=3 ph=3 ap=1 snaps=775 hooks=15 inst=45 rollout "Critical Strike" Attack lvl3 hero1
t=3 ph=3 ap=1 snaps=776 hooks=15 inst=45 rollout "Critical Strike" Attack lvl3 hero1
t=3 ph=3 ap=1 snaps=777 hooks=15 inst=45 rollout "Critical Strike" Attack lvl3 hero1
t=3 ph=3 ap=1 snaps=778 hooks=15 inst=45 rollout "Critical Strike" Attack lvl3 hero1
t=3 ph=3 ap=1 snaps=779 hooks=15 inst=45 rollout "Critical Strike" Attack lvl3 hero1
t=3 ph=3 ap=1 snaps=780 hooks=15 inst=45 rollout "Critical Strike" Attack lvl3 hero1
t=3 ph=3 ap=1 snaps=781 hooks=15 inst=45 rollout "Critical Strike" Attack lvl3 hero1
t=3 ph=3 ap=1 snaps=782 hooks=15 inst=45 rollout "Critical Strike" Attack lvl3 hero1
t=3 ph=3 ap=1 snaps=783 hooks=15 inst=45 rollout "Critical Strike" Attack lvl3 hero1
t=3 ph=3 ap=1 snaps=784 hooks=15 inst=45 rollout "Critical Strike" Attack lvl3 hero1
t=3 ph=3 ap=1 snaps=785 hooks=15 inst=45 rollout "Critical Strike" Attack lvl3 hero1
t=3 ph=3 ap=1 snaps=786 hooks=15 inst=45 rollout "Critical Strike" Attack lvl3 hero1
t=3 ph=3 ap=1 snaps=787 hooks=15 inst=45 rollout "Critical Strike" Attack lvl3 hero1
t=3 ph=3 ap=1 snaps=788 hooks=15 inst=45 rollout "Critical Strike" Attack lvl3 hero1
t=3 ph=3 ap=1 snaps=789 hooks=15 inst=45 rollout "Critical Strike" Attack lvl3 hero1
t=3 ph=3 ap=1 snaps=790 hooks=15 inst=45 rollout "Critical Strike" Attack lvl3 hero1
t=3 ph=3 ap=1 snaps=791 hooks=15 inst=45 rollout "Critical Strike" Attack lvl3 hero1
t=3 ph=3 ap=1 snaps=792 hooks=15 inst=45 rollout "Critical Strike" Attack lvl3 hero1
t=3 ph=3 ap=1 snaps=793 hooks=15 inst=45 rollout "Critical Strike" Attack lvl3 hero1
t=3 ph=3 ap=1 snaps=794 hooks=15 inst=45 rollout "Critical Strike" Attack lvl3 hero1
t=3 ph=3 ap=1 snaps=795 hooks=15 inst=45 rollout "Critical Strike" Attack lvl3 hero1
t=3 ph=3 ap=1 snaps=796 hooks=15 inst=45 rollout "Critical Strike" Attack lvl3 hero1
t=3 ph=3 ap=1 snaps=797 hooks=15 inst=45 rollout "Critical Strike" Attack lvl3 hero1
t=3 ph=3 ap=1 snaps=798 hooks=15 inst=45 rollout "Critical Strike" Attack lvl3 hero1
t=3 ph=3 ap=1 snaps=799 hooks=15 inst=45 rollout "Critical Strike" Attack lvl3 hero1
t=3 ph=3 ap=1 snaps=800 hooks=15 inst=45 rollout "Critical Strike" Attack lvl3 hero1
t=3 ph=3 ap=1 snaps=801 hooks=15 inst=45 rollout "Critical Strike" Attack lvl3 hero1
t=3 ph=3 ap=1 snaps=802 hooks=15 inst=45 rollout "Critical Strike" Attack lvl3 hero1
t=3 ph=3 ap=1 snaps=803 hooks=15 inst=45 rollout "Critical Strike" Attack lvl3 hero1
t=3 ph=3 ap=1 snaps=804 hooks=15 inst=45 rollout "Critical Strike" Attack lvl3 hero1
t=3 ph=3 ap=1 snaps=805 hooks=15 inst=45 rollout "Critical Strike" Attack lvl3 hero1
t=3 ph=3 ap=1 snaps=806 hooks=15 inst=45 rollout "Critical Strike" Attack lvl3 hero1
t=3 ph=3 ap=1 snaps=807 hooks=15 inst=45 rollout "Critical Strike" Attack lvl3 hero1
t=3 ph=3 ap=1 snaps=808 hooks=15 inst=45 rollout "Critical Strike" Attack lvl3 hero1
t=3 ph=3 ap=1 snaps=809 hooks=15 inst=45 rollout "Critical Strike" Attack lvl3 hero1
t=3 ph=3 ap=1 snaps=810 hooks=15 inst=45 rollout "Critical Strike" Attack lvl3 hero1
t=3 ph=3 ap=1 snaps=811 hooks=15 inst=45 rollout "Critical Strike" Attack lvl3 hero1
t=3 ph=3 ap=1 snaps=812 hooks=15 inst=45 rollout "Critical Strike" Attack lvl3 hero1
t=3 ph=3 ap=1 snaps=813 hooks=15 inst=45 rollout "Critical Strike" Attack lvl3 hero1
t=3 ph=3 ap=1 snaps=814 hooks=15 inst=45 rollout "Critical Strike" Attack lvl3 hero1
t=3 ph=3 ap=1 snaps=815 hooks=15 inst=45 rollout "Critical Strike" Attack lvl3 hero1
t=3 ph=3 ap=1 snaps=816 hooks=15 inst=45 rollout "Critical Strike" Attack lvl3 hero1
t=3 ph=3 ap=1 snaps=817 hooks=15 inst=45 rollout "Critical Strike" Attack lvl3 hero1
t=3 ph=3 ap=1 snaps=818 hooks=15 inst=45 rollout "Critical Strike" Attack lvl3 hero1
t=3 ph=3 ap=1 snaps=819 hooks=15 inst=45 rollout "Critical Strike" Attack lvl3 hero1
t=3 ph=3 ap=1 snaps=820 hooks=15 inst=45 rollout "Critical Strike" Attack lvl3 hero1
t=3 ph=3 ap=1 snaps=821 hooks=15 inst=45 rollout "Critical Strike" Attack lvl3 hero1
t=3 ph=3 ap=1 snaps=822 hooks=15 inst=45 rollout "Critical Strike" Attack lvl3 hero1
t=3 ph=3 ap=1 snaps=823 hooks=15 inst=45 rollout "Critical Strike" Attack lvl3 hero1
t=3 ph=3 ap=1 snaps=824 hooks=15 inst=45 rollout "Critical Strike" Attack lvl3 hero1
t=3 ph=3 ap=1 snaps=825 hooks=15 inst=45 rollout "Critical Strike" Attack lvl3 hero1
t=3 ph=3 ap=1 snaps=826 hooks=15 inst=45 rollout "Critical Strike" Attack lvl3 hero1
t=3 ph=3 ap=1 snaps=827 hooks=15 inst=45 rollout "Critical Strike" Attack lvl3 hero1
t=3 ph=3 ap=1 snaps=828 hooks=15 inst=45 rollout "Critical Strike" Attack lvl3 hero1
t=3 ph=3 ap=1 snaps=829 hooks=15 inst=45 rollout "Critical Strike" Attack lvl3 hero1
t=3 ph=3 ap=1 snaps=830 hooks=15 inst=45 rollout "Critical Strike" Attack lvl3 hero1
t=3 ph=3 ap=1 snaps=831 hooks=15 inst=45 rollout "Critical Strike" Attack lvl3 hero1
t=3 ph=3 ap=1 snaps=832 hooks=15 inst=45 rollout "Critical Strike" Attack lvl3 hero1
t=3 ph=3 ap=1 snaps=833 hooks=15 inst=45 rollout "Critical Strike" Attack lvl3 hero1
t=3 ph=3 ap=1 snaps=834 hooks=15 inst=45 rollout "Critical Strike" Attack lvl3 hero1
t=3 ph=3 ap=1 snaps=835 hooks=15 inst=45 rollout "Critical Strike" Attack lvl3 hero1
t=3 ph=3 ap=1 snaps=836 hooks=15 inst=45 rollout "Critical Strike" Attack lvl3 hero1
t=3 ph=3 ap=1 snaps=837 hooks=15 inst=45 rollout "Critical Strike" Attack lvl3 hero1
t=3 ph=3 ap=1 snaps=838 hooks=15 inst=45 rollout "Critical Strike" Attack lvl3 hero1
t=3 ph=3 ap=1 snaps=839 hooks=15 inst=45 rollout "Critical Strike" Attack lvl3 hero1
t=3 ph=3 ap=1 snaps=840 hooks=15 inst=45 rollout "Critical Strike" Attack lvl3 hero1
t=3 ph=3 ap=1 snaps=841 hooks=15 inst=45 rollout "Critical Strike" Attack lvl3 hero1
t=3 ph=3 ap=1 snaps=842 hooks=15 inst=45 rollout "Critical Strike" Attack lvl3 hero1
t=3 ph=3 ap=1 snaps=843 hooks=15 inst=45 rollout "Critical Strike" Attack lvl3 hero1
t=3 ph=3 ap=1 snaps=844 hooks=15 inst=45 rollout "Critical Strike" Attack lvl3 hero1
t=3 ph=3 ap=1 snaps=845 hooks=15 inst=45 rollout "Critical Strike" Attack lvl3 hero1
t=3 ph=3 ap=1 snaps=846 hooks=15 inst=45 rollout "Critical Strike" Attack lvl3 hero1
t=3 ph=3 ap=1 snaps=847 hooks=15 inst=45 rollout "Critical Strike" Attack lvl3 hero1
t=3 ph=3 ap=1 snaps=848 hooks=15 inst=45 rollout "Critical Strike" Attack lvl3 hero1
t=3 ph=3 ap=1 snaps=849 hooks=15 inst=45 rollout "Critical Strike" Attack lvl3 hero1
t=3 ph=3 ap=1 snaps=850 hooks=15 inst=45 rollout "Critical Strike" Attack lvl3 hero1
t=3 ph=3 ap=1 snaps=851 hooks=15 inst=45 rollout "Critical Strike" Attack lvl3 hero1
t=3 ph=3 ap=1 snaps=852 hooks=15 inst=45 rollout "Critical Strike" Attack lvl3 hero1
t=3 ph=3 ap=1 snaps=853 hooks=15 inst=45 rollout "Critical Strike" Attack lvl3 hero1
t=3 ph=3 ap=1 snaps=854 hooks=15 inst=45 rollout "Critical Strike" Attack lvl3 hero1
t=3 ph=3 ap=1 snaps=855 hooks=15 inst=45 rollout "Critical Strike" Attack lvl3 hero1
t=3 ph=3 ap=1 snaps=856 hooks=15 inst=45 rollout "Critical Strike" Attack lvl3 hero1
t=3 ph=3 ap=1 snaps=857 hooks=15 inst=45 rollout "Critical Strike" Attack lvl3 hero1
t=3 ph=5 ap=1 snaps=863 hooks=31 inst=45 switchTurn ending p1
t=4 ph=2 ap=0 snaps=863 hooks=10 inst=46 cpuTurnStart cpu=p0 hand=2
t=4 ph=3 ap=0 snaps=881 hooks=22 inst=48 rollout "Steam Dwarf Engineer" Creature lvl1 hero1
t=4 ph=3 ap=0 snaps=885 hooks=22 inst=48 rollout "Steam Dwarf Engineer" Creature lvl1 hero1
t=4 ph=3 ap=0 snaps=895 hooks=22 inst=48 rollout "Steam Dwarf Engineer" Creature lvl1 hero1
t=4 ph=3 ap=0 snaps=896 hooks=22 inst=48 rollout "Steam Dwarf Engineer" Creature lvl1 hero1
t=4 ph=3 ap=0 snaps=910 hooks=22 inst=48 rollout "Steam Dwarf Engineer" Creature lvl1 hero1
t=4 ph=3 ap=0 snaps=914 hooks=22 inst=48 rollout "Steam Dwarf Engineer" Creature lvl1 hero1
t=4 ph=3 ap=0 snaps=919 hooks=22 inst=48 rollout "Steam Dwarf Engineer" Creature lvl1 hero1
t=4 ph=3 ap=0 snaps=931 hooks=22 inst=48 rollout "Steam Dwarf Engineer" Creature lvl1 hero1
t=4 ph=3 ap=0 snaps=950 hooks=22 inst=48 rollout "Steam Dwarf Engineer" Creature lvl1 hero1
t=4 ph=3 ap=0 snaps=962 hooks=22 inst=48 rollout "Steam Dwarf Engineer" Creature lvl1 hero1
t=4 ph=3 ap=0 snaps=971 hooks=22 inst=48 rollout "Steam Dwarf Engineer" Creature lvl1 hero1
t=4 ph=3 ap=0 snaps=972 hooks=22 inst=48 rollout "Steam Dwarf Engineer" Creature lvl1 hero1
t=4 ph=3 ap=0 snaps=983 hooks=22 inst=48 rollout "Steam Dwarf Engineer" Creature lvl1 hero1
t=4 ph=3 ap=0 snaps=991 hooks=22 inst=48 rollout "Steam Dwarf Engineer" Creature lvl1 hero1
t=4 ph=3 ap=0 snaps=1020 hooks=22 inst=48 rollout "Steam Dwarf Engineer" Creature lvl1 hero1
t=4 ph=3 ap=0 snaps=1027 hooks=22 inst=48 rollout "Steam Dwarf Engineer" Creature lvl1 hero1
t=4 ph=3 ap=0 snaps=1029 hooks=22 inst=48 rollout "Steam Dwarf Engineer" Creature lvl1 hero1
t=4 ph=3 ap=0 snaps=1035 hooks=22 inst=48 rollout "Steam Dwarf Engineer" Creature lvl1 hero1
t=4 ph=3 ap=0 snaps=1042 hooks=22 inst=48 rollout "Steam Dwarf Engineer" Creature lvl1 hero1
t=4 ph=3 ap=0 snaps=1049 hooks=22 inst=48 rollout "Steam Dwarf Engineer" Creature lvl1 hero1
t=4 ph=3 ap=0 snaps=1055 hooks=22 inst=48 rollout "Steam Dwarf Engineer" Creature lvl1 hero1
t=4 ph=3 ap=0 snaps=1060 hooks=22 inst=48 rollout "Steam Dwarf Engineer" Creature lvl1 hero1
t=4 ph=3 ap=0 snaps=1072 hooks=22 inst=48 rollout "Steam Dwarf Engineer" Creature lvl1 hero1
t=4 ph=3 ap=0 snaps=1081 hooks=22 inst=48 rollout "Steam Dwarf Engineer" Creature lvl1 hero1
t=4 ph=3 ap=0 snaps=1087 hooks=22 inst=48 rollout "Steam Dwarf Engineer" Creature lvl1 hero1
t=4 ph=3 ap=0 snaps=1091 hooks=22 inst=48 rollout "Steam Dwarf Engineer" Creature lvl1 hero1
t=4 ph=3 ap=0 snaps=1092 hooks=22 inst=48 rollout "Steam Dwarf Engineer" Creature lvl1 hero1
t=4 ph=3 ap=0 snaps=1111 hooks=22 inst=48 rollout "Steam Dwarf Engineer" Creature lvl1 hero1
t=4 ph=3 ap=0 snaps=1116 hooks=22 inst=48 rollout "Steam Dwarf Engineer" Creature lvl1 hero1
t=4 ph=3 ap=0 snaps=1132 hooks=22 inst=48 rollout "Steam Dwarf Engineer" Creature lvl1 hero1
t=4 ph=3 ap=0 snaps=1138 hooks=22 inst=48 rollout "Steam Dwarf Engineer" Creature lvl1 hero1
t=4 ph=3 ap=0 snaps=1146 hooks=22 inst=48 rollout "Steam Dwarf Engineer" Creature lvl1 hero1
t=4 ph=3 ap=0 snaps=1155 hooks=22 inst=48 rollout "Steam Dwarf Engineer" Creature lvl1 hero1
t=4 ph=3 ap=0 snaps=1166 hooks=22 inst=48 rollout "Steam Dwarf Engineer" Creature lvl1 hero1
t=4 ph=3 ap=0 snaps=1172 hooks=22 inst=48 rollout "Steam Dwarf Engineer" Creature lvl1 hero1
t=4 ph=3 ap=0 snaps=1185 hooks=22 inst=48 rollout "Steam Dwarf Engineer" Creature lvl1 hero1
t=4 ph=3 ap=0 snaps=1189 hooks=22 inst=48 rollout "Steam Dwarf Engineer" Creature lvl1 hero1
t=4 ph=3 ap=0 snaps=1191 hooks=22 inst=48 rollout "Steam Dwarf Engineer" Creature lvl1 hero1
t=4 ph=3 ap=0 snaps=1196 hooks=22 inst=48 rollout "Steam Dwarf Engineer" Creature lvl1 hero1
t=4 ph=3 ap=0 snaps=1197 hooks=22 inst=48 rollout "Steam Dwarf Engineer" Creature lvl1 hero1
t=4 ph=3 ap=0 snaps=1199 hooks=22 inst=48 rollout "Steam Dwarf Engineer" Creature lvl1 hero1
t=4 ph=3 ap=0 snaps=1203 hooks=22 inst=48 rollout "Steam Dwarf Engineer" Creature lvl1 hero1
t=4 ph=3 ap=0 snaps=1208 hooks=22 inst=48 rollout "Steam Dwarf Engineer" Creature lvl1 hero1
t=4 ph=3 ap=0 snaps=1215 hooks=22 inst=48 rollout "Steam Dwarf Engineer" Creature lvl1 hero1
t=4 ph=3 ap=0 snaps=1218 hooks=22 inst=48 rollout "Steam Dwarf Engineer" Creature lvl1 hero1
t=4 ph=3 ap=0 snaps=1226 hooks=22 inst=48 rollout "Steam Dwarf Engineer" Creature lvl1 hero1
t=4 ph=3 ap=0 snaps=1233 hooks=22 inst=48 rollout "Steam Dwarf Engineer" Creature lvl1 hero1
t=4 ph=3 ap=0 snaps=1237 hooks=22 inst=48 rollout "Steam Dwarf Engineer" Creature lvl1 hero1
t=4 ph=3 ap=0 snaps=1250 hooks=22 inst=48 rollout "Steam Dwarf Engineer" Creature lvl1 hero1
t=4 ph=3 ap=0 snaps=1263 hooks=22 inst=48 rollout "Steam Dwarf Engineer" Creature lvl1 hero1
t=4 ph=3 ap=0 snaps=1275 hooks=22 inst=48 rollout "Steam Dwarf Engineer" Creature lvl1 hero1
t=4 ph=3 ap=0 snaps=1276 hooks=22 inst=48 rollout "Steam Dwarf Engineer" Creature lvl1 hero1
t=4 ph=3 ap=0 snaps=1282 hooks=22 inst=48 rollout "Steam Dwarf Engineer" Creature lvl1 hero1
t=4 ph=3 ap=0 snaps=1283 hooks=22 inst=48 rollout "Steam Dwarf Engineer" Creature lvl1 hero1
t=4 ph=3 ap=0 snaps=1309 hooks=22 inst=48 rollout "Steam Dwarf Engineer" Creature lvl1 hero1
t=4 ph=3 ap=0 snaps=1315 hooks=22 inst=48 rollout "Steam Dwarf Engineer" Creature lvl1 hero1
t=4 ph=3 ap=0 snaps=1323 hooks=22 inst=48 rollout "Steam Dwarf Engineer" Creature lvl1 hero1
t=4 ph=3 ap=0 snaps=1344 hooks=22 inst=48 rollout "Steam Dwarf Engineer" Creature lvl1 hero1
t=4 ph=3 ap=0 snaps=1350 hooks=22 inst=48 rollout "Steam Dwarf Engineer" Creature lvl1 hero1
t=4 ph=3 ap=0 snaps=1356 hooks=22 inst=48 rollout "Steam Dwarf Engineer" Creature lvl1 hero1
t=4 ph=3 ap=0 snaps=1366 hooks=22 inst=48 rollout "Steam Dwarf Engineer" Creature lvl1 hero1
t=4 ph=3 ap=0 snaps=1367 hooks=22 inst=48 rollout "Steam Dwarf Engineer" Creature lvl1 hero1
t=4 ph=3 ap=0 snaps=1375 hooks=22 inst=48 rollout "Steam Dwarf Engineer" Creature lvl1 hero1
t=4 ph=3 ap=0 snaps=1384 hooks=22 inst=48 rollout "Steam Dwarf Engineer" Creature lvl1 hero1
t=4 ph=3 ap=0 snaps=1389 hooks=22 inst=48 rollout "Steam Dwarf Engineer" Creature lvl1 hero1
t=4 ph=3 ap=0 snaps=1396 hooks=22 inst=48 rollout "Steam Dwarf Engineer" Creature lvl1 hero1
t=4 ph=3 ap=0 snaps=1408 hooks=22 inst=48 rollout "Steam Dwarf Engineer" Creature lvl1 hero1
t=4 ph=3 ap=0 snaps=1412 hooks=22 inst=48 rollout "Steam Dwarf Engineer" Creature lvl1 hero1
t=4 ph=3 ap=0 snaps=1431 hooks=22 inst=48 rollout "Steam Dwarf Engineer" Creature lvl1 hero1
t=4 ph=3 ap=0 snaps=1443 hooks=22 inst=48 rollout "Steam Dwarf Engineer" Creature lvl1 hero1
t=4 ph=3 ap=0 snaps=1446 hooks=22 inst=48 rollout "Steam Dwarf Engineer" Creature lvl1 hero1
t=4 ph=3 ap=0 snaps=1454 hooks=22 inst=48 rollout "Steam Dwarf Engineer" Creature lvl1 hero1
t=4 ph=3 ap=0 snaps=1455 hooks=22 inst=48 rollout "Steam Dwarf Engineer" Creature lvl1 hero1
t=4 ph=3 ap=0 snaps=1462 hooks=22 inst=48 rollout "Steam Dwarf Engineer" Creature lvl1 hero1
t=4 ph=3 ap=0 snaps=1467 hooks=22 inst=48 rollout "Steam Dwarf Engineer" Creature lvl1 hero1
t=4 ph=3 ap=0 snaps=1477 hooks=22 inst=48 rollout "Steam Dwarf Engineer" Creature lvl1 hero1
t=4 ph=3 ap=0 snaps=1481 hooks=22 inst=48 rollout "Steam Dwarf Engineer" Creature lvl1 hero1
t=4 ph=3 ap=0 snaps=1492 hooks=22 inst=48 rollout "Steam Dwarf Engineer" Creature lvl1 hero1
t=4 ph=3 ap=0 snaps=1508 hooks=22 inst=48 rollout "Steam Dwarf Engineer" Creature lvl1 hero1
t=4 ph=3 ap=0 snaps=1525 hooks=22 inst=48 rollout "Steam Dwarf Engineer" Creature lvl1 hero1
t=4 ph=3 ap=0 snaps=1528 hooks=22 inst=48 summon "Steam Dwarf Engineer" p0/h1
t=4 ph=5 ap=0 snaps=1530 hooks=34 inst=49 switchTurn ending p0
t=5 ph=2 ap=1 snaps=1530 hooks=13 inst=52 cpuTurnStart cpu=p1 hand=4
t=5 ph=5 ap=1 snaps=1572 hooks=21 inst=53 switchTurn ending p1
t=6 ph=2 ap=0 snaps=1572 hooks=10 inst=54 cpuTurnStart cpu=p0 hand=5
t=6 ph=2 ap=0 snaps=1573 hooks=10 inst=54 summon "Aggressive Town Guard" p0/h0
t=6 ph=2 ap=0 snaps=1581 hooks=29 inst=55 summon "Steam Dwarf Dragon Pilot" p0/h0
t=6 ph=5 ap=0 snaps=1593 hooks=48 inst=56 switchTurn ending p0
t=7 ph=2 ap=1 snaps=1593 hooks=13 inst=57 cpuTurnStart cpu=p1 hand=5
t=7 ph=5 ap=1 snaps=1605 hooks=20 inst=57 switchTurn ending p1
t=8 ph=2 ap=0 snaps=1605 hooks=10 inst=58 cpuTurnStart cpu=p0 hand=3
t=8 ph=2 ap=0 snaps=1643 hooks=11 inst=58 summon "Aggressive Town Guard" p0/h2
t=8 ph=5 ap=0 snaps=1666 hooks=36 inst=59 switchTurn ending p0
t=9 ph=2 ap=1 snaps=1666 hooks=13 inst=60 cpuTurnStart cpu=p1 hand=6
t=9 ph=5 ap=1 snaps=1703 hooks=28 inst=58 switchTurn ending p1
t=10 ph=2 ap=0 snaps=1703 hooks=10 inst=59 cpuTurnStart cpu=p0 hand=1
t=10 ph=5 ap=0 snaps=1731 hooks=26 inst=59 switchTurn ending p0
t=11 ph=2 ap=1 snaps=1731 hooks=13 inst=60 cpuTurnStart cpu=p1 hand=5
t=11 ph=5 ap=1 snaps=1770 hooks=27 inst=60 switchTurn ending p1
t=12 ph=2 ap=0 snaps=1770 hooks=10 inst=61 cpuTurnStart cpu=p0 hand=1
t=12 ph=5 ap=0 snaps=1804 hooks=29 inst=63 switchTurn ending p0
t=13 ph=2 ap=1 snaps=1804 hooks=14 inst=64 cpuTurnStart cpu=p1 hand=4
t=13 ph=5 ap=1 snaps=1812 hooks=21 inst=64 switchTurn ending p1
t=14 ph=2 ap=0 snaps=1812 hooks=10 inst=65 cpuTurnStart cpu=p0 hand=3
t=14 ph=3 ap=0 snaps=1852 hooks=30 inst=68 rollout "Steam Dwarf Exterminator" Creature lvl1 hero1
t=14 ph=3 ap=0 snaps=1853 hooks=30 inst=68 rollout "Steam Dwarf Exterminator" Creature lvl1 hero1
t=14 ph=3 ap=0 snaps=1860 hooks=30 inst=68 rollout "Steam Dwarf Exterminator" Creature lvl1 hero1
t=14 ph=3 ap=0 snaps=1861 hooks=30 inst=68 rollout "Steam Dwarf Exterminator" Creature lvl1 hero1
t=14 ph=3 ap=0 snaps=1862 hooks=30 inst=68 rollout "Steam Dwarf Exterminator" Creature lvl1 hero1
t=14 ph=3 ap=0 snaps=1863 hooks=30 inst=68 rollout "Steam Dwarf Exterminator" Creature lvl1 hero1
t=14 ph=3 ap=0 snaps=1870 hooks=30 inst=68 rollout "Steam Dwarf Exterminator" Creature lvl1 hero1
t=14 ph=3 ap=0 snaps=1876 hooks=30 inst=68 rollout "Steam Dwarf Exterminator" Creature lvl1 hero1
t=14 ph=3 ap=0 snaps=1877 hooks=30 inst=68 rollout "Steam Dwarf Exterminator" Creature lvl1 hero1
t=14 ph=3 ap=0 snaps=1880 hooks=30 inst=68 rollout "Steam Dwarf Exterminator" Creature lvl1 hero1
t=14 ph=3 ap=0 snaps=1888 hooks=30 inst=68 rollout "Steam Dwarf Exterminator" Creature lvl1 hero1
t=14 ph=3 ap=0 snaps=1892 hooks=30 inst=68 rollout "Steam Dwarf Exterminator" Creature lvl1 hero1
t=14 ph=3 ap=0 snaps=1896 hooks=30 inst=68 rollout "Steam Dwarf Exterminator" Creature lvl1 hero1
t=14 ph=3 ap=0 snaps=1897 hooks=30 inst=68 rollout "Steam Dwarf Exterminator" Creature lvl1 hero1
t=14 ph=3 ap=0 snaps=1898 hooks=30 inst=68 rollout "Steam Dwarf Exterminator" Creature lvl1 hero1
t=14 ph=3 ap=0 snaps=1901 hooks=30 inst=68 rollout "Steam Dwarf Exterminator" Creature lvl1 hero1
t=14 ph=3 ap=0 snaps=1904 hooks=30 inst=68 rollout "Steam Dwarf Exterminator" Creature lvl1 hero1
t=14 ph=3 ap=0 snaps=1906 hooks=30 inst=68 rollout "Steam Dwarf Exterminator" Creature lvl1 hero1
t=14 ph=3 ap=0 snaps=1910 hooks=30 inst=68 rollout "Steam Dwarf Exterminator" Creature lvl1 hero1
t=14 ph=3 ap=0 snaps=1914 hooks=30 inst=68 rollout "Steam Dwarf Exterminator" Creature lvl1 hero1
t=14 ph=3 ap=0 snaps=1919 hooks=30 inst=68 rollout "Steam Dwarf Exterminator" Creature lvl1 hero1
t=14 ph=3 ap=0 snaps=1923 hooks=30 inst=68 rollout "Steam Dwarf Exterminator" Creature lvl1 hero1
t=14 ph=3 ap=0 snaps=1929 hooks=30 inst=68 rollout "Steam Dwarf Exterminator" Creature lvl1 hero1
t=14 ph=3 ap=0 snaps=1933 hooks=30 inst=68 rollout "Steam Dwarf Exterminator" Creature lvl1 hero1
t=14 ph=3 ap=0 snaps=1936 hooks=30 inst=68 rollout "Steam Dwarf Exterminator" Creature lvl1 hero1
t=14 ph=3 ap=0 snaps=1939 hooks=30 inst=68 rollout "Steam Dwarf Exterminator" Creature lvl1 hero1
t=14 ph=3 ap=0 snaps=1942 hooks=30 inst=68 rollout "Steam Dwarf Exterminator" Creature lvl1 hero1
t=14 ph=3 ap=0 snaps=1950 hooks=30 inst=68 rollout "Steam Dwarf Exterminator" Creature lvl1 hero1
t=14 ph=3 ap=0 snaps=1951 hooks=30 inst=68 rollout "Steam Dwarf Exterminator" Creature lvl1 hero1
t=14 ph=3 ap=0 snaps=1955 hooks=30 inst=68 rollout "Steam Dwarf Exterminator" Creature lvl1 hero1
t=14 ph=3 ap=0 snaps=1956 hooks=30 inst=68 rollout "Steam Dwarf Exterminator" Creature lvl1 hero1
t=14 ph=3 ap=0 snaps=1957 hooks=30 inst=68 rollout "Steam Dwarf Exterminator" Creature lvl1 hero1
t=14 ph=3 ap=0 snaps=1958 hooks=30 inst=68 rollout "Steam Dwarf Exterminator" Creature lvl1 hero1
t=14 ph=3 ap=0 snaps=1962 hooks=30 inst=68 rollout "Steam Dwarf Exterminator" Creature lvl1 hero1
t=14 ph=3 ap=0 snaps=1965 hooks=30 inst=68 rollout "Steam Dwarf Exterminator" Creature lvl1 hero1
t=14 ph=3 ap=0 snaps=1966 hooks=30 inst=68 rollout "Steam Dwarf Exterminator" Creature lvl1 hero1
t=14 ph=3 ap=0 snaps=1967 hooks=30 inst=68 rollout "Steam Dwarf Exterminator" Creature lvl1 hero1
t=14 ph=3 ap=0 snaps=1968 hooks=30 inst=68 rollout "Steam Dwarf Exterminator" Creature lvl1 hero1
t=14 ph=3 ap=0 snaps=1969 hooks=30 inst=68 rollout "Steam Dwarf Exterminator" Creature lvl1 hero1
t=14 ph=3 ap=0 snaps=1970 hooks=30 inst=68 rollout "Steam Dwarf Exterminator" Creature lvl1 hero1
t=14 ph=3 ap=0 snaps=1976 hooks=30 inst=68 rollout "Steam Dwarf Exterminator" Creature lvl1 hero1
t=14 ph=3 ap=0 snaps=1977 hooks=30 inst=68 rollout "Steam Dwarf Exterminator" Creature lvl1 hero1
t=14 ph=3 ap=0 snaps=1982 hooks=30 inst=68 rollout "Steam Dwarf Exterminator" Creature lvl1 hero1
t=14 ph=3 ap=0 snaps=1983 hooks=30 inst=68 rollout "Steam Dwarf Exterminator" Creature lvl1 hero1
t=14 ph=3 ap=0 snaps=1984 hooks=30 inst=68 rollout "Steam Dwarf Exterminator" Creature lvl1 hero1
t=14 ph=3 ap=0 snaps=1985 hooks=30 inst=68 rollout "Steam Dwarf Exterminator" Creature lvl1 hero1
t=14 ph=3 ap=0 snaps=1991 hooks=30 inst=68 rollout "Steam Dwarf Exterminator" Creature lvl1 hero1
t=14 ph=3 ap=0 snaps=1997 hooks=30 inst=68 rollout "Steam Dwarf Exterminator" Creature lvl1 hero1
t=14 ph=3 ap=0 snaps=1998 hooks=30 inst=68 rollout "Steam Dwarf Exterminator" Creature lvl1 hero1
t=14 ph=3 ap=0 snaps=1999 hooks=30 inst=68 rollout "Steam Dwarf Exterminator" Creature lvl1 hero1
t=14 ph=3 ap=0 snaps=2003 hooks=30 inst=68 rollout "Steam Dwarf Exterminator" Creature lvl1 hero1
t=14 ph=3 ap=0 snaps=2009 hooks=30 inst=68 rollout "Steam Dwarf Exterminator" Creature lvl1 hero1
t=14 ph=3 ap=0 snaps=2017 hooks=30 inst=68 rollout "Steam Dwarf Exterminator" Creature lvl1 hero1
t=14 ph=3 ap=0 snaps=2024 hooks=30 inst=68 rollout "Steam Dwarf Exterminator" Creature lvl1 hero1
t=14 ph=3 ap=0 snaps=2025 hooks=30 inst=68 rollout "Steam Dwarf Exterminator" Creature lvl1 hero1
t=14 ph=3 ap=0 snaps=2026 hooks=30 inst=68 rollout "Steam Dwarf Exterminator" Creature lvl1 hero1
t=14 ph=3 ap=0 snaps=2030 hooks=30 inst=68 rollout "Steam Dwarf Exterminator" Creature lvl1 hero1
t=14 ph=3 ap=0 snaps=2031 hooks=30 inst=68 rollout "Steam Dwarf Exterminator" Creature lvl1 hero1
t=14 ph=3 ap=0 snaps=2033 hooks=30 inst=68 rollout "Steam Dwarf Exterminator" Creature lvl1 hero1
t=14 ph=3 ap=0 snaps=2034 hooks=30 inst=68 rollout "Steam Dwarf Exterminator" Creature lvl1 hero1
t=14 ph=3 ap=0 snaps=2038 hooks=30 inst=68 rollout "Steam Dwarf Exterminator" Creature lvl1 hero1
t=14 ph=3 ap=0 snaps=2039 hooks=30 inst=68 rollout "Steam Dwarf Exterminator" Creature lvl1 hero1
t=14 ph=3 ap=0 snaps=2046 hooks=30 inst=68 rollout "Steam Dwarf Exterminator" Creature lvl1 hero1
t=14 ph=3 ap=0 snaps=2053 hooks=30 inst=68 rollout "Steam Dwarf Exterminator" Creature lvl1 hero1
t=14 ph=3 ap=0 snaps=2054 hooks=30 inst=68 rollout "Steam Dwarf Exterminator" Creature lvl1 hero1
t=14 ph=3 ap=0 snaps=2055 hooks=30 inst=68 rollout "Steam Dwarf Exterminator" Creature lvl1 hero1
t=14 ph=3 ap=0 snaps=2056 hooks=30 inst=68 rollout "Steam Dwarf Exterminator" Creature lvl1 hero1
t=14 ph=3 ap=0 snaps=2063 hooks=30 inst=68 rollout "Steam Dwarf Exterminator" Creature lvl1 hero1
t=14 ph=3 ap=0 snaps=2066 hooks=30 inst=68 rollout "Steam Dwarf Exterminator" Creature lvl1 hero1
t=14 ph=3 ap=0 snaps=2071 hooks=30 inst=68 rollout "Steam Dwarf Exterminator" Creature lvl1 hero1
t=14 ph=3 ap=0 snaps=2072 hooks=30 inst=68 rollout "Steam Dwarf Exterminator" Creature lvl1 hero1
t=14 ph=3 ap=0 snaps=2075 hooks=30 inst=68 rollout "Steam Dwarf Exterminator" Creature lvl1 hero1
t=14 ph=3 ap=0 snaps=2076 hooks=30 inst=68 rollout "Steam Dwarf Exterminator" Creature lvl1 hero1
t=14 ph=3 ap=0 snaps=2078 hooks=30 inst=68 rollout "Steam Dwarf Exterminator" Creature lvl1 hero1
t=14 ph=3 ap=0 snaps=2079 hooks=30 inst=68 rollout "Steam Dwarf Exterminator" Creature lvl1 hero1
t=14 ph=3 ap=0 snaps=2080 hooks=30 inst=68 rollout "Steam Dwarf Exterminator" Creature lvl1 hero1
t=14 ph=3 ap=0 snaps=2084 hooks=30 inst=68 rollout "Steam Dwarf Exterminator" Creature lvl1 hero1
t=14 ph=3 ap=0 snaps=2085 hooks=30 inst=68 rollout "Steam Dwarf Exterminator" Creature lvl1 hero1
t=14 ph=3 ap=0 snaps=2088 hooks=30 inst=68 rollout "Steam Dwarf Exterminator" Creature lvl1 hero1
t=14 ph=3 ap=0 snaps=2092 hooks=30 inst=68 rollout "Steam Dwarf Exterminator" Creature lvl1 hero1
t=14 ph=3 ap=0 snaps=2097 hooks=30 inst=68 summon "Steam Dwarf Exterminator" p0/h1
t=14 ph=5 ap=0 snaps=2107 hooks=42 inst=69 switchTurn ending p0
t=15 ph=2 ap=1 snaps=2107 hooks=10 inst=70 cpuTurnStart cpu=p1 hand=5
t=15 ph=5 ap=1 snaps=2115 hooks=17 inst=70 switchTurn ending p1
t=16 ph=2 ap=0 snaps=2115 hooks=10 inst=71 cpuTurnStart cpu=p0 hand=3
t=16 ph=3 ap=0 snaps=2147 hooks=30 inst=73 rollout "Steam Dwarf Diver" Creature lvl1 hero1
t=16 ph=3 ap=0 snaps=2148 hooks=30 inst=73 rollout "Steam Dwarf Diver" Creature lvl1 hero1
t=16 ph=3 ap=0 snaps=2149 hooks=30 inst=73 rollout "Steam Dwarf Diver" Creature lvl1 hero1
t=16 ph=3 ap=0 snaps=2150 hooks=30 inst=73 rollout "Steam Dwarf Diver" Creature lvl1 hero1
t=16 ph=3 ap=0 snaps=2151 hooks=30 inst=73 rollout "Steam Dwarf Diver" Creature lvl1 hero1
t=16 ph=3 ap=0 snaps=2152 hooks=30 inst=73 rollout "Steam Dwarf Diver" Creature lvl1 hero1
t=16 ph=3 ap=0 snaps=2153 hooks=30 inst=73 rollout "Steam Dwarf Diver" Creature lvl1 hero1
t=16 ph=3 ap=0 snaps=2154 hooks=30 inst=73 rollout "Steam Dwarf Diver" Creature lvl1 hero1
t=16 ph=3 ap=0 snaps=2155 hooks=30 inst=73 rollout "Steam Dwarf Diver" Creature lvl1 hero1
t=16 ph=3 ap=0 snaps=2156 hooks=30 inst=73 rollout "Steam Dwarf Diver" Creature lvl1 hero1
t=16 ph=3 ap=0 snaps=2157 hooks=30 inst=73 rollout "Steam Dwarf Diver" Creature lvl1 hero1
t=16 ph=3 ap=0 snaps=2158 hooks=30 inst=73 rollout "Steam Dwarf Diver" Creature lvl1 hero1
t=16 ph=3 ap=0 snaps=2159 hooks=30 inst=73 rollout "Steam Dwarf Diver" Creature lvl1 hero1
t=16 ph=3 ap=0 snaps=2160 hooks=30 inst=73 rollout "Steam Dwarf Diver" Creature lvl1 hero1
t=16 ph=3 ap=0 snaps=2161 hooks=30 inst=73 rollout "Steam Dwarf Diver" Creature lvl1 hero1
t=16 ph=3 ap=0 snaps=2162 hooks=30 inst=73 rollout "Steam Dwarf Diver" Creature lvl1 hero1
t=16 ph=3 ap=0 snaps=2163 hooks=30 inst=73 rollout "Steam Dwarf Diver" Creature lvl1 hero1
t=16 ph=3 ap=0 snaps=2164 hooks=30 inst=73 rollout "Steam Dwarf Diver" Creature lvl1 hero1
t=16 ph=3 ap=0 snaps=2165 hooks=30 inst=73 rollout "Steam Dwarf Diver" Creature lvl1 hero1
t=16 ph=3 ap=0 snaps=2166 hooks=30 inst=73 rollout "Steam Dwarf Diver" Creature lvl1 hero1
t=16 ph=3 ap=0 snaps=2167 hooks=30 inst=73 rollout "Steam Dwarf Diver" Creature lvl1 hero1
t=16 ph=3 ap=0 snaps=2168 hooks=30 inst=73 rollout "Steam Dwarf Diver" Creature lvl1 hero1
t=16 ph=3 ap=0 snaps=2169 hooks=30 inst=73 rollout "Steam Dwarf Diver" Creature lvl1 hero1
t=16 ph=3 ap=0 snaps=2170 hooks=30 inst=73 rollout "Steam Dwarf Diver" Creature lvl1 hero1
t=16 ph=3 ap=0 snaps=2171 hooks=30 inst=73 rollout "Steam Dwarf Diver" Creature lvl1 hero1
t=16 ph=3 ap=0 snaps=2172 hooks=30 inst=73 rollout "Steam Dwarf Diver" Creature lvl1 hero1
t=16 ph=3 ap=0 snaps=2173 hooks=30 inst=73 rollout "Steam Dwarf Diver" Creature lvl1 hero1
t=16 ph=3 ap=0 snaps=2174 hooks=30 inst=73 rollout "Steam Dwarf Diver" Creature lvl1 hero1
t=16 ph=3 ap=0 snaps=2175 hooks=30 inst=73 rollout "Steam Dwarf Diver" Creature lvl1 hero1
t=16 ph=3 ap=0 snaps=2176 hooks=30 inst=73 rollout "Steam Dwarf Diver" Creature lvl1 hero1
t=16 ph=3 ap=0 snaps=2177 hooks=30 inst=73 rollout "Steam Dwarf Diver" Creature lvl1 hero1
t=16 ph=3 ap=0 snaps=2178 hooks=30 inst=73 rollout "Steam Dwarf Diver" Creature lvl1 hero1
t=16 ph=3 ap=0 snaps=2179 hooks=30 inst=73 rollout "Steam Dwarf Diver" Creature lvl1 hero1
t=16 ph=3 ap=0 snaps=2180 hooks=30 inst=73 rollout "Steam Dwarf Diver" Creature lvl1 hero1
t=16 ph=3 ap=0 snaps=2181 hooks=30 inst=73 rollout "Steam Dwarf Diver" Creature lvl1 hero1
t=16 ph=3 ap=0 snaps=2182 hooks=30 inst=73 rollout "Steam Dwarf Diver" Creature lvl1 hero1
t=16 ph=3 ap=0 snaps=2183 hooks=30 inst=73 rollout "Steam Dwarf Diver" Creature lvl1 hero1
t=16 ph=3 ap=0 snaps=2184 hooks=30 inst=73 rollout "Steam Dwarf Diver" Creature lvl1 hero1
t=16 ph=3 ap=0 snaps=2185 hooks=30 inst=73 rollout "Steam Dwarf Diver" Creature lvl1 hero1
t=16 ph=3 ap=0 snaps=2186 hooks=30 inst=73 rollout "Steam Dwarf Diver" Creature lvl1 hero1
t=16 ph=3 ap=0 snaps=2187 hooks=30 inst=73 rollout "Steam Dwarf Diver" Creature lvl1 hero1
t=16 ph=3 ap=0 snaps=2188 hooks=30 inst=73 rollout "Steam Dwarf Diver" Creature lvl1 hero1
t=16 ph=3 ap=0 snaps=2189 hooks=30 inst=73 rollout "Steam Dwarf Diver" Creature lvl1 hero1
t=16 ph=3 ap=0 snaps=2190 hooks=30 inst=73 rollout "Steam Dwarf Diver" Creature lvl1 hero1
t=16 ph=3 ap=0 snaps=2191 hooks=30 inst=73 rollout "Steam Dwarf Diver" Creature lvl1 hero1
t=16 ph=3 ap=0 snaps=2192 hooks=30 inst=73 rollout "Steam Dwarf Diver" Creature lvl1 hero1
t=16 ph=3 ap=0 snaps=2193 hooks=30 inst=73 rollout "Steam Dwarf Diver" Creature lvl1 hero1
t=16 ph=3 ap=0 snaps=2194 hooks=30 inst=73 rollout "Steam Dwarf Diver" Creature lvl1 hero1
t=16 ph=3 ap=0 snaps=2195 hooks=30 inst=73 rollout "Steam Dwarf Diver" Creature lvl1 hero1
t=16 ph=3 ap=0 snaps=2196 hooks=30 inst=73 rollout "Steam Dwarf Diver" Creature lvl1 hero1
t=16 ph=3 ap=0 snaps=2197 hooks=30 inst=73 rollout "Steam Dwarf Diver" Creature lvl1 hero1
t=16 ph=3 ap=0 snaps=2198 hooks=30 inst=73 rollout "Steam Dwarf Diver" Creature lvl1 hero1
t=16 ph=3 ap=0 snaps=2199 hooks=30 inst=73 rollout "Steam Dwarf Diver" Creature lvl1 hero1
t=16 ph=3 ap=0 snaps=2200 hooks=30 inst=73 rollout "Steam Dwarf Diver" Creature lvl1 hero1
t=16 ph=3 ap=0 snaps=2201 hooks=30 inst=73 rollout "Steam Dwarf Diver" Creature lvl1 hero1
t=16 ph=3 ap=0 snaps=2202 hooks=30 inst=73 rollout "Steam Dwarf Diver" Creature lvl1 hero1
t=16 ph=3 ap=0 snaps=2203 hooks=30 inst=73 rollout "Steam Dwarf Diver" Creature lvl1 hero1
t=16 ph=3 ap=0 snaps=2204 hooks=30 inst=73 rollout "Steam Dwarf Diver" Creature lvl1 hero1
t=16 ph=3 ap=0 snaps=2205 hooks=30 inst=73 rollout "Steam Dwarf Diver" Creature lvl1 hero1
t=16 ph=3 ap=0 snaps=2206 hooks=30 inst=73 rollout "Steam Dwarf Diver" Creature lvl1 hero1
t=16 ph=3 ap=0 snaps=2207 hooks=30 inst=73 rollout "Steam Dwarf Diver" Creature lvl1 hero1
t=16 ph=3 ap=0 snaps=2208 hooks=30 inst=73 rollout "Steam Dwarf Diver" Creature lvl1 hero1
t=16 ph=3 ap=0 snaps=2209 hooks=30 inst=73 rollout "Steam Dwarf Diver" Creature lvl1 hero1
t=16 ph=3 ap=0 snaps=2210 hooks=30 inst=73 rollout "Steam Dwarf Diver" Creature lvl1 hero1
t=16 ph=3 ap=0 snaps=2211 hooks=30 inst=73 rollout "Steam Dwarf Diver" Creature lvl1 hero1
t=16 ph=3 ap=0 snaps=2212 hooks=30 inst=73 rollout "Steam Dwarf Diver" Creature lvl1 hero1
t=16 ph=3 ap=0 snaps=2213 hooks=30 inst=73 rollout "Steam Dwarf Diver" Creature lvl1 hero1
t=16 ph=3 ap=0 snaps=2214 hooks=30 inst=73 rollout "Steam Dwarf Diver" Creature lvl1 hero1
t=16 ph=3 ap=0 snaps=2215 hooks=30 inst=73 rollout "Steam Dwarf Diver" Creature lvl1 hero1
t=16 ph=3 ap=0 snaps=2216 hooks=30 inst=73 rollout "Steam Dwarf Diver" Creature lvl1 hero1
t=16 ph=3 ap=0 snaps=2217 hooks=30 inst=73 rollout "Steam Dwarf Diver" Creature lvl1 hero1
t=16 ph=3 ap=0 snaps=2218 hooks=30 inst=73 rollout "Steam Dwarf Diver" Creature lvl1 hero1
t=16 ph=3 ap=0 snaps=2219 hooks=30 inst=73 rollout "Steam Dwarf Diver" Creature lvl1 hero1
t=16 ph=3 ap=0 snaps=2220 hooks=30 inst=73 rollout "Steam Dwarf Diver" Creature lvl1 hero1
t=16 ph=3 ap=0 snaps=2221 hooks=30 inst=73 rollout "Steam Dwarf Diver" Creature lvl1 hero1
t=16 ph=3 ap=0 snaps=2222 hooks=30 inst=73 rollout "Steam Dwarf Diver" Creature lvl1 hero1
t=16 ph=3 ap=0 snaps=2223 hooks=30 inst=73 rollout "Steam Dwarf Diver" Creature lvl1 hero1
t=16 ph=3 ap=0 snaps=2224 hooks=30 inst=73 rollout "Steam Dwarf Diver" Creature lvl1 hero1
t=16 ph=3 ap=0 snaps=2225 hooks=30 inst=73 rollout "Steam Dwarf Diver" Creature lvl1 hero1
t=16 ph=3 ap=0 snaps=2226 hooks=30 inst=73 rollout "Steam Dwarf Diver" Creature lvl1 hero1
t=16 ph=3 ap=0 snaps=2227 hooks=30 inst=73 rollout "Steam Dwarf Diver" Creature lvl1 hero1
t=16 ph=3 ap=0 snaps=2228 hooks=30 inst=73 rollout "Steam Dwarf Diver" Creature lvl1 hero1
t=16 ph=3 ap=0 snaps=2229 hooks=30 inst=73 rollout "Steam Dwarf Diver" Creature lvl1 hero1
t=16 ph=3 ap=0 snaps=2230 hooks=30 inst=73 rollout "Steam Dwarf Diver" Creature lvl1 hero1
t=16 ph=3 ap=0 snaps=2231 hooks=30 inst=73 rollout "Steam Dwarf Diver" Creature lvl1 hero1
t=16 ph=3 ap=0 snaps=2232 hooks=30 inst=73 rollout "Steam Dwarf Diver" Creature lvl1 hero1
t=16 ph=3 ap=0 snaps=2233 hooks=30 inst=73 rollout "Steam Dwarf Diver" Creature lvl1 hero1
t=16 ph=3 ap=0 snaps=2234 hooks=30 inst=73 rollout "Steam Dwarf Diver" Creature lvl1 hero1
t=16 ph=3 ap=0 snaps=2235 hooks=30 inst=73 rollout "Steam Dwarf Diver" Creature lvl1 hero1
t=16 ph=3 ap=0 snaps=2236 hooks=30 inst=73 rollout "Steam Dwarf Diver" Creature lvl1 hero1
t=16 ph=3 ap=0 snaps=2237 hooks=30 inst=73 rollout "Steam Dwarf Diver" Creature lvl1 hero1
t=16 ph=3 ap=0 snaps=2238 hooks=30 inst=73 rollout "Steam Dwarf Diver" Creature lvl1 hero1
t=16 ph=3 ap=0 snaps=2239 hooks=30 inst=73 rollout "Steam Dwarf Diver" Creature lvl1 hero1
t=16 ph=3 ap=0 snaps=2240 hooks=30 inst=73 rollout "Steam Dwarf Diver" Creature lvl1 hero1
t=16 ph=3 ap=0 snaps=2241 hooks=30 inst=73 rollout "Steam Dwarf Diver" Creature lvl1 hero1
t=16 ph=3 ap=0 snaps=2242 hooks=30 inst=73 rollout "Steam Dwarf Diver" Creature lvl1 hero1
t=16 ph=3 ap=0 snaps=2243 hooks=30 inst=73 rollout "Steam Dwarf Diver" Creature lvl1 hero1
t=16 ph=3 ap=0 snaps=2244 hooks=30 inst=73 rollout "Steam Dwarf Diver" Creature lvl1 hero1
t=16 ph=3 ap=0 snaps=2245 hooks=30 inst=73 rollout "Steam Dwarf Diver" Creature lvl1 hero1
t=16 ph=3 ap=0 snaps=2246 hooks=30 inst=73 rollout "Steam Dwarf Diver" Creature lvl1 hero1
t=16 ph=3 ap=0 snaps=2247 hooks=30 inst=73 rollout "Steam Dwarf Diver" Creature lvl1 hero1
t=16 ph=3 ap=0 snaps=2248 hooks=30 inst=73 rollout "Steam Dwarf Diver" Creature lvl1 hero1
t=16 ph=3 ap=0 snaps=2249 hooks=30 inst=73 rollout "Steam Dwarf Diver" Creature lvl1 hero1
t=16 ph=3 ap=0 snaps=2250 hooks=30 inst=73 rollout "Steam Dwarf Diver" Creature lvl1 hero1
t=16 ph=3 ap=0 snaps=2251 hooks=30 inst=73 rollout "Steam Dwarf Diver" Creature lvl1 hero1
t=16 ph=3 ap=0 snaps=2252 hooks=30 inst=73 rollout "Steam Dwarf Diver" Creature lvl1 hero1
t=16 ph=3 ap=0 snaps=2253 hooks=30 inst=73 rollout "Steam Dwarf Diver" Creature lvl1 hero1
t=16 ph=3 ap=0 snaps=2254 hooks=30 inst=73 rollout "Steam Dwarf Diver" Creature lvl1 hero1
t=16 ph=3 ap=0 snaps=2255 hooks=30 inst=73 rollout "Steam Dwarf Diver" Creature lvl1 hero1
t=16 ph=3 ap=0 snaps=2256 hooks=30 inst=73 rollout "Steam Dwarf Diver" Creature lvl1 hero1
t=16 ph=3 ap=0 snaps=2257 hooks=30 inst=73 rollout "Steam Dwarf Diver" Creature lvl1 hero1
t=16 ph=3 ap=0 snaps=2258 hooks=30 inst=73 rollout "Steam Dwarf Diver" Creature lvl1 hero1
t=16 ph=3 ap=0 snaps=2259 hooks=30 inst=73 rollout "Steam Dwarf Diver" Creature lvl1 hero1
t=16 ph=3 ap=0 snaps=2260 hooks=30 inst=73 rollout "Steam Dwarf Diver" Creature lvl1 hero1
t=16 ph=3 ap=0 snaps=2261 hooks=30 inst=73 rollout "Steam Dwarf Diver" Creature lvl1 hero1
t=16 ph=3 ap=0 snaps=2262 hooks=30 inst=73 rollout "Steam Dwarf Diver" Creature lvl1 hero1
t=16 ph=3 ap=0 snaps=2263 hooks=30 inst=73 rollout "Steam Dwarf Diver" Creature lvl1 hero1
t=16 ph=3 ap=0 snaps=2264 hooks=30 inst=73 rollout "Steam Dwarf Diver" Creature lvl1 hero1
t=16 ph=3 ap=0 snaps=2265 hooks=30 inst=73 rollout "Steam Dwarf Diver" Creature lvl1 hero1
t=16 ph=3 ap=0 snaps=2266 hooks=30 inst=73 rollout "Steam Dwarf Diver" Creature lvl1 hero1
t=16 ph=3 ap=0 snaps=2267 hooks=30 inst=73 rollout "Steam Dwarf Diver" Creature lvl1 hero1
t=16 ph=3 ap=0 snaps=2268 hooks=30 inst=73 rollout "Steam Dwarf Diver" Creature lvl1 hero1
t=16 ph=3 ap=0 snaps=2269 hooks=30 inst=73 rollout "Steam Dwarf Diver" Creature lvl1 hero1
t=16 ph=3 ap=0 snaps=2270 hooks=30 inst=73 rollout "Steam Dwarf Diver" Creature lvl1 hero1
t=16 ph=3 ap=0 snaps=2271 hooks=30 inst=73 rollout "Steam Dwarf Diver" Creature lvl1 hero1
t=16 ph=3 ap=0 snaps=2272 hooks=30 inst=73 rollout "Steam Dwarf Diver" Creature lvl1 hero1
t=16 ph=3 ap=0 snaps=2273 hooks=30 inst=73 rollout "Steam Dwarf Diver" Creature lvl1 hero1
t=16 ph=3 ap=0 snaps=2274 hooks=30 inst=73 rollout "Steam Dwarf Diver" Creature lvl1 hero1
t=16 ph=3 ap=0 snaps=2275 hooks=30 inst=73 rollout "Steam Dwarf Diver" Creature lvl1 hero1
t=16 ph=3 ap=0 snaps=2276 hooks=30 inst=73 rollout "Steam Dwarf Diver" Creature lvl1 hero1
t=16 ph=3 ap=0 snaps=2277 hooks=30 inst=73 rollout "Steam Dwarf Diver" Creature lvl1 hero1
t=16 ph=3 ap=0 snaps=2278 hooks=30 inst=73 rollout "Steam Dwarf Diver" Creature lvl1 hero1
t=16 ph=3 ap=0 snaps=2279 hooks=30 inst=73 rollout "Steam Dwarf Diver" Creature lvl1 hero1
t=16 ph=3 ap=0 snaps=2280 hooks=30 inst=73 rollout "Steam Dwarf Diver" Creature lvl1 hero1
t=16 ph=3 ap=0 snaps=2281 hooks=30 inst=73 rollout "Steam Dwarf Diver" Creature lvl1 hero1
t=16 ph=3 ap=0 snaps=2282 hooks=30 inst=73 rollout "Steam Dwarf Diver" Creature lvl1 hero1
t=16 ph=3 ap=0 snaps=2283 hooks=30 inst=73 rollout "Steam Dwarf Diver" Creature lvl1 hero1
t=16 ph=3 ap=0 snaps=2284 hooks=30 inst=73 rollout "Steam Dwarf Diver" Creature lvl1 hero1
t=16 ph=3 ap=0 snaps=2285 hooks=30 inst=73 rollout "Steam Dwarf Diver" Creature lvl1 hero1
t=16 ph=3 ap=0 snaps=2286 hooks=30 inst=73 rollout "Steam Dwarf Diver" Creature lvl1 hero1
t=16 ph=3 ap=0 snaps=2287 hooks=30 inst=73 summon "Steam Dwarf Diver" p0/h1
t=16 ph=5 ap=0 snaps=2288 hooks=39 inst=74 switchTurn ending p0
t=17 ph=2 ap=1 snaps=2288 hooks=10 inst=75 cpuTurnStart cpu=p1 hand=6
t=17 ph=5 ap=1 snaps=2294 hooks=17 inst=75 switchTurn ending p1
t=18 ph=2 ap=0 snaps=2294 hooks=10 inst=76 cpuTurnStart cpu=p0 hand=2

=== GAME 4/1000: Slimy Infestation vs Shifting Sandlands @ 2026-05-01T09:57:22.306Z ===
t=1 ph=2 ap=1 snaps=0 hooks=11 inst=30 cpuTurnStart cpu=p1 hand=7
t=1 ph=3 ap=1 snaps=43 hooks=31 inst=39 rollout "Telekinesis" Spell lvl0 hero1
t=1 ph=3 ap=1 snaps=96 hooks=31 inst=39 rollout "Adventurousness" AbilityAction lvl1 hero2
t=1 ph=3 ap=1 snaps=138 hooks=31 inst=39 rollout "Telekinesis" Spell lvl0 hero1
t=1 ph=3 ap=1 snaps=187 hooks=31 inst=39 rollout "Telekinesis" Spell lvl0 hero1
t=1 ph=3 ap=1 snaps=222 hooks=31 inst=39 rollout "Telekinesis" Spell lvl0 hero1
t=1 ph=3 ap=1 snaps=274 hooks=31 inst=39 rollout "Telekinesis" Spell lvl0 hero1
t=1 ph=3 ap=1 snaps=312 hooks=31 inst=39 rollout "Telekinesis" Spell lvl0 hero1
t=1 ph=3 ap=1 snaps=347 hooks=31 inst=39 rollout "Telekinesis" Spell lvl0 hero1
t=1 ph=3 ap=1 snaps=382 hooks=31 inst=39 rollout "Telekinesis" Spell lvl0 hero1
t=1 ph=3 ap=1 snaps=412 hooks=31 inst=39 rollout "Adventurousness" AbilityAction lvl1 hero2
t=1 ph=3 ap=1 snaps=455 hooks=31 inst=39 rollout "Adventurousness" AbilityAction lvl1 hero2
t=1 ph=3 ap=1 snaps=507 hooks=31 inst=39 rollout "Adventurousness" AbilityAction lvl1 hero2
t=1 ph=3 ap=1 snaps=551 hooks=31 inst=39 rollout "Adventurousness" AbilityAction lvl1 hero2
t=1 ph=3 ap=1 snaps=597 hooks=31 inst=39 rollout "Adventurousness" AbilityAction lvl1 hero2
t=1 ph=3 ap=1 snaps=640 hooks=31 inst=39 rollout "Adventurousness" AbilityAction lvl1 hero2
t=1 ph=3 ap=1 snaps=681 hooks=31 inst=39 rollout "Adventurousness" AbilityAction lvl1 hero2
t=1 ph=3 ap=1 snaps=721 hooks=31 inst=39 rollout "Telekinesis" Spell lvl0 hero1
t=1 ph=3 ap=1 snaps=753 hooks=31 inst=39 rollout "Telekinesis" Spell lvl0 hero1
t=1 ph=3 ap=1 snaps=785 hooks=31 inst=39 rollout "Telekinesis" Spell lvl0 hero1
t=1 ph=3 ap=1 snaps=818 hooks=31 inst=39 rollout "Telekinesis" Spell lvl0 hero1
t=1 ph=3 ap=1 snaps=851 hooks=31 inst=39 rollout "Telekinesis" Spell lvl0 hero1
t=1 ph=3 ap=1 snaps=893 hooks=31 inst=39 rollout "Telekinesis" Spell lvl0 hero1
t=1 ph=3 ap=1 snaps=935 hooks=31 inst=39 rollout "Telekinesis" Spell lvl0 hero1
t=1 ph=3 ap=1 snaps=969 hooks=31 inst=39 rollout "Telekinesis" Spell lvl0 hero1
t=1 ph=3 ap=1 snaps=1008 hooks=31 inst=39 rollout "Telekinesis" Spell lvl0 hero1
t=1 ph=3 ap=1 snaps=1053 hooks=31 inst=39 rollout "Telekinesis" Spell lvl0 hero1
t=1 ph=3 ap=1 snaps=1116 hooks=31 inst=39 rollout "Telekinesis" Spell lvl0 hero1
t=1 ph=3 ap=1 snaps=1155 hooks=31 inst=39 rollout "Telekinesis" Spell lvl0 hero1
t=1 ph=3 ap=1 snaps=1198 hooks=31 inst=39 rollout "Adventurousness" AbilityAction lvl1 hero2
t=1 ph=3 ap=1 snaps=1244 hooks=31 inst=39 rollout "Adventurousness" AbilityAction lvl1 hero2
t=1 ph=3 ap=1 snaps=1296 hooks=31 inst=39 rollout "Telekinesis" Spell lvl0 hero1
t=1 ph=3 ap=1 snaps=1340 hooks=31 inst=39 rollout "Telekinesis" Spell lvl0 hero1
t=1 ph=3 ap=1 snaps=1376 hooks=31 inst=39 rollout "Telekinesis" Spell lvl0 hero1
t=1 ph=3 ap=1 snaps=1410 hooks=31 inst=39 rollout "Telekinesis" Spell lvl0 hero1
t=1 ph=3 ap=1 snaps=1457 hooks=31 inst=39 rollout "Adventurousness" AbilityAction lvl1 hero2
t=1 ph=3 ap=1 snaps=1497 hooks=31 inst=39 rollout "Telekinesis" Spell lvl0 hero1
t=1 ph=3 ap=1 snaps=1536 hooks=31 inst=39 rollout "Telekinesis" Spell lvl0 hero1
t=1 ph=3 ap=1 snaps=1572 hooks=31 inst=39 rollout "Telekinesis" Spell lvl0 hero1
t=1 ph=3 ap=1 snaps=1612 hooks=31 inst=39 rollout "Telekinesis" Spell lvl0 hero1
t=1 ph=3 ap=1 snaps=1645 hooks=31 inst=39 rollout "Telekinesis" Spell lvl0 hero1
t=1 ph=3 ap=1 snaps=1689 hooks=31 inst=39 rollout "Adventurousness" AbilityAction lvl1 hero2
t=1 ph=3 ap=1 snaps=1732 hooks=31 inst=39 rollout "Adventurousness" AbilityAction lvl1 hero2
t=1 ph=3 ap=1 snaps=1770 hooks=31 inst=39 rollout "Telekinesis" Spell lvl0 hero1
t=1 ph=3 ap=1 snaps=1816 hooks=31 inst=39 rollout "Telekinesis" Spell lvl0 hero1
t=1 ph=3 ap=1 snaps=1853 hooks=31 inst=39 rollout "Telekinesis" Spell lvl0 hero1
t=1 ph=3 ap=1 snaps=1890 hooks=31 inst=39 rollout "Telekinesis" Spell lvl0 hero1
t=1 ph=3 ap=1 snaps=1936 hooks=31 inst=39 rollout "Telekinesis" Spell lvl0 hero1
t=1 ph=3 ap=1 snaps=1968 hooks=31 inst=39 rollout "Telekinesis" Spell lvl0 hero1
t=1 ph=3 ap=1 snaps=2000 hooks=31 inst=39 rollout "Telekinesis" Spell lvl0 hero1
t=1 ph=3 ap=1 snaps=2035 hooks=31 inst=39 rollout "Telekinesis" Spell lvl0 hero1
t=1 ph=3 ap=1 snaps=2070 hooks=31 inst=39 rollout "Telekinesis" Spell lvl0 hero1
t=1 ph=3 ap=1 snaps=2118 hooks=31 inst=39 rollout "Telekinesis" Spell lvl0 hero1
t=1 ph=3 ap=1 snaps=2148 hooks=31 inst=39 rollout "Telekinesis" Spell lvl0 hero1
t=1 ph=3 ap=1 snaps=2198 hooks=31 inst=39 rollout "Telekinesis" Spell lvl0 hero1
t=1 ph=3 ap=1 snaps=2255 hooks=31 inst=39 rollout "Telekinesis" Spell lvl0 hero1
t=1 ph=3 ap=1 snaps=2317 hooks=31 inst=39 rollout "Telekinesis" Spell lvl0 hero1
t=1 ph=3 ap=1 snaps=2363 hooks=31 inst=39 rollout "Telekinesis" Spell lvl0 hero1
t=1 ph=3 ap=1 snaps=2389 hooks=31 inst=39 rollout "Telekinesis" Spell lvl0 hero1
t=1 ph=3 ap=1 snaps=2433 hooks=31 inst=39 rollout "Telekinesis" Spell lvl0 hero1
t=1 ph=3 ap=1 snaps=2483 hooks=31 inst=39 rollout "Telekinesis" Spell lvl0 hero1
t=1 ph=3 ap=1 snaps=2527 hooks=31 inst=39 rollout "Telekinesis" Spell lvl0 hero1
t=1 ph=3 ap=1 snaps=2569 hooks=31 inst=39 rollout "Telekinesis" Spell lvl0 hero1
t=1 ph=3 ap=1 snaps=2615 hooks=31 inst=39 rollout "Telekinesis" Spell lvl0 hero1
t=1 ph=3 ap=1 snaps=2657 hooks=31 inst=39 rollout "Telekinesis" Spell lvl0 hero1
t=1 ph=3 ap=1 snaps=2695 hooks=31 inst=39 rollout "Telekinesis" Spell lvl0 hero1
t=1 ph=3 ap=1 snaps=2733 hooks=31 inst=39 rollout "Telekinesis" Spell lvl0 hero1
t=1 ph=3 ap=1 snaps=2774 hooks=31 inst=39 rollout "Telekinesis" Spell lvl0 hero1
t=1 ph=3 ap=1 snaps=2815 hooks=31 inst=39 rollout "Telekinesis" Spell lvl0 hero1
t=1 ph=5 ap=1 snaps=2851 hooks=44 inst=38 switchTurn ending p1
t=2 ph=2 ap=0 snaps=2851 hooks=13 inst=39 cpuTurnStart cpu=p0 hand=7
t=2 ph=3 ap=0 snaps=2857 hooks=20 inst=40 rollout "Cloudy Slime" Creature lvl0 hero0
t=2 ph=3 ap=0 snaps=2891 hooks=20 inst=40 rollout "Cloudy Slime" Creature lvl0 hero0
t=2 ph=3 ap=0 snaps=2930 hooks=20 inst=40 rollout "Cloudy Slime" Creature lvl0 hero0
t=2 ph=3 ap=0 snaps=3005 hooks=20 inst=40 rollout "Icy Slime" Creature lvl0 hero0
t=2 ph=3 ap=0 snaps=3053 hooks=20 inst=40 rollout "Icy Slime" Creature lvl0 hero0
t=2 ph=3 ap=0 snaps=3100 hooks=20 inst=40 rollout "Icy Slime" Creature lvl0 hero0
t=2 ph=3 ap=0 snaps=3131 hooks=20 inst=40 rollout "Fiery Slime" Creature lvl0 hero0
t=2 ph=3 ap=0 snaps=3174 hooks=20 inst=40 rollout "Fiery Slime" Creature lvl0 hero0
t=2 ph=3 ap=0 snaps=3217 hooks=20 inst=40 rollout "Fiery Slime" Creature lvl0 hero0
t=2 ph=3 ap=0 snaps=3264 hooks=20 inst=40 rollout "Rain of Arrows" Spell lvl1 hero0
t=2 ph=3 ap=0 snaps=3301 hooks=20 inst=40 rollout "Shadowy Slime" Creature lvl0 hero0
t=2 ph=3 ap=0 snaps=3356 hooks=20 inst=40 rollout "Shadowy Slime" Creature lvl0 hero0
t=2 ph=3 ap=0 snaps=3398 hooks=20 inst=40 rollout "Shadowy Slime" Creature lvl0 hero0
t=2 ph=3 ap=0 snaps=3445 hooks=20 inst=40 rollout "Cloudy Slime" Creature lvl0 hero0
t=2 ph=3 ap=0 snaps=3497 hooks=20 inst=40 rollout "Cloudy Slime" Creature lvl0 hero0
t=2 ph=3 ap=0 snaps=3545 hooks=20 inst=40 rollout "Cloudy Slime" Creature lvl0 hero0
t=2 ph=3 ap=0 snaps=3589 hooks=20 inst=40 rollout "Cloudy Slime" Creature lvl0 hero0
t=2 ph=3 ap=0 snaps=3627 hooks=20 inst=40 rollout "Cloudy Slime" Creature lvl0 hero0
t=2 ph=3 ap=0 snaps=3656 hooks=20 inst=40 rollout "Cloudy Slime" Creature lvl0 hero0
t=2 ph=3 ap=0 snaps=3707 hooks=20 inst=40 rollout "Icy Slime" Creature lvl0 hero0
t=2 ph=3 ap=0 snaps=3760 hooks=20 inst=40 rollout "Icy Slime" Creature lvl0 hero0
t=2 ph=3 ap=0 snaps=3806 hooks=20 inst=40 rollout "Icy Slime" Creature lvl0 hero0
t=2 ph=3 ap=0 snaps=3848 hooks=20 inst=40 rollout "Icy Slime" Creature lvl0 hero0
t=2 ph=3 ap=0 snaps=3901 hooks=20 inst=40 rollout "Icy Slime" Creature lvl0 hero0
t=2 ph=3 ap=0 snaps=3951 hooks=20 inst=40 rollout "Icy Slime" Creature lvl0 hero0
t=2 ph=3 ap=0 snaps=4002 hooks=20 inst=40 rollout "Icy Slime" Creature lvl0 hero0
t=2 ph=3 ap=0 snaps=4043 hooks=20 inst=40 rollout "Icy Slime" Creature lvl0 hero0
t=2 ph=3 ap=0 snaps=4098 hooks=20 inst=40 rollout "Icy Slime" Creature lvl0 hero0
t=2 ph=3 ap=0 snaps=4143 hooks=20 inst=40 rollout "Icy Slime" Creature lvl0 hero0
t=2 ph=3 ap=0 snaps=4188 hooks=20 inst=40 rollout "Icy Slime" Creature lvl0 hero0
t=2 ph=3 ap=0 snaps=4245 hooks=20 inst=40 rollout "Icy Slime" Creature lvl0 hero0
t=2 ph=3 ap=0 snaps=4304 hooks=20 inst=40 rollout "Icy Slime" Creature lvl0 hero0
t=2 ph=3 ap=0 snaps=4343 hooks=20 inst=40 rollout "Icy Slime" Creature lvl0 hero0
t=2 ph=3 ap=0 snaps=4391 hooks=20 inst=40 rollout "Icy Slime" Creature lvl0 hero0
t=2 ph=3 ap=0 snaps=4441 hooks=20 inst=40 rollout "Icy Slime" Creature lvl0 hero0
t=2 ph=3 ap=0 snaps=4482 hooks=20 inst=40 rollout "Icy Slime" Creature lvl0 hero0
t=2 ph=3 ap=0 snaps=4523 hooks=20 inst=40 rollout "Icy Slime" Creature lvl0 hero0
t=2 ph=3 ap=0 snaps=4579 hooks=20 inst=40 rollout "Icy Slime" Creature lvl0 hero0
t=2 ph=3 ap=0 snaps=4631 hooks=20 inst=40 rollout "Icy Slime" Creature lvl0 hero0
t=2 ph=3 ap=0 snaps=4678 hooks=20 inst=40 rollout "Icy Slime" Creature lvl0 hero0
t=2 ph=3 ap=0 snaps=4743 hooks=20 inst=40 rollout "Fiery Slime" Creature lvl0 hero0
t=2 ph=3 ap=0 snaps=4781 hooks=20 inst=40 rollout "Fiery Slime" Creature lvl0 hero0
t=2 ph=3 ap=0 snaps=4805 hooks=20 inst=40 rollout "Fiery Slime" Creature lvl0 hero0
t=2 ph=3 ap=0 snaps=4841 hooks=20 inst=40 rollout "Fiery Slime" Creature lvl0 hero0
t=2 ph=3 ap=0 snaps=4877 hooks=20 inst=40 rollout "Fiery Slime" Creature lvl0 hero0
t=2 ph=3 ap=0 snaps=4917 hooks=20 inst=40 rollout "Fiery Slime" Creature lvl0 hero0
t=2 ph=3 ap=0 snaps=4956 hooks=20 inst=40 rollout "Fiery Slime" Creature lvl0 hero0
t=2 ph=3 ap=0 snaps=4982 hooks=20 inst=40 rollout "Fiery Slime" Creature lvl0 hero0
t=2 ph=3 ap=0 snaps=5036 hooks=20 inst=40 rollout "Fiery Slime" Creature lvl0 hero0
t=2 ph=3 ap=0 snaps=5094 hooks=20 inst=40 rollout "Fiery Slime" Creature lvl0 hero0
t=2 ph=3 ap=0 snaps=5145 hooks=20 inst=40 rollout "Fiery Slime" Creature lvl0 hero0
t=2 ph=3 ap=0 snaps=5197 hooks=20 inst=40 rollout "Fiery Slime" Creature lvl0 hero0
t=2 ph=3 ap=0 snaps=5238 hooks=20 inst=40 rollout "Fiery Slime" Creature lvl0 hero0
t=2 ph=3 ap=0 snaps=5278 hooks=20 inst=40 rollout "Fiery Slime" Creature lvl0 hero0
t=2 ph=3 ap=0 snaps=5307 hooks=20 inst=40 rollout "Fiery Slime" Creature lvl0 hero0
t=2 ph=3 ap=0 snaps=5351 hooks=20 inst=40 rollout "Fiery Slime" Creature lvl0 hero0
t=2 ph=3 ap=0 snaps=5390 hooks=20 inst=40 rollout "Fiery Slime" Creature lvl0 hero0
t=2 ph=3 ap=0 snaps=5432 hooks=20 inst=40 rollout "Fiery Slime" Creature lvl0 hero0
t=2 ph=3 ap=0 snaps=5484 hooks=20 inst=40 rollout "Fiery Slime" Creature lvl0 hero0
t=2 ph=3 ap=0 snaps=5536 hooks=20 inst=40 rollout "Fiery Slime" Creature lvl0 hero0
t=2 ph=3 ap=0 snaps=5567 hooks=20 inst=40 rollout "Fiery Slime" Creature lvl0 hero0
t=2 ph=3 ap=0 snaps=5599 hooks=20 inst=40 rollout "Rain of Arrows" Spell lvl1 hero0
t=2 ph=3 ap=0 snaps=5639 hooks=20 inst=40 rollout "Rain of Arrows" Spell lvl1 hero0
t=2 ph=3 ap=0 snaps=5691 hooks=20 inst=40 rollout "Rain of Arrows" Spell lvl1 hero0
t=2 ph=3 ap=0 snaps=5746 hooks=20 inst=40 rollout "Shadowy Slime" Creature lvl0 hero0
t=2 ph=3 ap=0 snaps=5797 hooks=20 inst=40 rollout "Shadowy Slime" Creature lvl0 hero0
t=2 ph=3 ap=0 snaps=5836 hooks=20 inst=40 rollout "Shadowy Slime" Creature lvl0 hero0
t=2 ph=3 ap=0 snaps=5879 hooks=20 inst=40 rollout "Shadowy Slime" Creature lvl0 hero0
t=2 ph=3 ap=0 snaps=5939 hooks=20 inst=40 rollout "Shadowy Slime" Creature lvl0 hero0
t=2 ph=3 ap=0 snaps=5978 hooks=20 inst=40 rollout "Shadowy Slime" Creature lvl0 hero0
t=2 ph=3 ap=0 snaps=6039 hooks=20 inst=40 rollout "Rain of Arrows" Spell lvl1 hero0
t=2 ph=3 ap=0 snaps=6098 hooks=20 inst=40 rollout "Fiery Slime" Creature lvl0 hero0
t=2 ph=3 ap=0 snaps=6147 hooks=20 inst=40 rollout "Icy Slime" Creature lvl0 hero0
t=2 ph=3 ap=0 snaps=6199 hooks=20 inst=40 rollout "Icy Slime" Creature lvl0 hero0
t=2 ph=3 ap=0 snaps=6243 hooks=20 inst=40 rollout "Cloudy Slime" Creature lvl0 hero0
t=2 ph=3 ap=0 snaps=6268 hooks=20 inst=40 rollout "Shadowy Slime" Creature lvl0 hero0
t=2 ph=3 ap=0 snaps=6323 hooks=20 inst=40 rollout "Fiery Slime" Creature lvl0 hero0
t=2 ph=3 ap=0 snaps=6372 hooks=20 inst=40 rollout "Fiery Slime" Creature lvl0 hero0
t=2 ph=3 ap=0 snaps=6395 hooks=20 inst=40 rollout "Fiery Slime" Creature lvl0 hero0
t=2 ph=3 ap=0 snaps=6449 hooks=20 inst=40 rollout "Fiery Slime" Creature lvl0 hero0
t=2 ph=3 ap=0 snaps=6497 hooks=20 inst=40 rollout "Icy Slime" Creature lvl0 hero0
t=2 ph=3 ap=0 snaps=6537 hooks=20 inst=40 summon "Fiery Slime" p0/h0
t=2 ph=5 ap=0 snaps=6539 hooks=33 inst=41 switchTurn ending p0
t=3 ph=2 ap=1 snaps=6539 hooks=15 inst=42 cpuTurnStart cpu=p1 hand=6
t=3 ph=3 ap=1 snaps=6555 hooks=37 inst=49 rollout "Cosmic Skeleton" Creature lvl1 hero2
t=3 ph=3 ap=1 snaps=6599 hooks=37 inst=49 rollout "Cosmic Skeleton" Creature lvl1 hero2
t=3 ph=3 ap=1 snaps=6635 hooks=37 inst=49 rollout "Cosmic Skeleton" Creature lvl1 hero2
t=3 ph=3 ap=1 snaps=6683 hooks=37 inst=49 rollout "Rain of Arrows" Spell lvl1 hero0
t=3 ph=3 ap=1 snaps=6736 hooks=37 inst=49 rollout "Rain of Arrows" Spell lvl1 hero1
t=3 ph=3 ap=1 snaps=6779 hooks=37 inst=49 rollout "Adventurousness" AbilityAction lvl1 hero2
t=3 ph=3 ap=1 snaps=6836 hooks=37 inst=49 rollout "Cosmic Skeleton" Creature lvl1 hero2
t=3 ph=3 ap=1 snaps=6868 hooks=37 inst=49 rollout "Cosmic Skeleton" Creature lvl1 hero2
t=3 ph=3 ap=1 snaps=6912 hooks=37 inst=49 rollout "Cosmic Skeleton" Creature lvl1 hero2
t=3 ph=3 ap=1 snaps=6944 hooks=37 inst=49 rollout "Cosmic Skeleton" Creature lvl1 hero2
t=3 ph=3 ap=1 snaps=6995 hooks=37 inst=49 rollout "Cosmic Skeleton" Creature lvl1 hero2
t=3 ph=3 ap=1 snaps=7030 hooks=37 inst=49 rollout "Cosmic Skeleton" Creature lvl1 hero2
t=3 ph=3 ap=1 snaps=7086 hooks=37 inst=49 rollout "Cosmic Skeleton" Creature lvl1 hero2
t=3 ph=3 ap=1 snaps=7135 hooks=37 inst=49 rollout "Cosmic Skeleton" Creature lvl1 hero2
t=3 ph=3 ap=1 snaps=7188 hooks=37 inst=49 rollout "Cosmic Skeleton" Creature lvl1 hero2
t=3 ph=3 ap=1 snaps=7242 hooks=37 inst=49 rollout "Cosmic Skeleton" Creature lvl1 hero2
t=3 ph=3 ap=1 snaps=7276 hooks=37 inst=49 rollout "Cosmic Skeleton" Creature lvl1 hero2
t=3 ph=3 ap=1 snaps=7326 hooks=37 inst=49 rollout "Cosmic Skeleton" Creature lvl1 hero2
t=3 ph=3 ap=1 snaps=7379 hooks=37 inst=49 rollout "Cosmic Skeleton" Creature lvl1 hero2
t=3 ph=3 ap=1 snaps=7432 hooks=37 inst=49 rollout "Cosmic Skeleton" Creature lvl1 hero2
t=3 ph=3 ap=1 snaps=7486 hooks=37 inst=49 rollout "Cosmic Skeleton" Creature lvl1 hero2
t=3 ph=3 ap=1 snaps=7530 hooks=37 inst=49 rollout "Cosmic Skeleton" Creature lvl1 hero2
t=3 ph=3 ap=1 snaps=7568 hooks=37 inst=49 rollout "Cosmic Skeleton" Creature lvl1 hero2
t=3 ph=3 ap=1 snaps=7585 hooks=37 inst=49 rollout "Cosmic Skeleton" Creature lvl1 hero2
t=3 ph=3 ap=1 snaps=7634 hooks=37 inst=49 rollout "Cosmic Skeleton" Creature lvl1 hero2
t=3 ph=3 ap=1 snaps=7682 hooks=37 inst=49 rollout "Cosmic Skeleton" Creature lvl1 hero2
t=3 ph=3 ap=1 snaps=7719 hooks=37 inst=49 rollout "Cosmic Skeleton" Creature lvl1 hero2
t=3 ph=3 ap=1 snaps=7757 hooks=37 inst=49 rollout "Rain of Arrows" Spell lvl1 hero0
t=3 ph=3 ap=1 snaps=7786 hooks=37 inst=49 rollout "Rain of Arrows" Spell lvl1 hero0
t=3 ph=3 ap=1 snaps=7824 hooks=37 inst=49 rollout "Rain of Arrows" Spell lvl1 hero0
t=3 ph=3 ap=1 snaps=7864 hooks=37 inst=49 rollout "Rain of Arrows" Spell lvl1 hero0
t=3 ph=3 ap=1 snaps=7902 hooks=37 inst=49 rollout "Rain of Arrows" Spell lvl1 hero0
t=3 ph=3 ap=1 snaps=7947 hooks=37 inst=49 rollout "Rain of Arrows" Spell lvl1 hero0
t=3 ph=3 ap=1 snaps=7979 hooks=37 inst=49 rollout "Rain of Arrows" Spell lvl1 hero0
t=3 ph=3 ap=1 snaps=8024 hooks=37 inst=49 rollout "Rain of Arrows" Spell lvl1 hero1
t=3 ph=3 ap=1 snaps=8046 hooks=37 inst=49 rollout "Rain of Arrows" Spell lvl1 hero1
t=3 ph=3 ap=1 snaps=8101 hooks=37 inst=49 rollout "Rain of Arrows" Spell lvl1 hero1
t=3 ph=3 ap=1 snaps=8131 hooks=37 inst=49 rollout "Rain of Arrows" Spell lvl1 hero1
t=3 ph=3 ap=1 snaps=8182 hooks=37 inst=49 rollout "Rain of Arrows" Spell lvl1 hero1
t=3 ph=3 ap=1 snaps=8240 hooks=37 inst=49 rollout "Rain of Arrows" Spell lvl1 hero1
t=3 ph=3 ap=1 snaps=8301 hooks=37 inst=49 rollout "Rain of Arrows" Spell lvl1 hero1
t=3 ph=3 ap=1 snaps=8362 hooks=37 inst=49 rollout "Adventurousness" AbilityAction lvl1 hero2
t=3 ph=3 ap=1 snaps=8408 hooks=37 inst=49 rollout "Adventurousness" AbilityAction lvl1 hero2
t=3 ph=3 ap=1 snaps=8447 hooks=37 inst=49 rollout "Adventurousness" AbilityAction lvl1 hero2
t=3 ph=3 ap=1 snaps=8491 hooks=37 inst=49 rollout "Adventurousness" AbilityAction lvl1 hero2
t=3 ph=3 ap=1 snaps=8544 hooks=37 inst=49 rollout "Adventurousness" AbilityAction lvl1 hero2
t=3 ph=3 ap=1 snaps=8606 hooks=37 inst=49 rollout "Adventurousness" AbilityAction lvl1 hero2
t=3 ph=3 ap=1 snaps=8653 hooks=37 inst=49 rollout "Adventurousness" AbilityAction lvl1 hero2
t=3 ph=3 ap=1 snaps=8705 hooks=37 inst=49 rollout "Cosmic Skeleton" Creature lvl1 hero2
t=3 ph=3 ap=1 snaps=8746 hooks=37 inst=49 rollout "Cosmic Skeleton" Creature lvl1 hero2
t=3 ph=3 ap=1 snaps=8777 hooks=37 inst=49 rollout "Cosmic Skeleton" Creature lvl1 hero2
t=3 ph=3 ap=1 snaps=8818 hooks=37 inst=49 rollout "Cosmic Skeleton" Creature lvl1 hero2
t=3 ph=3 ap=1 snaps=8863 hooks=37 inst=49 rollout "Cosmic Skeleton" Creature lvl1 hero2
t=3 ph=3 ap=1 snaps=8909 hooks=37 inst=49 rollout "Cosmic Skeleton" Creature lvl1 hero2
t=3 ph=3 ap=1 snaps=8951 hooks=37 inst=49 rollout "Cosmic Skeleton" Creature lvl1 hero2
t=3 ph=3 ap=1 snaps=8990 hooks=37 inst=49 rollout "Cosmic Skeleton" Creature lvl1 hero2
t=3 ph=3 ap=1 snaps=9026 hooks=37 inst=49 rollout "Cosmic Skeleton" Creature lvl1 hero2
t=3 ph=3 ap=1 snaps=9078 hooks=37 inst=49 rollout "Cosmic Skeleton" Creature lvl1 hero2
t=3 ph=3 ap=1 snaps=9122 hooks=37 inst=49 rollout "Cosmic Skeleton" Creature lvl1 hero2
t=3 ph=3 ap=1 snaps=9158 hooks=37 inst=49 rollout "Adventurousness" AbilityAction lvl1 hero2
t=3 ph=3 ap=1 snaps=9233 hooks=37 inst=49 rollout "Cosmic Skeleton" Creature lvl1 hero2
t=3 ph=3 ap=1 snaps=9265 hooks=37 inst=49 rollout "Cosmic Skeleton" Creature lvl1 hero2
t=3 ph=3 ap=1 snaps=9300 hooks=37 inst=49 rollout "Cosmic Skeleton" Creature lvl1 hero2
t=3 ph=3 ap=1 snaps=9351 hooks=37 inst=49 rollout "Cosmic Skeleton" Creature lvl1 hero2
t=3 ph=3 ap=1 snaps=9404 hooks=37 inst=49 rollout "Cosmic Skeleton" Creature lvl1 hero2
t=3 ph=3 ap=1 snaps=9458 hooks=37 inst=49 rollout "Cosmic Skeleton" Creature lvl1 hero2
t=3 ph=3 ap=1 snaps=9508 hooks=37 inst=49 rollout "Cosmic Skeleton" Creature lvl1 hero2
t=3 ph=3 ap=1 snaps=9540 hooks=37 inst=49 rollout "Cosmic Skeleton" Creature lvl1 hero2
t=3 ph=3 ap=1 snaps=9582 hooks=37 inst=49 rollout "Cosmic Skeleton" Creature lvl1 hero2
t=3 ph=3 ap=1 snaps=9642 hooks=37 inst=49 rollout "Cosmic Skeleton" Creature lvl1 hero2
t=3 ph=3 ap=1 snaps=9697 hooks=37 inst=49 rollout "Cosmic Skeleton" Creature lvl1 hero2
t=3 ph=3 ap=1 snaps=9757 hooks=37 inst=49 rollout "Cosmic Skeleton" Creature lvl1 hero2
t=3 ph=3 ap=1 snaps=9801 hooks=37 inst=49 rollout "Cosmic Skeleton" Creature lvl1 hero2
t=3 ph=3 ap=1 snaps=9848 hooks=37 inst=49 rollout "Cosmic Skeleton" Creature lvl1 hero2
t=3 ph=3 ap=1 snaps=9890 hooks=37 inst=49 rollout "Cosmic Skeleton" Creature lvl1 hero2
t=3 ph=3 ap=1 snaps=9942 hooks=37 inst=49 rollout "Cosmic Skeleton" Creature lvl1 hero2
t=3 ph=3 ap=1 snaps=9985 hooks=37 inst=49 rollout "Cosmic Skeleton" Creature lvl1 hero2
t=3 ph=3 ap=1 snaps=10025 hooks=37 inst=49 rollout "Cosmic Skeleton" Creature lvl1 hero2
t=3 ph=3 ap=1 snaps=10061 hooks=37 inst=49 rollout "Cosmic Skeleton" Creature lvl1 hero2
t=3 ph=3 ap=1 snaps=10102 hooks=37 inst=49 rollout "Cosmic Skeleton" Creature lvl1 hero2
t=3 ph=3 ap=1 snaps=10146 hooks=37 inst=49 summon "Cosmic Skeleton" p1/h2
t=3 ph=5 ap=1 snaps=10152 hooks=55 inst=50 switchTurn ending p1
t=4 ph=2 ap=0 snaps=10152 hooks=10 inst=51 cpuTurnStart cpu=p0 hand=6
t=4 ph=3 ap=0 snaps=10155 hooks=12 inst=51 rollout "Cloudy Slime" Creature lvl0 hero0
t=4 ph=3 ap=0 snaps=10178 hooks=12 inst=51 rollout "Cloudy Slime" Creature lvl0 hero0
t=4 ph=3 ap=0 snaps=10214 hooks=12 inst=51 rollout "Cloudy Slime" Creature lvl0 hero0
t=4 ph=3 ap=0 snaps=10231 hooks=12 inst=51 rollout "Icy Slime" Creature lvl0 hero0
t=4 ph=3 ap=0 snaps=10267 hooks=12 inst=51 rollout "Icy Slime" Creature lvl0 hero0
t=4 ph=3 ap=0 snaps=10311 hooks=12 inst=51 rollout "Icy Slime" Creature lvl0 hero0
t=4 ph=3 ap=0 snaps=10331 hooks=12 inst=51 rollout "Rain of Arrows" Spell lvl1 hero0
t=4 ph=3 ap=0 snaps=10375 hooks=12 inst=51 rollout "Shadowy Slime" Creature lvl0 hero0
t=4 ph=3 ap=0 snaps=10391 hooks=12 inst=51 rollout "Shadowy Slime" Creature lvl0 hero0
t=4 ph=3 ap=0 snaps=10424 hooks=12 inst=51 rollout "Shadowy Slime" Creature lvl0 hero0
t=4 ph=3 ap=0 snaps=10442 hooks=12 inst=51 rollout "Fiery Slime" Creature lvl0 hero0
t=4 ph=3 ap=0 snaps=10443 hooks=12 inst=51 rollout "Fiery Slime" Creature lvl0 hero0
t=4 ph=3 ap=0 snaps=10472 hooks=12 inst=51 rollout "Fiery Slime" Creature lvl0 hero0
t=4 ph=3 ap=0 snaps=10482 hooks=12 inst=51 rollout "Cloudy Slime" Creature lvl0 hero0
t=4 ph=3 ap=0 snaps=10502 hooks=12 inst=51 rollout "Cloudy Slime" Creature lvl0 hero0
t=4 ph=3 ap=0 snaps=10553 hooks=12 inst=51 rollout "Cloudy Slime" Creature lvl0 hero0
t=4 ph=3 ap=0 snaps=10580 hooks=12 inst=51 rollout "Cloudy Slime" Creature lvl0 hero0
t=4 ph=3 ap=0 snaps=10612 hooks=12 inst=51 rollout "Cloudy Slime" Creature lvl0 hero0
t=4 ph=3 ap=0 snaps=10644 hooks=12 inst=51 rollout "Cloudy Slime" Creature lvl0 hero0
t=4 ph=3 ap=0 snaps=10668 hooks=12 inst=51 rollout "Cloudy Slime" Creature lvl0 hero0
t=4 ph=3 ap=0 snaps=10721 hooks=12 inst=51 rollout "Cloudy Slime" Creature lvl0 hero0
t=4 ph=3 ap=0 snaps=10769 hooks=12 inst=51 rollout "Cloudy Slime" Creature lvl0 hero0
t=4 ph=3 ap=0 snaps=10819 hooks=12 inst=51 rollout "Cloudy Slime" Creature lvl0 hero0
t=4 ph=3 ap=0 snaps=10859 hooks=12 inst=51 rollout "Icy Slime" Creature lvl0 hero0
t=4 ph=3 ap=0 snaps=10893 hooks=12 inst=51 rollout "Icy Slime" Creature lvl0 hero0
t=4 ph=3 ap=0 snaps=10944 hooks=12 inst=51 rollout "Icy Slime" Creature lvl0 hero0
t=4 ph=3 ap=0 snaps=10996 hooks=12 inst=51 rollout "Icy Slime" Creature lvl0 hero0
t=4 ph=3 ap=0 snaps=11014 hooks=12 inst=51 rollout "Icy Slime" Creature lvl0 hero0
t=4 ph=3 ap=0 snaps=11055 hooks=12 inst=51 rollout "Icy Slime" Creature lvl0 hero0
t=4 ph=3 ap=0 snaps=11094 hooks=12 inst=51 rollout "Icy Slime" Creature lvl0 hero0
t=4 ph=3 ap=0 snaps=11131 hooks=12 inst=51 rollout "Icy Slime" Creature lvl0 hero0
t=4 ph=3 ap=0 snaps=11171 hooks=12 inst=51 rollout "Icy Slime" Creature lvl0 hero0
t=4 ph=3 ap=0 snaps=11204 hooks=12 inst=51 rollout "Icy Slime" Creature lvl0 hero0
t=4 ph=3 ap=0 snaps=11247 hooks=12 inst=51 rollout "Icy Slime" Creature lvl0 hero0
t=4 ph=3 ap=0 snaps=11291 hooks=12 inst=51 rollout "Icy Slime" Creature lvl0 hero0
t=4 ph=3 ap=0 snaps=11331 hooks=12 inst=51 rollout "Icy Slime" Creature lvl0 hero0
t=4 ph=3 ap=0 snaps=11371 hooks=12 inst=51 rollout "Icy Slime" Creature lvl0 hero0
t=4 ph=3 ap=0 snaps=11419 hooks=12 inst=51 rollout "Icy Slime" Creature lvl0 hero0
t=4 ph=3 ap=0 snaps=11470 hooks=12 inst=51 rollout "Icy Slime" Creature lvl0 hero0
t=4 ph=3 ap=0 snaps=11496 hooks=12 inst=51 rollout "Icy Slime" Creature lvl0 hero0
t=4 ph=3 ap=0 snaps=11529 hooks=12 inst=51 rollout "Icy Slime" Creature lvl0 hero0
t=4 ph=3 ap=0 snaps=11559 hooks=12 inst=51 rollout "Icy Slime" Creature lvl0 hero0
t=4 ph=3 ap=0 snaps=11584 hooks=12 inst=51 rollout "Icy Slime" Creature lvl0 hero0
t=4 ph=3 ap=0 snaps=11615 hooks=12 inst=51 rollout "Icy Slime" Creature lvl0 hero0
t=4 ph=3 ap=0 snaps=11652 hooks=12 inst=51 rollout "Icy Slime" Creature lvl0 hero0
t=4 ph=3 ap=0 snaps=11685 hooks=12 inst=51 rollout "Icy Slime" Creature lvl0 hero0
t=4 ph=3 ap=0 snaps=11722 hooks=12 inst=51 rollout "Icy Slime" Creature lvl0 hero0
t=4 ph=3 ap=0 snaps=11748 hooks=12 inst=51 rollout "Rain of Arrows" Spell lvl1 hero0
t=4 ph=3 ap=0 snaps=11749 hooks=12 inst=51 rollout "Rain of Arrows" Spell lvl1 hero0
t=4 ph=3 ap=0 snaps=11767 hooks=12 inst=51 rollout "Rain of Arrows" Spell lvl1 hero0
t=4 ph=3 ap=0 snaps=11792 hooks=12 inst=51 rollout "Rain of Arrows" Spell lvl1 hero0
t=4 ph=3 ap=0 snaps=11810 hooks=12 inst=51 rollout "Rain of Arrows" Spell lvl1 hero0
t=4 ph=3 ap=0 snaps=11839 hooks=12 inst=51 rollout "Rain of Arrows" Spell lvl1 hero0
t=4 ph=3 ap=0 snaps=11859 hooks=12 inst=51 rollout "Rain of Arrows" Spell lvl1 hero0
t=4 ph=3 ap=0 snaps=11878 hooks=12 inst=51 rollout "Shadowy Slime" Creature lvl0 hero0
t=4 ph=3 ap=0 snaps=11909 hooks=12 inst=51 rollout "Shadowy Slime" Creature lvl0 hero0
t=4 ph=3 ap=0 snaps=11942 hooks=12 inst=51 rollout "Shadowy Slime" Creature lvl0 hero0
t=4 ph=3 ap=0 snaps=11988 hooks=12 inst=51 rollout "Shadowy Slime" Creature lvl0 hero0
t=4 ph=3 ap=0 snaps=12026 hooks=12 inst=51 rollout "Shadowy Slime" Creature lvl0 hero0
t=4 ph=3 ap=0 snaps=12059 hooks=12 inst=51 rollout "Shadowy Slime" Creature lvl0 hero0
t=4 ph=3 ap=0 snaps=12095 hooks=12 inst=51 rollout "Shadowy Slime" Creature lvl0 hero0
t=4 ph=3 ap=0 snaps=12154 hooks=12 inst=51 rollout "Shadowy Slime" Creature lvl0 hero0
t=4 ph=3 ap=0 snaps=12182 hooks=12 inst=51 rollout "Shadowy Slime" Creature lvl0 hero0
t=4 ph=3 ap=0 snaps=12239 hooks=12 inst=51 rollout "Shadowy Slime" Creature lvl0 hero0
t=4 ph=3 ap=0 snaps=12271 hooks=12 inst=51 rollout "Shadowy Slime" Creature lvl0 hero0
t=4 ph=3 ap=0 snaps=12304 hooks=12 inst=51 rollout "Shadowy Slime" Creature lvl0 hero0
t=4 ph=3 ap=0 snaps=12338 hooks=12 inst=51 rollout "Fiery Slime" Creature lvl0 hero0
t=4 ph=3 ap=0 snaps=12375 hooks=12 inst=51 rollout "Fiery Slime" Creature lvl0 hero0
t=4 ph=3 ap=0 snaps=12399 hooks=12 inst=51 rollout "Fiery Slime" Creature lvl0 hero0
t=4 ph=3 ap=0 snaps=12422 hooks=12 inst=51 rollout "Fiery Slime" Creature lvl0 hero0
t=4 ph=3 ap=0 snaps=12444 hooks=12 inst=51 rollout "Fiery Slime" Creature lvl0 hero0
t=4 ph=3 ap=0 snaps=12459 hooks=12 inst=51 rollout "Fiery Slime" Creature lvl0 hero0
t=4 ph=3 ap=0 snaps=12516 hooks=12 inst=51 rollout "Fiery Slime" Creature lvl0 hero0
t=4 ph=3 ap=0 snaps=12560 hooks=12 inst=51 rollout "Fiery Slime" Creature lvl0 hero0
t=4 ph=3 ap=0 snaps=12579 hooks=12 inst=51 rollout "Fiery Slime" Creature lvl0 hero0
t=4 ph=3 ap=0 snaps=12614 hooks=12 inst=51 rollout "Fiery Slime" Creature lvl0 hero0
t=4 ph=3 ap=0 snaps=12647 hooks=12 inst=51 rollout "Fiery Slime" Creature lvl0 hero0
t=4 ph=3 ap=0 snaps=12672 hooks=12 inst=51 rollout "Fiery Slime" Creature lvl0 hero0
t=4 ph=3 ap=0 snaps=12707 hooks=12 inst=51 rollout "Fiery Slime" Creature lvl0 hero0
t=4 ph=3 ap=0 snaps=12755 hooks=12 inst=51 rollout "Fiery Slime" Creature lvl0 hero0
t=4 ph=3 ap=0 snaps=12804 hooks=12 inst=51 rollout "Fiery Slime" Creature lvl0 hero0
t=4 ph=3 ap=0 snaps=12842 hooks=12 inst=51 rollout "Fiery Slime" Creature lvl0 hero0
t=4 ph=3 ap=0 snaps=12888 hooks=12 inst=51 rollout "Fiery Slime" Creature lvl0 hero0
t=4 ph=3 ap=0 snaps=12926 hooks=12 inst=51 rollout "Fiery Slime" Creature lvl0 hero0
t=4 ph=3 ap=0 snaps=12964 hooks=12 inst=51 rollout "Fiery Slime" Creature lvl0 hero0
t=4 ph=3 ap=0 snaps=13013 hooks=12 inst=51 rollout "Fiery Slime" Creature lvl0 hero0
t=4 ph=3 ap=0 snaps=13072 hooks=12 inst=51 rollout "Fiery Slime" Creature lvl0 hero0
t=4 ph=3 ap=0 snaps=13099 hooks=12 inst=51 summon "Fiery Slime" p0/h0
t=4 ph=5 ap=0 snaps=13102 hooks=22 inst=52 switchTurn ending p0
t=5 ph=2 ap=1 snaps=13102 hooks=13 inst=54 cpuTurnStart cpu=p1 hand=6
t=5 ph=3 ap=1 snaps=13133 hooks=36 inst=60 rollout "Rain of Arrows" Spell lvl1 hero0
t=5 ph=3 ap=1 snaps=13172 hooks=36 inst=60 rollout "Rain of Arrows" Spell lvl1 hero1
t=5 ph=3 ap=1 snaps=13185 hooks=36 inst=60 rollout "Cosmic Skeleton" Creature lvl1 hero2
t=5 ph=3 ap=1 snaps=13211 hooks=36 inst=60 rollout "Cosmic Skeleton" Creature lvl1 hero2
t=5 ph=3 ap=1 snaps=13235 hooks=36 inst=60 rollout "Adventurousness" AbilityAction lvl1 hero2
t=5 ph=3 ap=1 snaps=13269 hooks=36 inst=60 rollout "Rain of Arrows" Spell lvl1 hero0
t=5 ph=3 ap=1 snaps=13279 hooks=36 inst=60 rollout "Rain of Arrows" Spell lvl1 hero0
t=5 ph=3 ap=1 snaps=13280 hooks=36 inst=60 rollout "Rain of Arrows" Spell lvl1 hero0
t=5 ph=3 ap=1 snaps=13304 hooks=36 inst=60 rollout "Rain of Arrows" Spell lvl1 hero0
t=5 ph=3 ap=1 snaps=13322 hooks=36 inst=60 rollout "Rain of Arrows" Spell lvl1 hero0
t=5 ph=3 ap=1 snaps=13344 hooks=36 inst=60 rollout "Rain of Arrows" Spell lvl1 hero0
t=5 ph=3 ap=1 snaps=13378 hooks=36 inst=60 rollout "Rain of Arrows" Spell lvl1 hero0
t=5 ph=3 ap=1 snaps=13405 hooks=36 inst=60 rollout "Rain of Arrows" Spell lvl1 hero1
t=5 ph=3 ap=1 snaps=13423 hooks=36 inst=60 rollout "Rain of Arrows" Spell lvl1 hero1
t=5 ph=3 ap=1 snaps=13442 hooks=36 inst=60 rollout "Rain of Arrows" Spell lvl1 hero1
t=5 ph=3 ap=1 snaps=13443 hooks=36 inst=60 rollout "Rain of Arrows" Spell lvl1 hero1
t=5 ph=3 ap=1 snaps=13463 hooks=36 inst=60 rollout "Rain of Arrows" Spell lvl1 hero1
t=5 ph=3 ap=1 snaps=13474 hooks=36 inst=60 rollout "Rain of Arrows" Spell lvl1 hero1
t=5 ph=3 ap=1 snaps=13504 hooks=36 inst=60 rollout "Rain of Arrows" Spell lvl1 hero1
t=5 ph=3 ap=1 snaps=13535 hooks=36 inst=60 rollout "Cosmic Skeleton" Creature lvl1 hero2
t=5 ph=3 ap=1 snaps=13580 hooks=36 inst=60 rollout "Cosmic Skeleton" Creature lvl1 hero2
t=5 ph=3 ap=1 snaps=13596 hooks=36 inst=60 rollout "Cosmic Skeleton" Creature lvl1 hero2
t=5 ph=3 ap=1 snaps=13646 hooks=36 inst=60 rollout "Cosmic Skeleton" Creature lvl1 hero2
t=5 ph=3 ap=1 snaps=13672 hooks=36 inst=60 rollout "Adventurousness" AbilityAction lvl1 hero2
t=5 ph=3 ap=1 snaps=13718 hooks=36 inst=60 rollout "Adventurousness" AbilityAction lvl1 hero2
t=5 ph=3 ap=1 snaps=13746 hooks=36 inst=60 rollout "Adventurousness" AbilityAction lvl1 hero2
t=5 ph=3 ap=1 snaps=13776 hooks=36 inst=60 rollout "Adventurousness" AbilityAction lvl1 hero2
t=5 ph=3 ap=1 snaps=13802 hooks=36 inst=60 rollout "Adventurousness" AbilityAction lvl1 hero2
t=5 ph=3 ap=1 snaps=13834 hooks=36 inst=60 rollout "Adventurousness" AbilityAction lvl1 hero2
t=5 ph=3 ap=1 snaps=13885 hooks=36 inst=60 rollout "Adventurousness" AbilityAction lvl1 hero2
t=5 ph=3 ap=1 snaps=13944 hooks=36 inst=60 rollout "Rain of Arrows" Spell lvl1 hero0
t=5 ph=3 ap=1 snaps=13968 hooks=36 inst=60 rollout "Rain of Arrows" Spell lvl1 hero0
t=5 ph=3 ap=1 snaps=14007 hooks=36 inst=60 rollout "Rain of Arrows" Spell lvl1 hero0
t=5 ph=3 ap=1 snaps=14019 hooks=36 inst=60 rollout "Rain of Arrows" Spell lvl1 hero0
t=5 ph=3 ap=1 snaps=14050 hooks=36 inst=60 rollout "Rain of Arrows" Spell lvl1 hero0
t=5 ph=3 ap=1 snaps=14080 hooks=36 inst=60 rollout "Rain of Arrows" Spell lvl1 hero0
t=5 ph=3 ap=1 snaps=14096 hooks=36 inst=60 rollout "Rain of Arrows" Spell lvl1 hero1
t=5 ph=3 ap=1 snaps=14124 hooks=36 inst=60 rollout "Rain of Arrows" Spell lvl1 hero1
t=5 ph=3 ap=1 snaps=14143 hooks=36 inst=60 rollout "Rain of Arrows" Spell lvl1 hero1
t=5 ph=3 ap=1 snaps=14152 hooks=36 inst=60 rollout "Rain of Arrows" Spell lvl1 hero1
t=5 ph=3 ap=1 snaps=14176 hooks=36 inst=60 rollout "Rain of Arrows" Spell lvl1 hero1
t=5 ph=3 ap=1 snaps=14203 hooks=36 inst=60 rollout "Rain of Arrows" Spell lvl1 hero1
t=5 ph=3 ap=1 snaps=14242 hooks=36 inst=60 rollout "Rain of Arrows" Spell lvl1 hero1
t=5 ph=3 ap=1 snaps=14259 hooks=36 inst=60 rollout "Cosmic Skeleton" Creature lvl1 hero2
t=5 ph=3 ap=1 snaps=14299 hooks=36 inst=60 rollout "Cosmic Skeleton" Creature lvl1 hero2
t=5 ph=3 ap=1 snaps=14335 hooks=36 inst=60 rollout "Cosmic Skeleton" Creature lvl1 hero2
t=5 ph=3 ap=1 snaps=14396 hooks=36 inst=60 rollout "Cosmic Skeleton" Creature lvl1 hero2
t=5 ph=3 ap=1 snaps=14438 hooks=36 inst=60 rollout "Cosmic Skeleton" Creature lvl1 hero2
t=5 ph=3 ap=1 snaps=14477 hooks=36 inst=60 rollout "Cosmic Skeleton" Creature lvl1 hero2
t=5 ph=3 ap=1 snaps=14500 hooks=36 inst=60 rollout "Adventurousness" AbilityAction lvl1 hero2
t=5 ph=3 ap=1 snaps=14529 hooks=36 inst=60 rollout "Adventurousness" AbilityAction lvl1 hero2
t=5 ph=3 ap=1 snaps=14556 hooks=36 inst=60 rollout "Adventurousness" AbilityAction lvl1 hero2
t=5 ph=3 ap=1 snaps=14581 hooks=36 inst=60 rollout "Adventurousness" AbilityAction lvl1 hero2
t=5 ph=3 ap=1 snaps=14638 hooks=36 inst=60 rollout "Adventurousness" AbilityAction lvl1 hero2
t=5 ph=3 ap=1 snaps=14689 hooks=36 inst=60 rollout "Adventurousness" AbilityAction lvl1 hero2
t=5 ph=3 ap=1 snaps=14715 hooks=36 inst=60 rollout "Adventurousness" AbilityAction lvl1 hero2
t=5 ph=3 ap=1 snaps=14755 hooks=36 inst=60 rollout "Adventurousness" AbilityAction lvl1 hero2
t=5 ph=3 ap=1 snaps=14780 hooks=36 inst=60 rollout "Rain of Arrows" Spell lvl1 hero0
t=5 ph=3 ap=1 snaps=14807 hooks=36 inst=60 rollout "Rain of Arrows" Spell lvl1 hero0
t=5 ph=3 ap=1 snaps=14830 hooks=36 inst=60 rollout "Rain of Arrows" Spell lvl1 hero0
t=5 ph=3 ap=1 snaps=14848 hooks=36 inst=60 rollout "Rain of Arrows" Spell lvl1 hero0
t=5 ph=3 ap=1 snaps=14890 hooks=36 inst=60 rollout "Rain of Arrows" Spell lvl1 hero0
t=5 ph=3 ap=1 snaps=14928 hooks=36 inst=60 rollout "Rain of Arrows" Spell lvl1 hero0
t=5 ph=3 ap=1 snaps=14956 hooks=36 inst=60 rollout "Rain of Arrows" Spell lvl1 hero1
t=5 ph=3 ap=1 snaps=15005 hooks=36 inst=60 rollout "Rain of Arrows" Spell lvl1 hero1
t=5 ph=3 ap=1 snaps=15029 hooks=36 inst=60 rollout "Rain of Arrows" Spell lvl1 hero1
t=5 ph=3 ap=1 snaps=15078 hooks=36 inst=60 rollout "Rain of Arrows" Spell lvl1 hero1
t=5 ph=3 ap=1 snaps=15101 hooks=36 inst=60 rollout "Rain of Arrows" Spell lvl1 hero1
t=5 ph=3 ap=1 snaps=15137 hooks=36 inst=60 rollout "Rain of Arrows" Spell lvl1 hero1
t=5 ph=3 ap=1 snaps=15168 hooks=36 inst=60 rollout "Cosmic Skeleton" Creature lvl1 hero2
t=5 ph=3 ap=1 snaps=15182 hooks=36 inst=60 rollout "Cosmic Skeleton" Creature lvl1 hero2
t=5 ph=3 ap=1 snaps=15208 hooks=36 inst=60 rollout "Cosmic Skeleton" Creature lvl1 hero2
t=5 ph=3 ap=1 snaps=15223 hooks=36 inst=60 rollout "Cosmic Skeleton" Creature lvl1 hero2
t=5 ph=3 ap=1 snaps=15266 hooks=36 inst=60 rollout "Cosmic Skeleton" Creature lvl1 hero2
t=5 ph=3 ap=1 snaps=15299 hooks=36 inst=60 rollout "Adventurousness" AbilityAction lvl1 hero2
t=5 ph=3 ap=1 snaps=15346 hooks=36 inst=60 rollout "Adventurousness" AbilityAction lvl1 hero2
t=5 ph=3 ap=1 snaps=15372 hooks=36 inst=60 rollout "Adventurousness" AbilityAction lvl1 hero2
t=5 ph=3 ap=1 snaps=15401 hooks=36 inst=60 rollout "Adventurousness" AbilityAction lvl1 hero2
t=5 ph=3 ap=1 snaps=15452 hooks=36 inst=60 rollout "Adventurousness" AbilityAction lvl1 hero2
t=5 ph=3 ap=1 snaps=15511 hooks=36 inst=60 rollout "Adventurousness" AbilityAction lvl1 hero2
t=5 ph=3 ap=1 snaps=15542 hooks=36 inst=60 rollout "Adventurousness" AbilityAction lvl1 hero2
t=5 ph=3 ap=1 snaps=15583 hooks=36 inst=60 rollout "Adventurousness" AbilityAction lvl1 hero2
t=5 ph=3 ap=1 snaps=15632 hooks=36 inst=60 rollout "Rain of Arrows" Spell lvl1 hero0
t=5 ph=3 ap=1 snaps=15640 hooks=36 inst=60 rollout "Rain of Arrows" Spell lvl1 hero0
t=5 ph=3 ap=1 snaps=15669 hooks=36 inst=60 rollout "Rain of Arrows" Spell lvl1 hero0
t=5 ph=3 ap=1 snaps=15708 hooks=36 inst=60 rollout "Rain of Arrows" Spell lvl1 hero0
t=5 ph=3 ap=1 snaps=15736 hooks=36 inst=60 rollout "Rain of Arrows" Spell lvl1 hero0
t=5 ph=3 ap=1 snaps=15755 hooks=36 inst=60 rollout "Rain of Arrows" Spell lvl1 hero1
t=5 ph=3 ap=1 snaps=15786 hooks=36 inst=60 rollout "Rain of Arrows" Spell lvl1 hero1
t=5 ph=3 ap=1 snaps=15821 hooks=36 inst=60 rollout "Rain of Arrows" Spell lvl1 hero1
t=5 ph=3 ap=1 snaps=15846 hooks=36 inst=60 rollout "Cosmic Skeleton" Creature lvl1 hero2
t=5 ph=3 ap=1 snaps=15884 hooks=36 inst=60 rollout "Cosmic Skeleton" Creature lvl1 hero2
t=5 ph=3 ap=1 snaps=15920 hooks=36 inst=60 rollout "Cosmic Skeleton" Creature lvl1 hero2
t=5 ph=3 ap=1 snaps=15956 hooks=36 inst=60 rollout "Cosmic Skeleton" Creature lvl1 hero2
t=5 ph=3 ap=1 snaps=15984 hooks=36 inst=60 rollout "Adventurousness" AbilityAction lvl1 hero2
t=5 ph=3 ap=1 snaps=16023 hooks=36 inst=60 rollout "Adventurousness" AbilityAction lvl1 hero2
t=5 ph=3 ap=1 snaps=16067 hooks=36 inst=60 rollout "Adventurousness" AbilityAction lvl1 hero2
t=5 ph=3 ap=1 snaps=16106 hooks=36 inst=60 rollout "Adventurousness" AbilityAction lvl1 hero2
t=5 ph=3 ap=1 snaps=16132 hooks=36 inst=60 rollout "Adventurousness" AbilityAction lvl1 hero2
t=5 ph=3 ap=1 snaps=16176 hooks=36 inst=60 rollout "Adventurousness" AbilityAction lvl1 hero2
t=5 ph=3 ap=1 snaps=16231 hooks=36 inst=60 rollout "Rain of Arrows" Spell lvl1 hero0
t=5 ph=3 ap=1 snaps=16250 hooks=36 inst=60 rollout "Rain of Arrows" Spell lvl1 hero0
t=5 ph=3 ap=1 snaps=16268 hooks=36 inst=60 rollout "Rain of Arrows" Spell lvl1 hero0
t=5 ph=3 ap=1 snaps=16316 hooks=36 inst=60 rollout "Rain of Arrows" Spell lvl1 hero0
t=5 ph=3 ap=1 snaps=16326 hooks=36 inst=60 rollout "Rain of Arrows" Spell lvl1 hero0
t=5 ph=3 ap=1 snaps=16351 hooks=36 inst=60 rollout "Rain of Arrows" Spell lvl1 hero1
t=5 ph=3 ap=1 snaps=16368 hooks=36 inst=60 rollout "Rain of Arrows" Spell lvl1 hero1
t=5 ph=3 ap=1 snaps=16395 hooks=36 inst=60 rollout "Rain of Arrows" Spell lvl1 hero1
t=5 ph=3 ap=1 snaps=16408 hooks=36 inst=60 rollout "Cosmic Skeleton" Creature lvl1 hero2
t=5 ph=3 ap=1 snaps=16438 hooks=36 inst=60 rollout "Cosmic Skeleton" Creature lvl1 hero2
t=5 ph=3 ap=1 snaps=16454 hooks=36 inst=60 rollout "Cosmic Skeleton" Creature lvl1 hero2
t=5 ph=3 ap=1 snaps=16494 hooks=36 inst=60 rollout "Cosmic Skeleton" Creature lvl1 hero2
t=5 ph=3 ap=1 snaps=16542 hooks=36 inst=60 rollout "Adventurousness" AbilityAction lvl1 hero2
t=5 ph=3 ap=1 snaps=16586 hooks=36 inst=60 rollout "Adventurousness" AbilityAction lvl1 hero2
t=5 ph=3 ap=1 snaps=16626 hooks=36 inst=60 rollout "Adventurousness" AbilityAction lvl1 hero2
t=5 ph=3 ap=1 snaps=16663 hooks=36 inst=60 rollout "Adventurousness" AbilityAction lvl1 hero2
t=5 ph=3 ap=1 snaps=16705 hooks=36 inst=60 rollout "Adventurousness" AbilityAction lvl1 hero2
t=5 ph=3 ap=1 snaps=16743 hooks=36 inst=60 rollout "Rain of Arrows" Spell lvl1 hero0
t=5 ph=3 ap=1 snaps=16775 hooks=36 inst=60 rollout "Rain of Arrows" Spell lvl1 hero0
t=5 ph=3 ap=1 snaps=16810 hooks=36 inst=60 rollout "Rain of Arrows" Spell lvl1 hero0
t=5 ph=3 ap=1 snaps=16853 hooks=36 inst=60 rollout "Rain of Arrows" Spell lvl1 hero0
t=5 ph=3 ap=1 snaps=16868 hooks=36 inst=60 rollout "Rain of Arrows" Spell lvl1 hero1
t=5 ph=3 ap=1 snaps=16896 hooks=36 inst=60 rollout "Rain of Arrows" Spell lvl1 hero1
t=5 ph=3 ap=1 snaps=16916 hooks=36 inst=60 rollout "Rain of Arrows" Spell lvl1 hero1
t=5 ph=3 ap=1 snaps=16935 hooks=36 inst=60 rollout "Cosmic Skeleton" Creature lvl1 hero2
t=5 ph=3 ap=1 snaps=16963 hooks=36 inst=60 rollout "Cosmic Skeleton" Creature lvl1 hero2
t=5 ph=3 ap=1 snaps=16998 hooks=36 inst=60 rollout "Cosmic Skeleton" Creature lvl1 hero2
t=5 ph=3 ap=1 snaps=17035 hooks=36 inst=60 rollout "Cosmic Skeleton" Creature lvl1 hero2
t=5 ph=3 ap=1 snaps=17069 hooks=36 inst=60 rollout "Adventurousness" AbilityAction lvl1 hero2
t=5 ph=3 ap=1 snaps=17108 hooks=36 inst=60 rollout "Adventurousness" AbilityAction lvl1 hero2
t=5 ph=3 ap=1 snaps=17130 hooks=36 inst=60 rollout "Adventurousness" AbilityAction lvl1 hero2
t=5 ph=3 ap=1 snaps=17173 hooks=36 inst=60 rollout "Adventurousness" AbilityAction lvl1 hero2
t=5 ph=3 ap=1 snaps=17218 hooks=36 inst=60 rollout "Adventurousness" AbilityAction lvl1 hero2
t=5 ph=3 ap=1 snaps=17251 hooks=36 inst=60 rollout "Rain of Arrows" Spell lvl1 hero0
t=5 ph=3 ap=1 snaps=17265 hooks=36 inst=60 rollout "Rain of Arrows" Spell lvl1 hero0
t=5 ph=3 ap=1 snaps=17299 hooks=36 inst=60 rollout "Rain of Arrows" Spell lvl1 hero1
t=5 ph=3 ap=1 snaps=17327 hooks=36 inst=60 rollout "Rain of Arrows" Spell lvl1 hero1
t=5 ph=3 ap=1 snaps=17347 hooks=36 inst=60 rollout "Rain of Arrows" Spell lvl1 hero1
t=5 ph=3 ap=1 snaps=17371 hooks=36 inst=60 rollout "Cosmic Skeleton" Creature lvl1 hero2
t=5 ph=3 ap=1 snaps=17402 hooks=36 inst=60 rollout "Cosmic Skeleton" Creature lvl1 hero2
t=5 ph=3 ap=1 snaps=17427 hooks=43 inst=61 summon "Sparky Slime" p0/h1
t=5 ph=5 ap=1 snaps=17431 hooks=60 inst=61 switchTurn ending p1
t=6 ph=2 ap=0 snaps=17431 hooks=12 inst=62 cpuTurnStart cpu=p0 hand=6
t=6 ph=3 ap=0 snaps=17447 hooks=30 inst=64 rollout "Icy Slime" Creature lvl0 hero0
t=6 ph=3 ap=0 snaps=17458 hooks=30 inst=64 rollout "Icy Slime" Creature lvl0 hero0
t=6 ph=3 ap=0 snaps=17468 hooks=30 inst=64 rollout "Icy Slime" Creature lvl0 hero0
t=6 ph=3 ap=0 snaps=17496 hooks=30 inst=64 rollout "Rain of Arrows" Spell lvl1 hero0
t=6 ph=3 ap=0 snaps=17510 hooks=30 inst=64 rollout "Shadowy Slime" Creature lvl0 hero0
t=6 ph=3 ap=0 snaps=17524 hooks=30 inst=64 rollout "Shadowy Slime" Creature lvl0 hero0
t=6 ph=3 ap=0 snaps=17535 hooks=30 inst=64 rollout "Shadowy Slime" Creature lvl0 hero0
t=6 ph=3 ap=0 snaps=17561 hooks=30 inst=64 rollout "Shiny Slime" Creature lvl0 hero0
t=6 ph=3 ap=0 snaps=17562 hooks=30 inst=64 rollout "Shiny Slime" Creature lvl0 hero0
t=6 ph=3 ap=0 snaps=17563 hooks=30 inst=64 rollout "Shiny Slime" Creature lvl0 hero0
t=6 ph=3 ap=0 snaps=17564 hooks=30 inst=64 rollout "Rain of Arrows" Spell lvl1 hero0
t=6 ph=3 ap=0 snaps=17572 hooks=30 inst=64 rollout "Icy Slime" Creature lvl0 hero0
t=6 ph=3 ap=0 snaps=17592 hooks=30 inst=64 rollout "Icy Slime" Creature lvl0 hero0
t=6 ph=3 ap=0 snaps=17613 hooks=30 inst=64 rollout "Icy Slime" Creature lvl0 hero0
t=6 ph=3 ap=0 snaps=17628 hooks=30 inst=64 rollout "Icy Slime" Creature lvl0 hero0
t=6 ph=3 ap=0 snaps=17643 hooks=30 inst=64 rollout "Icy Slime" Creature lvl0 hero0
t=6 ph=3 ap=0 snaps=17659 hooks=30 inst=64 rollout "Icy Slime" Creature lvl0 hero0
t=6 ph=3 ap=0 snaps=17688 hooks=30 inst=64 rollout "Icy Slime" Creature lvl0 hero0
t=6 ph=3 ap=0 snaps=17702 hooks=30 inst=64 rollout "Icy Slime" Creature lvl0 hero0
t=6 ph=3 ap=0 snaps=17738 hooks=30 inst=64 rollout "Icy Slime" Creature lvl0 hero0
t=6 ph=3 ap=0 snaps=17747 hooks=30 inst=64 rollout "Icy Slime" Creature lvl0 hero0
t=6 ph=3 ap=0 snaps=17771 hooks=30 inst=64 rollout "Icy Slime" Creature lvl0 hero0
t=6 ph=3 ap=0 snaps=17791 hooks=30 inst=64 rollout "Icy Slime" Creature lvl0 hero0
t=6 ph=3 ap=0 snaps=17808 hooks=30 inst=64 rollout "Icy Slime" Creature lvl0 hero0
t=6 ph=3 ap=0 snaps=17825 hooks=30 inst=64 rollout "Icy Slime" Creature lvl0 hero0
t=6 ph=3 ap=0 snaps=17851 hooks=30 inst=64 rollout "Icy Slime" Creature lvl0 hero0
t=6 ph=3 ap=0 snaps=17865 hooks=30 inst=64 rollout "Icy Slime" Creature lvl0 hero0
t=6 ph=3 ap=0 snaps=17878 hooks=30 inst=64 rollout "Icy Slime" Creature lvl0 hero0
t=6 ph=3 ap=0 snaps=17886 hooks=30 inst=64 rollout "Icy Slime" Creature lvl0 hero0
t=6 ph=3 ap=0 snaps=17897 hooks=30 inst=64 rollout "Icy Slime" Creature lvl0 hero0
t=6 ph=3 ap=0 snaps=17931 hooks=30 inst=64 rollout "Icy Slime" Creature lvl0 hero0
t=6 ph=3 ap=0 snaps=17962 hooks=30 inst=64 rollout "Icy Slime" Creature lvl0 hero0
t=6 ph=3 ap=0 snaps=17975 hooks=30 inst=64 rollout "Icy Slime" Creature lvl0 hero0
t=6 ph=3 ap=0 snaps=18003 hooks=30 inst=64 rollout "Rain of Arrows" Spell lvl1 hero0
t=6 ph=3 ap=0 snaps=18020 hooks=30 inst=64 rollout "Rain of Arrows" Spell lvl1 hero0
t=6 ph=3 ap=0 snaps=18024 hooks=30 inst=64 rollout "Rain of Arrows" Spell lvl1 hero0
t=6 ph=3 ap=0 snaps=18025 hooks=30 inst=64 rollout "Rain of Arrows" Spell lvl1 hero0
t=6 ph=3 ap=0 snaps=18035 hooks=30 inst=64 rollout "Rain of Arrows" Spell lvl1 hero0
t=6 ph=3 ap=0 snaps=18044 hooks=30 inst=64 rollout "Rain of Arrows" Spell lvl1 hero0
t=6 ph=3 ap=0 snaps=18059 hooks=30 inst=64 rollout "Rain of Arrows" Spell lvl1 hero0
t=6 ph=3 ap=0 snaps=18076 hooks=30 inst=64 rollout "Shadowy Slime" Creature lvl0 hero0
t=6 ph=3 ap=0 snaps=18100 hooks=30 inst=64 rollout "Shadowy Slime" Creature lvl0 hero0
t=6 ph=3 ap=0 snaps=18114 hooks=30 inst=64 rollout "Shadowy Slime" Creature lvl0 hero0
t=6 ph=3 ap=0 snaps=18129 hooks=30 inst=64 rollout "Shadowy Slime" Creature lvl0 hero0
t=6 ph=3 ap=0 snaps=18140 hooks=30 inst=64 rollout "Shadowy Slime" Creature lvl0 hero0
t=6 ph=3 ap=0 snaps=18150 hooks=30 inst=64 rollout "Shadowy Slime" Creature lvl0 hero0
t=6 ph=3 ap=0 snaps=18163 hooks=30 inst=64 rollout "Shadowy Slime" Creature lvl0 hero0
t=6 ph=3 ap=0 snaps=18189 hooks=30 inst=64 rollout "Shadowy Slime" Creature lvl0 hero0
t=6 ph=3 ap=0 snaps=18195 hooks=30 inst=64 rollout "Shadowy Slime" Creature lvl0 hero0
t=6 ph=3 ap=0 snaps=18200 hooks=30 inst=64 rollout "Rain of Arrows" Spell lvl1 hero0
t=6 ph=3 ap=0 snaps=18219 hooks=30 inst=64 rollout "Rain of Arrows" Spell lvl1 hero0
t=6 ph=3 ap=0 snaps=18235 hooks=30 inst=64 rollout "Rain of Arrows" Spell lvl1 hero0
t=6 ph=3 ap=0 snaps=18240 hooks=30 inst=64 rollout "Rain of Arrows" Spell lvl1 hero0
t=6 ph=3 ap=0 snaps=18244 hooks=30 inst=64 rollout "Rain of Arrows" Spell lvl1 hero0
t=6 ph=3 ap=0 snaps=18248 hooks=30 inst=64 rollout "Rain of Arrows" Spell lvl1 hero0
t=6 ph=3 ap=0 snaps=18256 hooks=30 inst=64 rollout "Rain of Arrows" Spell lvl1 hero0
t=6 ph=3 ap=0 snaps=18261 hooks=30 inst=64 rollout "Shiny Slime" Creature lvl0 hero0
t=6 ph=3 ap=0 snaps=18262 hooks=30 inst=64 rollout "Shiny Slime" Creature lvl0 hero0
t=6 ph=3 ap=0 snaps=18263 hooks=30 inst=64 rollout "Shiny Slime" Creature lvl0 hero0
t=6 ph=3 ap=0 snaps=18264 hooks=30 inst=64 rollout "Shiny Slime" Creature lvl0 hero0
t=6 ph=3 ap=0 snaps=18265 hooks=30 inst=64 rollout "Shiny Slime" Creature lvl0 hero0
t=6 ph=3 ap=0 snaps=18266 hooks=30 inst=64 rollout "Shiny Slime" Creature lvl0 hero0
t=6 ph=3 ap=0 snaps=18267 hooks=30 inst=64 rollout "Shiny Slime" Creature lvl0 hero0
t=6 ph=3 ap=0 snaps=18268 hooks=30 inst=64 rollout "Shiny Slime" Creature lvl0 hero0
t=6 ph=3 ap=0 snaps=18269 hooks=30 inst=64 rollout "Shiny Slime" Creature lvl0 hero0
t=6 ph=3 ap=0 snaps=18270 hooks=30 inst=64 rollout "Shiny Slime" Creature lvl0 hero0
t=6 ph=3 ap=0 snaps=18271 hooks=30 inst=64 rollout "Shiny Slime" Creature lvl0 hero0
t=6 ph=3 ap=0 snaps=18272 hooks=30 inst=64 rollout "Shiny Slime" Creature lvl0 hero0
t=6 ph=3 ap=0 snaps=18273 hooks=30 inst=64 rollout "Shiny Slime" Creature lvl0 hero0
t=6 ph=3 ap=0 snaps=18274 hooks=30 inst=64 rollout "Shiny Slime" Creature lvl0 hero0
t=6 ph=3 ap=0 snaps=18275 hooks=30 inst=64 rollout "Shiny Slime" Creature lvl0 hero0
t=6 ph=3 ap=0 snaps=18276 hooks=30 inst=64 rollout "Shiny Slime" Creature lvl0 hero0
t=6 ph=3 ap=0 snaps=18277 hooks=30 inst=64 rollout "Shiny Slime" Creature lvl0 hero0
t=6 ph=3 ap=0 snaps=18278 hooks=30 inst=64 rollout "Shiny Slime" Creature lvl0 hero0
t=6 ph=3 ap=0 snaps=18279 hooks=30 inst=64 rollout "Shiny Slime" Creature lvl0 hero0
t=6 ph=3 ap=0 snaps=18280 hooks=30 inst=64 rollout "Shiny Slime" Creature lvl0 hero0
t=6 ph=3 ap=0 snaps=18281 hooks=30 inst=64 rollout "Shiny Slime" Creature lvl0 hero0
t=6 ph=3 ap=0 snaps=18282 hooks=30 inst=64 rollout "Shiny Slime" Creature lvl0 hero0
t=6 ph=3 ap=0 snaps=18283 hooks=30 inst=64 rollout "Shiny Slime" Creature lvl0 hero0
t=6 ph=3 ap=0 snaps=18284 hooks=30 inst=64 rollout "Shiny Slime" Creature lvl0 hero0
t=6 ph=3 ap=0 snaps=18285 hooks=30 inst=64 rollout "Shiny Slime" Creature lvl0 hero0
t=6 ph=3 ap=0 snaps=18286 hooks=30 inst=64 rollout "Shiny Slime" Creature lvl0 hero0
t=6 ph=3 ap=0 snaps=18287 hooks=30 inst=64 rollout "Shiny Slime" Creature lvl0 hero0
t=6 ph=3 ap=0 snaps=18288 hooks=30 inst=64 rollout "Shiny Slime" Creature lvl0 hero0
t=6 ph=3 ap=0 snaps=18289 hooks=30 inst=64 rollout "Shiny Slime" Creature lvl0 hero0
t=6 ph=3 ap=0 snaps=18290 hooks=30 inst=64 rollout "Shiny Slime" Creature lvl0 hero0
t=6 ph=3 ap=0 snaps=18291 hooks=30 inst=64 rollout "Shiny Slime" Creature lvl0 hero0
t=6 ph=3 ap=0 snaps=18292 hooks=30 inst=64 rollout "Shiny Slime" Creature lvl0 hero0
t=6 ph=3 ap=0 snaps=18293 hooks=30 inst=64 rollout "Shiny Slime" Creature lvl0 hero0
t=6 ph=3 ap=0 snaps=18294 hooks=30 inst=64 rollout "Shiny Slime" Creature lvl0 hero0
t=6 ph=3 ap=0 snaps=18295 hooks=30 inst=64 rollout "Shiny Slime" Creature lvl0 hero0
t=6 ph=3 ap=0 snaps=18296 hooks=30 inst=64 rollout "Shiny Slime" Creature lvl0 hero0
t=6 ph=3 ap=0 snaps=18297 hooks=30 inst=64 rollout "Shiny Slime" Creature lvl0 hero0
t=6 ph=3 ap=0 snaps=18298 hooks=30 inst=64 rollout "Shiny Slime" Creature lvl0 hero0
t=6 ph=3 ap=0 snaps=18299 hooks=30 inst=64 rollout "Shiny Slime" Creature lvl0 hero0
t=6 ph=3 ap=0 snaps=18300 hooks=30 inst=64 rollout "Shiny Slime" Creature lvl0 hero0
t=6 ph=3 ap=0 snaps=18301 hooks=30 inst=64 rollout "Shiny Slime" Creature lvl0 hero0
t=6 ph=3 ap=0 snaps=18302 hooks=30 inst=64 rollout "Shiny Slime" Creature lvl0 hero0
t=6 ph=3 ap=0 snaps=18303 hooks=30 inst=64 rollout "Shiny Slime" Creature lvl0 hero0
t=6 ph=3 ap=0 snaps=18304 hooks=30 inst=64 rollout "Shiny Slime" Creature lvl0 hero0
t=6 ph=3 ap=0 snaps=18305 hooks=30 inst=64 rollout "Shiny Slime" Creature lvl0 hero0
t=6 ph=3 ap=0 snaps=18306 hooks=30 inst=64 rollout "Shiny Slime" Creature lvl0 hero0
t=6 ph=3 ap=0 snaps=18307 hooks=30 inst=64 rollout "Shiny Slime" Creature lvl0 hero0
t=6 ph=3 ap=0 snaps=18308 hooks=30 inst=64 rollout "Shiny Slime" Creature lvl0 hero0
t=6 ph=3 ap=0 snaps=18309 hooks=30 inst=64 rollout "Shiny Slime" Creature lvl0 hero0
t=6 ph=3 ap=0 snaps=18310 hooks=30 inst=64 rollout "Shiny Slime" Creature lvl0 hero0
t=6 ph=3 ap=0 snaps=18311 hooks=30 inst=64 rollout "Shiny Slime" Creature lvl0 hero0
t=6 ph=3 ap=0 snaps=18312 hooks=30 inst=64 rollout "Shiny Slime" Creature lvl0 hero0
t=6 ph=3 ap=0 snaps=18313 hooks=30 inst=64 rollout "Shiny Slime" Creature lvl0 hero0
t=6 ph=3 ap=0 snaps=18314 hooks=30 inst=64 rollout "Shiny Slime" Creature lvl0 hero0
t=6 ph=3 ap=0 snaps=18315 hooks=30 inst=64 rollout "Shiny Slime" Creature lvl0 hero0
t=6 ph=3 ap=0 snaps=18316 hooks=30 inst=64 rollout "Shiny Slime" Creature lvl0 hero0
t=6 ph=3 ap=0 snaps=18317 hooks=30 inst=64 rollout "Shiny Slime" Creature lvl0 hero0
t=6 ph=3 ap=0 snaps=18318 hooks=30 inst=64 rollout "Shiny Slime" Creature lvl0 hero0
t=6 ph=3 ap=0 snaps=18319 hooks=30 inst=64 rollout "Shiny Slime" Creature lvl0 hero0
t=6 ph=3 ap=0 snaps=18320 hooks=30 inst=64 rollout "Shiny Slime" Creature lvl0 hero0
t=6 ph=3 ap=0 snaps=18321 hooks=30 inst=64 rollout "Shiny Slime" Creature lvl0 hero0
t=6 ph=3 ap=0 snaps=18322 hooks=30 inst=64 rollout "Shiny Slime" Creature lvl0 hero0
t=6 ph=3 ap=0 snaps=18323 hooks=30 inst=64 rollout "Shiny Slime" Creature lvl0 hero0
t=6 ph=3 ap=0 snaps=18324 hooks=30 inst=64 rollout "Shiny Slime" Creature lvl0 hero0
t=6 ph=3 ap=0 snaps=18325 hooks=30 inst=64 rollout "Shiny Slime" Creature lvl0 hero0
t=6 ph=3 ap=0 snaps=18326 hooks=30 inst=64 rollout "Shiny Slime" Creature lvl0 hero0
t=6 ph=3 ap=0 snaps=18327 hooks=30 inst=64 rollout "Shiny Slime" Creature lvl0 hero0
t=6 ph=3 ap=0 snaps=18328 hooks=30 inst=64 rollout "Shiny Slime" Creature lvl0 hero0
t=6 ph=3 ap=0 snaps=18329 hooks=30 inst=64 rollout "Shiny Slime" Creature lvl0 hero0
t=6 ph=3 ap=0 snaps=18330 hooks=30 inst=64 rollout "Shiny Slime" Creature lvl0 hero0
t=6 ph=3 ap=0 snaps=18331 hooks=30 inst=64 rollout "Shiny Slime" Creature lvl0 hero0
t=6 ph=3 ap=0 snaps=18332 hooks=30 inst=64 rollout "Shiny Slime" Creature lvl0 hero0
t=6 ph=3 ap=0 snaps=18333 hooks=30 inst=64 rollout "Shiny Slime" Creature lvl0 hero0
t=6 ph=3 ap=0 snaps=18334 hooks=30 inst=64 rollout "Shiny Slime" Creature lvl0 hero0
t=6 ph=3 ap=0 snaps=18335 hooks=30 inst=64 rollout "Shiny Slime" Creature lvl0 hero0
t=6 ph=3 ap=0 snaps=18336 hooks=30 inst=64 rollout "Shiny Slime" Creature lvl0 hero0
t=6 ph=3 ap=0 snaps=18337 hooks=30 inst=64 rollout "Shiny Slime" Creature lvl0 hero0
t=6 ph=3 ap=0 snaps=18338 hooks=30 inst=64 rollout "Shiny Slime" Creature lvl0 hero0
t=6 ph=3 ap=0 snaps=18339 hooks=30 inst=64 rollout "Shiny Slime" Creature lvl0 hero0
t=6 ph=3 ap=0 snaps=18340 hooks=30 inst=64 rollout "Shiny Slime" Creature lvl0 hero0
t=6 ph=3 ap=0 snaps=18341 hooks=30 inst=64 rollout "Shiny Slime" Creature lvl0 hero0
t=6 ph=3 ap=0 snaps=18342 hooks=30 inst=64 rollout "Shiny Slime" Creature lvl0 hero0
t=6 ph=3 ap=0 snaps=18343 hooks=30 inst=64 rollout "Shiny Slime" Creature lvl0 hero0
t=6 ph=3 ap=0 snaps=18344 hooks=30 inst=64 rollout "Shiny Slime" Creature lvl0 hero0
t=6 ph=3 ap=0 snaps=18345 hooks=30 inst=64 summon "Shiny Slime" p0/h0
t=6 ph=5 ap=0 snaps=18351 hooks=53 inst=68 switchTurn ending p0
t=7 ph=2 ap=1 snaps=18351 hooks=14 inst=70 cpuTurnStart cpu=p1 hand=11
t=7 ph=2 ap=1 snaps=18371 hooks=20 inst=71 summon "Cloudy Slime" p0/h1
t=7 ph=3 ap=1 snaps=18416 hooks=48 inst=78 rollout "Rain of Arrows" Spell lvl1 hero0
t=7 ph=3 ap=1 snaps=18429 hooks=48 inst=78 rollout "Rain of Arrows" Spell lvl1 hero1
t=7 ph=3 ap=1 snaps=18442 hooks=48 inst=78 rollout "Adventurousness" AbilityAction lvl1 hero2
t=7 ph=3 ap=1 snaps=18480 hooks=48 inst=78 rollout "Rain of Arrows" Spell lvl1 hero0
t=7 ph=3 ap=1 snaps=18493 hooks=48 inst=78 rollout "Rain of Arrows" Spell lvl1 hero0
t=7 ph=3 ap=1 snaps=18506 hooks=48 inst=78 rollout "Rain of Arrows" Spell lvl1 hero1
t=7 ph=3 ap=1 snaps=18519 hooks=48 inst=78 rollout "Rain of Arrows" Spell lvl1 hero1
t=7 ph=3 ap=1 snaps=18532 hooks=48 inst=78 rollout "Adventurousness" AbilityAction lvl1 hero2
t=7 ph=3 ap=1 snaps=18564 hooks=48 inst=78 rollout "Adventurousness" AbilityAction lvl1 hero2
t=7 ph=3 ap=1 snaps=18598 hooks=48 inst=78 rollout "Adventurousness" AbilityAction lvl1 hero2
t=7 ph=3 ap=1 snaps=18632 hooks=48 inst=78 rollout "Adventurousness" AbilityAction lvl1 hero2
t=7 ph=3 ap=1 snaps=18656 hooks=48 inst=78 rollout "Adventurousness" AbilityAction lvl1 hero2
t=7 ph=3 ap=1 snaps=18688 hooks=48 inst=78 rollout "Adventurousness" AbilityAction lvl1 hero2
t=7 ph=3 ap=1 snaps=18722 hooks=48 inst=78 rollout "Adventurousness" AbilityAction lvl1 hero2
t=7 ph=3 ap=1 snaps=18747 hooks=48 inst=78 rollout "Rain of Arrows" Spell lvl1 hero0
t=7 ph=3 ap=1 snaps=18760 hooks=48 inst=78 rollout "Rain of Arrows" Spell lvl1 hero0
t=7 ph=3 ap=1 snaps=18773 hooks=48 inst=78 rollout "Rain of Arrows" Spell lvl1 hero0
t=7 ph=3 ap=1 snaps=18786 hooks=48 inst=78 rollout "Rain of Arrows" Spell lvl1 hero1
t=7 ph=3 ap=1 snaps=18799 hooks=48 inst=78 rollout "Rain of Arrows" Spell lvl1 hero1
t=7 ph=3 ap=1 snaps=18812 hooks=48 inst=78 rollout "Rain of Arrows" Spell lvl1 hero1
t=7 ph=3 ap=1 snaps=18825 hooks=48 inst=78 rollout "Adventurousness" AbilityAction lvl1 hero2
t=7 ph=3 ap=1 snaps=18853 hooks=48 inst=78 rollout "Adventurousness" AbilityAction lvl1 hero2
t=7 ph=3 ap=1 snaps=18886 hooks=48 inst=78 rollout "Adventurousness" AbilityAction lvl1 hero2
t=7 ph=3 ap=1 snaps=18918 hooks=48 inst=78 rollout "Adventurousness" AbilityAction lvl1 hero2
t=7 ph=3 ap=1 snaps=18942 hooks=48 inst=78 rollout "Adventurousness" AbilityAction lvl1 hero2
t=7 ph=3 ap=1 snaps=18960 hooks=48 inst=78 rollout "Adventurousness" AbilityAction lvl1 hero2
t=7 ph=3 ap=1 snaps=18995 hooks=48 inst=78 rollout "Adventurousness" AbilityAction lvl1 hero2
t=7 ph=3 ap=1 snaps=19025 hooks=48 inst=78 rollout "Adventurousness" AbilityAction lvl1 hero2
t=7 ph=3 ap=1 snaps=19057 hooks=48 inst=78 rollout "Rain of Arrows" Spell lvl1 hero0
t=7 ph=3 ap=1 snaps=19070 hooks=48 inst=78 rollout "Rain of Arrows" Spell lvl1 hero0
t=7 ph=3 ap=1 snaps=19083 hooks=48 inst=78 rollout "Rain of Arrows" Spell lvl1 hero0
t=7 ph=3 ap=1 snaps=19096 hooks=48 inst=78 rollout "Rain of Arrows" Spell lvl1 hero1
t=7 ph=3 ap=1 snaps=19109 hooks=48 inst=78 rollout "Rain of Arrows" Spell lvl1 hero1
t=7 ph=3 ap=1 snaps=19122 hooks=48 inst=78 rollout "Rain of Arrows" Spell lvl1 hero1
t=7 ph=3 ap=1 snaps=19135 hooks=48 inst=78 rollout "Adventurousness" AbilityAction lvl1 hero2
t=7 ph=3 ap=1 snaps=19162 hooks=48 inst=78 rollout "Adventurousness" AbilityAction lvl1 hero2
t=7 ph=3 ap=1 snaps=19187 hooks=48 inst=78 rollout "Adventurousness" AbilityAction lvl1 hero2
t=7 ph=3 ap=1 snaps=19218 hooks=48 inst=78 rollout "Adventurousness" AbilityAction lvl1 hero2
t=7 ph=3 ap=1 snaps=19245 hooks=48 inst=78 rollout "Adventurousness" AbilityAction lvl1 hero2
t=7 ph=3 ap=1 snaps=19270 hooks=48 inst=78 rollout "Adventurousness" AbilityAction lvl1 hero2
t=7 ph=3 ap=1 snaps=19295 hooks=48 inst=78 rollout "Adventurousness" AbilityAction lvl1 hero2
t=7 ph=3 ap=1 snaps=19322 hooks=48 inst=78 rollout "Adventurousness" AbilityAction lvl1 hero2
t=7 ph=3 ap=1 snaps=19352 hooks=48 inst=78 rollout "Rain of Arrows" Spell lvl1 hero0
t=7 ph=3 ap=1 snaps=19365 hooks=48 inst=78 rollout "Rain of Arrows" Spell lvl1 hero0
t=7 ph=3 ap=1 snaps=19378 hooks=48 inst=78 rollout "Rain of Arrows" Spell lvl1 hero0
t=7 ph=3 ap=1 snaps=19391 hooks=48 inst=78 rollout "Rain of Arrows" Spell lvl1 hero1
t=7 ph=3 ap=1 snaps=19404 hooks=48 inst=78 rollout "Rain of Arrows" Spell lvl1 hero1
t=7 ph=3 ap=1 snaps=19417 hooks=48 inst=78 rollout "Rain of Arrows" Spell lvl1 hero1
t=7 ph=3 ap=1 snaps=19430 hooks=48 inst=78 rollout "Adventurousness" AbilityAction lvl1 hero2
t=7 ph=3 ap=1 snaps=19457 hooks=48 inst=78 rollout "Adventurousness" AbilityAction lvl1 hero2
t=7 ph=3 ap=1 snaps=19485 hooks=48 inst=78 rollout "Adventurousness" AbilityAction lvl1 hero2
t=7 ph=3 ap=1 snaps=19518 hooks=48 inst=78 rollout "Adventurousness" AbilityAction lvl1 hero2
t=7 ph=3 ap=1 snaps=19555 hooks=48 inst=78 rollout "Adventurousness" AbilityAction lvl1 hero2
t=7 ph=3 ap=1 snaps=19588 hooks=48 inst=78 rollout "Adventurousness" AbilityAction lvl1 hero2
t=7 ph=3 ap=1 snaps=19612 hooks=48 inst=78 rollout "Adventurousness" AbilityAction lvl1 hero2
t=7 ph=3 ap=1 snaps=19640 hooks=48 inst=78 rollout "Adventurousness" AbilityAction lvl1 hero2
t=7 ph=3 ap=1 snaps=19674 hooks=48 inst=78 rollout "Rain of Arrows" Spell lvl1 hero0
t=7 ph=3 ap=1 snaps=19687 hooks=48 inst=78 rollout "Rain of Arrows" Spell lvl1 hero0
t=7 ph=3 ap=1 snaps=19700 hooks=48 inst=78 rollout "Rain of Arrows" Spell lvl1 hero0
t=7 ph=3 ap=1 snaps=19713 hooks=48 inst=78 rollout "Rain of Arrows" Spell lvl1 hero1
t=7 ph=3 ap=1 snaps=19726 hooks=48 inst=78 rollout "Rain of Arrows" Spell lvl1 hero1
t=7 ph=3 ap=1 snaps=19739 hooks=48 inst=78 rollout "Rain of Arrows" Spell lvl1 hero1
t=7 ph=3 ap=1 snaps=19752 hooks=48 inst=78 rollout "Adventurousness" AbilityAction lvl1 hero2
t=7 ph=3 ap=1 snaps=19786 hooks=48 inst=78 rollout "Adventurousness" AbilityAction lvl1 hero2
t=7 ph=3 ap=1 snaps=19813 hooks=48 inst=78 rollout "Adventurousness" AbilityAction lvl1 hero2
t=7 ph=3 ap=1 snaps=19842 hooks=48 inst=78 rollout "Adventurousness" AbilityAction lvl1 hero2
t=7 ph=3 ap=1 snaps=19866 hooks=48 inst=78 rollout "Adventurousness" AbilityAction lvl1 hero2
t=7 ph=3 ap=1 snaps=19900 hooks=48 inst=78 rollout "Adventurousness" AbilityAction lvl1 hero2
t=7 ph=3 ap=1 snaps=19934 hooks=48 inst=78 rollout "Adventurousness" AbilityAction lvl1 hero2
t=7 ph=3 ap=1 snaps=19965 hooks=48 inst=78 rollout "Adventurousness" AbilityAction lvl1 hero2
t=7 ph=3 ap=1 snaps=19981 hooks=48 inst=78 rollout "Rain of Arrows" Spell lvl1 hero0
t=7 ph=3 ap=1 snaps=19994 hooks=48 inst=78 rollout "Rain of Arrows" Spell lvl1 hero0
t=7 ph=3 ap=1 snaps=20029 hooks=48 inst=78 rollout "Rain of Arrows" Spell lvl1 hero0
t=7 ph=3 ap=1 snaps=20042 hooks=48 inst=78 rollout "Rain of Arrows" Spell lvl1 hero1
t=7 ph=3 ap=1 snaps=20055 hooks=48 inst=78 rollout "Rain of Arrows" Spell lvl1 hero1
t=7 ph=3 ap=1 snaps=20068 hooks=48 inst=78 rollout "Rain of Arrows" Spell lvl1 hero1
t=7 ph=3 ap=1 snaps=20081 hooks=48 inst=78 rollout "Adventurousness" AbilityAction lvl1 hero2
t=7 ph=3 ap=1 snaps=20110 hooks=48 inst=78 rollout "Adventurousness" AbilityAction lvl1 hero2
t=7 ph=3 ap=1 snaps=20143 hooks=48 inst=78 rollout "Adventurousness" AbilityAction lvl1 hero2
t=7 ph=3 ap=1 snaps=20170 hooks=48 inst=78 rollout "Adventurousness" AbilityAction lvl1 hero2
t=7 ph=3 ap=1 snaps=20201 hooks=48 inst=78 rollout "Adventurousness" AbilityAction lvl1 hero2
t=7 ph=3 ap=1 snaps=20237 hooks=48 inst=78 rollout "Adventurousness" AbilityAction lvl1 hero2
t=7 ph=3 ap=1 snaps=20273 hooks=48 inst=78 rollout "Adventurousness" AbilityAction lvl1 hero2
t=7 ph=3 ap=1 snaps=20309 hooks=48 inst=78 rollout "Adventurousness" AbilityAction lvl1 hero2
t=7 ph=3 ap=1 snaps=20345 hooks=48 inst=78 rollout "Rain of Arrows" Spell lvl1 hero0
t=7 ph=3 ap=1 snaps=20358 hooks=48 inst=78 rollout "Rain of Arrows" Spell lvl1 hero0
t=7 ph=3 ap=1 snaps=20371 hooks=48 inst=78 rollout "Rain of Arrows" Spell lvl1 hero0
t=7 ph=3 ap=1 snaps=20384 hooks=48 inst=78 rollout "Rain of Arrows" Spell lvl1 hero1
t=7 ph=3 ap=1 snaps=20397 hooks=48 inst=78 rollout "Rain of Arrows" Spell lvl1 hero1
t=7 ph=3 ap=1 snaps=20410 hooks=48 inst=78 rollout "Rain of Arrows" Spell lvl1 hero1
t=7 ph=3 ap=1 snaps=20447 hooks=48 inst=78 rollout "Adventurousness" AbilityAction lvl1 hero2
t=7 ph=3 ap=1 snaps=20477 hooks=48 inst=78 rollout "Adventurousness" AbilityAction lvl1 hero2
t=7 ph=3 ap=1 snaps=20507 hooks=48 inst=78 rollout "Adventurousness" AbilityAction lvl1 hero2
t=7 ph=3 ap=1 snaps=20540 hooks=48 inst=78 rollout "Adventurousness" AbilityAction lvl1 hero2
t=7 ph=3 ap=1 snaps=20565 hooks=48 inst=78 rollout "Adventurousness" AbilityAction lvl1 hero2
t=7 ph=3 ap=1 snaps=20597 hooks=48 inst=78 rollout "Adventurousness" AbilityAction lvl1 hero2
t=7 ph=3 ap=1 snaps=20627 hooks=48 inst=78 rollout "Adventurousness" AbilityAction lvl1 hero2
t=7 ph=3 ap=1 snaps=20663 hooks=48 inst=78 rollout "Adventurousness" AbilityAction lvl1 hero2
t=7 ph=3 ap=1 snaps=20681 hooks=48 inst=78 rollout "Rain of Arrows" Spell lvl1 hero0
t=7 ph=3 ap=1 snaps=20694 hooks=48 inst=78 rollout "Rain of Arrows" Spell lvl1 hero0
t=7 ph=3 ap=1 snaps=20729 hooks=48 inst=78 rollout "Rain of Arrows" Spell lvl1 hero0
t=7 ph=3 ap=1 snaps=20742 hooks=48 inst=78 rollout "Rain of Arrows" Spell lvl1 hero1
t=7 ph=3 ap=1 snaps=20755 hooks=48 inst=78 rollout "Rain of Arrows" Spell lvl1 hero1
t=7 ph=3 ap=1 snaps=20768 hooks=48 inst=78 rollout "Rain of Arrows" Spell lvl1 hero1
t=7 ph=3 ap=1 snaps=20781 hooks=48 inst=78 rollout "Adventurousness" AbilityAction lvl1 hero2
t=7 ph=3 ap=1 snaps=20813 hooks=48 inst=78 rollout "Adventurousness" AbilityAction lvl1 hero2
t=7 ph=3 ap=1 snaps=20841 hooks=48 inst=78 rollout "Adventurousness" AbilityAction lvl1 hero2
t=7 ph=3 ap=1 snaps=20872 hooks=48 inst=78 rollout "Adventurousness" AbilityAction lvl1 hero2
t=7 ph=3 ap=1 snaps=20903 hooks=48 inst=78 rollout "Adventurousness" AbilityAction lvl1 hero2
t=7 ph=3 ap=1 snaps=20938 hooks=48 inst=78 rollout "Adventurousness" AbilityAction lvl1 hero2
t=7 ph=3 ap=1 snaps=20962 hooks=48 inst=78 rollout "Adventurousness" AbilityAction lvl1 hero2
t=7 ph=3 ap=1 snaps=20989 hooks=48 inst=78 rollout "Adventurousness" AbilityAction lvl1 hero2
t=7 ph=3 ap=1 snaps=21022 hooks=48 inst=78 rollout "Rain of Arrows" Spell lvl1 hero0
t=7 ph=3 ap=1 snaps=21035 hooks=48 inst=78 rollout "Rain of Arrows" Spell lvl1 hero0
t=7 ph=3 ap=1 snaps=21064 hooks=48 inst=78 rollout "Rain of Arrows" Spell lvl1 hero0
t=7 ph=3 ap=1 snaps=21077 hooks=48 inst=78 rollout "Rain of Arrows" Spell lvl1 hero1
t=7 ph=3 ap=1 snaps=21090 hooks=48 inst=78 rollout "Rain of Arrows" Spell lvl1 hero1
t=7 ph=3 ap=1 snaps=21103 hooks=48 inst=78 rollout "Rain of Arrows" Spell lvl1 hero1
t=7 ph=3 ap=1 snaps=21133 hooks=48 inst=78 rollout "Adventurousness" AbilityAction lvl1 hero2
t=7 ph=3 ap=1 snaps=21170 hooks=48 inst=78 rollout "Adventurousness" AbilityAction lvl1 hero2
t=7 ph=3 ap=1 snaps=21201 hooks=48 inst=78 rollout "Adventurousness" AbilityAction lvl1 hero2
t=7 ph=3 ap=1 snaps=21221 hooks=48 inst=78 rollout "Adventurousness" AbilityAction lvl1 hero2
t=7 ph=3 ap=1 snaps=21257 hooks=48 inst=78 rollout "Adventurousness" AbilityAction lvl1 hero2
t=7 ph=3 ap=1 snaps=21285 hooks=48 inst=78 rollout "Adventurousness" AbilityAction lvl1 hero2
t=7 ph=3 ap=1 snaps=21323 hooks=48 inst=78 rollout "Adventurousness" AbilityAction lvl1 hero2
t=7 ph=3 ap=1 snaps=21357 hooks=48 inst=78 rollout "Adventurousness" AbilityAction lvl1 hero2
t=7 ph=3 ap=1 snaps=21391 hooks=48 inst=78 rollout "Rain of Arrows" Spell lvl1 hero0
t=7 ph=3 ap=1 snaps=21404 hooks=48 inst=78 rollout "Rain of Arrows" Spell lvl1 hero0
t=7 ph=3 ap=1 snaps=21417 hooks=48 inst=78 rollout "Rain of Arrows" Spell lvl1 hero0
t=7 ph=3 ap=1 snaps=21430 hooks=48 inst=78 rollout "Rain of Arrows" Spell lvl1 hero1
t=7 ph=3 ap=1 snaps=21443 hooks=48 inst=78 rollout "Rain of Arrows" Spell lvl1 hero1
t=7 ph=3 ap=1 snaps=21456 hooks=48 inst=78 rollout "Rain of Arrows" Spell lvl1 hero1
t=7 ph=3 ap=1 snaps=21499 hooks=48 inst=78 rollout "Adventurousness" AbilityAction lvl1 hero2
t=7 ph=3 ap=1 snaps=21533 hooks=48 inst=78 rollout "Adventurousness" AbilityAction lvl1 hero2
t=7 ph=3 ap=1 snaps=21557 hooks=48 inst=78 rollout "Adventurousness" AbilityAction lvl1 hero2
t=7 ph=3 ap=1 snaps=21591 hooks=48 inst=78 rollout "Adventurousness" AbilityAction lvl1 hero2
t=7 ph=3 ap=1 snaps=21627 hooks=48 inst=78 rollout "Adventurousness" AbilityAction lvl1 hero2
t=7 ph=3 ap=1 snaps=21657 hooks=48 inst=78 rollout "Adventurousness" AbilityAction lvl1 hero2
t=7 ph=3 ap=1 snaps=21690 hooks=48 inst=78 rollout "Adventurousness" AbilityAction lvl1 hero2
t=7 ph=3 ap=1 snaps=21726 hooks=48 inst=78 rollout "Adventurousness" AbilityAction lvl1 hero2
t=7 ph=5 ap=1 snaps=21768 hooks=70 inst=75 switchTurn ending p1
t=8 ph=2 ap=0 snaps=21768 hooks=10 inst=76 cpuTurnStart cpu=p0 hand=7
t=8 ph=3 ap=0 snaps=21770 hooks=12 inst=76 rollout "Icy Slime" Creature lvl0 hero2
t=8 ph=3 ap=0 snaps=21771 hooks=12 inst=76 rollout "Icy Slime" Creature lvl0 hero2
t=8 ph=3 ap=0 snaps=21772 hooks=12 inst=76 rollout "Icy Slime" Creature lvl0 hero2
t=8 ph=3 ap=0 snaps=21773 hooks=12 inst=76 rollout "Shadowy Slime" Creature lvl0 hero2
t=8 ph=3 ap=0 snaps=21774 hooks=12 inst=76 rollout "Shadowy Slime" Creature lvl0 hero2
t=8 ph=3 ap=0 snaps=21775 hooks=12 inst=76 rollout "Shadowy Slime" Creature lvl0 hero2
t=8 ph=3 ap=0 snaps=21776 hooks=12 inst=76 rollout "Shiny Slime" Creature lvl0 hero2
t=8 ph=3 ap=0 snaps=21777 hooks=12 inst=76 rollout "Shiny Slime" Creature lvl0 hero2
t=8 ph=3 ap=0 snaps=21778 hooks=12 inst=76 rollout "Shiny Slime" Creature lvl0 hero2
t=8 ph=3 ap=0 snaps=21779 hooks=12 inst=76 rollout "Shiny Slime" Creature lvl0 hero2
t=8 ph=3 ap=0 snaps=21780 hooks=12 inst=76 rollout "Shiny Slime" Creature lvl0 hero2
t=8 ph=3 ap=0 snaps=21781 hooks=12 inst=76 rollout "Shiny Slime" Creature lvl0 hero2
t=8 ph=3 ap=0 snaps=21782 hooks=12 inst=76 rollout "Icy Slime" Creature lvl0 hero2
t=8 ph=3 ap=0 snaps=21783 hooks=12 inst=76 rollout "Icy Slime" Creature lvl0 hero2
t=8 ph=3 ap=0 snaps=21784 hooks=12 inst=76 rollout "Icy Slime" Creature lvl0 hero2
t=8 ph=3 ap=0 snaps=21795 hooks=12 inst=76 rollout "Icy Slime" Creature lvl0 hero2
t=8 ph=3 ap=0 snaps=21796 hooks=12 inst=76 rollout "Icy Slime" Creature lvl0 hero2
t=8 ph=3 ap=0 snaps=21797 hooks=12 inst=76 rollout "Icy Slime" Creature lvl0 hero2
t=8 ph=3 ap=0 snaps=21798 hooks=12 inst=76 rollout "Icy Slime" Creature lvl0 hero2
t=8 ph=3 ap=0 snaps=21799 hooks=12 inst=76 rollout "Icy Slime" Creature lvl0 hero2
t=8 ph=3 ap=0 snaps=21800 hooks=12 inst=76 rollout "Icy Slime" Creature lvl0 hero2
t=8 ph=3 ap=0 snaps=21801 hooks=12 inst=76 rollout "Icy Slime" Creature lvl0 hero2
t=8 ph=3 ap=0 snaps=21814 hooks=12 inst=76 rollout "Icy Slime" Creature lvl0 hero2
t=8 ph=3 ap=0 snaps=21815 hooks=12 inst=76 rollout "Icy Slime" Creature lvl0 hero2
t=8 ph=3 ap=0 snaps=21816 hooks=12 inst=76 rollout "Icy Slime" Creature lvl0 hero2
t=8 ph=3 ap=0 snaps=21817 hooks=12 inst=76 rollout "Icy Slime" Creature lvl0 hero2
t=8 ph=3 ap=0 snaps=21818 hooks=12 inst=76 rollout "Icy Slime" Creature lvl0 hero2
t=8 ph=3 ap=0 snaps=21819 hooks=12 inst=76 rollout "Icy Slime" Creature lvl0 hero2
t=8 ph=3 ap=0 snaps=21820 hooks=12 inst=76 rollout "Icy Slime" Creature lvl0 hero2
t=8 ph=3 ap=0 snaps=21833 hooks=12 inst=76 rollout "Icy Slime" Creature lvl0 hero2
t=8 ph=3 ap=0 snaps=21834 hooks=12 inst=76 rollout "Icy Slime" Creature lvl0 hero2
t=8 ph=3 ap=0 snaps=21835 hooks=12 inst=76 rollout "Icy Slime" Creature lvl0 hero2
t=8 ph=3 ap=0 snaps=21836 hooks=12 inst=76 rollout "Icy Slime" Creature lvl0 hero2
t=8 ph=3 ap=0 snaps=21837 hooks=12 inst=76 rollout "Shadowy Slime" Creature lvl0 hero2
t=8 ph=3 ap=0 snaps=21838 hooks=12 inst=76 rollout "Shadowy Slime" Creature lvl0 hero2
t=8 ph=3 ap=0 snaps=21839 hooks=12 inst=76 rollout "Shadowy Slime" Creature lvl0 hero2
t=8 ph=3 ap=0 snaps=21840 hooks=12 inst=76 rollout "Shadowy Slime" Creature lvl0 hero2
t=8 ph=3 ap=0 snaps=21841 hooks=12 inst=76 rollout "Shadowy Slime" Creature lvl0 hero2
t=8 ph=3 ap=0 snaps=21842 hooks=12 inst=76 rollout "Shadowy Slime" Creature lvl0 hero2
t=8 ph=3 ap=0 snaps=21843 hooks=12 inst=76 rollout "Shiny Slime" Creature lvl0 hero2
t=8 ph=3 ap=0 snaps=21844 hooks=12 inst=76 rollout "Shiny Slime" Creature lvl0 hero2
t=8 ph=3 ap=0 snaps=21845 hooks=12 inst=76 rollout "Shiny Slime" Creature lvl0 hero2
t=8 ph=3 ap=0 snaps=21846 hooks=12 inst=76 rollout "Shiny Slime" Creature lvl0 hero2
t=8 ph=3 ap=0 snaps=21847 hooks=12 inst=76 rollout "Shiny Slime" Creature lvl0 hero2
t=8 ph=3 ap=0 snaps=21848 hooks=12 inst=76 rollout "Shiny Slime" Creature lvl0 hero2
t=8 ph=3 ap=0 snaps=21849 hooks=12 inst=76 rollout "Shiny Slime" Creature lvl0 hero2
t=8 ph=3 ap=0 snaps=21850 hooks=12 inst=76 rollout "Shiny Slime" Creature lvl0 hero2
t=8 ph=3 ap=0 snaps=21851 hooks=12 inst=76 rollout "Shiny Slime" Creature lvl0 hero2
t=8 ph=3 ap=0 snaps=21852 hooks=12 inst=76 rollout "Shiny Slime" Creature lvl0 hero2
t=8 ph=3 ap=0 snaps=21853 hooks=12 inst=76 rollout "Shiny Slime" Creature lvl0 hero2
t=8 ph=3 ap=0 snaps=21854 hooks=12 inst=76 rollout "Shiny Slime" Creature lvl0 hero2
t=8 ph=3 ap=0 snaps=21855 hooks=12 inst=76 rollout "Shiny Slime" Creature lvl0 hero2
t=8 ph=3 ap=0 snaps=21856 hooks=12 inst=76 rollout "Shiny Slime" Creature lvl0 hero2
t=8 ph=3 ap=0 snaps=21857 hooks=12 inst=76 rollout "Shiny Slime" Creature lvl0 hero2
t=8 ph=3 ap=0 snaps=21858 hooks=12 inst=76 rollout "Shiny Slime" Creature lvl0 hero2
t=8 ph=3 ap=0 snaps=21859 hooks=12 inst=76 rollout "Shiny Slime" Creature lvl0 hero2
t=8 ph=3 ap=0 snaps=21860 hooks=12 inst=76 rollout "Shiny Slime" Creature lvl0 hero2
t=8 ph=3 ap=0 snaps=21861 hooks=12 inst=76 rollout "Shiny Slime" Creature lvl0 hero2
t=8 ph=3 ap=0 snaps=21862 hooks=12 inst=76 rollout "Shiny Slime" Creature lvl0 hero2
t=8 ph=3 ap=0 snaps=21863 hooks=12 inst=76 rollout "Shiny Slime" Creature lvl0 hero2
t=8 ph=3 ap=0 snaps=21864 hooks=12 inst=76 rollout "Shiny Slime" Creature lvl0 hero2
t=8 ph=3 ap=0 snaps=21865 hooks=12 inst=76 rollout "Shiny Slime" Creature lvl0 hero2
t=8 ph=3 ap=0 snaps=21866 hooks=12 inst=76 rollout "Shiny Slime" Creature lvl0 hero2
t=8 ph=3 ap=0 snaps=21867 hooks=12 inst=76 rollout "Shiny Slime" Creature lvl0 hero2
t=8 ph=3 ap=0 snaps=21868 hooks=12 inst=76 rollout "Shiny Slime" Creature lvl0 hero2
t=8 ph=3 ap=0 snaps=21869 hooks=12 inst=76 rollout "Shiny Slime" Creature lvl0 hero2
t=8 ph=3 ap=0 snaps=21870 hooks=12 inst=76 rollout "Shiny Slime" Creature lvl0 hero2
t=8 ph=3 ap=0 snaps=21871 hooks=12 inst=76 rollout "Shiny Slime" Creature lvl0 hero2
t=8 ph=3 ap=0 snaps=21872 hooks=12 inst=76 rollout "Shiny Slime" Creature lvl0 hero2
t=8 ph=3 ap=0 snaps=21873 hooks=12 inst=76 rollout "Shiny Slime" Creature lvl0 hero2
t=8 ph=3 ap=0 snaps=21874 hooks=12 inst=76 rollout "Shiny Slime" Creature lvl0 hero2
t=8 ph=3 ap=0 snaps=21875 hooks=12 inst=76 rollout "Shiny Slime" Creature lvl0 hero2
t=8 ph=3 ap=0 snaps=21876 hooks=12 inst=76 rollout "Shiny Slime" Creature lvl0 hero2
t=8 ph=3 ap=0 snaps=21877 hooks=12 inst=76 rollout "Shiny Slime" Creature lvl0 hero2
t=8 ph=3 ap=0 snaps=21878 hooks=12 inst=76 rollout "Shiny Slime" Creature lvl0 hero2
t=8 ph=3 ap=0 snaps=21879 hooks=12 inst=76 rollout "Shiny Slime" Creature lvl0 hero2
t=8 ph=3 ap=0 snaps=21880 hooks=12 inst=76 rollout "Shiny Slime" Creature lvl0 hero2
t=8 ph=3 ap=0 snaps=21881 hooks=12 inst=76 rollout "Shiny Slime" Creature lvl0 hero2
t=8 ph=3 ap=0 snaps=21882 hooks=12 inst=76 rollout "Shiny Slime" Creature lvl0 hero2
t=8 ph=3 ap=0 snaps=21883 hooks=12 inst=76 rollout "Shiny Slime" Creature lvl0 hero2
t=8 ph=3 ap=0 snaps=21884 hooks=12 inst=76 rollout "Shiny Slime" Creature lvl0 hero2
t=8 ph=3 ap=0 snaps=21885 hooks=12 inst=76 rollout "Shiny Slime" Creature lvl0 hero2
t=8 ph=3 ap=0 snaps=21886 hooks=12 inst=76 rollout "Shiny Slime" Creature lvl0 hero2
t=8 ph=3 ap=0 snaps=21887 hooks=12 inst=76 rollout "Shiny Slime" Creature lvl0 hero2
t=8 ph=3 ap=0 snaps=21888 hooks=12 inst=76 rollout "Shiny Slime" Creature lvl0 hero2
t=8 ph=3 ap=0 snaps=21889 hooks=12 inst=76 rollout "Shiny Slime" Creature lvl0 hero2
t=8 ph=3 ap=0 snaps=21890 hooks=12 inst=76 rollout "Shiny Slime" Creature lvl0 hero2
t=8 ph=3 ap=0 snaps=21891 hooks=12 inst=76 rollout "Shiny Slime" Creature lvl0 hero2
t=8 ph=3 ap=0 snaps=21892 hooks=12 inst=76 rollout "Shiny Slime" Creature lvl0 hero2
t=8 ph=3 ap=0 snaps=21893 hooks=12 inst=76 rollout "Shiny Slime" Creature lvl0 hero2
t=8 ph=3 ap=0 snaps=21894 hooks=12 inst=76 rollout "Shiny Slime" Creature lvl0 hero2
t=8 ph=3 ap=0 snaps=21895 hooks=12 inst=76 rollout "Shiny Slime" Creature lvl0 hero2
t=8 ph=3 ap=0 snaps=21896 hooks=12 inst=76 rollout "Shiny Slime" Creature lvl0 hero2
t=8 ph=3 ap=0 snaps=21897 hooks=12 inst=76 rollout "Shiny Slime" Creature lvl0 hero2
t=8 ph=3 ap=0 snaps=21898 hooks=12 inst=76 rollout "Shiny Slime" Creature lvl0 hero2
t=8 ph=3 ap=0 snaps=21899 hooks=12 inst=76 rollout "Shiny Slime" Creature lvl0 hero2
t=8 ph=3 ap=0 snaps=21900 hooks=12 inst=76 rollout "Shiny Slime" Creature lvl0 hero2
t=8 ph=3 ap=0 snaps=21901 hooks=12 inst=76 rollout "Shiny Slime" Creature lvl0 hero2
t=8 ph=3 ap=0 snaps=21902 hooks=12 inst=76 rollout "Shiny Slime" Creature lvl0 hero2
t=8 ph=3 ap=0 snaps=21903 hooks=12 inst=76 rollout "Shiny Slime" Creature lvl0 hero2
t=8 ph=3 ap=0 snaps=21904 hooks=12 inst=76 rollout "Shiny Slime" Creature lvl0 hero2
t=8 ph=3 ap=0 snaps=21905 hooks=12 inst=76 rollout "Shiny Slime" Creature lvl0 hero2
t=8 ph=3 ap=0 snaps=21906 hooks=12 inst=76 rollout "Shiny Slime" Creature lvl0 hero2
t=8 ph=3 ap=0 snaps=21907 hooks=12 inst=76 rollout "Shiny Slime" Creature lvl0 hero2
t=8 ph=3 ap=0 snaps=21908 hooks=12 inst=76 rollout "Shiny Slime" Creature lvl0 hero2
t=8 ph=3 ap=0 snaps=21909 hooks=12 inst=76 rollout "Shiny Slime" Creature lvl0 hero2
t=8 ph=3 ap=0 snaps=21910 hooks=12 inst=76 rollout "Shiny Slime" Creature lvl0 hero2
t=8 ph=3 ap=0 snaps=21911 hooks=12 inst=76 rollout "Shiny Slime" Creature lvl0 hero2
t=8 ph=3 ap=0 snaps=21912 hooks=12 inst=76 rollout "Shiny Slime" Creature lvl0 hero2
t=8 ph=3 ap=0 snaps=21913 hooks=12 inst=76 rollout "Shiny Slime" Creature lvl0 hero2
t=8 ph=3 ap=0 snaps=21914 hooks=12 inst=76 rollout "Shiny Slime" Creature lvl0 hero2
t=8 ph=3 ap=0 snaps=21915 hooks=12 inst=76 rollout "Shiny Slime" Creature lvl0 hero2
t=8 ph=3 ap=0 snaps=21916 hooks=12 inst=76 rollout "Shiny Slime" Creature lvl0 hero2
t=8 ph=3 ap=0 snaps=21917 hooks=12 inst=76 rollout "Shiny Slime" Creature lvl0 hero2
t=8 ph=3 ap=0 snaps=21918 hooks=12 inst=76 rollout "Shiny Slime" Creature lvl0 hero2
t=8 ph=3 ap=0 snaps=21919 hooks=12 inst=76 rollout "Shiny Slime" Creature lvl0 hero2
t=8 ph=3 ap=0 snaps=21920 hooks=12 inst=76 rollout "Shiny Slime" Creature lvl0 hero2
t=8 ph=3 ap=0 snaps=21921 hooks=12 inst=76 rollout "Shiny Slime" Creature lvl0 hero2
t=8 ph=3 ap=0 snaps=21922 hooks=12 inst=76 rollout "Shiny Slime" Creature lvl0 hero2
t=8 ph=3 ap=0 snaps=21923 hooks=12 inst=76 rollout "Shiny Slime" Creature lvl0 hero2
t=8 ph=3 ap=0 snaps=21924 hooks=12 inst=76 rollout "Shiny Slime" Creature lvl0 hero2
t=8 ph=3 ap=0 snaps=21925 hooks=12 inst=76 rollout "Shiny Slime" Creature lvl0 hero2
t=8 ph=3 ap=0 snaps=21926 hooks=12 inst=76 rollout "Shiny Slime" Creature lvl0 hero2
t=8 ph=3 ap=0 snaps=21927 hooks=12 inst=76 rollout "Shiny Slime" Creature lvl0 hero2
t=8 ph=3 ap=0 snaps=21928 hooks=12 inst=76 rollout "Shiny Slime" Creature lvl0 hero2
t=8 ph=3 ap=0 snaps=21929 hooks=12 inst=76 rollout "Shiny Slime" Creature lvl0 hero2
t=8 ph=3 ap=0 snaps=21930 hooks=12 inst=76 rollout "Shiny Slime" Creature lvl0 hero2
t=8 ph=3 ap=0 snaps=21931 hooks=12 inst=76 rollout "Shiny Slime" Creature lvl0 hero2
t=8 ph=3 ap=0 snaps=21932 hooks=12 inst=76 rollout "Shiny Slime" Creature lvl0 hero2
t=8 ph=3 ap=0 snaps=21933 hooks=12 inst=76 rollout "Shiny Slime" Creature lvl0 hero2
t=8 ph=3 ap=0 snaps=21934 hooks=12 inst=76 rollout "Shiny Slime" Creature lvl0 hero2
t=8 ph=3 ap=0 snaps=21935 hooks=12 inst=76 rollout "Shiny Slime" Creature lvl0 hero2
t=8 ph=3 ap=0 snaps=21936 hooks=12 inst=76 rollout "Shiny Slime" Creature lvl0 hero2
t=8 ph=3 ap=0 snaps=21937 hooks=12 inst=76 rollout "Shiny Slime" Creature lvl0 hero2
t=8 ph=3 ap=0 snaps=21938 hooks=12 inst=76 rollout "Shiny Slime" Creature lvl0 hero2
t=8 ph=3 ap=0 snaps=21939 hooks=12 inst=76 rollout "Shiny Slime" Creature lvl0 hero2
t=8 ph=3 ap=0 snaps=21940 hooks=12 inst=76 rollout "Shiny Slime" Creature lvl0 hero2
t=8 ph=3 ap=0 snaps=21941 hooks=12 inst=76 rollout "Shiny Slime" Creature lvl0 hero2
t=8 ph=3 ap=0 snaps=21942 hooks=12 inst=76 rollout "Shiny Slime" Creature lvl0 hero2
t=8 ph=3 ap=0 snaps=21943 hooks=12 inst=76 rollout "Shiny Slime" Creature lvl0 hero2
t=8 ph=3 ap=0 snaps=21944 hooks=12 inst=76 summon "Shiny Slime" p0/h2
t=8 ph=5 ap=0 snaps=21955 hooks=30 inst=83 switchTurn ending p0
t=9 ph=2 ap=1 snaps=21955 hooks=13 inst=85 cpuTurnStart cpu=p1 hand=13

=== GAME 5/1000: Steam Dwarf Mines vs Lightning Caller @ 2026-05-01T09:58:58.735Z ===
t=1 ph=2 ap=1 snaps=0 hooks=10 inst=29 cpuTurnStart cpu=p1 hand=6
t=1 ph=5 ap=1 snaps=101 hooks=33 inst=36 switchTurn ending p1
t=2 ph=2 ap=0 snaps=101 hooks=13 inst=37 cpuTurnStart cpu=p0 hand=6
t=2 ph=2 ap=0 snaps=103 hooks=22 inst=40 summon "Ska Harpyformer" p0/h0
t=2 ph=3 ap=0 snaps=115 hooks=39 inst=44 rollout "Aggressive Town Guard" Creature lvl0 hero0
t=2 ph=3 ap=0 snaps=130 hooks=39 inst=44 rollout "Aggressive Town Guard" Creature lvl0 hero0
t=2 ph=3 ap=0 snaps=140 hooks=39 inst=44 rollout "Steam Dwarf Diver" Creature lvl1 hero1
t=2 ph=3 ap=0 snaps=146 hooks=39 inst=44 rollout "Steam Dwarf Diver" Creature lvl1 hero1
t=2 ph=3 ap=0 snaps=148 hooks=39 inst=44 rollout "Steam Dwarf Diver" Creature lvl1 hero1
t=2 ph=3 ap=0 snaps=157 hooks=39 inst=44 rollout "Steam Dwarf Dragon Pilot" Creature lvl1 hero1
t=2 ph=3 ap=0 snaps=158 hooks=39 inst=44 rollout "Steam Dwarf Dragon Pilot" Creature lvl1 hero1
t=2 ph=3 ap=0 snaps=159 hooks=39 inst=44 rollout "Steam Dwarf Dragon Pilot" Creature lvl1 hero1
t=2 ph=3 ap=0 snaps=160 hooks=39 inst=44 rollout "Aggressive Town Guard" Creature lvl0 hero0
t=2 ph=3 ap=0 snaps=176 hooks=39 inst=44 rollout "Aggressive Town Guard" Creature lvl0 hero0
t=2 ph=3 ap=0 snaps=181 hooks=39 inst=44 rollout "Aggressive Town Guard" Creature lvl0 hero0
t=2 ph=3 ap=0 snaps=187 hooks=39 inst=44 rollout "Aggressive Town Guard" Creature lvl0 hero0
t=2 ph=3 ap=0 snaps=195 hooks=39 inst=44 rollout "Steam Dwarf Diver" Creature lvl1 hero1
t=2 ph=3 ap=0 snaps=204 hooks=39 inst=44 rollout "Steam Dwarf Diver" Creature lvl1 hero1
t=2 ph=3 ap=0 snaps=206 hooks=39 inst=44 rollout "Steam Dwarf Diver" Creature lvl1 hero1
t=2 ph=3 ap=0 snaps=210 hooks=39 inst=44 rollout "Steam Dwarf Diver" Creature lvl1 hero1
t=2 ph=3 ap=0 snaps=214 hooks=39 inst=44 rollout "Steam Dwarf Diver" Creature lvl1 hero1
t=2 ph=3 ap=0 snaps=218 hooks=39 inst=44 rollout "Steam Dwarf Diver" Creature lvl1 hero1
t=2 ph=3 ap=0 snaps=224 hooks=39 inst=44 rollout "Steam Dwarf Diver" Creature lvl1 hero1
t=2 ph=3 ap=0 snaps=228 hooks=39 inst=44 rollout "Steam Dwarf Diver" Creature lvl1 hero1
t=2 ph=3 ap=0 snaps=241 hooks=39 inst=44 rollout "Steam Dwarf Diver" Creature lvl1 hero1
t=2 ph=3 ap=0 snaps=245 hooks=39 inst=44 rollout "Steam Dwarf Diver" Creature lvl1 hero1
t=2 ph=3 ap=0 snaps=258 hooks=39 inst=44 rollout "Steam Dwarf Diver" Creature lvl1 hero1
t=2 ph=3 ap=0 snaps=261 hooks=39 inst=44 rollout "Steam Dwarf Diver" Creature lvl1 hero1
t=2 ph=3 ap=0 snaps=263 hooks=39 inst=44 rollout "Steam Dwarf Diver" Creature lvl1 hero1
t=2 ph=3 ap=0 snaps=264 hooks=39 inst=44 rollout "Steam Dwarf Diver" Creature lvl1 hero1
t=2 ph=3 ap=0 snaps=270 hooks=39 inst=44 rollout "Steam Dwarf Diver" Creature lvl1 hero1
t=2 ph=3 ap=0 snaps=275 hooks=39 inst=44 rollout "Aggressive Town Guard" Creature lvl0 hero0
t=2 ph=3 ap=0 snaps=279 hooks=39 inst=44 rollout "Aggressive Town Guard" Creature lvl0 hero0
t=2 ph=3 ap=0 snaps=284 hooks=39 inst=44 rollout "Steam Dwarf Diver" Creature lvl1 hero1
t=2 ph=3 ap=0 snaps=294 hooks=39 inst=44 rollout "Steam Dwarf Diver" Creature lvl1 hero1
t=2 ph=3 ap=0 snaps=296 hooks=39 inst=44 rollout "Aggressive Town Guard" Creature lvl0 hero0
t=2 ph=3 ap=0 snaps=304 hooks=39 inst=44 rollout "Aggressive Town Guard" Creature lvl0 hero0
t=2 ph=3 ap=0 snaps=306 hooks=39 inst=44 rollout "Steam Dwarf Diver" Creature lvl1 hero1
t=2 ph=3 ap=0 snaps=311 hooks=39 inst=44 rollout "Steam Dwarf Diver" Creature lvl1 hero1
t=2 ph=3 ap=0 snaps=312 hooks=39 inst=44 rollout "Steam Dwarf Diver" Creature lvl1 hero1
t=2 ph=3 ap=0 snaps=313 hooks=39 inst=44 rollout "Steam Dwarf Diver" Creature lvl1 hero1
t=2 ph=3 ap=0 snaps=322 hooks=39 inst=44 rollout "Steam Dwarf Diver" Creature lvl1 hero1
t=2 ph=3 ap=0 snaps=326 hooks=39 inst=44 rollout "Steam Dwarf Diver" Creature lvl1 hero1
t=2 ph=3 ap=0 snaps=331 hooks=39 inst=44 rollout "Steam Dwarf Diver" Creature lvl1 hero1
t=2 ph=3 ap=0 snaps=337 hooks=39 inst=44 rollout "Aggressive Town Guard" Creature lvl0 hero0
t=2 ph=3 ap=0 snaps=348 hooks=39 inst=44 rollout "Steam Dwarf Diver" Creature lvl1 hero1
t=2 ph=3 ap=0 snaps=352 hooks=39 inst=44 rollout "Steam Dwarf Diver" Creature lvl1 hero1
t=2 ph=3 ap=0 snaps=356 hooks=39 inst=44 rollout "Steam Dwarf Diver" Creature lvl1 hero1
t=2 ph=3 ap=0 snaps=363 hooks=39 inst=44 rollout "Steam Dwarf Diver" Creature lvl1 hero1
t=2 ph=3 ap=0 snaps=367 hooks=39 inst=44 rollout "Steam Dwarf Diver" Creature lvl1 hero1
t=2 ph=3 ap=0 snaps=375 hooks=39 inst=44 rollout "Steam Dwarf Diver" Creature lvl1 hero1
t=2 ph=3 ap=0 snaps=381 hooks=39 inst=44 rollout "Steam Dwarf Diver" Creature lvl1 hero1
t=2 ph=3 ap=0 snaps=386 hooks=39 inst=44 rollout "Steam Dwarf Diver" Creature lvl1 hero1
t=2 ph=3 ap=0 snaps=392 hooks=39 inst=44 rollout "Steam Dwarf Diver" Creature lvl1 hero1
t=2 ph=3 ap=0 snaps=399 hooks=39 inst=44 rollout "Steam Dwarf Diver" Creature lvl1 hero1
t=2 ph=3 ap=0 snaps=404 hooks=39 inst=44 rollout "Steam Dwarf Diver" Creature lvl1 hero1
t=2 ph=3 ap=0 snaps=405 hooks=39 inst=44 rollout "Steam Dwarf Diver" Creature lvl1 hero1
t=2 ph=3 ap=0 snaps=413 hooks=39 inst=44 rollout "Steam Dwarf Diver" Creature lvl1 hero1
t=2 ph=3 ap=0 snaps=415 hooks=39 inst=44 rollout "Steam Dwarf Diver" Creature lvl1 hero1
t=2 ph=3 ap=0 snaps=428 hooks=39 inst=44 rollout "Steam Dwarf Diver" Creature lvl1 hero1
t=2 ph=3 ap=0 snaps=432 hooks=39 inst=44 rollout "Steam Dwarf Diver" Creature lvl1 hero1
t=2 ph=3 ap=0 snaps=436 hooks=39 inst=44 rollout "Steam Dwarf Diver" Creature lvl1 hero1
t=2 ph=3 ap=0 snaps=437 hooks=39 inst=44 rollout "Steam Dwarf Diver" Creature lvl1 hero1
t=2 ph=3 ap=0 snaps=445 hooks=39 inst=44 rollout "Steam Dwarf Diver" Creature lvl1 hero1
t=2 ph=3 ap=0 snaps=446 hooks=39 inst=44 rollout "Steam Dwarf Diver" Creature lvl1 hero1
t=2 ph=3 ap=0 snaps=450 hooks=39 inst=44 rollout "Steam Dwarf Diver" Creature lvl1 hero1
t=2 ph=3 ap=0 snaps=461 hooks=39 inst=44 rollout "Steam Dwarf Diver" Creature lvl1 hero1
t=2 ph=3 ap=0 snaps=471 hooks=39 inst=44 rollout "Steam Dwarf Diver" Creature lvl1 hero1
t=2 ph=3 ap=0 snaps=474 hooks=39 inst=44 rollout "Steam Dwarf Diver" Creature lvl1 hero1
t=2 ph=3 ap=0 snaps=485 hooks=39 inst=44 rollout "Steam Dwarf Diver" Creature lvl1 hero1
t=2 ph=3 ap=0 snaps=492 hooks=39 inst=44 rollout "Steam Dwarf Diver" Creature lvl1 hero1
t=2 ph=3 ap=0 snaps=498 hooks=39 inst=44 rollout "Steam Dwarf Diver" Creature lvl1 hero1
t=2 ph=3 ap=0 snaps=504 hooks=39 inst=44 rollout "Steam Dwarf Diver" Creature lvl1 hero1
t=2 ph=3 ap=0 snaps=510 hooks=39 inst=44 rollout "Steam Dwarf Diver" Creature lvl1 hero1
t=2 ph=3 ap=0 snaps=512 hooks=39 inst=44 rollout "Steam Dwarf Diver" Creature lvl1 hero1
t=2 ph=3 ap=0 snaps=515 hooks=39 inst=44 rollout "Steam Dwarf Diver" Creature lvl1 hero1
t=2 ph=3 ap=0 snaps=519 hooks=39 inst=44 rollout "Steam Dwarf Diver" Creature lvl1 hero1
t=2 ph=3 ap=0 snaps=535 hooks=39 inst=44 rollout "Steam Dwarf Diver" Creature lvl1 hero1
t=2 ph=3 ap=0 snaps=539 hooks=39 inst=44 rollout "Steam Dwarf Diver" Creature lvl1 hero1
t=2 ph=3 ap=0 snaps=541 hooks=39 inst=44 rollout "Steam Dwarf Diver" Creature lvl1 hero1
t=2 ph=3 ap=0 snaps=556 hooks=39 inst=44 rollout "Steam Dwarf Diver" Creature lvl1 hero1
t=2 ph=3 ap=0 snaps=561 hooks=39 inst=44 rollout "Steam Dwarf Diver" Creature lvl1 hero1
t=2 ph=3 ap=0 snaps=572 hooks=39 inst=44 rollout "Steam Dwarf Diver" Creature lvl1 hero1
t=2 ph=3 ap=0 snaps=574 hooks=39 inst=44 rollout "Steam Dwarf Diver" Creature lvl1 hero1
t=2 ph=3 ap=0 snaps=579 hooks=39 inst=44 summon "Steam Dwarf Diver" p0/h1
t=2 ph=5 ap=0 snaps=584 hooks=48 inst=45 switchTurn ending p0
t=3 ph=2 ap=1 snaps=584 hooks=10 inst=46 cpuTurnStart cpu=p1 hand=5
t=3 ph=5 ap=1 snaps=682 hooks=28 inst=48 switchTurn ending p1
t=4 ph=2 ap=0 snaps=682 hooks=10 inst=49 cpuTurnStart cpu=p0 hand=6
t=4 ph=2 ap=0 snaps=683 hooks=14 inst=50 summon "Aggressive Town Guard" p0/h0
t=4 ph=3 ap=0 snaps=701 hooks=47 inst=56 rollout "Steam Dwarf Brewer" Creature lvl1 hero2
t=4 ph=3 ap=0 snaps=720 hooks=47 inst=56 rollout "Steam Dwarf Brewer" Creature lvl1 hero2
t=4 ph=3 ap=0 snaps=733 hooks=47 inst=56 rollout "Steam Dwarf Brewer" Creature lvl1 hero2
t=4 ph=3 ap=0 snaps=746 hooks=47 inst=56 rollout "Aggressive Town Guard" Creature lvl0 hero0
t=4 ph=3 ap=0 snaps=766 hooks=47 inst=56 rollout "Steam Dwarf Exterminator" Creature lvl1 hero1
t=4 ph=3 ap=0 snaps=782 hooks=47 inst=56 rollout "Steam Dwarf Exterminator" Creature lvl1 hero1
t=4 ph=3 ap=0 snaps=802 hooks=47 inst=56 rollout "Steam Dwarf Exterminator" Creature lvl1 hero1
t=4 ph=3 ap=0 snaps=820 hooks=47 inst=56 rollout "Steam Dwarf Brewer" Creature lvl1 hero2
t=4 ph=3 ap=0 snaps=830 hooks=47 inst=56 rollout "Steam Dwarf Brewer" Creature lvl1 hero2
t=4 ph=3 ap=0 snaps=838 hooks=47 inst=56 rollout "Steam Dwarf Brewer" Creature lvl1 hero2
t=4 ph=3 ap=0 snaps=861 hooks=47 inst=56 rollout "Steam Dwarf Brewer" Creature lvl1 hero2
t=4 ph=3 ap=0 snaps=871 hooks=47 inst=56 rollout "Steam Dwarf Brewer" Creature lvl1 hero2
t=4 ph=3 ap=0 snaps=896 hooks=47 inst=56 rollout "Steam Dwarf Brewer" Creature lvl1 hero2
t=4 ph=3 ap=0 snaps=914 hooks=47 inst=56 rollout "Steam Dwarf Brewer" Creature lvl1 hero2
t=4 ph=3 ap=0 snaps=949 hooks=47 inst=56 rollout "Steam Dwarf Brewer" Creature lvl1 hero2
t=4 ph=3 ap=0 snaps=961 hooks=47 inst=56 rollout "Steam Dwarf Brewer" Creature lvl1 hero2
t=4 ph=3 ap=0 snaps=976 hooks=47 inst=56 rollout "Steam Dwarf Brewer" Creature lvl1 hero2
t=4 ph=3 ap=0 snaps=987 hooks=47 inst=56 rollout "Steam Dwarf Brewer" Creature lvl1 hero2
t=4 ph=3 ap=0 snaps=1003 hooks=47 inst=56 rollout "Steam Dwarf Brewer" Creature lvl1 hero2
t=4 ph=3 ap=0 snaps=1013 hooks=47 inst=56 rollout "Steam Dwarf Brewer" Creature lvl1 hero2
t=4 ph=3 ap=0 snaps=1031 hooks=47 inst=56 rollout "Steam Dwarf Brewer" Creature lvl1 hero2
t=4 ph=3 ap=0 snaps=1043 hooks=47 inst=56 rollout "Steam Dwarf Brewer" Creature lvl1 hero2
t=4 ph=3 ap=0 snaps=1054 hooks=47 inst=56 rollout "Steam Dwarf Brewer" Creature lvl1 hero2
t=4 ph=3 ap=0 snaps=1079 hooks=47 inst=56 rollout "Steam Dwarf Brewer" Creature lvl1 hero2
t=4 ph=3 ap=0 snaps=1093 hooks=47 inst=56 rollout "Steam Dwarf Brewer" Creature lvl1 hero2
t=4 ph=3 ap=0 snaps=1102 hooks=47 inst=56 rollout "Steam Dwarf Brewer" Creature lvl1 hero2
t=4 ph=3 ap=0 snaps=1109 hooks=47 inst=56 rollout "Steam Dwarf Brewer" Creature lvl1 hero2
t=4 ph=3 ap=0 snaps=1120 hooks=47 inst=56 rollout "Steam Dwarf Brewer" Creature lvl1 hero2
t=4 ph=3 ap=0 snaps=1139 hooks=47 inst=56 rollout "Aggressive Town Guard" Creature lvl0 hero0
t=4 ph=3 ap=0 snaps=1148 hooks=47 inst=56 rollout "Aggressive Town Guard" Creature lvl0 hero0
t=4 ph=3 ap=0 snaps=1166 hooks=47 inst=56 rollout "Aggressive Town Guard" Creature lvl0 hero0
t=4 ph=3 ap=0 snaps=1176 hooks=47 inst=56 rollout "Aggressive Town Guard" Creature lvl0 hero0
t=4 ph=3 ap=0 snaps=1191 hooks=47 inst=56 rollout "Aggressive Town Guard" Creature lvl0 hero0
t=4 ph=3 ap=0 snaps=1202 hooks=47 inst=56 rollout "Aggressive Town Guard" Creature lvl0 hero0
t=4 ph=3 ap=0 snaps=1224 hooks=47 inst=56 rollout "Aggressive Town Guard" Creature lvl0 hero0
t=4 ph=3 ap=0 snaps=1248 hooks=47 inst=56 rollout "Steam Dwarf Exterminator" Creature lvl1 hero1
t=4 ph=3 ap=0 snaps=1259 hooks=47 inst=56 rollout "Steam Dwarf Exterminator" Creature lvl1 hero1
t=4 ph=3 ap=0 snaps=1268 hooks=47 inst=56 rollout "Steam Dwarf Exterminator" Creature lvl1 hero1
t=4 ph=3 ap=0 snaps=1301 hooks=47 inst=56 rollout "Steam Dwarf Exterminator" Creature lvl1 hero1
t=4 ph=3 ap=0 snaps=1311 hooks=47 inst=56 rollout "Steam Dwarf Exterminator" Creature lvl1 hero1
t=4 ph=3 ap=0 snaps=1319 hooks=47 inst=56 rollout "Steam Dwarf Exterminator" Creature lvl1 hero1
t=4 ph=3 ap=0 snaps=1341 hooks=47 inst=56 rollout "Steam Dwarf Exterminator" Creature lvl1 hero1
t=4 ph=3 ap=0 snaps=1351 hooks=47 inst=56 rollout "Steam Dwarf Exterminator" Creature lvl1 hero1
t=4 ph=3 ap=0 snaps=1355 hooks=47 inst=56 rollout "Steam Dwarf Exterminator" Creature lvl1 hero1
t=4 ph=3 ap=0 snaps=1365 hooks=47 inst=56 rollout "Steam Dwarf Exterminator" Creature lvl1 hero1
t=4 ph=3 ap=0 snaps=1375 hooks=47 inst=56 rollout "Steam Dwarf Exterminator" Creature lvl1 hero1
t=4 ph=3 ap=0 snaps=1392 hooks=47 inst=56 rollout "Steam Dwarf Exterminator" Creature lvl1 hero1
t=4 ph=3 ap=0 snaps=1404 hooks=47 inst=56 rollout "Steam Dwarf Exterminator" Creature lvl1 hero1
t=4 ph=3 ap=0 snaps=1416 hooks=47 inst=56 rollout "Steam Dwarf Exterminator" Creature lvl1 hero1
t=4 ph=3 ap=0 snaps=1430 hooks=47 inst=56 rollout "Steam Dwarf Exterminator" Creature lvl1 hero1
t=4 ph=3 ap=0 snaps=1436 hooks=47 inst=56 rollout "Steam Dwarf Exterminator" Creature lvl1 hero1
t=4 ph=3 ap=0 snaps=1458 hooks=47 inst=56 rollout "Steam Dwarf Exterminator" Creature lvl1 hero1
t=4 ph=3 ap=0 snaps=1474 hooks=47 inst=56 rollout "Steam Dwarf Exterminator" Creature lvl1 hero1
t=4 ph=3 ap=0 snaps=1499 hooks=47 inst=56 rollout "Steam Dwarf Exterminator" Creature lvl1 hero1
t=4 ph=3 ap=0 snaps=1518 hooks=47 inst=56 rollout "Steam Dwarf Exterminator" Creature lvl1 hero1
t=4 ph=3 ap=0 snaps=1530 hooks=47 inst=56 rollout "Steam Dwarf Exterminator" Creature lvl1 hero1
t=4 ph=3 ap=0 snaps=1543 hooks=47 inst=56 rollout "Steam Dwarf Exterminator" Creature lvl1 hero1
t=4 ph=3 ap=0 snaps=1552 hooks=47 inst=56 rollout "Steam Dwarf Exterminator" Creature lvl1 hero1
t=4 ph=3 ap=0 snaps=1570 hooks=47 inst=56 rollout "Steam Dwarf Exterminator" Creature lvl1 hero1
t=4 ph=3 ap=0 snaps=1583 hooks=47 inst=56 rollout "Steam Dwarf Exterminator" Creature lvl1 hero1
t=4 ph=3 ap=0 snaps=1592 hooks=47 inst=56 rollout "Steam Dwarf Exterminator" Creature lvl1 hero1
t=4 ph=3 ap=0 snaps=1600 hooks=47 inst=56 rollout "Steam Dwarf Exterminator" Creature lvl1 hero1
t=4 ph=3 ap=0 snaps=1616 hooks=47 inst=56 rollout "Steam Dwarf Exterminator" Creature lvl1 hero1
t=4 ph=3 ap=0 snaps=1641 hooks=47 inst=56 rollout "Steam Dwarf Exterminator" Creature lvl1 hero1
t=4 ph=3 ap=0 snaps=1663 hooks=47 inst=56 rollout "Steam Dwarf Exterminator" Creature lvl1 hero1
t=4 ph=3 ap=0 snaps=1681 hooks=47 inst=56 rollout "Steam Dwarf Exterminator" Creature lvl1 hero1
t=4 ph=3 ap=0 snaps=1687 hooks=47 inst=56 rollout "Steam Dwarf Exterminator" Creature lvl1 hero1
t=4 ph=3 ap=0 snaps=1696 hooks=47 inst=56 rollout "Steam Dwarf Exterminator" Creature lvl1 hero1
t=4 ph=3 ap=0 snaps=1709 hooks=47 inst=56 rollout "Steam Dwarf Exterminator" Creature lvl1 hero1
t=4 ph=3 ap=0 snaps=1722 hooks=47 inst=56 rollout "Steam Dwarf Exterminator" Creature lvl1 hero1
t=4 ph=3 ap=0 snaps=1737 hooks=47 inst=56 rollout "Steam Dwarf Exterminator" Creature lvl1 hero1
t=4 ph=3 ap=0 snaps=1748 hooks=47 inst=56 rollout "Steam Dwarf Exterminator" Creature lvl1 hero1
t=4 ph=3 ap=0 snaps=1754 hooks=47 inst=56 rollout "Steam Dwarf Exterminator" Creature lvl1 hero1
t=4 ph=3 ap=0 snaps=1782 hooks=47 inst=56 rollout "Steam Dwarf Exterminator" Creature lvl1 hero1
t=4 ph=3 ap=0 snaps=1788 hooks=47 inst=56 rollout "Steam Dwarf Exterminator" Creature lvl1 hero1
t=4 ph=3 ap=0 snaps=1800 hooks=47 inst=56 rollout "Steam Dwarf Exterminator" Creature lvl1 hero1
t=4 ph=3 ap=0 snaps=1813 hooks=47 inst=56 rollout "Steam Dwarf Exterminator" Creature lvl1 hero1
t=4 ph=3 ap=0 snaps=1822 hooks=47 inst=56 rollout "Steam Dwarf Exterminator" Creature lvl1 hero1
t=4 ph=3 ap=0 snaps=1832 hooks=47 inst=56 rollout "Steam Dwarf Exterminator" Creature lvl1 hero1
t=4 ph=3 ap=0 snaps=1848 hooks=47 inst=56 rollout "Steam Dwarf Exterminator" Creature lvl1 hero1
t=4 ph=3 ap=0 snaps=1862 hooks=47 inst=56 summon "Steam Dwarf Exterminator" p0/h1
t=4 ph=5 ap=0 snaps=1863 hooks=56 inst=57 switchTurn ending p0
t=5 ph=2 ap=1 snaps=1863 hooks=10 inst=58 cpuTurnStart cpu=p1 hand=4
t=5 ph=3 ap=1 snaps=1884 hooks=22 inst=62 rollout "Butterfly Cloud" Spell lvl2 hero1
t=5 ph=3 ap=1 snaps=1899 hooks=22 inst=62 rollout "Butterfly Cloud" Spell lvl2 hero1
t=5 ph=3 ap=1 snaps=1914 hooks=22 inst=62 rollout "Butterfly Cloud" Spell lvl2 hero1
t=5 ph=3 ap=1 snaps=1918 hooks=22 inst=62 rollout "Butterfly Cloud" Spell lvl2 hero1
t=5 ph=3 ap=1 snaps=1928 hooks=22 inst=62 rollout "Butterfly Cloud" Spell lvl2 hero1
t=5 ph=3 ap=1 snaps=1936 hooks=22 inst=62 rollout "Butterfly Cloud" Spell lvl2 hero1
t=5 ph=3 ap=1 snaps=1949 hooks=22 inst=62 rollout "Butterfly Cloud" Spell lvl2 hero1
t=5 ph=3 ap=1 snaps=1958 hooks=22 inst=62 rollout "Butterfly Cloud" Spell lvl2 hero1
t=5 ph=3 ap=1 snaps=1999 hooks=22 inst=62 rollout "Butterfly Cloud" Spell lvl2 hero1
t=5 ph=3 ap=1 snaps=2008 hooks=22 inst=62 rollout "Butterfly Cloud" Spell lvl2 hero1
t=5 ph=3 ap=1 snaps=2012 hooks=22 inst=62 rollout "Butterfly Cloud" Spell lvl2 hero1
t=5 ph=3 ap=1 snaps=2026 hooks=22 inst=62 rollout "Butterfly Cloud" Spell lvl2 hero1
t=5 ph=3 ap=1 snaps=2041 hooks=22 inst=62 rollout "Butterfly Cloud" Spell lvl2 hero1
t=5 ph=3 ap=1 snaps=2070 hooks=22 inst=62 rollout "Butterfly Cloud" Spell lvl2 hero1
t=5 ph=3 ap=1 snaps=2081 hooks=22 inst=62 rollout "Butterfly Cloud" Spell lvl2 hero1
t=5 ph=3 ap=1 snaps=2101 hooks=22 inst=62 rollout "Butterfly Cloud" Spell lvl2 hero1
t=5 ph=3 ap=1 snaps=2109 hooks=22 inst=62 rollout "Butterfly Cloud" Spell lvl2 hero1
t=5 ph=3 ap=1 snaps=2132 hooks=22 inst=62 rollout "Butterfly Cloud" Spell lvl2 hero1
t=5 ph=3 ap=1 snaps=2157 hooks=22 inst=62 rollout "Butterfly Cloud" Spell lvl2 hero1
t=5 ph=3 ap=1 snaps=2191 hooks=22 inst=62 rollout "Butterfly Cloud" Spell lvl2 hero1
t=5 ph=3 ap=1 snaps=2202 hooks=22 inst=62 rollout "Butterfly Cloud" Spell lvl2 hero1
t=5 ph=3 ap=1 snaps=2215 hooks=22 inst=62 rollout "Butterfly Cloud" Spell lvl2 hero1
t=5 ph=3 ap=1 snaps=2226 hooks=22 inst=62 rollout "Butterfly Cloud" Spell lvl2 hero1
t=5 ph=3 ap=1 snaps=2242 hooks=22 inst=62 rollout "Butterfly Cloud" Spell lvl2 hero1
t=5 ph=3 ap=1 snaps=2268 hooks=22 inst=62 rollout "Butterfly Cloud" Spell lvl2 hero1
t=5 ph=3 ap=1 snaps=2277 hooks=22 inst=62 rollout "Butterfly Cloud" Spell lvl2 hero1
t=5 ph=3 ap=1 snaps=2290 hooks=22 inst=62 rollout "Butterfly Cloud" Spell lvl2 hero1
t=5 ph=3 ap=1 snaps=2297 hooks=22 inst=62 rollout "Butterfly Cloud" Spell lvl2 hero1
t=5 ph=3 ap=1 snaps=2306 hooks=22 inst=62 rollout "Butterfly Cloud" Spell lvl2 hero1
t=5 ph=3 ap=1 snaps=2315 hooks=22 inst=62 rollout "Butterfly Cloud" Spell lvl2 hero1
t=5 ph=3 ap=1 snaps=2327 hooks=22 inst=62 rollout "Butterfly Cloud" Spell lvl2 hero1
t=5 ph=3 ap=1 snaps=2348 hooks=22 inst=62 rollout "Butterfly Cloud" Spell lvl2 hero1
t=5 ph=3 ap=1 snaps=2366 hooks=22 inst=62 rollout "Butterfly Cloud" Spell lvl2 hero1
t=5 ph=3 ap=1 snaps=2376 hooks=22 inst=62 rollout "Butterfly Cloud" Spell lvl2 hero1
t=5 ph=3 ap=1 snaps=2390 hooks=22 inst=62 rollout "Butterfly Cloud" Spell lvl2 hero1
t=5 ph=3 ap=1 snaps=2408 hooks=22 inst=62 rollout "Butterfly Cloud" Spell lvl2 hero1
t=5 ph=3 ap=1 snaps=2441 hooks=22 inst=62 rollout "Butterfly Cloud" Spell lvl2 hero1
t=5 ph=3 ap=1 snaps=2461 hooks=22 inst=62 rollout "Butterfly Cloud" Spell lvl2 hero1
t=5 ph=3 ap=1 snaps=2480 hooks=22 inst=62 rollout "Butterfly Cloud" Spell lvl2 hero1
t=5 ph=3 ap=1 snaps=2490 hooks=22 inst=62 rollout "Butterfly Cloud" Spell lvl2 hero1
t=5 ph=3 ap=1 snaps=2495 hooks=22 inst=62 rollout "Butterfly Cloud" Spell lvl2 hero1
t=5 ph=3 ap=1 snaps=2508 hooks=22 inst=62 rollout "Butterfly Cloud" Spell lvl2 hero1
t=5 ph=3 ap=1 snaps=2531 hooks=22 inst=62 rollout "Butterfly Cloud" Spell lvl2 hero1
t=5 ph=3 ap=1 snaps=2543 hooks=22 inst=62 rollout "Butterfly Cloud" Spell lvl2 hero1
t=5 ph=3 ap=1 snaps=2553 hooks=22 inst=62 rollout "Butterfly Cloud" Spell lvl2 hero1
t=5 ph=3 ap=1 snaps=2564 hooks=22 inst=62 rollout "Butterfly Cloud" Spell lvl2 hero1
t=5 ph=3 ap=1 snaps=2577 hooks=22 inst=62 rollout "Butterfly Cloud" Spell lvl2 hero1
t=5 ph=3 ap=1 snaps=2589 hooks=22 inst=62 rollout "Butterfly Cloud" Spell lvl2 hero1
t=5 ph=3 ap=1 snaps=2602 hooks=22 inst=62 rollout "Butterfly Cloud" Spell lvl2 hero1
t=5 ph=3 ap=1 snaps=2622 hooks=22 inst=62 rollout "Butterfly Cloud" Spell lvl2 hero1
t=5 ph=3 ap=1 snaps=2629 hooks=22 inst=62 rollout "Butterfly Cloud" Spell lvl2 hero1
t=5 ph=3 ap=1 snaps=2645 hooks=22 inst=62 rollout "Butterfly Cloud" Spell lvl2 hero1
t=5 ph=3 ap=1 snaps=2665 hooks=22 inst=62 rollout "Butterfly Cloud" Spell lvl2 hero1
t=5 ph=3 ap=1 snaps=2687 hooks=22 inst=62 rollout "Butterfly Cloud" Spell lvl2 hero1
t=5 ph=3 ap=1 snaps=2707 hooks=22 inst=62 rollout "Butterfly Cloud" Spell lvl2 hero1
t=5 ph=3 ap=1 snaps=2729 hooks=22 inst=62 rollout "Butterfly Cloud" Spell lvl2 hero1
t=5 ph=3 ap=1 snaps=2758 hooks=22 inst=62 rollout "Butterfly Cloud" Spell lvl2 hero1
t=5 ph=3 ap=1 snaps=2801 hooks=22 inst=62 rollout "Butterfly Cloud" Spell lvl2 hero1
t=5 ph=3 ap=1 snaps=2805 hooks=22 inst=62 rollout "Butterfly Cloud" Spell lvl2 hero1
t=5 ph=3 ap=1 snaps=2818 hooks=22 inst=62 rollout "Butterfly Cloud" Spell lvl2 hero1
t=5 ph=3 ap=1 snaps=2825 hooks=22 inst=62 rollout "Butterfly Cloud" Spell lvl2 hero1
t=5 ph=3 ap=1 snaps=2834 hooks=22 inst=62 rollout "Butterfly Cloud" Spell lvl2 hero1
t=5 ph=3 ap=1 snaps=2853 hooks=22 inst=62 rollout "Butterfly Cloud" Spell lvl2 hero1
t=5 ph=3 ap=1 snaps=2863 hooks=22 inst=62 rollout "Butterfly Cloud" Spell lvl2 hero1
t=5 ph=3 ap=1 snaps=2885 hooks=22 inst=62 rollout "Butterfly Cloud" Spell lvl2 hero1
t=5 ph=3 ap=1 snaps=2908 hooks=22 inst=62 rollout "Butterfly Cloud" Spell lvl2 hero1
t=5 ph=3 ap=1 snaps=2923 hooks=22 inst=62 rollout "Butterfly Cloud" Spell lvl2 hero1
t=5 ph=3 ap=1 snaps=2930 hooks=22 inst=62 rollout "Butterfly Cloud" Spell lvl2 hero1
t=5 ph=3 ap=1 snaps=2939 hooks=22 inst=62 rollout "Butterfly Cloud" Spell lvl2 hero1
t=5 ph=3 ap=1 snaps=2950 hooks=22 inst=62 rollout "Butterfly Cloud" Spell lvl2 hero1
t=5 ph=3 ap=1 snaps=2976 hooks=22 inst=62 rollout "Butterfly Cloud" Spell lvl2 hero1
t=5 ph=3 ap=1 snaps=2982 hooks=22 inst=62 rollout "Butterfly Cloud" Spell lvl2 hero1
t=5 ph=3 ap=1 snaps=3004 hooks=22 inst=62 rollout "Butterfly Cloud" Spell lvl2 hero1
t=5 ph=3 ap=1 snaps=3018 hooks=22 inst=62 rollout "Butterfly Cloud" Spell lvl2 hero1
t=5 ph=3 ap=1 snaps=3025 hooks=22 inst=62 rollout "Butterfly Cloud" Spell lvl2 hero1
t=5 ph=3 ap=1 snaps=3038 hooks=22 inst=62 rollout "Butterfly Cloud" Spell lvl2 hero1
t=5 ph=3 ap=1 snaps=3048 hooks=22 inst=62 rollout "Butterfly Cloud" Spell lvl2 hero1
t=5 ph=3 ap=1 snaps=3063 hooks=22 inst=62 rollout "Butterfly Cloud" Spell lvl2 hero1
t=5 ph=3 ap=1 snaps=3083 hooks=22 inst=62 rollout "Butterfly Cloud" Spell lvl2 hero1
t=5 ph=3 ap=1 snaps=3100 hooks=22 inst=62 rollout "Butterfly Cloud" Spell lvl2 hero1
t=5 ph=5 ap=1 snaps=3122 hooks=41 inst=62 switchTurn ending p1
t=6 ph=2 ap=0 snaps=3122 hooks=10 inst=63 cpuTurnStart cpu=p0 hand=7
t=6 ph=2 ap=0 snaps=3123 hooks=19 inst=67 summon "Aggressive Town Guard" p0/h2
t=6 ph=3 ap=0 snaps=3170 hooks=53 inst=71 rollout "Steam Dwarf Brewer" Creature lvl1 hero2
t=6 ph=3 ap=0 snaps=3194 hooks=53 inst=71 rollout "Steam Dwarf Brewer" Creature lvl1 hero2
t=6 ph=3 ap=0 snaps=3199 hooks=53 inst=71 rollout "Aggressive Town Guard" Creature lvl0 hero1
t=6 ph=3 ap=0 snaps=3233 hooks=53 inst=71 rollout "Aggressive Town Guard" Creature lvl0 hero1
t=6 ph=3 ap=0 snaps=3242 hooks=53 inst=71 rollout "Steam Dwarf Exterminator" Creature lvl1 hero1
t=6 ph=3 ap=0 snaps=3246 hooks=53 inst=71 rollout "Steam Dwarf Exterminator" Creature lvl1 hero1
t=6 ph=3 ap=0 snaps=3265 hooks=53 inst=71 rollout "Steam Dwarf Miner" Creature lvl1 hero1
t=6 ph=3 ap=0 snaps=3271 hooks=53 inst=71 rollout "Steam Dwarf Miner" Creature lvl1 hero1
t=6 ph=3 ap=0 snaps=3292 hooks=53 inst=71 rollout "Steam Dwarf Engineer" Creature lvl1 hero2
t=6 ph=3 ap=0 snaps=3306 hooks=53 inst=71 rollout "Steam Dwarf Engineer" Creature lvl1 hero2
t=6 ph=3 ap=0 snaps=3326 hooks=53 inst=71 rollout "Steam Dwarf Brewer" Creature lvl1 hero2
t=6 ph=3 ap=0 snaps=3330 hooks=53 inst=71 rollout "Steam Dwarf Brewer" Creature lvl1 hero2
t=6 ph=3 ap=0 snaps=3345 hooks=53 inst=71 rollout "Steam Dwarf Brewer" Creature lvl1 hero2
t=6 ph=3 ap=0 snaps=3350 hooks=53 inst=71 rollout "Steam Dwarf Brewer" Creature lvl1 hero2
t=6 ph=3 ap=0 snaps=3357 hooks=53 inst=71 rollout "Steam Dwarf Brewer" Creature lvl1 hero2
t=6 ph=3 ap=0 snaps=3366 hooks=53 inst=71 rollout "Steam Dwarf Brewer" Creature lvl1 hero2
t=6 ph=3 ap=0 snaps=3371 hooks=53 inst=71 rollout "Steam Dwarf Brewer" Creature lvl1 hero2
t=6 ph=3 ap=0 snaps=3376 hooks=53 inst=71 rollout "Steam Dwarf Brewer" Creature lvl1 hero2
t=6 ph=3 ap=0 snaps=3381 hooks=53 inst=71 rollout "Steam Dwarf Brewer" Creature lvl1 hero2
t=6 ph=3 ap=0 snaps=3384 hooks=53 inst=71 rollout "Steam Dwarf Brewer" Creature lvl1 hero2
t=6 ph=3 ap=0 snaps=3399 hooks=53 inst=71 rollout "Aggressive Town Guard" Creature lvl0 hero1
t=6 ph=3 ap=0 snaps=3425 hooks=53 inst=71 rollout "Aggressive Town Guard" Creature lvl0 hero1
t=6 ph=3 ap=0 snaps=3439 hooks=53 inst=71 rollout "Aggressive Town Guard" Creature lvl0 hero1
t=6 ph=3 ap=0 snaps=3448 hooks=53 inst=71 rollout "Aggressive Town Guard" Creature lvl0 hero1
t=6 ph=3 ap=0 snaps=3467 hooks=53 inst=71 rollout "Aggressive Town Guard" Creature lvl0 hero1
t=6 ph=3 ap=0 snaps=3473 hooks=53 inst=71 rollout "Aggressive Town Guard" Creature lvl0 hero1
t=6 ph=3 ap=0 snaps=3495 hooks=53 inst=71 rollout "Aggressive Town Guard" Creature lvl0 hero1
t=6 ph=3 ap=0 snaps=3517 hooks=53 inst=71 rollout "Aggressive Town Guard" Creature lvl0 hero1
t=6 ph=3 ap=0 snaps=3538 hooks=53 inst=71 rollout "Aggressive Town Guard" Creature lvl0 hero1
t=6 ph=3 ap=0 snaps=3557 hooks=53 inst=71 rollout "Aggressive Town Guard" Creature lvl0 hero1
t=6 ph=3 ap=0 snaps=3586 hooks=53 inst=71 rollout "Steam Dwarf Exterminator" Creature lvl1 hero1
t=6 ph=3 ap=0 snaps=3591 hooks=53 inst=71 rollout "Steam Dwarf Exterminator" Creature lvl1 hero1
t=6 ph=3 ap=0 snaps=3604 hooks=53 inst=71 rollout "Steam Dwarf Exterminator" Creature lvl1 hero1
t=6 ph=3 ap=0 snaps=3608 hooks=53 inst=71 rollout "Steam Dwarf Exterminator" Creature lvl1 hero1
t=6 ph=3 ap=0 snaps=3613 hooks=53 inst=71 rollout "Steam Dwarf Exterminator" Creature lvl1 hero1
t=6 ph=3 ap=0 snaps=3623 hooks=53 inst=71 rollout "Steam Dwarf Exterminator" Creature lvl1 hero1
t=6 ph=3 ap=0 snaps=3627 hooks=53 inst=71 rollout "Steam Dwarf Exterminator" Creature lvl1 hero1
t=6 ph=3 ap=0 snaps=3664 hooks=53 inst=71 rollout "Steam Dwarf Exterminator" Creature lvl1 hero1
t=6 ph=3 ap=0 snaps=3668 hooks=53 inst=71 rollout "Steam Dwarf Exterminator" Creature lvl1 hero1
t=6 ph=3 ap=0 snaps=3672 hooks=53 inst=71 rollout "Steam Dwarf Exterminator" Creature lvl1 hero1
t=6 ph=3 ap=0 snaps=3686 hooks=53 inst=71 rollout "Steam Dwarf Miner" Creature lvl1 hero1
t=6 ph=3 ap=0 snaps=3697 hooks=53 inst=71 rollout "Steam Dwarf Miner" Creature lvl1 hero1
t=6 ph=3 ap=0 snaps=3703 hooks=53 inst=71 rollout "Steam Dwarf Miner" Creature lvl1 hero1
t=6 ph=3 ap=0 snaps=3710 hooks=53 inst=71 rollout "Steam Dwarf Miner" Creature lvl1 hero1
t=6 ph=3 ap=0 snaps=3729 hooks=53 inst=71 rollout "Steam Dwarf Miner" Creature lvl1 hero1
t=6 ph=3 ap=0 snaps=3757 hooks=53 inst=71 rollout "Steam Dwarf Miner" Creature lvl1 hero1
t=6 ph=3 ap=0 snaps=3764 hooks=53 inst=71 rollout "Steam Dwarf Miner" Creature lvl1 hero1
t=6 ph=3 ap=0 snaps=3778 hooks=53 inst=71 rollout "Steam Dwarf Miner" Creature lvl1 hero1
t=6 ph=3 ap=0 snaps=3799 hooks=53 inst=71 rollout "Steam Dwarf Miner" Creature lvl1 hero1
t=6 ph=3 ap=0 snaps=3820 hooks=53 inst=71 rollout "Steam Dwarf Miner" Creature lvl1 hero1
t=6 ph=3 ap=0 snaps=3838 hooks=53 inst=71 rollout "Steam Dwarf Engineer" Creature lvl1 hero2
t=6 ph=3 ap=0 snaps=3855 hooks=53 inst=71 rollout "Steam Dwarf Engineer" Creature lvl1 hero2
t=6 ph=3 ap=0 snaps=3860 hooks=53 inst=71 rollout "Steam Dwarf Engineer" Creature lvl1 hero2
t=6 ph=3 ap=0 snaps=3880 hooks=53 inst=71 rollout "Steam Dwarf Engineer" Creature lvl1 hero2
t=6 ph=3 ap=0 snaps=3888 hooks=53 inst=71 rollout "Steam Dwarf Engineer" Creature lvl1 hero2
t=6 ph=3 ap=0 snaps=3916 hooks=53 inst=71 rollout "Steam Dwarf Engineer" Creature lvl1 hero2
t=6 ph=3 ap=0 snaps=3922 hooks=53 inst=71 rollout "Steam Dwarf Engineer" Creature lvl1 hero2
t=6 ph=3 ap=0 snaps=3930 hooks=53 inst=71 rollout "Steam Dwarf Engineer" Creature lvl1 hero2
t=6 ph=3 ap=0 snaps=3935 hooks=53 inst=71 rollout "Steam Dwarf Engineer" Creature lvl1 hero2
t=6 ph=3 ap=0 snaps=3958 hooks=53 inst=71 rollout "Steam Dwarf Engineer" Creature lvl1 hero2
t=6 ph=3 ap=0 snaps=3968 hooks=53 inst=71 rollout "Steam Dwarf Brewer" Creature lvl1 hero2
t=6 ph=3 ap=0 snaps=3972 hooks=53 inst=71 rollout "Steam Dwarf Brewer" Creature lvl1 hero2
t=6 ph=3 ap=0 snaps=3991 hooks=53 inst=71 rollout "Steam Dwarf Brewer" Creature lvl1 hero2
t=6 ph=3 ap=0 snaps=4009 hooks=53 inst=71 rollout "Steam Dwarf Brewer" Creature lvl1 hero2
t=6 ph=3 ap=0 snaps=4033 hooks=53 inst=71 rollout "Steam Dwarf Brewer" Creature lvl1 hero2
t=6 ph=3 ap=0 snaps=4070 hooks=53 inst=71 rollout "Steam Dwarf Brewer" Creature lvl1 hero2
t=6 ph=3 ap=0 snaps=4074 hooks=53 inst=71 rollout "Steam Dwarf Brewer" Creature lvl1 hero2
t=6 ph=3 ap=0 snaps=4100 hooks=53 inst=71 rollout "Steam Dwarf Brewer" Creature lvl1 hero2
t=6 ph=3 ap=0 snaps=4131 hooks=53 inst=71 rollout "Steam Dwarf Brewer" Creature lvl1 hero2
t=6 ph=3 ap=0 snaps=4139 hooks=53 inst=71 rollout "Aggressive Town Guard" Creature lvl0 hero1
t=6 ph=3 ap=0 snaps=4167 hooks=53 inst=71 rollout "Aggressive Town Guard" Creature lvl0 hero1
t=6 ph=3 ap=0 snaps=4180 hooks=53 inst=71 rollout "Aggressive Town Guard" Creature lvl0 hero1
t=6 ph=3 ap=0 snaps=4192 hooks=53 inst=71 rollout "Steam Dwarf Exterminator" Creature lvl1 hero1
