=== self-play batch start 2026-05-01T11:35:29.993Z count=1000 mode=random ===

=== GAME 1/1000: Steam Dwarf Mines vs Shifting Sandlands @ 2026-05-01T11:35:29.994Z ===
t=1 ph=2 ap=1 snaps=0 hooks=11 inst=30 cpuTurnStart cpu=p1 hand=7
t=1 ph=3 ap=1 snaps=15 hooks=34 inst=39 rollout "Cosmic Skeleton" Creature lvl1 hero2
t=1 ph=3 ap=1 snaps=26 hooks=34 inst=39 leakyRollout "Cosmic Skeleton" +4.47MB hooks=[] cards=[Layn, Defender of Deri:33 Creativity:22 Toughness:5 Bakhm, the Desert Digger:2 Ska Harpyformer:1 Rain of Arrows:1]
t=1 ph=3 ap=1 snaps=26 hooks=34 inst=39 rollout "Cosmic Skeleton" Creature lvl1 hero2
t=1 ph=3 ap=1 snaps=50 hooks=34 inst=39 leakyRollout "Cosmic Skeleton" +1.24MB hooks=[beforeDamage:1 afterDamage:1 onHeroKO:1] cards=[Layn, Defender of Deri:35 Creativity:18 Toughness:8 Bakhm, the Desert Digger:6 Ska Harpyformer:1 Glass of Marbles:1]
t=1 ph=3 ap=1 snaps=50 hooks=34 inst=39 rollout "Cosmic Skeleton" Creature lvl1 hero2
t=1 ph=3 ap=1 snaps=82 hooks=34 inst=39 leakyRollout "Cosmic Skeleton" +1.51MB hooks=[onCreatureDeath:3 beforeDamage:2 afterDamage:2 onCardLeaveZone:2 onPhaseStart:1 onPhaseEnd:1] cards=[Layn, Defender of Deri:38 Creativity:24 Bakhm, the Desert Digger:6 Toughness:3 Ska Harpyformer:2 Performance:2]
t=1 ph=3 ap=1 snaps=82 hooks=34 inst=39 rollout "Cosmic Skeleton" Creature lvl1 hero2
t=1 ph=3 ap=1 snaps=105 hooks=34 inst=39 leakyRollout "Cosmic Skeleton" +3.15MB hooks=[onCardAddedToHand:1 beforeDamage:1 afterDamage:1 onHeroKO:1] cards=[Layn, Defender of Deri:28 Creativity:10 Bakhm, the Desert Digger:4 Toughness:3 Rain of Arrows:2 Ska Harpyformer:1]
t=1 ph=3 ap=1 snaps=105 hooks=34 inst=39 rollout "Cosmic Skeleton" Creature lvl1 hero2
t=1 ph=3 ap=1 snaps=128 hooks=34 inst=39 leakyRollout "Cosmic Skeleton" +1.95MB hooks=[beforeDamage:1 afterDamage:1 onHeroKO:1] cards=[Layn, Defender of Deri:26 Creativity:11 Toughness:4 Bakhm, the Desert Digger:4 Telekinesis:2 Rain of Arrows:2]
t=1 ph=3 ap=1 snaps=128 hooks=34 inst=39 rollout "Cosmic Skeleton" Creature lvl1 hero2
t=1 ph=3 ap=1 snaps=150 hooks=34 inst=39 leakyRollout "Cosmic Skeleton" +1.48MB hooks=[] cards=[Layn, Defender of Deri:32 Creativity:10 Toughness:3 Bakhm, the Desert Digger:3 Rain of Arrows:2 Ska Harpyformer:1]
t=1 ph=3 ap=1 snaps=150 hooks=34 inst=39 rollout "Cosmic Skeleton" Creature lvl1 hero2
t=1 ph=3 ap=1 snaps=172 hooks=34 inst=39 leakyRollout "Cosmic Skeleton" +4.51MB hooks=[] cards=[Layn, Defender of Deri:26 Creativity:13 Toughness:4 Bakhm, the Desert Digger:4 Mystery Box:2 Rain of Arrows:2]
t=1 ph=3 ap=1 snaps=172 hooks=34 inst=39 rollout "Cosmic Skeleton" Creature lvl1 hero2
t=1 ph=3 ap=1 snaps=190 hooks=34 inst=39 rollout "Cosmic Skeleton" Creature lvl1 hero2
t=1 ph=3 ap=1 snaps=214 hooks=34 inst=39 leakyRollout "Cosmic Skeleton" +2.61MB hooks=[] cards=[Layn, Defender of Deri:30 Creativity:25 Mystery Box:5 Rain of Arrows:3 Toughness:2 Bakhm, the Desert Digger:2]
t=1 ph=3 ap=1 snaps=214 hooks=34 inst=39 rollout "Cosmic Skeleton" Creature lvl1 hero2
t=1 ph=3 ap=1 snaps=238 hooks=34 inst=39 leakyRollout "Cosmic Skeleton" +13.71MB hooks=[] cards=[Layn, Defender of Deri:34 Creativity:21 Toughness:9 Performance:6 Rain of Arrows:3 Ska Harpyformer:2]
t=1 ph=3 ap=1 snaps=238 hooks=34 inst=39 rollout "Cosmic Skeleton" Creature lvl1 hero2
t=1 ph=3 ap=1 snaps=252 hooks=34 inst=39 rollout "Cosmic Skeleton" Creature lvl1 hero2
t=1 ph=3 ap=1 snaps=260 hooks=34 inst=39 leakyRollout "Cosmic Skeleton" +8.79MB hooks=[beforeDamage:3 afterDamage:3 afterSpellResolved:2 beforeDraw:1 onDraw:1 onCreatureDeath:1] cards=[Layn, Defender of Deri:28 Creativity:14 Bakhm, the Desert Digger:5 Toughness:3 Performance:2 Ska Harpyformer:1]
t=1 ph=3 ap=1 snaps=260 hooks=34 inst=39 rollout "Cosmic Skeleton" Creature lvl1 hero2
t=1 ph=3 ap=1 snaps=282 hooks=34 inst=39 rollout "Cosmic Skeleton" Creature lvl1 hero2
t=1 ph=3 ap=1 snaps=308 hooks=34 inst=39 leakyRollout "Cosmic Skeleton" +1.79MB hooks=[] cards=[Layn, Defender of Deri:33 Creativity:10 Performance:5 Toughness:4 Ska Harpyformer:2 Bakhm, the Desert Digger:2]
t=1 ph=3 ap=1 snaps=308 hooks=34 inst=39 rollout "Cosmic Skeleton" Creature lvl1 hero2
t=1 ph=3 ap=1 snaps=327 hooks=34 inst=39 leakyRollout "Cosmic Skeleton" +3.50MB hooks=[] cards=[Layn, Defender of Deri:27 Creativity:21 Mystery Box:6 Toughness:3 Rain of Arrows:3 Ska Harpyformer:2]
t=1 ph=3 ap=1 snaps=327 hooks=34 inst=39 rollout "Cosmic Skeleton" Creature lvl1 hero2
t=1 ph=3 ap=1 snaps=342 hooks=34 inst=39 rollout "Cosmic Skeleton" Creature lvl1 hero2
t=1 ph=3 ap=1 snaps=354 hooks=34 inst=39 rollout "Cosmic Skeleton" Creature lvl1 hero2
t=1 ph=3 ap=1 snaps=365 hooks=34 inst=39 rollout "Cosmic Skeleton" Creature lvl1 hero2
t=1 ph=3 ap=1 snaps=388 hooks=34 inst=39 leakyRollout "Cosmic Skeleton" +1.54MB hooks=[] cards=[Layn, Defender of Deri:30 Creativity:12 Bakhm, the Desert Digger:5 Rain of Arrows:3 Mystery Box:2 Toughness:1]
t=1 ph=3 ap=1 snaps=388 hooks=34 inst=39 rollout "Cosmic Skeleton" Creature lvl1 hero2
t=1 ph=3 ap=1 snaps=406 hooks=34 inst=39 rollout "Cosmic Skeleton" Creature lvl1 hero2
t=1 ph=3 ap=1 snaps=430 hooks=34 inst=39 leakyRollout "Cosmic Skeleton" +13.83MB hooks=[] cards=[Layn, Defender of Deri:30 Creativity:14 Toughness:6 Bakhm, the Desert Digger:5 Ska Harpyformer:3 Rain of Arrows:2]
t=1 ph=3 ap=1 snaps=430 hooks=34 inst=39 rollout "Cosmic Skeleton" Creature lvl1 hero2
t=1 ph=3 ap=1 snaps=450 hooks=34 inst=39 rollout "Cosmic Skeleton" Creature lvl1 hero2
t=1 ph=3 ap=1 snaps=469 hooks=34 inst=39 leakyRollout "Cosmic Skeleton" +2.91MB hooks=[beforeDamage:1 afterDamage:1 onHeroKO:1] cards=[Layn, Defender of Deri:26 Creativity:14 Bakhm, the Desert Digger:3 Toughness:2 Rain of Arrows:2 Ska Harpyformer:1]
t=1 ph=3 ap=1 snaps=469 hooks=34 inst=39 rollout "Cosmic Skeleton" Creature lvl1 hero2
t=1 ph=3 ap=1 snaps=480 hooks=34 inst=39 rollout "Cosmic Skeleton" Creature lvl1 hero2
t=1 ph=3 ap=1 snaps=502 hooks=34 inst=39 leakyRollout "Cosmic Skeleton" +13.22MB hooks=[beforeDamage:1 afterDamage:1 onHeroKO:1] cards=[Layn, Defender of Deri:30 Creativity:12 Toughness:4 Bakhm, the Desert Digger:4 Performance:3 Rain of Arrows:2]
t=1 ph=3 ap=1 snaps=502 hooks=34 inst=39 rollout "Cosmic Skeleton" Creature lvl1 hero2
t=1 ph=3 ap=1 snaps=520 hooks=34 inst=39 rollout "Cosmic Skeleton" Creature lvl1 hero2
t=1 ph=3 ap=1 snaps=538 hooks=34 inst=39 leakyRollout "Cosmic Skeleton" +3.89MB hooks=[] cards=[Layn, Defender of Deri:26 Creativity:16 Toughness:5 Bakhm, the Desert Digger:4 Mystery Box:2 Rain of Arrows:2]
t=1 ph=3 ap=1 snaps=538 hooks=34 inst=39 rollout "Cosmic Skeleton" Creature lvl1 hero2
t=1 ph=3 ap=1 snaps=555 hooks=34 inst=39 leakyRollout "Cosmic Skeleton" +4.50MB hooks=[beforeDamage:3 afterDamage:3 onCreatureDeath:3 onCardLeaveZone:2 onAnyActionResolved:2 afterSpellResolved:2] cards=[Layn, Defender of Deri:28 Creativity:16 Toughness:4 Bakhm, the Desert Digger:3 Rain of Arrows:3 Ska Harpyformer:2]
t=1 ph=3 ap=1 snaps=555 hooks=34 inst=39 rollout "Cosmic Skeleton" Creature lvl1 hero2
t=1 ph=3 ap=1 snaps=577 hooks=34 inst=39 rollout "Cosmic Skeleton" Creature lvl1 hero2
t=1 ph=3 ap=1 snaps=605 hooks=34 inst=39 rollout "Cosmic Skeleton" Creature lvl1 hero2
t=1 ph=3 ap=1 snaps=618 hooks=34 inst=39 rollout "Cosmic Skeleton" Creature lvl1 hero2
t=1 ph=3 ap=1 snaps=638 hooks=34 inst=39 leakyRollout "Cosmic Skeleton" +6.56MB hooks=[beforeDraw:2 onSurpriseActivated:1 beforeDamage:1 afterDamage:1 onHeroKO:1 onSurpriseCreaturePlaced:1] cards=[Layn, Defender of Deri:20 Creativity:13 Bakhm, the Desert Digger:4 Toughness:3 Performance:2 Rain of Arrows:2]
t=1 ph=3 ap=1 snaps=638 hooks=34 inst=39 rollout "Cosmic Skeleton" Creature lvl1 hero2
t=1 ph=3 ap=1 snaps=671 hooks=34 inst=39 leakyRollout "Cosmic Skeleton" +12.10MB hooks=[] cards=[Layn, Defender of Deri:31 Creativity:12 Bakhm, the Desert Digger:6 Toughness:5 Mystery Box:2 Rain of Arrows:2]
t=1 ph=3 ap=1 snaps=671 hooks=34 inst=39 rollout "Cosmic Skeleton" Creature lvl1 hero2
t=1 ph=3 ap=1 snaps=691 hooks=34 inst=39 rollout "Cosmic Skeleton" Creature lvl1 hero2
t=1 ph=3 ap=1 snaps=719 hooks=34 inst=39 leakyRollout "Cosmic Skeleton" +9.52MB hooks=[beforeDamage:3 afterDamage:3 afterSpellResolved:3 onAnyActionResolved:2 onPhaseStart:1 onPhaseEnd:1] cards=[Layn, Defender of Deri:31 Creativity:19 Bakhm, the Desert Digger:5 Mystery Box:4 Toughness:3 Rain of Arrows:3]
t=1 ph=3 ap=1 snaps=719 hooks=34 inst=39 rollout "Cosmic Skeleton" Creature lvl1 hero2
t=1 ph=3 ap=1 snaps=740 hooks=34 inst=39 leakyRollout "Cosmic Skeleton" +8.23MB hooks=[] cards=[Layn, Defender of Deri:27 Creativity:21 Toughness:4 Rain of Arrows:3 Bakhm, the Desert Digger:2 Ska Harpyformer:1]
t=1 ph=3 ap=1 snaps=740 hooks=34 inst=39 rollout "Cosmic Skeleton" Creature lvl1 hero2
t=1 ph=3 ap=1 snaps=754 hooks=34 inst=39 rollout "Cosmic Skeleton" Creature lvl1 hero2
t=1 ph=3 ap=1 snaps=766 hooks=34 inst=39 rollout "Cosmic Skeleton" Creature lvl1 hero2
t=1 ph=3 ap=1 snaps=783 hooks=34 inst=39 leakyRollout "Cosmic Skeleton" +7.05MB hooks=[beforeDamage:2 afterDamage:2 onPhaseStart:1 onPhaseEnd:1 onAnyActionResolved:1 onHeroKO:1] cards=[Layn, Defender of Deri:28 Creativity:12 Toughness:4 Bakhm, the Desert Digger:3 Rain of Arrows:3 Mystery Box:2]
t=1 ph=3 ap=1 snaps=783 hooks=34 inst=39 rollout "Cosmic Skeleton" Creature lvl1 hero2
t=1 ph=3 ap=1 snaps=796 hooks=34 inst=39 rollout "Cosmic Skeleton" Creature lvl1 hero2
t=1 ph=3 ap=1 snaps=842 hooks=34 inst=39 rollout "Cosmic Skeleton" Creature lvl1 hero2
t=1 ph=3 ap=1 snaps=859 hooks=34 inst=39 leakyRollout "Cosmic Skeleton" +7.65MB hooks=[] cards=[Layn, Defender of Deri:26 Creativity:22 Toughness:4 Mystery Box:3 Ska Harpyformer:2 Bakhm, the Desert Digger:2]
t=1 ph=3 ap=1 snaps=859 hooks=34 inst=39 rollout "Cosmic Skeleton" Creature lvl1 hero2
t=1 ph=3 ap=1 snaps=874 hooks=34 inst=39 leakyRollout "Cosmic Skeleton" +3.56MB hooks=[beforeDamage:1 afterDamage:1 onHeroKO:1] cards=[Layn, Defender of Deri:30 Creativity:17 Toughness:5 Bakhm, the Desert Digger:5 Performance:3 Rain of Arrows:2]
t=1 ph=3 ap=1 snaps=874 hooks=34 inst=39 rollout "Cosmic Skeleton" Creature lvl1 hero2
t=1 ph=3 ap=1 snaps=895 hooks=34 inst=39 leakyRollout "Cosmic Skeleton" +7.66MB hooks=[] cards=[Layn, Defender of Deri:29 Creativity:22 Toughness:4 Mystery Box:3 Bakhm, the Desert Digger:2 Rain of Arrows:2]
t=1 ph=3 ap=1 snaps=895 hooks=34 inst=39 rollout "Cosmic Skeleton" Creature lvl1 hero2
t=1 ph=3 ap=1 snaps=907 hooks=34 inst=39 rollout "Cosmic Skeleton" Creature lvl1 hero2
t=1 ph=3 ap=1 snaps=935 hooks=34 inst=39 rollout "Cosmic Skeleton" Creature lvl1 hero2
t=1 ph=3 ap=1 snaps=963 hooks=34 inst=39 leakyRollout "Cosmic Skeleton" +9.12MB hooks=[afterSpellResolved:2 onAnyActionResolved:2 beforeDamage:2 afterDamage:2 onPhaseStart:1 onPhaseEnd:1] cards=[Layn, Defender of Deri:34 Creativity:11 Toughness:3 Bakhm, the Desert Digger:3 Rain of Arrows:3 Performance:2]
t=1 ph=3 ap=1 snaps=963 hooks=34 inst=39 rollout "Cosmic Skeleton" Creature lvl1 hero2
t=1 ph=3 ap=1 snaps=985 hooks=34 inst=39 rollout "Cosmic Skeleton" Creature lvl1 hero2
t=1 ph=3 ap=1 snaps=996 hooks=34 inst=39 leakyRollout "Cosmic Skeleton" +2.22MB hooks=[] cards=[Layn, Defender of Deri:32 Creativity:14 Bakhm, the Desert Digger:5 Toughness:3 Ska Harpyformer:1 Rain of Arrows:1]
t=1 ph=3 ap=1 snaps=996 hooks=34 inst=39 rollout "Cosmic Skeleton" Creature lvl1 hero2
t=1 ph=3 ap=1 snaps=1018 hooks=34 inst=39 leakyRollout "Cosmic Skeleton" +8.68MB hooks=[beforeDamage:2 afterDamage:2 afterSpellResolved:2 beforeDraw:1 onDraw:1 onCreatureDeath:1] cards=[Layn, Defender of Deri:30 Creativity:14 Toughness:6 Bakhm, the Desert Digger:5 Performance:4 Telekinesis:2]
t=1 ph=3 ap=1 snaps=1018 hooks=34 inst=39 rollout "Cosmic Skeleton" Creature lvl1 hero2
t=1 ph=3 ap=1 snaps=1033 hooks=34 inst=39 rollout "Cosmic Skeleton" Creature lvl1 hero2
t=1 ph=3 ap=1 snaps=1064 hooks=34 inst=39 leakyRollout "Cosmic Skeleton" +2.41MB hooks=[beforeDamage:2 afterDamage:2 onPhaseStart:1 onPhaseEnd:1 onCardLeaveZone:1 onAnyActionResolved:1] cards=[Layn, Defender of Deri:36 Creativity:26 Bakhm, the Desert Digger:8 Toughness:4 Ska Harpyformer:3 Rain of Arrows:2]
t=1 ph=3 ap=1 snaps=1064 hooks=34 inst=39 rollout "Cosmic Skeleton" Creature lvl1 hero2
t=1 ph=3 ap=1 snaps=1084 hooks=34 inst=39 rollout "Cosmic Skeleton" Creature lvl1 hero2
t=1 ph=3 ap=1 snaps=1106 hooks=34 inst=39 leakyRollout "Cosmic Skeleton" +8.57MB hooks=[] cards=[Layn, Defender of Deri:28 Creativity:19 Toughness:3 Bakhm, the Desert Digger:3 Performance:3 Ska Harpyformer:2]
t=1 ph=3 ap=1 snaps=1106 hooks=34 inst=39 rollout "Cosmic Skeleton" Creature lvl1 hero2
t=1 ph=3 ap=1 snaps=1123 hooks=34 inst=39 leakyRollout "Cosmic Skeleton" +2.57MB hooks=[beforeDamage:1 afterDamage:1 onHeroKO:1] cards=[Layn, Defender of Deri:30 Creativity:15 Bakhm, the Desert Digger:4 Toughness:3 Rain of Arrows:2 Ska Harpyformer:1]
t=1 ph=3 ap=1 snaps=1123 hooks=34 inst=39 rollout "Cosmic Skeleton" Creature lvl1 hero2
t=1 ph=3 ap=1 snaps=1141 hooks=34 inst=39 leakyRollout "Cosmic Skeleton" +2.62MB hooks=[beforeDamage:3 afterDamage:3 onSurpriseActivated:1 onHeroKO:1 beforeCreatureDamageBatch:1 afterCreatureDamageBatch:1] cards=[Layn, Defender of Deri:24 Creativity:12 Bakhm, the Desert Digger:5 Toughness:2 Mystery Box:2 Ska Harpyformer:1]
t=1 ph=3 ap=1 snaps=1141 hooks=34 inst=39 rollout "Cosmic Skeleton" Creature lvl1 hero2
t=1 ph=3 ap=1 snaps=1161 hooks=34 inst=39 rollout "Cosmic Skeleton" Creature lvl1 hero2
t=1 ph=3 ap=1 snaps=1187 hooks=34 inst=39 leakyRollout "Cosmic Skeleton" +1.26MB hooks=[beforeDamage:2 afterDamage:2 onPhaseStart:1 onPhaseEnd:1 beforeDraw:1 onDraw:1] cards=[Layn, Defender of Deri:28 Creativity:17 Bakhm, the Desert Digger:4 Rain of Arrows:3 Toughness:2 Mystery Box:2]
t=1 ph=3 ap=1 snaps=1187 hooks=34 inst=39 rollout "Cosmic Skeleton" Creature lvl1 hero2
t=1 ph=3 ap=1 snaps=1203 hooks=34 inst=39 rollout "Cosmic Skeleton" Creature lvl1 hero2
t=1 ph=3 ap=1 snaps=1223 hooks=34 inst=39 leakyRollout "Cosmic Skeleton" +11.52MB hooks=[] cards=[Layn, Defender of Deri:35 Creativity:25 Toughness:5 Bakhm, the Desert Digger:5 Rain of Arrows:3 Ska Harpyformer:1]
t=1 ph=3 ap=1 snaps=1223 hooks=34 inst=39 rollout "Cosmic Skeleton" Creature lvl1 hero2
t=1 ph=3 ap=1 snaps=1234 hooks=34 inst=39 leakyRollout "Cosmic Skeleton" +1.34MB hooks=[] cards=[Layn, Defender of Deri:32 Creativity:25 Toughness:6 Ska Harpyformer:2 Bakhm, the Desert Digger:2 Rain of Arrows:2]
t=1 ph=3 ap=1 snaps=1234 hooks=34 inst=39 rollout "Cosmic Skeleton" Creature lvl1 hero2
t=1 ph=3 ap=1 snaps=1255 hooks=34 inst=39 rollout "Cosmic Skeleton" Creature lvl1 hero2
t=1 ph=3 ap=1 snaps=1277 hooks=34 inst=39 leakyRollout "Cosmic Skeleton" +8.15MB hooks=[beforeDamage:1 afterDamage:1 onHeroKO:1] cards=[Layn, Defender of Deri:33 Creativity:24 Bakhm, the Desert Digger:4 Toughness:3 Ska Harpyformer:2 Glass of Marbles:2]
t=1 ph=3 ap=1 snaps=1277 hooks=34 inst=39 rollout "Cosmic Skeleton" Creature lvl1 hero2
t=1 ph=3 ap=1 snaps=1298 hooks=34 inst=39 leakyRollout "Cosmic Skeleton" +4.14MB hooks=[] cards=[Layn, Defender of Deri:32 Creativity:19 Toughness:6 Bakhm, the Desert Digger:4 Ska Harpyformer:2 Mystery Box:2]
t=1 ph=3 ap=1 snaps=1298 hooks=34 inst=39 rollout "Cosmic Skeleton" Creature lvl1 hero2
t=1 ph=3 ap=1 snaps=1336 hooks=34 inst=39 rollout "Cosmic Skeleton" Creature lvl1 hero2
t=1 ph=3 ap=1 snaps=1358 hooks=34 inst=39 rollout "Cosmic Skeleton" Creature lvl1 hero2
t=1 ph=3 ap=1 snaps=1381 hooks=34 inst=39 rollout "Cosmic Skeleton" Creature lvl1 hero2
t=1 ph=3 ap=1 snaps=1397 hooks=34 inst=39 leakyRollout "Cosmic Skeleton" +1.26MB hooks=[beforeDamage:3 afterDamage:3 afterSpellResolved:2 onCardAddedToHand:1 onSurpriseActivated:1 onHeroKO:1] cards=[Layn, Defender of Deri:24 Creativity:16 Toughness:3 Bakhm, the Desert Digger:3 Ska Harpyformer:1 Mystery Box:1]
t=1 ph=3 ap=1 snaps=1397 hooks=34 inst=39 rollout "Cosmic Skeleton" Creature lvl1 hero2
t=1 ph=3 ap=1 snaps=1413 hooks=34 inst=39 leakyRollout "Cosmic Skeleton" +3.59MB hooks=[beforeDamage:1 afterDamage:1 onHeroKO:1] cards=[Layn, Defender of Deri:29 Creativity:18 Toughness:3 Bakhm, the Desert Digger:3 Steam Dwarf Miner:2 Rain of Arrows:2]
t=1 ph=3 ap=1 snaps=1413 hooks=34 inst=39 rollout "Cosmic Skeleton" Creature lvl1 hero2
t=1 ph=3 ap=1 snaps=1429 hooks=34 inst=39 rollout "Cosmic Skeleton" Creature lvl1 hero2
t=1 ph=3 ap=1 snaps=1441 hooks=34 inst=39 rollout "Cosmic Skeleton" Creature lvl1 hero2
t=1 ph=3 ap=1 snaps=1461 hooks=34 inst=39 leakyRollout "Cosmic Skeleton" +4.66MB hooks=[] cards=[Layn, Defender of Deri:27 Creativity:17 Toughness:5 Bakhm, the Desert Digger:4 Mystery Box:3 Rain of Arrows:2]
t=1 ph=3 ap=1 snaps=1461 hooks=34 inst=39 rollout "Cosmic Skeleton" Creature lvl1 hero2
t=1 ph=3 ap=1 snaps=1481 hooks=34 inst=39 leakyRollout "Cosmic Skeleton" +8.67MB hooks=[] cards=[Layn, Defender of Deri:27 Creativity:17 Toughness:4 Bakhm, the Desert Digger:3 Rain of Arrows:3 Mystery Box:2]
t=1 ph=3 ap=1 snaps=1481 hooks=34 inst=39 rollout "Cosmic Skeleton" Creature lvl1 hero2
t=1 ph=3 ap=1 snaps=1502 hooks=34 inst=39 rollout "Cosmic Skeleton" Creature lvl1 hero2
t=1 ph=3 ap=1 snaps=1522 hooks=34 inst=39 rollout "Cosmic Skeleton" Creature lvl1 hero2
t=1 ph=3 ap=1 snaps=1541 hooks=34 inst=39 rollout "Cosmic Skeleton" Creature lvl1 hero2
t=1 ph=3 ap=1 snaps=1560 hooks=34 inst=39 leakyRollout "Cosmic Skeleton" +5.51MB hooks=[] cards=[Layn, Defender of Deri:28 Creativity:19 Bakhm, the Desert Digger:4 Toughness:2 Rain of Arrows:2 Ska Harpyformer:1]
t=1 ph=3 ap=1 snaps=1560 hooks=34 inst=39 rollout "Cosmic Skeleton" Creature lvl1 hero2
t=1 ph=3 ap=1 snaps=1575 hooks=34 inst=39 rollout "Cosmic Skeleton" Creature lvl1 hero2
t=1 ph=3 ap=1 snaps=1594 hooks=34 inst=39 leakyRollout "Cosmic Skeleton" +6.20MB hooks=[beforeDamage:2 afterDamage:2 onHeroKO:1] cards=[Layn, Defender of Deri:28 Creativity:12 Toughness:4 Bakhm, the Desert Digger:3 Ska Harpyformer:2 Rain of Arrows:2]
t=1 ph=3 ap=1 snaps=1594 hooks=34 inst=39 rollout "Cosmic Skeleton" Creature lvl1 hero2
t=1 ph=3 ap=1 snaps=1609 hooks=34 inst=39 summon "Cosmic Skeleton" p1/h2
t=1 ph=5 ap=1 snaps=1610 hooks=43 inst=40 switchTurn ending p1
t=2 ph=2 ap=0 snaps=1610 hooks=13 inst=41 cpuTurnStart cpu=p0 hand=6
t=2 ph=2 ap=0 snaps=1612 hooks=15 inst=42 summon "Ska Harpyformer" p0/h1
t=2 ph=3 ap=0 snaps=1640 hooks=57 inst=51 rollout "Steam Dwarf Exterminator" Creature lvl1 hero2
t=2 ph=3 ap=0 snaps=1655 hooks=57 inst=51 leakyRollout "Steam Dwarf Exterminator" +1.67MB hooks=[beforeDamage:1 afterDamage:1] cards=[Layn, Defender of Deri:38 Creativity:22 Performance:9 Toughness:7 Bakhm, the Desert Digger:7 Ska Harpyformer:3]
t=2 ph=3 ap=0 snaps=1655 hooks=57 inst=51 rollout "Steam Dwarf Exterminator" Creature lvl1 hero2
t=2 ph=3 ap=0 snaps=1670 hooks=57 inst=51 leakyRollout "Steam Dwarf Exterminator" +10.07MB hooks=[beforeDamage:1 afterDamage:1 onHeroKO:1] cards=[Layn, Defender of Deri:33 Creativity:12 Bakhm, the Desert Digger:6 Toughness:5 Ska Harpyformer:2 Performance:2]
t=2 ph=3 ap=0 snaps=1670 hooks=57 inst=51 rollout "Steam Dwarf Exterminator" Creature lvl1 hero2
t=2 ph=3 ap=0 snaps=1689 hooks=57 inst=51 leakyRollout "Steam Dwarf Exterminator" +8.67MB hooks=[beforeDamage:1 afterDamage:1] cards=[Layn, Defender of Deri:38 Creativity:24 Performance:9 Toughness:8 Bakhm, the Desert Digger:7 Mystery Box:3]
t=2 ph=3 ap=0 snaps=1689 hooks=57 inst=51 rollout "Ska Harpyformer" Creature lvl0 hero1
t=2 ph=3 ap=0 snaps=1716 hooks=57 inst=51 leakyRollout "Ska Harpyformer" +4.99MB hooks=[beforeDamage:1 afterDamage:1] cards=[Layn, Defender of Deri:35 Creativity:28 Toughness:7 Performance:6 Bakhm, the Desert Digger:5 Mystery Box:3]
t=2 ph=3 ap=0 snaps=1716 hooks=57 inst=51 rollout "Ska Harpyformer" Creature lvl0 hero1
t=2 ph=3 ap=0 snaps=1725 hooks=57 inst=51 leakyRollout "Ska Harpyformer" +19.65MB hooks=[beforeDamage:1 afterDamage:1 onHeroKO:1] cards=[Layn, Defender of Deri:33 Creativity:14 Bakhm, the Desert Digger:5 Toughness:4 Performance:2 Rain of Arrows:2]
t=2 ph=3 ap=0 snaps=1725 hooks=57 inst=51 rollout "Steam Dwarf Exterminator" Creature lvl1 hero2
t=2 ph=3 ap=0 snaps=1734 hooks=57 inst=51 rollout "Steam Dwarf Exterminator" Creature lvl1 hero2
t=2 ph=3 ap=0 snaps=1759 hooks=57 inst=51 rollout "Steam Dwarf Exterminator" Creature lvl1 hero2
t=2 ph=3 ap=0 snaps=1780 hooks=57 inst=51 leakyRollout "Steam Dwarf Exterminator" +3.52MB hooks=[] cards=[Layn, Defender of Deri:38 Creativity:12 Toughness:5 Bakhm, the Desert Digger:3 Ska Harpyformer:2 Performance:2]
t=2 ph=3 ap=0 snaps=1780 hooks=57 inst=51 rollout "Steam Dwarf Exterminator" Creature lvl1 hero2
t=2 ph=3 ap=0 snaps=1810 hooks=57 inst=51 leakyRollout "Steam Dwarf Exterminator" +4.83MB hooks=[beforeCreatureDamageBatch:2 afterCreatureDamageBatch:2 onCardLeaveZone:1 onCreatureDeath:1 afterSpellResolved:1] cards=[Layn, Defender of Deri:35 Creativity:24 Toughness:6 Bakhm, the Desert Digger:6 Performance:4 Mystery Box:3]
t=2 ph=3 ap=0 snaps=1810 hooks=57 inst=51 rollout "Steam Dwarf Exterminator" Creature lvl1 hero2
t=2 ph=3 ap=0 snaps=1820 hooks=57 inst=51 rollout "Steam Dwarf Exterminator" Creature lvl1 hero2
t=2 ph=3 ap=0 snaps=1839 hooks=57 inst=51 leakyRollout "Steam Dwarf Exterminator" +0.97MB hooks=[beforeDamage:1 afterDamage:1] cards=[Layn, Defender of Deri:37 Creativity:27 Toughness:6 Performance:5 Bakhm, the Desert Digger:4 Mystery Box:3]
t=2 ph=3 ap=0 snaps=1839 hooks=57 inst=51 rollout "Ska Harpyformer" Creature lvl0 hero1
t=2 ph=3 ap=0 snaps=1840 hooks=57 inst=51 leakyRollout "Ska Harpyformer" +1.08MB hooks=[onPhaseStart:1 onPhaseEnd:1 onPlay:1 onCardEnterZone:1 onActionUsed:1 onAnyActionResolved:1] cards=[Layn, Defender of Deri:1 Creativity:1 Ska Harpyformer:1]
t=2 ph=3 ap=0 snaps=1840 hooks=57 inst=51 rollout "Ska Harpyformer" Creature lvl0 hero1
t=2 ph=3 ap=0 snaps=1859 hooks=57 inst=51 rollout "Ska Harpyformer" Creature lvl0 hero1
t=2 ph=3 ap=0 snaps=1860 hooks=57 inst=51 leakyRollout "Ska Harpyformer" +1.08MB hooks=[onPhaseStart:1 onPhaseEnd:1 onPlay:1 onCardEnterZone:1 onActionUsed:1 onAnyActionResolved:1] cards=[Layn, Defender of Deri:1 Creativity:1 Ska Harpyformer:1]
t=2 ph=3 ap=0 snaps=1860 hooks=57 inst=51 rollout "Ska Harpyformer" Creature lvl0 hero1
t=2 ph=3 ap=0 snaps=1872 hooks=57 inst=51 rollout "Ska Harpyformer" Creature lvl0 hero1
t=2 ph=3 ap=0 snaps=1873 hooks=57 inst=51 leakyRollout "Ska Harpyformer" +1.07MB hooks=[onPhaseStart:1 onPhaseEnd:1 onPlay:1 onCardEnterZone:1 onActionUsed:1 onAnyActionResolved:1] cards=[Layn, Defender of Deri:1 Creativity:1 Ska Harpyformer:1]
t=2 ph=3 ap=0 snaps=1873 hooks=57 inst=51 rollout "Ska Harpyformer" Creature lvl0 hero1
t=2 ph=3 ap=0 snaps=1874 hooks=57 inst=51 leakyRollout "Ska Harpyformer" +1.07MB hooks=[onPhaseStart:1 onPhaseEnd:1 onPlay:1 onCardEnterZone:1 onActionUsed:1 onAnyActionResolved:1] cards=[Layn, Defender of Deri:1 Creativity:1 Ska Harpyformer:1]
t=2 ph=3 ap=0 snaps=1874 hooks=57 inst=51 rollout "Ska Harpyformer" Creature lvl0 hero1
t=2 ph=3 ap=0 snaps=1875 hooks=57 inst=51 leakyRollout "Ska Harpyformer" +1.07MB hooks=[onPhaseStart:1 onPhaseEnd:1 onPlay:1 onCardEnterZone:1 onActionUsed:1 onAnyActionResolved:1] cards=[Layn, Defender of Deri:1 Creativity:1 Ska Harpyformer:1]
t=2 ph=3 ap=0 snaps=1875 hooks=57 inst=51 rollout "Ska Harpyformer" Creature lvl0 hero1
t=2 ph=3 ap=0 snaps=1876 hooks=57 inst=51 leakyRollout "Ska Harpyformer" +1.07MB hooks=[onPhaseStart:1 onPhaseEnd:1 onPlay:1 onCardEnterZone:1 onActionUsed:1 onAnyActionResolved:1] cards=[Layn, Defender of Deri:1 Creativity:1 Ska Harpyformer:1]
t=2 ph=3 ap=0 snaps=1876 hooks=57 inst=51 rollout "Ska Harpyformer" Creature lvl0 hero1
t=2 ph=3 ap=0 snaps=1877 hooks=57 inst=51 leakyRollout "Ska Harpyformer" +1.07MB hooks=[onPhaseStart:1 onPhaseEnd:1 onPlay:1 onCardEnterZone:1 onActionUsed:1 onAnyActionResolved:1] cards=[Layn, Defender of Deri:1 Creativity:1 Ska Harpyformer:1]
t=2 ph=3 ap=0 snaps=1877 hooks=57 inst=51 rollout "Ska Harpyformer" Creature lvl0 hero1
t=2 ph=3 ap=0 snaps=1878 hooks=57 inst=51 leakyRollout "Ska Harpyformer" +1.09MB hooks=[onPhaseStart:1 onPhaseEnd:1 onPlay:1 onCardEnterZone:1 onActionUsed:1 onAnyActionResolved:1] cards=[Layn, Defender of Deri:1 Creativity:1 Ska Harpyformer:1]
t=2 ph=3 ap=0 snaps=1878 hooks=57 inst=51 rollout "Ska Harpyformer" Creature lvl0 hero1
t=2 ph=3 ap=0 snaps=1879 hooks=57 inst=51 leakyRollout "Ska Harpyformer" +1.07MB hooks=[onPhaseStart:1 onPhaseEnd:1 onPlay:1 onCardEnterZone:1 onActionUsed:1 onAnyActionResolved:1] cards=[Layn, Defender of Deri:1 Creativity:1 Ska Harpyformer:1]
t=2 ph=3 ap=0 snaps=1879 hooks=57 inst=51 rollout "Ska Harpyformer" Creature lvl0 hero1
t=2 ph=3 ap=0 snaps=1880 hooks=57 inst=51 leakyRollout "Ska Harpyformer" +1.07MB hooks=[onPhaseStart:1 onPhaseEnd:1 onPlay:1 onCardEnterZone:1 onActionUsed:1 onAnyActionResolved:1] cards=[Layn, Defender of Deri:1 Creativity:1 Ska Harpyformer:1]
t=2 ph=3 ap=0 snaps=1880 hooks=57 inst=51 rollout "Ska Harpyformer" Creature lvl0 hero1
t=2 ph=3 ap=0 snaps=1881 hooks=57 inst=51 leakyRollout "Ska Harpyformer" +1.07MB hooks=[onPhaseStart:1 onPhaseEnd:1 onPlay:1 onCardEnterZone:1 onActionUsed:1 onAnyActionResolved:1] cards=[Layn, Defender of Deri:1 Creativity:1 Ska Harpyformer:1]
t=2 ph=3 ap=0 snaps=1881 hooks=57 inst=51 rollout "Ska Harpyformer" Creature lvl0 hero1
t=2 ph=3 ap=0 snaps=1882 hooks=57 inst=51 leakyRollout "Ska Harpyformer" +1.07MB hooks=[onPhaseStart:1 onPhaseEnd:1 onPlay:1 onCardEnterZone:1 onActionUsed:1 onAnyActionResolved:1] cards=[Layn, Defender of Deri:1 Creativity:1 Ska Harpyformer:1]
t=2 ph=3 ap=0 snaps=1882 hooks=57 inst=51 rollout "Ska Harpyformer" Creature lvl0 hero1
t=2 ph=3 ap=0 snaps=1883 hooks=57 inst=51 leakyRollout "Ska Harpyformer" +1.07MB hooks=[onPhaseStart:1 onPhaseEnd:1 onPlay:1 onCardEnterZone:1 onActionUsed:1 onAnyActionResolved:1] cards=[Layn, Defender of Deri:1 Creativity:1 Ska Harpyformer:1]
t=2 ph=3 ap=0 snaps=1883 hooks=57 inst=51 rollout "Ska Harpyformer" Creature lvl0 hero1
t=2 ph=3 ap=0 snaps=1884 hooks=57 inst=51 rollout "Ska Harpyformer" Creature lvl0 hero1
t=2 ph=3 ap=0 snaps=1885 hooks=57 inst=51 leakyRollout "Ska Harpyformer" +1.07MB hooks=[onPhaseStart:1 onPhaseEnd:1 onPlay:1 onCardEnterZone:1 onActionUsed:1 onAnyActionResolved:1] cards=[Layn, Defender of Deri:1 Creativity:1 Ska Harpyformer:1]
t=2 ph=3 ap=0 snaps=1885 hooks=57 inst=51 rollout "Ska Harpyformer" Creature lvl0 hero1
t=2 ph=3 ap=0 snaps=1886 hooks=57 inst=51 leakyRollout "Ska Harpyformer" +1.07MB hooks=[onPhaseStart:1 onPhaseEnd:1 onPlay:1 onCardEnterZone:1 onActionUsed:1 onAnyActionResolved:1] cards=[Layn, Defender of Deri:1 Creativity:1 Ska Harpyformer:1]
t=2 ph=3 ap=0 snaps=1886 hooks=57 inst=51 rollout "Ska Harpyformer" Creature lvl0 hero1
t=2 ph=3 ap=0 snaps=1887 hooks=57 inst=51 leakyRollout "Ska Harpyformer" +1.07MB hooks=[onPhaseStart:1 onPhaseEnd:1 onPlay:1 onCardEnterZone:1 onActionUsed:1 onAnyActionResolved:1] cards=[Layn, Defender of Deri:1 Creativity:1 Ska Harpyformer:1]
t=2 ph=3 ap=0 snaps=1887 hooks=57 inst=51 rollout "Ska Harpyformer" Creature lvl0 hero1
t=2 ph=3 ap=0 snaps=1888 hooks=57 inst=51 leakyRollout "Ska Harpyformer" +1.07MB hooks=[onPhaseStart:1 onPhaseEnd:1 onPlay:1 onCardEnterZone:1 onActionUsed:1 onAnyActionResolved:1] cards=[Layn, Defender of Deri:1 Creativity:1 Ska Harpyformer:1]
t=2 ph=3 ap=0 snaps=1888 hooks=57 inst=51 rollout "Ska Harpyformer" Creature lvl0 hero1
t=2 ph=3 ap=0 snaps=1889 hooks=57 inst=51 leakyRollout "Ska Harpyformer" +1.07MB hooks=[onPhaseStart:1 onPhaseEnd:1 onPlay:1 onCardEnterZone:1 onActionUsed:1 onAnyActionResolved:1] cards=[Layn, Defender of Deri:1 Creativity:1 Ska Harpyformer:1]
t=2 ph=3 ap=0 snaps=1889 hooks=57 inst=51 rollout "Ska Harpyformer" Creature lvl0 hero1
t=2 ph=3 ap=0 snaps=1890 hooks=57 inst=51 leakyRollout "Ska Harpyformer" +1.07MB hooks=[onPhaseStart:1 onPhaseEnd:1 onPlay:1 onCardEnterZone:1 onActionUsed:1 onAnyActionResolved:1] cards=[Layn, Defender of Deri:1 Creativity:1 Ska Harpyformer:1]
t=2 ph=3 ap=0 snaps=1890 hooks=57 inst=51 rollout "Ska Harpyformer" Creature lvl0 hero1
t=2 ph=3 ap=0 snaps=1891 hooks=57 inst=51 leakyRollout "Ska Harpyformer" +1.07MB hooks=[onPhaseStart:1 onPhaseEnd:1 onPlay:1 onCardEnterZone:1 onActionUsed:1 onAnyActionResolved:1] cards=[Layn, Defender of Deri:1 Creativity:1 Ska Harpyformer:1]
t=2 ph=3 ap=0 snaps=1891 hooks=57 inst=51 rollout "Ska Harpyformer" Creature lvl0 hero1
t=2 ph=3 ap=0 snaps=1892 hooks=57 inst=51 leakyRollout "Ska Harpyformer" +1.07MB hooks=[onPhaseStart:1 onPhaseEnd:1 onPlay:1 onCardEnterZone:1 onActionUsed:1 onAnyActionResolved:1] cards=[Layn, Defender of Deri:1 Creativity:1 Ska Harpyformer:1]
t=2 ph=3 ap=0 snaps=1892 hooks=57 inst=51 rollout "Ska Harpyformer" Creature lvl0 hero1
t=2 ph=3 ap=0 snaps=1893 hooks=57 inst=51 leakyRollout "Ska Harpyformer" +1.07MB hooks=[onPhaseStart:1 onPhaseEnd:1 onPlay:1 onCardEnterZone:1 onActionUsed:1 onAnyActionResolved:1] cards=[Layn, Defender of Deri:1 Creativity:1 Ska Harpyformer:1]
t=2 ph=3 ap=0 snaps=1893 hooks=57 inst=51 rollout "Ska Harpyformer" Creature lvl0 hero1
t=2 ph=3 ap=0 snaps=1894 hooks=57 inst=51 leakyRollout "Ska Harpyformer" +1.07MB hooks=[onPhaseStart:1 onPhaseEnd:1 onPlay:1 onCardEnterZone:1 onActionUsed:1 onAnyActionResolved:1] cards=[Layn, Defender of Deri:1 Creativity:1 Ska Harpyformer:1]
t=2 ph=3 ap=0 snaps=1894 hooks=57 inst=51 rollout "Ska Harpyformer" Creature lvl0 hero1
t=2 ph=3 ap=0 snaps=1895 hooks=57 inst=51 leakyRollout "Ska Harpyformer" +1.07MB hooks=[onPhaseStart:1 onPhaseEnd:1 onPlay:1 onCardEnterZone:1 onActionUsed:1 onAnyActionResolved:1] cards=[Layn, Defender of Deri:1 Creativity:1 Ska Harpyformer:1]
t=2 ph=3 ap=0 snaps=1895 hooks=57 inst=51 rollout "Ska Harpyformer" Creature lvl0 hero1
t=2 ph=3 ap=0 snaps=1896 hooks=57 inst=51 leakyRollout "Ska Harpyformer" +1.07MB hooks=[onPhaseStart:1 onPhaseEnd:1 onPlay:1 onCardEnterZone:1 onActionUsed:1 onAnyActionResolved:1] cards=[Layn, Defender of Deri:1 Creativity:1 Ska Harpyformer:1]
t=2 ph=3 ap=0 snaps=1896 hooks=57 inst=51 rollout "Ska Harpyformer" Creature lvl0 hero1
t=2 ph=3 ap=0 snaps=1897 hooks=57 inst=51 leakyRollout "Ska Harpyformer" +1.07MB hooks=[onPhaseStart:1 onPhaseEnd:1 onPlay:1 onCardEnterZone:1 onActionUsed:1 onAnyActionResolved:1] cards=[Layn, Defender of Deri:1 Creativity:1 Ska Harpyformer:1]
t=2 ph=3 ap=0 snaps=1897 hooks=57 inst=51 rollout "Ska Harpyformer" Creature lvl0 hero1
t=2 ph=3 ap=0 snaps=1898 hooks=57 inst=51 leakyRollout "Ska Harpyformer" +1.07MB hooks=[onPhaseStart:1 onPhaseEnd:1 onPlay:1 onCardEnterZone:1 onActionUsed:1 onAnyActionResolved:1] cards=[Layn, Defender of Deri:1 Creativity:1 Ska Harpyformer:1]
t=2 ph=3 ap=0 snaps=1898 hooks=57 inst=51 rollout "Ska Harpyformer" Creature lvl0 hero1
t=2 ph=3 ap=0 snaps=1899 hooks=57 inst=51 rollout "Ska Harpyformer" Creature lvl0 hero1
t=2 ph=3 ap=0 snaps=1900 hooks=57 inst=51 leakyRollout "Ska Harpyformer" +1.07MB hooks=[onPhaseStart:1 onPhaseEnd:1 onPlay:1 onCardEnterZone:1 onActionUsed:1 onAnyActionResolved:1] cards=[Layn, Defender of Deri:1 Creativity:1 Ska Harpyformer:1]
t=2 ph=3 ap=0 snaps=1900 hooks=57 inst=51 rollout "Ska Harpyformer" Creature lvl0 hero1
t=2 ph=3 ap=0 snaps=1901 hooks=57 inst=51 leakyRollout "Ska Harpyformer" +1.07MB hooks=[onPhaseStart:1 onPhaseEnd:1 onPlay:1 onCardEnterZone:1 onActionUsed:1 onAnyActionResolved:1] cards=[Layn, Defender of Deri:1 Creativity:1 Ska Harpyformer:1]
t=2 ph=3 ap=0 snaps=1901 hooks=57 inst=51 rollout "Ska Harpyformer" Creature lvl0 hero1
t=2 ph=3 ap=0 snaps=1902 hooks=57 inst=51 leakyRollout "Ska Harpyformer" +1.07MB hooks=[onPhaseStart:1 onPhaseEnd:1 onPlay:1 onCardEnterZone:1 onActionUsed:1 onAnyActionResolved:1] cards=[Layn, Defender of Deri:1 Creativity:1 Ska Harpyformer:1]
t=2 ph=3 ap=0 snaps=1902 hooks=57 inst=51 rollout "Ska Harpyformer" Creature lvl0 hero1
t=2 ph=3 ap=0 snaps=1903 hooks=57 inst=51 leakyRollout "Ska Harpyformer" +1.07MB hooks=[onPhaseStart:1 onPhaseEnd:1 onPlay:1 onCardEnterZone:1 onActionUsed:1 onAnyActionResolved:1] cards=[Layn, Defender of Deri:1 Creativity:1 Ska Harpyformer:1]
t=2 ph=3 ap=0 snaps=1903 hooks=57 inst=51 rollout "Ska Harpyformer" Creature lvl0 hero1
t=2 ph=3 ap=0 snaps=1904 hooks=57 inst=51 leakyRollout "Ska Harpyformer" +1.07MB hooks=[onPhaseStart:1 onPhaseEnd:1 onPlay:1 onCardEnterZone:1 onActionUsed:1 onAnyActionResolved:1] cards=[Layn, Defender of Deri:1 Creativity:1 Ska Harpyformer:1]
t=2 ph=3 ap=0 snaps=1904 hooks=57 inst=51 rollout "Ska Harpyformer" Creature lvl0 hero1
t=2 ph=3 ap=0 snaps=1905 hooks=57 inst=51 leakyRollout "Ska Harpyformer" +1.10MB hooks=[onPhaseStart:1 onPhaseEnd:1 onPlay:1 onCardEnterZone:1 onActionUsed:1 onAnyActionResolved:1] cards=[Layn, Defender of Deri:1 Creativity:1 Ska Harpyformer:1]
t=2 ph=3 ap=0 snaps=1905 hooks=57 inst=51 rollout "Ska Harpyformer" Creature lvl0 hero1
t=2 ph=3 ap=0 snaps=1906 hooks=57 inst=51 leakyRollout "Ska Harpyformer" +1.07MB hooks=[onPhaseStart:1 onPhaseEnd:1 onPlay:1 onCardEnterZone:1 onActionUsed:1 onAnyActionResolved:1] cards=[Layn, Defender of Deri:1 Creativity:1 Ska Harpyformer:1]
t=2 ph=3 ap=0 snaps=1906 hooks=57 inst=51 rollout "Ska Harpyformer" Creature lvl0 hero1
t=2 ph=3 ap=0 snaps=1907 hooks=57 inst=51 leakyRollout "Ska Harpyformer" +1.07MB hooks=[onPhaseStart:1 onPhaseEnd:1 onPlay:1 onCardEnterZone:1 onActionUsed:1 onAnyActionResolved:1] cards=[Layn, Defender of Deri:1 Creativity:1 Ska Harpyformer:1]
t=2 ph=3 ap=0 snaps=1907 hooks=57 inst=51 rollout "Ska Harpyformer" Creature lvl0 hero1
t=2 ph=3 ap=0 snaps=1908 hooks=57 inst=51 leakyRollout "Ska Harpyformer" +1.07MB hooks=[onPhaseStart:1 onPhaseEnd:1 onPlay:1 onCardEnterZone:1 onActionUsed:1 onAnyActionResolved:1] cards=[Layn, Defender of Deri:1 Creativity:1 Ska Harpyformer:1]
t=2 ph=3 ap=0 snaps=1908 hooks=57 inst=51 rollout "Ska Harpyformer" Creature lvl0 hero1
t=2 ph=3 ap=0 snaps=1909 hooks=57 inst=51 leakyRollout "Ska Harpyformer" +1.07MB hooks=[onPhaseStart:1 onPhaseEnd:1 onPlay:1 onCardEnterZone:1 onActionUsed:1 onAnyActionResolved:1] cards=[Layn, Defender of Deri:1 Creativity:1 Ska Harpyformer:1]
t=2 ph=3 ap=0 snaps=1909 hooks=57 inst=51 rollout "Ska Harpyformer" Creature lvl0 hero1
t=2 ph=3 ap=0 snaps=1910 hooks=57 inst=51 leakyRollout "Ska Harpyformer" +1.07MB hooks=[onPhaseStart:1 onPhaseEnd:1 onPlay:1 onCardEnterZone:1 onActionUsed:1 onAnyActionResolved:1] cards=[Layn, Defender of Deri:1 Creativity:1 Ska Harpyformer:1]
t=2 ph=3 ap=0 snaps=1910 hooks=57 inst=51 rollout "Ska Harpyformer" Creature lvl0 hero1
t=2 ph=3 ap=0 snaps=1911 hooks=57 inst=51 leakyRollout "Ska Harpyformer" +1.07MB hooks=[onPhaseStart:1 onPhaseEnd:1 onPlay:1 onCardEnterZone:1 onActionUsed:1 onAnyActionResolved:1] cards=[Layn, Defender of Deri:1 Creativity:1 Ska Harpyformer:1]
t=2 ph=3 ap=0 snaps=1911 hooks=57 inst=51 rollout "Ska Harpyformer" Creature lvl0 hero1
t=2 ph=3 ap=0 snaps=1912 hooks=57 inst=51 leakyRollout "Ska Harpyformer" +1.07MB hooks=[onPhaseStart:1 onPhaseEnd:1 onPlay:1 onCardEnterZone:1 onActionUsed:1 onAnyActionResolved:1] cards=[Layn, Defender of Deri:1 Creativity:1 Ska Harpyformer:1]
t=2 ph=3 ap=0 snaps=1912 hooks=57 inst=51 rollout "Ska Harpyformer" Creature lvl0 hero1
t=2 ph=3 ap=0 snaps=1913 hooks=57 inst=51 rollout "Ska Harpyformer" Creature lvl0 hero1
t=2 ph=3 ap=0 snaps=1914 hooks=57 inst=51 leakyRollout "Ska Harpyformer" +1.07MB hooks=[onPhaseStart:1 onPhaseEnd:1 onPlay:1 onCardEnterZone:1 onActionUsed:1 onAnyActionResolved:1] cards=[Layn, Defender of Deri:1 Creativity:1 Ska Harpyformer:1]
t=2 ph=3 ap=0 snaps=1914 hooks=57 inst=51 rollout "Ska Harpyformer" Creature lvl0 hero1
t=2 ph=3 ap=0 snaps=1915 hooks=57 inst=51 leakyRollout "Ska Harpyformer" +1.07MB hooks=[onPhaseStart:1 onPhaseEnd:1 onPlay:1 onCardEnterZone:1 onActionUsed:1 onAnyActionResolved:1] cards=[Layn, Defender of Deri:1 Creativity:1 Ska Harpyformer:1]
t=2 ph=3 ap=0 snaps=1915 hooks=57 inst=51 rollout "Ska Harpyformer" Creature lvl0 hero1
t=2 ph=3 ap=0 snaps=1916 hooks=57 inst=51 leakyRollout "Ska Harpyformer" +1.07MB hooks=[onPhaseStart:1 onPhaseEnd:1 onPlay:1 onCardEnterZone:1 onActionUsed:1 onAnyActionResolved:1] cards=[Layn, Defender of Deri:1 Creativity:1 Ska Harpyformer:1]
t=2 ph=3 ap=0 snaps=1916 hooks=57 inst=51 rollout "Ska Harpyformer" Creature lvl0 hero1
t=2 ph=3 ap=0 snaps=1917 hooks=57 inst=51 leakyRollout "Ska Harpyformer" +1.08MB hooks=[onPhaseStart:1 onPhaseEnd:1 onPlay:1 onCardEnterZone:1 onActionUsed:1 onAnyActionResolved:1] cards=[Layn, Defender of Deri:1 Creativity:1 Ska Harpyformer:1]
t=2 ph=3 ap=0 snaps=1917 hooks=57 inst=51 rollout "Ska Harpyformer" Creature lvl0 hero1
t=2 ph=3 ap=0 snaps=1918 hooks=57 inst=51 leakyRollout "Ska Harpyformer" +1.07MB hooks=[onPhaseStart:1 onPhaseEnd:1 onPlay:1 onCardEnterZone:1 onActionUsed:1 onAnyActionResolved:1] cards=[Layn, Defender of Deri:1 Creativity:1 Ska Harpyformer:1]
t=2 ph=3 ap=0 snaps=1918 hooks=57 inst=51 rollout "Ska Harpyformer" Creature lvl0 hero1
t=2 ph=3 ap=0 snaps=1919 hooks=57 inst=51 leakyRollout "Ska Harpyformer" +1.07MB hooks=[onPhaseStart:1 onPhaseEnd:1 onPlay:1 onCardEnterZone:1 onActionUsed:1 onAnyActionResolved:1] cards=[Layn, Defender of Deri:1 Creativity:1 Ska Harpyformer:1]
t=2 ph=3 ap=0 snaps=1919 hooks=57 inst=51 rollout "Ska Harpyformer" Creature lvl0 hero1
t=2 ph=3 ap=0 snaps=1920 hooks=57 inst=51 leakyRollout "Ska Harpyformer" +1.07MB hooks=[onPhaseStart:1 onPhaseEnd:1 onPlay:1 onCardEnterZone:1 onActionUsed:1 onAnyActionResolved:1] cards=[Layn, Defender of Deri:1 Creativity:1 Ska Harpyformer:1]
t=2 ph=3 ap=0 snaps=1920 hooks=57 inst=51 rollout "Ska Harpyformer" Creature lvl0 hero1
t=2 ph=3 ap=0 snaps=1921 hooks=57 inst=51 leakyRollout "Ska Harpyformer" +1.07MB hooks=[onPhaseStart:1 onPhaseEnd:1 onPlay:1 onCardEnterZone:1 onActionUsed:1 onAnyActionResolved:1] cards=[Layn, Defender of Deri:1 Creativity:1 Ska Harpyformer:1]
t=2 ph=3 ap=0 snaps=1921 hooks=57 inst=51 rollout "Ska Harpyformer" Creature lvl0 hero1
t=2 ph=3 ap=0 snaps=1922 hooks=57 inst=51 leakyRollout "Ska Harpyformer" +1.07MB hooks=[onPhaseStart:1 onPhaseEnd:1 onPlay:1 onCardEnterZone:1 onActionUsed:1 onAnyActionResolved:1] cards=[Layn, Defender of Deri:1 Creativity:1 Ska Harpyformer:1]
t=2 ph=3 ap=0 snaps=1922 hooks=57 inst=51 rollout "Ska Harpyformer" Creature lvl0 hero1
t=2 ph=3 ap=0 snaps=1923 hooks=57 inst=51 leakyRollout "Ska Harpyformer" +1.07MB hooks=[onPhaseStart:1 onPhaseEnd:1 onPlay:1 onCardEnterZone:1 onActionUsed:1 onAnyActionResolved:1] cards=[Layn, Defender of Deri:1 Creativity:1 Ska Harpyformer:1]
t=2 ph=3 ap=0 snaps=1923 hooks=57 inst=51 rollout "Ska Harpyformer" Creature lvl0 hero1
t=2 ph=3 ap=0 snaps=1924 hooks=57 inst=51 leakyRollout "Ska Harpyformer" +1.07MB hooks=[onPhaseStart:1 onPhaseEnd:1 onPlay:1 onCardEnterZone:1 onActionUsed:1 onAnyActionResolved:1] cards=[Layn, Defender of Deri:1 Creativity:1 Ska Harpyformer:1]
t=2 ph=3 ap=0 snaps=1924 hooks=57 inst=51 rollout "Ska Harpyformer" Creature lvl0 hero1
t=2 ph=3 ap=0 snaps=1925 hooks=57 inst=51 leakyRollout "Ska Harpyformer" +1.07MB hooks=[onPhaseStart:1 onPhaseEnd:1 onPlay:1 onCardEnterZone:1 onActionUsed:1 onAnyActionResolved:1] cards=[Layn, Defender of Deri:1 Creativity:1 Ska Harpyformer:1]
t=2 ph=3 ap=0 snaps=1925 hooks=57 inst=51 rollout "Ska Harpyformer" Creature lvl0 hero1
t=2 ph=3 ap=0 snaps=1926 hooks=57 inst=51 leakyRollout "Ska Harpyformer" +1.07MB hooks=[onPhaseStart:1 onPhaseEnd:1 onPlay:1 onCardEnterZone:1 onActionUsed:1 onAnyActionResolved:1] cards=[Layn, Defender of Deri:1 Creativity:1 Ska Harpyformer:1]
t=2 ph=3 ap=0 snaps=1926 hooks=57 inst=51 rollout "Ska Harpyformer" Creature lvl0 hero1
t=2 ph=3 ap=0 snaps=1927 hooks=57 inst=51 leakyRollout "Ska Harpyformer" +1.07MB hooks=[onPhaseStart:1 onPhaseEnd:1 onPlay:1 onCardEnterZone:1 onActionUsed:1 onAnyActionResolved:1] cards=[Layn, Defender of Deri:1 Creativity:1 Ska Harpyformer:1]
t=2 ph=3 ap=0 snaps=1927 hooks=57 inst=51 rollout "Ska Harpyformer" Creature lvl0 hero1
t=2 ph=3 ap=0 snaps=1928 hooks=57 inst=51 rollout "Ska Harpyformer" Creature lvl0 hero1
t=2 ph=3 ap=0 snaps=1929 hooks=57 inst=51 leakyRollout "Ska Harpyformer" +1.07MB hooks=[onPhaseStart:1 onPhaseEnd:1 onPlay:1 onCardEnterZone:1 onActionUsed:1 onAnyActionResolved:1] cards=[Layn, Defender of Deri:1 Creativity:1 Ska Harpyformer:1]
t=2 ph=3 ap=0 snaps=1929 hooks=57 inst=51 rollout "Ska Harpyformer" Creature lvl0 hero1
t=2 ph=3 ap=0 snaps=1930 hooks=57 inst=51 leakyRollout "Ska Harpyformer" +1.07MB hooks=[onPhaseStart:1 onPhaseEnd:1 onPlay:1 onCardEnterZone:1 onActionUsed:1 onAnyActionResolved:1] cards=[Layn, Defender of Deri:1 Creativity:1 Ska Harpyformer:1]
t=2 ph=3 ap=0 snaps=1930 hooks=57 inst=51 rollout "Ska Harpyformer" Creature lvl0 hero1
t=2 ph=3 ap=0 snaps=1931 hooks=57 inst=51 leakyRollout "Ska Harpyformer" +1.07MB hooks=[onPhaseStart:1 onPhaseEnd:1 onPlay:1 onCardEnterZone:1 onActionUsed:1 onAnyActionResolved:1] cards=[Layn, Defender of Deri:1 Creativity:1 Ska Harpyformer:1]
t=2 ph=3 ap=0 snaps=1931 hooks=57 inst=51 rollout "Ska Harpyformer" Creature lvl0 hero1
t=2 ph=3 ap=0 snaps=1932 hooks=57 inst=51 leakyRollout "Ska Harpyformer" +1.07MB hooks=[onPhaseStart:1 onPhaseEnd:1 onPlay:1 onCardEnterZone:1 onActionUsed:1 onAnyActionResolved:1] cards=[Layn, Defender of Deri:1 Creativity:1 Ska Harpyformer:1]
t=2 ph=3 ap=0 snaps=1932 hooks=57 inst=51 rollout "Ska Harpyformer" Creature lvl0 hero1
t=2 ph=3 ap=0 snaps=1933 hooks=57 inst=51 leakyRollout "Ska Harpyformer" +1.07MB hooks=[onPhaseStart:1 onPhaseEnd:1 onPlay:1 onCardEnterZone:1 onActionUsed:1 onAnyActionResolved:1] cards=[Layn, Defender of Deri:1 Creativity:1 Ska Harpyformer:1]
t=2 ph=3 ap=0 snaps=1933 hooks=57 inst=51 rollout "Ska Harpyformer" Creature lvl0 hero1
t=2 ph=3 ap=0 snaps=1934 hooks=57 inst=51 leakyRollout "Ska Harpyformer" +1.07MB hooks=[onPhaseStart:1 onPhaseEnd:1 onPlay:1 onCardEnterZone:1 onActionUsed:1 onAnyActionResolved:1] cards=[Layn, Defender of Deri:1 Creativity:1 Ska Harpyformer:1]
t=2 ph=3 ap=0 snaps=1934 hooks=57 inst=51 rollout "Ska Harpyformer" Creature lvl0 hero1
t=2 ph=3 ap=0 snaps=1935 hooks=57 inst=51 leakyRollout "Ska Harpyformer" +1.07MB hooks=[onPhaseStart:1 onPhaseEnd:1 onPlay:1 onCardEnterZone:1 onActionUsed:1 onAnyActionResolved:1] cards=[Layn, Defender of Deri:1 Creativity:1 Ska Harpyformer:1]
t=2 ph=3 ap=0 snaps=1935 hooks=57 inst=51 rollout "Ska Harpyformer" Creature lvl0 hero1
t=2 ph=3 ap=0 snaps=1936 hooks=57 inst=51 leakyRollout "Ska Harpyformer" +1.07MB hooks=[onPhaseStart:1 onPhaseEnd:1 onPlay:1 onCardEnterZone:1 onActionUsed:1 onAnyActionResolved:1] cards=[Layn, Defender of Deri:1 Creativity:1 Ska Harpyformer:1]
t=2 ph=3 ap=0 snaps=1936 hooks=57 inst=51 rollout "Ska Harpyformer" Creature lvl0 hero1
t=2 ph=3 ap=0 snaps=1937 hooks=57 inst=51 leakyRollout "Ska Harpyformer" +1.07MB hooks=[onPhaseStart:1 onPhaseEnd:1 onPlay:1 onCardEnterZone:1 onActionUsed:1 onAnyActionResolved:1] cards=[Layn, Defender of Deri:1 Creativity:1 Ska Harpyformer:1]
t=2 ph=3 ap=0 snaps=1937 hooks=57 inst=51 rollout "Ska Harpyformer" Creature lvl0 hero1
t=2 ph=3 ap=0 snaps=1938 hooks=57 inst=51 leakyRollout "Ska Harpyformer" +1.07MB hooks=[onPhaseStart:1 onPhaseEnd:1 onPlay:1 onCardEnterZone:1 onActionUsed:1 onAnyActionResolved:1] cards=[Layn, Defender of Deri:1 Creativity:1 Ska Harpyformer:1]
t=2 ph=3 ap=0 snaps=1938 hooks=57 inst=51 rollout "Ska Harpyformer" Creature lvl0 hero1
t=2 ph=3 ap=0 snaps=1939 hooks=57 inst=51 leakyRollout "Ska Harpyformer" +1.07MB hooks=[onPhaseStart:1 onPhaseEnd:1 onPlay:1 onCardEnterZone:1 onActionUsed:1 onAnyActionResolved:1] cards=[Layn, Defender of Deri:1 Creativity:1 Ska Harpyformer:1]
t=2 ph=3 ap=0 snaps=1939 hooks=57 inst=51 rollout "Ska Harpyformer" Creature lvl0 hero1
t=2 ph=3 ap=0 snaps=1940 hooks=57 inst=51 leakyRollout "Ska Harpyformer" +1.07MB hooks=[onPhaseStart:1 onPhaseEnd:1 onPlay:1 onCardEnterZone:1 onActionUsed:1 onAnyActionResolved:1] cards=[Layn, Defender of Deri:1 Creativity:1 Ska Harpyformer:1]
t=2 ph=3 ap=0 snaps=1940 hooks=57 inst=51 rollout "Ska Harpyformer" Creature lvl0 hero1
t=2 ph=3 ap=0 snaps=1941 hooks=57 inst=51 leakyRollout "Ska Harpyformer" +1.07MB hooks=[onPhaseStart:1 onPhaseEnd:1 onPlay:1 onCardEnterZone:1 onActionUsed:1 onAnyActionResolved:1] cards=[Layn, Defender of Deri:1 Creativity:1 Ska Harpyformer:1]
t=2 ph=3 ap=0 snaps=1941 hooks=57 inst=51 rollout "Ska Harpyformer" Creature lvl0 hero1
t=2 ph=3 ap=0 snaps=1942 hooks=57 inst=51 rollout "Ska Harpyformer" Creature lvl0 hero1
t=2 ph=3 ap=0 snaps=1943 hooks=57 inst=51 leakyRollout "Ska Harpyformer" +1.07MB hooks=[onPhaseStart:1 onPhaseEnd:1 onPlay:1 onCardEnterZone:1 onActionUsed:1 onAnyActionResolved:1] cards=[Layn, Defender of Deri:1 Creativity:1 Ska Harpyformer:1]
t=2 ph=3 ap=0 snaps=1943 hooks=57 inst=51 rollout "Ska Harpyformer" Creature lvl0 hero1
t=2 ph=3 ap=0 snaps=1944 hooks=57 inst=51 leakyRollout "Ska Harpyformer" +1.07MB hooks=[onPhaseStart:1 onPhaseEnd:1 onPlay:1 onCardEnterZone:1 onActionUsed:1 onAnyActionResolved:1] cards=[Layn, Defender of Deri:1 Creativity:1 Ska Harpyformer:1]
t=2 ph=3 ap=0 snaps=1944 hooks=57 inst=51 rollout "Ska Harpyformer" Creature lvl0 hero1
t=2 ph=3 ap=0 snaps=1945 hooks=57 inst=51 leakyRollout "Ska Harpyformer" +1.07MB hooks=[onPhaseStart:1 onPhaseEnd:1 onPlay:1 onCardEnterZone:1 onActionUsed:1 onAnyActionResolved:1] cards=[Layn, Defender of Deri:1 Creativity:1 Ska Harpyformer:1]
t=2 ph=3 ap=0 snaps=1945 hooks=57 inst=51 rollout "Ska Harpyformer" Creature lvl0 hero1
t=2 ph=3 ap=0 snaps=1946 hooks=57 inst=51 leakyRollout "Ska Harpyformer" +1.07MB hooks=[onPhaseStart:1 onPhaseEnd:1 onPlay:1 onCardEnterZone:1 onActionUsed:1 onAnyActionResolved:1] cards=[Layn, Defender of Deri:1 Creativity:1 Ska Harpyformer:1]
t=2 ph=3 ap=0 snaps=1946 hooks=57 inst=51 rollout "Ska Harpyformer" Creature lvl0 hero1
t=2 ph=3 ap=0 snaps=1947 hooks=57 inst=51 leakyRollout "Ska Harpyformer" +1.07MB hooks=[onPhaseStart:1 onPhaseEnd:1 onPlay:1 onCardEnterZone:1 onActionUsed:1 onAnyActionResolved:1] cards=[Layn, Defender of Deri:1 Creativity:1 Ska Harpyformer:1]
t=2 ph=3 ap=0 snaps=1947 hooks=57 inst=51 rollout "Ska Harpyformer" Creature lvl0 hero1
t=2 ph=3 ap=0 snaps=1948 hooks=57 inst=51 leakyRollout "Ska Harpyformer" +1.07MB hooks=[onPhaseStart:1 onPhaseEnd:1 onPlay:1 onCardEnterZone:1 onActionUsed:1 onAnyActionResolved:1] cards=[Layn, Defender of Deri:1 Creativity:1 Ska Harpyformer:1]
t=2 ph=3 ap=0 snaps=1948 hooks=57 inst=51 rollout "Ska Harpyformer" Creature lvl0 hero1
t=2 ph=3 ap=0 snaps=1949 hooks=57 inst=51 leakyRollout "Ska Harpyformer" +1.07MB hooks=[onPhaseStart:1 onPhaseEnd:1 onPlay:1 onCardEnterZone:1 onActionUsed:1 onAnyActionResolved:1] cards=[Layn, Defender of Deri:1 Creativity:1 Ska Harpyformer:1]
t=2 ph=3 ap=0 snaps=1949 hooks=57 inst=51 rollout "Ska Harpyformer" Creature lvl0 hero1
t=2 ph=3 ap=0 snaps=1950 hooks=57 inst=51 leakyRollout "Ska Harpyformer" +1.07MB hooks=[onPhaseStart:1 onPhaseEnd:1 onPlay:1 onCardEnterZone:1 onActionUsed:1 onAnyActionResolved:1] cards=[Layn, Defender of Deri:1 Creativity:1 Ska Harpyformer:1]
t=2 ph=3 ap=0 snaps=1950 hooks=57 inst=51 rollout "Ska Harpyformer" Creature lvl0 hero1
t=2 ph=3 ap=0 snaps=1951 hooks=57 inst=51 leakyRollout "Ska Harpyformer" +1.07MB hooks=[onPhaseStart:1 onPhaseEnd:1 onPlay:1 onCardEnterZone:1 onActionUsed:1 onAnyActionResolved:1] cards=[Layn, Defender of Deri:1 Creativity:1 Ska Harpyformer:1]
t=2 ph=3 ap=0 snaps=1951 hooks=57 inst=51 rollout "Ska Harpyformer" Creature lvl0 hero1
t=2 ph=3 ap=0 snaps=1952 hooks=57 inst=51 leakyRollout "Ska Harpyformer" +1.07MB hooks=[onPhaseStart:1 onPhaseEnd:1 onPlay:1 onCardEnterZone:1 onActionUsed:1 onAnyActionResolved:1] cards=[Layn, Defender of Deri:1 Creativity:1 Ska Harpyformer:1]
t=2 ph=3 ap=0 snaps=1952 hooks=57 inst=51 rollout "Ska Harpyformer" Creature lvl0 hero1
t=2 ph=3 ap=0 snaps=1953 hooks=57 inst=51 leakyRollout "Ska Harpyformer" +1.07MB hooks=[onPhaseStart:1 onPhaseEnd:1 onPlay:1 onCardEnterZone:1 onActionUsed:1 onAnyActionResolved:1] cards=[Layn, Defender of Deri:1 Creativity:1 Ska Harpyformer:1]
t=2 ph=3 ap=0 snaps=1953 hooks=57 inst=51 rollout "Ska Harpyformer" Creature lvl0 hero1
t=2 ph=3 ap=0 snaps=1954 hooks=57 inst=51 leakyRollout "Ska Harpyformer" +1.07MB hooks=[onPhaseStart:1 onPhaseEnd:1 onPlay:1 onCardEnterZone:1 onActionUsed:1 onAnyActionResolved:1] cards=[Layn, Defender of Deri:1 Creativity:1 Ska Harpyformer:1]
t=2 ph=3 ap=0 snaps=1954 hooks=57 inst=51 rollout "Ska Harpyformer" Creature lvl0 hero1
t=2 ph=3 ap=0 snaps=1955 hooks=57 inst=51 leakyRollout "Ska Harpyformer" +1.07MB hooks=[onPhaseStart:1 onPhaseEnd:1 onPlay:1 onCardEnterZone:1 onActionUsed:1 onAnyActionResolved:1] cards=[Layn, Defender of Deri:1 Creativity:1 Ska Harpyformer:1]
t=2 ph=3 ap=0 snaps=1955 hooks=57 inst=51 rollout "Ska Harpyformer" Creature lvl0 hero1
t=2 ph=3 ap=0 snaps=1956 hooks=57 inst=51 rollout "Ska Harpyformer" Creature lvl0 hero1
t=2 ph=3 ap=0 snaps=1957 hooks=57 inst=51 leakyRollout "Ska Harpyformer" +1.07MB hooks=[onPhaseStart:1 onPhaseEnd:1 onPlay:1 onCardEnterZone:1 onActionUsed:1 onAnyActionResolved:1] cards=[Layn, Defender of Deri:1 Creativity:1 Ska Harpyformer:1]
t=2 ph=3 ap=0 snaps=1957 hooks=57 inst=51 rollout "Ska Harpyformer" Creature lvl0 hero1
t=2 ph=3 ap=0 snaps=1958 hooks=57 inst=51 leakyRollout "Ska Harpyformer" +1.07MB hooks=[onPhaseStart:1 onPhaseEnd:1 onPlay:1 onCardEnterZone:1 onActionUsed:1 onAnyActionResolved:1] cards=[Layn, Defender of Deri:1 Creativity:1 Ska Harpyformer:1]
t=2 ph=3 ap=0 snaps=1958 hooks=57 inst=51 rollout "Ska Harpyformer" Creature lvl0 hero1
t=2 ph=3 ap=0 snaps=1959 hooks=57 inst=51 leakyRollout "Ska Harpyformer" +1.07MB hooks=[onPhaseStart:1 onPhaseEnd:1 onPlay:1 onCardEnterZone:1 onActionUsed:1 onAnyActionResolved:1] cards=[Layn, Defender of Deri:1 Creativity:1 Ska Harpyformer:1]
t=2 ph=3 ap=0 snaps=1959 hooks=57 inst=51 rollout "Ska Harpyformer" Creature lvl0 hero1
t=2 ph=3 ap=0 snaps=1960 hooks=57 inst=51 leakyRollout "Ska Harpyformer" +1.07MB hooks=[onPhaseStart:1 onPhaseEnd:1 onPlay:1 onCardEnterZone:1 onActionUsed:1 onAnyActionResolved:1] cards=[Layn, Defender of Deri:1 Creativity:1 Ska Harpyformer:1]
t=2 ph=3 ap=0 snaps=1960 hooks=57 inst=51 rollout "Ska Harpyformer" Creature lvl0 hero1
t=2 ph=3 ap=0 snaps=1961 hooks=57 inst=51 leakyRollout "Ska Harpyformer" +1.07MB hooks=[onPhaseStart:1 onPhaseEnd:1 onPlay:1 onCardEnterZone:1 onActionUsed:1 onAnyActionResolved:1] cards=[Layn, Defender of Deri:1 Creativity:1 Ska Harpyformer:1]
t=2 ph=3 ap=0 snaps=1961 hooks=57 inst=51 rollout "Ska Harpyformer" Creature lvl0 hero1
t=2 ph=3 ap=0 snaps=1962 hooks=57 inst=51 leakyRollout "Ska Harpyformer" +1.07MB hooks=[onPhaseStart:1 onPhaseEnd:1 onPlay:1 onCardEnterZone:1 onActionUsed:1 onAnyActionResolved:1] cards=[Layn, Defender of Deri:1 Creativity:1 Ska Harpyformer:1]
t=2 ph=3 ap=0 snaps=1962 hooks=57 inst=51 rollout "Ska Harpyformer" Creature lvl0 hero1
t=2 ph=3 ap=0 snaps=1963 hooks=57 inst=51 leakyRollout "Ska Harpyformer" +1.07MB hooks=[onPhaseStart:1 onPhaseEnd:1 onPlay:1 onCardEnterZone:1 onActionUsed:1 onAnyActionResolved:1] cards=[Layn, Defender of Deri:1 Creativity:1 Ska Harpyformer:1]
t=2 ph=3 ap=0 snaps=1963 hooks=57 inst=51 rollout "Ska Harpyformer" Creature lvl0 hero1
t=2 ph=3 ap=0 snaps=1964 hooks=57 inst=51 leakyRollout "Ska Harpyformer" +1.07MB hooks=[onPhaseStart:1 onPhaseEnd:1 onPlay:1 onCardEnterZone:1 onActionUsed:1 onAnyActionResolved:1] cards=[Layn, Defender of Deri:1 Creativity:1 Ska Harpyformer:1]
t=2 ph=3 ap=0 snaps=1964 hooks=57 inst=51 rollout "Ska Harpyformer" Creature lvl0 hero1
t=2 ph=3 ap=0 snaps=1965 hooks=57 inst=51 leakyRollout "Ska Harpyformer" +1.07MB hooks=[onPhaseStart:1 onPhaseEnd:1 onPlay:1 onCardEnterZone:1 onActionUsed:1 onAnyActionResolved:1] cards=[Layn, Defender of Deri:1 Creativity:1 Ska Harpyformer:1]
t=2 ph=3 ap=0 snaps=1965 hooks=57 inst=51 rollout "Ska Harpyformer" Creature lvl0 hero1
t=2 ph=3 ap=0 snaps=1966 hooks=57 inst=51 leakyRollout "Ska Harpyformer" +1.07MB hooks=[onPhaseStart:1 onPhaseEnd:1 onPlay:1 onCardEnterZone:1 onActionUsed:1 onAnyActionResolved:1] cards=[Layn, Defender of Deri:1 Creativity:1 Ska Harpyformer:1]
t=2 ph=3 ap=0 snaps=1966 hooks=57 inst=51 rollout "Ska Harpyformer" Creature lvl0 hero1
t=2 ph=3 ap=0 snaps=1967 hooks=57 inst=51 leakyRollout "Ska Harpyformer" +1.07MB hooks=[onPhaseStart:1 onPhaseEnd:1 onPlay:1 onCardEnterZone:1 onActionUsed:1 onAnyActionResolved:1] cards=[Layn, Defender of Deri:1 Creativity:1 Ska Harpyformer:1]
t=2 ph=3 ap=0 snaps=1967 hooks=57 inst=51 rollout "Ska Harpyformer" Creature lvl0 hero1
t=2 ph=3 ap=0 snaps=1968 hooks=57 inst=51 leakyRollout "Ska Harpyformer" +1.07MB hooks=[onPhaseStart:1 onPhaseEnd:1 onPlay:1 onCardEnterZone:1 onActionUsed:1 onAnyActionResolved:1] cards=[Layn, Defender of Deri:1 Creativity:1 Ska Harpyformer:1]
t=2 ph=3 ap=0 snaps=1968 hooks=57 inst=51 rollout "Ska Harpyformer" Creature lvl0 hero1
t=2 ph=3 ap=0 snaps=1969 hooks=57 inst=51 leakyRollout "Ska Harpyformer" +1.07MB hooks=[onPhaseStart:1 onPhaseEnd:1 onPlay:1 onCardEnterZone:1 onActionUsed:1 onAnyActionResolved:1] cards=[Layn, Defender of Deri:1 Creativity:1 Ska Harpyformer:1]
t=2 ph=3 ap=0 snaps=1969 hooks=57 inst=51 rollout "Ska Harpyformer" Creature lvl0 hero1
t=2 ph=3 ap=0 snaps=1970 hooks=57 inst=51 leakyRollout "Ska Harpyformer" +1.07MB hooks=[onPhaseStart:1 onPhaseEnd:1 onPlay:1 onCardEnterZone:1 onActionUsed:1 onAnyActionResolved:1] cards=[Layn, Defender of Deri:1 Creativity:1 Ska Harpyformer:1]
t=2 ph=3 ap=0 snaps=1970 hooks=57 inst=51 rollout "Ska Harpyformer" Creature lvl0 hero1
t=2 ph=3 ap=0 snaps=1971 hooks=57 inst=51 rollout "Ska Harpyformer" Creature lvl0 hero1
t=2 ph=3 ap=0 snaps=1972 hooks=57 inst=51 leakyRollout "Ska Harpyformer" +1.07MB hooks=[onPhaseStart:1 onPhaseEnd:1 onPlay:1 onCardEnterZone:1 onActionUsed:1 onAnyActionResolved:1] cards=[Layn, Defender of Deri:1 Creativity:1 Ska Harpyformer:1]
t=2 ph=3 ap=0 snaps=1972 hooks=57 inst=51 rollout "Ska Harpyformer" Creature lvl0 hero1
t=2 ph=3 ap=0 snaps=1973 hooks=57 inst=51 leakyRollout "Ska Harpyformer" +1.07MB hooks=[onPhaseStart:1 onPhaseEnd:1 onPlay:1 onCardEnterZone:1 onActionUsed:1 onAnyActionResolved:1] cards=[Layn, Defender of Deri:1 Creativity:1 Ska Harpyformer:1]
t=2 ph=3 ap=0 snaps=1973 hooks=57 inst=51 rollout "Ska Harpyformer" Creature lvl0 hero1
t=2 ph=3 ap=0 snaps=1974 hooks=57 inst=51 leakyRollout "Ska Harpyformer" +1.07MB hooks=[onPhaseStart:1 onPhaseEnd:1 onPlay:1 onCardEnterZone:1 onActionUsed:1 onAnyActionResolved:1] cards=[Layn, Defender of Deri:1 Creativity:1 Ska Harpyformer:1]
t=2 ph=3 ap=0 snaps=1974 hooks=57 inst=51 rollout "Ska Harpyformer" Creature lvl0 hero1
t=2 ph=3 ap=0 snaps=1975 hooks=57 inst=51 leakyRollout "Ska Harpyformer" +1.07MB hooks=[onPhaseStart:1 onPhaseEnd:1 onPlay:1 onCardEnterZone:1 onActionUsed:1 onAnyActionResolved:1] cards=[Layn, Defender of Deri:1 Creativity:1 Ska Harpyformer:1]
t=2 ph=3 ap=0 snaps=1975 hooks=57 inst=51 rollout "Ska Harpyformer" Creature lvl0 hero1
t=2 ph=3 ap=0 snaps=1976 hooks=57 inst=51 leakyRollout "Ska Harpyformer" +1.07MB hooks=[onPhaseStart:1 onPhaseEnd:1 onPlay:1 onCardEnterZone:1 onActionUsed:1 onAnyActionResolved:1] cards=[Layn, Defender of Deri:1 Creativity:1 Ska Harpyformer:1]
t=2 ph=3 ap=0 snaps=1976 hooks=57 inst=51 rollout "Ska Harpyformer" Creature lvl0 hero1
t=2 ph=3 ap=0 snaps=1977 hooks=57 inst=51 leakyRollout "Ska Harpyformer" +1.07MB hooks=[onPhaseStart:1 onPhaseEnd:1 onPlay:1 onCardEnterZone:1 onActionUsed:1 onAnyActionResolved:1] cards=[Layn, Defender of Deri:1 Creativity:1 Ska Harpyformer:1]
t=2 ph=3 ap=0 snaps=1977 hooks=57 inst=51 rollout "Ska Harpyformer" Creature lvl0 hero1
t=2 ph=3 ap=0 snaps=1978 hooks=57 inst=51 leakyRollout "Ska Harpyformer" +1.07MB hooks=[onPhaseStart:1 onPhaseEnd:1 onPlay:1 onCardEnterZone:1 onActionUsed:1 onAnyActionResolved:1] cards=[Layn, Defender of Deri:1 Creativity:1 Ska Harpyformer:1]
t=2 ph=3 ap=0 snaps=1978 hooks=57 inst=51 rollout "Ska Harpyformer" Creature lvl0 hero1
t=2 ph=3 ap=0 snaps=1979 hooks=57 inst=51 leakyRollout "Ska Harpyformer" +1.07MB hooks=[onPhaseStart:1 onPhaseEnd:1 onPlay:1 onCardEnterZone:1 onActionUsed:1 onAnyActionResolved:1] cards=[Layn, Defender of Deri:1 Creativity:1 Ska Harpyformer:1]
t=2 ph=3 ap=0 snaps=1979 hooks=57 inst=51 rollout "Ska Harpyformer" Creature lvl0 hero1
t=2 ph=3 ap=0 snaps=1980 hooks=57 inst=51 leakyRollout "Ska Harpyformer" +1.07MB hooks=[onPhaseStart:1 onPhaseEnd:1 onPlay:1 onCardEnterZone:1 onActionUsed:1 onAnyActionResolved:1] cards=[Layn, Defender of Deri:1 Creativity:1 Ska Harpyformer:1]
t=2 ph=3 ap=0 snaps=1980 hooks=57 inst=51 rollout "Ska Harpyformer" Creature lvl0 hero1
t=2 ph=3 ap=0 snaps=1981 hooks=57 inst=51 leakyRollout "Ska Harpyformer" +1.07MB hooks=[onPhaseStart:1 onPhaseEnd:1 onPlay:1 onCardEnterZone:1 onActionUsed:1 onAnyActionResolved:1] cards=[Layn, Defender of Deri:1 Creativity:1 Ska Harpyformer:1]
t=2 ph=3 ap=0 snaps=1981 hooks=57 inst=51 rollout "Ska Harpyformer" Creature lvl0 hero1
t=2 ph=3 ap=0 snaps=1982 hooks=57 inst=51 leakyRollout "Ska Harpyformer" +1.07MB hooks=[onPhaseStart:1 onPhaseEnd:1 onPlay:1 onCardEnterZone:1 onActionUsed:1 onAnyActionResolved:1] cards=[Layn, Defender of Deri:1 Creativity:1 Ska Harpyformer:1]
t=2 ph=3 ap=0 snaps=1982 hooks=57 inst=51 rollout "Ska Harpyformer" Creature lvl0 hero1
t=2 ph=3 ap=0 snaps=1983 hooks=57 inst=51 leakyRollout "Ska Harpyformer" +1.07MB hooks=[onPhaseStart:1 onPhaseEnd:1 onPlay:1 onCardEnterZone:1 onActionUsed:1 onAnyActionResolved:1] cards=[Layn, Defender of Deri:1 Creativity:1 Ska Harpyformer:1]
t=2 ph=3 ap=0 snaps=1983 hooks=57 inst=51 rollout "Ska Harpyformer" Creature lvl0 hero1
t=2 ph=3 ap=0 snaps=1984 hooks=57 inst=51 leakyRollout "Ska Harpyformer" +1.07MB hooks=[onPhaseStart:1 onPhaseEnd:1 onPlay:1 onCardEnterZone:1 onActionUsed:1 onAnyActionResolved:1] cards=[Layn, Defender of Deri:1 Creativity:1 Ska Harpyformer:1]
t=2 ph=3 ap=0 snaps=1984 hooks=57 inst=51 rollout "Ska Harpyformer" Creature lvl0 hero1
t=2 ph=3 ap=0 snaps=1985 hooks=57 inst=51 rollout "Ska Harpyformer" Creature lvl0 hero1
t=2 ph=3 ap=0 snaps=1986 hooks=57 inst=51 leakyRollout "Ska Harpyformer" +1.07MB hooks=[onPhaseStart:1 onPhaseEnd:1 onPlay:1 onCardEnterZone:1 onActionUsed:1 onAnyActionResolved:1] cards=[Layn, Defender of Deri:1 Creativity:1 Ska Harpyformer:1]
t=2 ph=3 ap=0 snaps=1986 hooks=57 inst=51 rollout "Ska Harpyformer" Creature lvl0 hero1
t=2 ph=3 ap=0 snaps=1987 hooks=57 inst=51 leakyRollout "Ska Harpyformer" +1.07MB hooks=[onPhaseStart:1 onPhaseEnd:1 onPlay:1 onCardEnterZone:1 onActionUsed:1 onAnyActionResolved:1] cards=[Layn, Defender of Deri:1 Creativity:1 Ska Harpyformer:1]
t=2 ph=3 ap=0 snaps=1987 hooks=57 inst=51 rollout "Ska Harpyformer" Creature lvl0 hero1
t=2 ph=3 ap=0 snaps=1988 hooks=57 inst=51 leakyRollout "Ska Harpyformer" +1.07MB hooks=[onPhaseStart:1 onPhaseEnd:1 onPlay:1 onCardEnterZone:1 onActionUsed:1 onAnyActionResolved:1] cards=[Layn, Defender of Deri:1 Creativity:1 Ska Harpyformer:1]
t=2 ph=3 ap=0 snaps=1988 hooks=57 inst=51 rollout "Ska Harpyformer" Creature lvl0 hero1
t=2 ph=3 ap=0 snaps=1989 hooks=57 inst=51 leakyRollout "Ska Harpyformer" +1.07MB hooks=[onPhaseStart:1 onPhaseEnd:1 onPlay:1 onCardEnterZone:1 onActionUsed:1 onAnyActionResolved:1] cards=[Layn, Defender of Deri:1 Creativity:1 Ska Harpyformer:1]
t=2 ph=3 ap=0 snaps=1989 hooks=57 inst=51 rollout "Ska Harpyformer" Creature lvl0 hero1
t=2 ph=3 ap=0 snaps=1990 hooks=57 inst=51 leakyRollout "Ska Harpyformer" +1.07MB hooks=[onPhaseStart:1 onPhaseEnd:1 onPlay:1 onCardEnterZone:1 onActionUsed:1 onAnyActionResolved:1] cards=[Layn, Defender of Deri:1 Creativity:1 Ska Harpyformer:1]
t=2 ph=3 ap=0 snaps=1990 hooks=57 inst=51 rollout "Ska Harpyformer" Creature lvl0 hero1
t=2 ph=3 ap=0 snaps=1991 hooks=57 inst=51 leakyRollout "Ska Harpyformer" +1.07MB hooks=[onPhaseStart:1 onPhaseEnd:1 onPlay:1 onCardEnterZone:1 onActionUsed:1 onAnyActionResolved:1] cards=[Layn, Defender of Deri:1 Creativity:1 Ska Harpyformer:1]
t=2 ph=3 ap=0 snaps=1991 hooks=57 inst=51 rollout "Ska Harpyformer" Creature lvl0 hero1
t=2 ph=3 ap=0 snaps=1992 hooks=57 inst=51 leakyRollout "Ska Harpyformer" +1.07MB hooks=[onPhaseStart:1 onPhaseEnd:1 onPlay:1 onCardEnterZone:1 onActionUsed:1 onAnyActionResolved:1] cards=[Layn, Defender of Deri:1 Creativity:1 Ska Harpyformer:1]
t=2 ph=3 ap=0 snaps=1992 hooks=57 inst=51 rollout "Ska Harpyformer" Creature lvl0 hero1
t=2 ph=3 ap=0 snaps=1993 hooks=57 inst=51 leakyRollout "Ska Harpyformer" +1.07MB hooks=[onPhaseStart:1 onPhaseEnd:1 onPlay:1 onCardEnterZone:1 onActionUsed:1 onAnyActionResolved:1] cards=[Layn, Defender of Deri:1 Creativity:1 Ska Harpyformer:1]
t=2 ph=3 ap=0 snaps=1993 hooks=57 inst=51 rollout "Ska Harpyformer" Creature lvl0 hero1
t=2 ph=3 ap=0 snaps=1994 hooks=57 inst=51 leakyRollout "Ska Harpyformer" +1.07MB hooks=[onPhaseStart:1 onPhaseEnd:1 onPlay:1 onCardEnterZone:1 onActionUsed:1 onAnyActionResolved:1] cards=[Layn, Defender of Deri:1 Creativity:1 Ska Harpyformer:1]
t=2 ph=3 ap=0 snaps=1994 hooks=57 inst=51 rollout "Ska Harpyformer" Creature lvl0 hero1
t=2 ph=3 ap=0 snaps=1995 hooks=57 inst=51 leakyRollout "Ska Harpyformer" +1.07MB hooks=[onPhaseStart:1 onPhaseEnd:1 onPlay:1 onCardEnterZone:1 onActionUsed:1 onAnyActionResolved:1] cards=[Layn, Defender of Deri:1 Creativity:1 Ska Harpyformer:1]
t=2 ph=3 ap=0 snaps=1995 hooks=57 inst=51 rollout "Ska Harpyformer" Creature lvl0 hero1
t=2 ph=3 ap=0 snaps=1996 hooks=57 inst=51 leakyRollout "Ska Harpyformer" +1.07MB hooks=[onPhaseStart:1 onPhaseEnd:1 onPlay:1 onCardEnterZone:1 onActionUsed:1 onAnyActionResolved:1] cards=[Layn, Defender of Deri:1 Creativity:1 Ska Harpyformer:1]
t=2 ph=3 ap=0 snaps=1996 hooks=57 inst=51 rollout "Ska Harpyformer" Creature lvl0 hero1
t=2 ph=3 ap=0 snaps=1997 hooks=57 inst=51 leakyRollout "Ska Harpyformer" +1.07MB hooks=[onPhaseStart:1 onPhaseEnd:1 onPlay:1 onCardEnterZone:1 onActionUsed:1 onAnyActionResolved:1] cards=[Layn, Defender of Deri:1 Creativity:1 Ska Harpyformer:1]
t=2 ph=3 ap=0 snaps=1997 hooks=57 inst=51 summon "Ska Harpyformer" p0/h1
t=2 ph=5 ap=0 snaps=2005 hooks=72 inst=53 switchTurn ending p0
t=3 ph=2 ap=1 snaps=2005 hooks=11 inst=55 cpuTurnStart cpu=p1 hand=9
t=3 ph=3 ap=1 snaps=2037 hooks=32 inst=62 rollout "Rain of Arrows" Spell lvl1 hero1
t=3 ph=3 ap=1 snaps=2060 hooks=32 inst=62 leakyRollout "Rain of Arrows" +13.86MB hooks=[beforeDamage:3 afterDamage:3 onHeroKO:1] cards=[Layn, Defender of Deri:34 Creativity:4 Bakhm, the Desert Digger:3 Rain of Arrows:3 Steam Dwarf Miner:3 Toughness:2]
t=3 ph=3 ap=1 snaps=2060 hooks=32 inst=62 rollout "Rain of Arrows" Spell lvl1 hero2
t=3 ph=3 ap=1 snaps=2084 hooks=32 inst=62 leakyRollout "Rain of Arrows" +17.59MB hooks=[beforeDamage:4 afterDamage:4 afterSpellResolved:2 onAnyActionResolved:1 onSurpriseActivated:1 onHeroKO:1] cards=[Layn, Defender of Deri:34 Creativity:14 Bakhm, the Desert Digger:3 Performance:3 Rain of Arrows:3 Toughness:2]
t=3 ph=3 ap=1 snaps=2084 hooks=32 inst=62 rollout "Rain of Arrows" Spell lvl1 hero1
t=3 ph=3 ap=1 snaps=2089 hooks=32 inst=62 leakyRollout "Rain of Arrows" +12.32MB hooks=[beforeDraw:4 onDraw:3 onPlay:2 onSurpriseActivated:2 onSurpriseCreaturePlaced:2 beforeDrawBatch:1] cards=[Layn, Defender of Deri:22 Bakhm, the Desert Digger:5 Creativity:3 Performance:3 Rain of Arrows:2 Toughness:1]
t=3 ph=3 ap=1 snaps=2089 hooks=32 inst=62 rollout "Rain of Arrows" Spell lvl1 hero2
t=3 ph=3 ap=1 snaps=2099 hooks=32 inst=62 leakyRollout "Rain of Arrows" +1.16MB hooks=[onSurpriseActivated:2 onSurpriseCreaturePlaced:2 beforeDraw:1 beforeDrawBatch:1 onHeroKO:1 onPlay:1] cards=[Layn, Defender of Deri:27 Creativity:12 Bakhm, the Desert Digger:6 Rain of Arrows:3 Toughness:2 Performance:2]
t=3 ph=3 ap=1 snaps=2099 hooks=32 inst=62 rollout "Rain of Arrows" Spell lvl1 hero1
t=3 ph=3 ap=1 snaps=2119 hooks=32 inst=62 leakyRollout "Rain of Arrows" +8.74MB hooks=[] cards=[Layn, Defender of Deri:30 Creativity:5 Rain of Arrows:4 Bakhm, the Desert Digger:3 Steam Dwarf Miner:3 Toughness:2]
t=3 ph=3 ap=1 snaps=2119 hooks=32 inst=62 rollout "Rain of Arrows" Spell lvl1 hero1
t=3 ph=3 ap=1 snaps=2138 hooks=32 inst=62 rollout "Rain of Arrows" Spell lvl1 hero2
t=3 ph=3 ap=1 snaps=2153 hooks=32 inst=62 leakyRollout "Rain of Arrows" +9.31MB hooks=[beforeDamage:3 afterDamage:3 onHeroKO:1] cards=[Layn, Defender of Deri:27 Creativity:10 Performance:5 Bakhm, the Desert Digger:4 Toughness:2 Rain of Arrows:2]
t=3 ph=3 ap=1 snaps=2153 hooks=32 inst=62 rollout "Rain of Arrows" Spell lvl1 hero2
t=3 ph=3 ap=1 snaps=2177 hooks=32 inst=62 rollout "Rain of Arrows" Spell lvl1 hero1
t=3 ph=3 ap=1 snaps=2188 hooks=32 inst=62 rollout "Rain of Arrows" Spell lvl1 hero1
t=3 ph=3 ap=1 snaps=2201 hooks=32 inst=62 leakyRollout "Rain of Arrows" +3.91MB hooks=[] cards=[Layn, Defender of Deri:26 Creativity:9 Toughness:4 Bakhm, the Desert Digger:2 Performance:2 Rain of Arrows:2]
t=3 ph=3 ap=1 snaps=2201 hooks=32 inst=62 rollout "Rain of Arrows" Spell lvl1 hero2
t=3 ph=3 ap=1 snaps=2218 hooks=32 inst=62 leakyRollout "Rain of Arrows" +3.22MB hooks=[] cards=[Layn, Defender of Deri:28 Rain of Arrows:4 Creativity:3 Bakhm, the Desert Digger:3 Toughness:2 Steam Dwarf Exterminator:2]
t=3 ph=3 ap=1 snaps=2218 hooks=32 inst=62 rollout "Rain of Arrows" Spell lvl1 hero2
t=3 ph=3 ap=1 snaps=2224 hooks=32 inst=62 rollout "Rain of Arrows" Spell lvl1 hero1
t=3 ph=3 ap=1 snaps=2233 hooks=32 inst=62 leakyRollout "Rain of Arrows" +1.31MB hooks=[beforeDraw:1 onSurpriseActivated:1 onHeroKO:1 onSurpriseCreaturePlaced:1] cards=[Layn, Defender of Deri:24 Bakhm, the Desert Digger:5 Creativity:4 Toughness:2 Rain of Arrows:2 Divine Gift of Fire:1]
t=3 ph=3 ap=1 snaps=2233 hooks=32 inst=62 rollout "Rain of Arrows" Spell lvl1 hero1
t=3 ph=3 ap=1 snaps=2244 hooks=32 inst=62 leakyRollout "Rain of Arrows" +2.52MB hooks=[onHeroKO:1] cards=[Layn, Defender of Deri:30 Creativity:14 Toughness:7 Bakhm, the Desert Digger:5 Mystery Box:3 Ska Harpyformer:2]
t=3 ph=3 ap=1 snaps=2244 hooks=32 inst=62 rollout "Rain of Arrows" Spell lvl1 hero2
t=3 ph=3 ap=1 snaps=2250 hooks=32 inst=62 leakyRollout "Rain of Arrows" +2.24MB hooks=[] cards=[Layn, Defender of Deri:23 Bakhm, the Desert Digger:4 Creativity:3 Toughness:2 Performance:2 Rain of Arrows:2]
t=3 ph=3 ap=1 snaps=2250 hooks=32 inst=62 rollout "Rain of Arrows" Spell lvl1 hero2
t=3 ph=3 ap=1 snaps=2270 hooks=32 inst=62 rollout "Rain of Arrows" Spell lvl1 hero2
t=3 ph=3 ap=1 snaps=2285 hooks=32 inst=62 leakyRollout "Rain of Arrows" +10.85MB hooks=[onPlay:5 beforeDamage:4 afterDamage:4 onCreatureDeath:4 beforeCreatureDamageBatch:3 onCardLeaveZone:3] cards=[Layn, Defender of Deri:42 Creativity:21 Toughness:7 Bakhm, the Desert Digger:6 Performance:5 Mystery Box:4]
t=3 ph=3 ap=1 snaps=2285 hooks=32 inst=62 rollout "Rain of Arrows" Spell lvl1 hero1
t=3 ph=3 ap=1 snaps=2297 hooks=32 inst=62 leakyRollout "Rain of Arrows" +1.91MB hooks=[beforeDamage:3 afterDamage:3 onHeroKO:1] cards=[Layn, Defender of Deri:30 Bakhm, the Desert Digger:4 Creativity:3 Toughness:2 Rain of Arrows:2 Divine Gift of Fire:1]
t=3 ph=3 ap=1 snaps=2297 hooks=32 inst=62 rollout "Rain of Arrows" Spell lvl1 hero1
t=3 ph=3 ap=1 snaps=2325 hooks=32 inst=62 rollout "Rain of Arrows" Spell lvl1 hero2
t=3 ph=3 ap=1 snaps=2347 hooks=32 inst=62 leakyRollout "Rain of Arrows" +15.88MB hooks=[beforeDamage:3 afterDamage:3 onCreatureDeath:3 onPlay:2 onActionUsed:2 beforeCreatureDamageBatch:1] cards=[Layn, Defender of Deri:28 Creativity:3 Bakhm, the Desert Digger:3 Performance:3 Rain of Arrows:3 Toughness:2]
t=3 ph=3 ap=1 snaps=2347 hooks=32 inst=62 rollout "Rain of Arrows" Spell lvl1 hero2
t=3 ph=3 ap=1 snaps=2372 hooks=32 inst=62 rollout "Rain of Arrows" Spell lvl1 hero1
t=3 ph=3 ap=1 snaps=2379 hooks=32 inst=62 rollout "Rain of Arrows" Spell lvl1 hero1
t=3 ph=3 ap=1 snaps=2398 hooks=32 inst=62 rollout "Rain of Arrows" Spell lvl1 hero2
t=3 ph=3 ap=1 snaps=2410 hooks=32 inst=62 leakyRollout "Rain of Arrows" +2.20MB hooks=[beforeDamage:4 afterDamage:4 onCreatureDeath:4 onPlay:4 beforeCreatureDamageBatch:2 onCardLeaveZone:2] cards=[Layn, Defender of Deri:31 Creativity:10 Bakhm, the Desert Digger:5 Rain of Arrows:3 Toughness:2 Performance:2]
t=3 ph=3 ap=1 snaps=2410 hooks=32 inst=62 rollout "Rain of Arrows" Spell lvl1 hero2
t=3 ph=3 ap=1 snaps=2437 hooks=32 inst=62 leakyRollout "Rain of Arrows" +2.60MB hooks=[beforeDamage:2 afterDamage:2 beforeCreatureDamageBatch:2 afterCreatureDamageBatch:2 onPlay:2 onActionUsed:2] cards=[Layn, Defender of Deri:29 Creativity:7 Bakhm, the Desert Digger:5 Toughness:4 Rain of Arrows:4 Performance:2]
t=3 ph=3 ap=1 snaps=2437 hooks=32 inst=62 rollout "Rain of Arrows" Spell lvl1 hero1
t=3 ph=3 ap=1 snaps=2448 hooks=32 inst=62 rollout "Rain of Arrows" Spell lvl1 hero2
t=3 ph=3 ap=1 snaps=2463 hooks=32 inst=62 rollout "Rain of Arrows" Spell lvl1 hero2
t=3 ph=3 ap=1 snaps=2474 hooks=32 inst=62 leakyRollout "Rain of Arrows" +3.82MB hooks=[beforeDraw:3 onCreatureSacrificed:2 beforeCreatureAffected:2 onCreatureDeath:2 onPlay:1 onActionUsed:1] cards=[Layn, Defender of Deri:28 Creativity:7 Bakhm, the Desert Digger:4 Performance:4 Ska Harpyformer:2 Rain of Arrows:2]
t=3 ph=3 ap=1 snaps=2474 hooks=32 inst=62 rollout "Rain of Arrows" Spell lvl1 hero1
t=3 ph=3 ap=1 snaps=2486 hooks=32 inst=62 leakyRollout "Rain of Arrows" +8.79MB hooks=[onHeroKO:1] cards=[Layn, Defender of Deri:20 Performance:5 Toughness:4 Bakhm, the Desert Digger:4 Creativity:3 Rain of Arrows:3]
t=3 ph=3 ap=1 snaps=2486 hooks=32 inst=62 rollout "Rain of Arrows" Spell lvl1 hero2
t=3 ph=3 ap=1 snaps=2496 hooks=32 inst=62 rollout "Rain of Arrows" Spell lvl1 hero2
t=3 ph=3 ap=1 snaps=2502 hooks=32 inst=62 leakyRollout "Rain of Arrows" +11.70MB hooks=[beforeDraw:2 onSurpriseActivated:2 onSurpriseCreaturePlaced:2 onDraw:1 beforeDrawBatch:1 beforeDamage:1] cards=[Layn, Defender of Deri:21 Bakhm, the Desert Digger:5 Creativity:4 Toughness:2 Rain of Arrows:2 Divine Gift of Fire:1]
t=3 ph=3 ap=1 snaps=2502 hooks=32 inst=62 rollout "Rain of Arrows" Spell lvl1 hero1
t=3 ph=3 ap=1 snaps=2518 hooks=32 inst=62 leakyRollout "Rain of Arrows" +1.46MB hooks=[] cards=[Layn, Defender of Deri:22 Performance:5 Toughness:4 Creativity:3 Bakhm, the Desert Digger:2 Rain of Arrows:2]
t=3 ph=3 ap=1 snaps=2518 hooks=32 inst=62 rollout "Rain of Arrows" Spell lvl1 hero2
t=3 ph=3 ap=1 snaps=2529 hooks=32 inst=62 rollout "Rain of Arrows" Spell lvl1 hero1
t=3 ph=3 ap=1 snaps=2538 hooks=32 inst=62 rollout "Rain of Arrows" Spell lvl1 hero2
t=3 ph=3 ap=1 snaps=2561 hooks=32 inst=62 leakyRollout "Rain of Arrows" +12.63MB hooks=[beforeDamage:3 afterDamage:3 onPhaseStart:1 onPhaseEnd:1 beforeDraw:1 onDraw:1] cards=[Layn, Defender of Deri:40 Creativity:25 Bakhm, the Desert Digger:8 Toughness:7 Performance:5 Mystery Box:4]
t=3 ph=3 ap=1 snaps=2561 hooks=32 inst=62 rollout "Rain of Arrows" Spell lvl1 hero2
t=3 ph=3 ap=1 snaps=2567 hooks=32 inst=62 rollout "Rain of Arrows" Spell lvl1 hero2
t=3 ph=3 ap=1 snaps=2570 hooks=32 inst=62 leakyRollout "Rain of Arrows" +19.88MB hooks=[beforeDraw:4 onDraw:3 onSurpriseActivated:2 onSurpriseCreaturePlaced:2 beforeDrawBatch:1 beforeDamage:1] cards=[Layn, Defender of Deri:23 Creativity:11 Performance:7 Toughness:5 Bakhm, the Desert Digger:5 Mystery Box:3]
t=3 ph=3 ap=1 snaps=2570 hooks=32 inst=62 rollout "Rain of Arrows" Spell lvl1 hero2
t=3 ph=3 ap=1 snaps=2581 hooks=32 inst=62 rollout "Rain of Arrows" Spell lvl1 hero2
t=3 ph=3 ap=1 snaps=2599 hooks=32 inst=62 rollout "Rain of Arrows" Spell lvl1 hero2
t=3 ph=3 ap=1 snaps=2605 hooks=32 inst=62 rollout "Rain of Arrows" Spell lvl1 hero2
t=3 ph=3 ap=1 snaps=2615 hooks=32 inst=62 leakyRollout "Rain of Arrows" +7.54MB hooks=[] cards=[Layn, Defender of Deri:25 Performance:7 Toughness:4 Creativity:4 Bakhm, the Desert Digger:4 Rain of Arrows:2]
t=3 ph=3 ap=1 snaps=2615 hooks=32 inst=62 rollout "Rain of Arrows" Spell lvl1 hero2
t=3 ph=3 ap=1 snaps=2644 hooks=32 inst=62 leakyRollout "Rain of Arrows" +9.51MB hooks=[] cards=[Layn, Defender of Deri:35 Creativity:8 Bakhm, the Desert Digger:5 Toughness:4 Performance:2 Rain of Arrows:2]
t=3 ph=3 ap=1 snaps=2644 hooks=32 inst=62 rollout "Rain of Arrows" Spell lvl1 hero2
t=3 ph=3 ap=1 snaps=2656 hooks=32 inst=62 rollout "Rain of Arrows" Spell lvl1 hero2
t=3 ph=3 ap=1 snaps=2671 hooks=32 inst=62 leakyRollout "Rain of Arrows" +4.58MB hooks=[] cards=[Layn, Defender of Deri:33 Creativity:9 Toughness:7 Bakhm, the Desert Digger:2 Performance:2 Rain of Arrows:2]
t=3 ph=3 ap=1 snaps=2671 hooks=32 inst=62 rollout "Rain of Arrows" Spell lvl1 hero2
t=3 ph=3 ap=1 snaps=2678 hooks=32 inst=62 leakyRollout "Rain of Arrows" +2.30MB hooks=[beforeDamage:3 afterDamage:3 onCreatureDeath:2 onPlay:2 beforeCreatureDamageBatch:1 onCardLeaveZone:1] cards=[Layn, Defender of Deri:27 Bakhm, the Desert Digger:5 Creativity:3 Toughness:2 Performance:2 Rain of Arrows:2]
t=3 ph=3 ap=1 snaps=2678 hooks=32 inst=62 rollout "Rain of Arrows" Spell lvl1 hero2
t=3 ph=3 ap=1 snaps=2693 hooks=32 inst=62 rollout "Rain of Arrows" Spell lvl1 hero2
t=3 ph=3 ap=1 snaps=2698 hooks=32 inst=62 leakyRollout "Rain of Arrows" +7.42MB hooks=[] cards=[Layn, Defender of Deri:26 Bakhm, the Desert Digger:5 Creativity:4 Toughness:2 Rain of Arrows:2 Telekinesis:2]
t=3 ph=3 ap=1 snaps=2698 hooks=32 inst=62 rollout "Rain of Arrows" Spell lvl1 hero1
t=3 ph=3 ap=1 snaps=2715 hooks=32 inst=62 rollout "Rain of Arrows" Spell lvl1 hero1
t=3 ph=3 ap=1 snaps=2724 hooks=32 inst=62 leakyRollout "Rain of Arrows" +11.46MB hooks=[] cards=[Layn, Defender of Deri:36 Creativity:12 Performance:9 Toughness:6 Bakhm, the Desert Digger:6 Mystery Box:5]
t=3 ph=3 ap=1 snaps=2724 hooks=32 inst=62 rollout "Rain of Arrows" Spell lvl1 hero2
t=3 ph=3 ap=1 snaps=2738 hooks=32 inst=62 rollout "Rain of Arrows" Spell lvl1 hero2
t=3 ph=3 ap=1 snaps=2755 hooks=32 inst=62 rollout "Rain of Arrows" Spell lvl1 hero2
t=3 ph=3 ap=1 snaps=2775 hooks=32 inst=62 rollout "Rain of Arrows" Spell lvl1 hero2
t=3 ph=3 ap=1 snaps=2799 hooks=32 inst=62 rollout "Rain of Arrows" Spell lvl1 hero2
t=3 ph=3 ap=1 snaps=2805 hooks=32 inst=62 leakyRollout "Rain of Arrows" +11.94MB hooks=[] cards=[Layn, Defender of Deri:30 Performance:4 Creativity:3 Bakhm, the Desert Digger:3 Toughness:2 Rain of Arrows:2]
t=3 ph=3 ap=1 snaps=2805 hooks=32 inst=62 rollout "Rain of Arrows" Spell lvl1 hero1
t=3 ph=3 ap=1 snaps=2838 hooks=32 inst=62 rollout "Rain of Arrows" Spell lvl1 hero1
t=3 ph=3 ap=1 snaps=2848 hooks=32 inst=62 leakyRollout "Rain of Arrows" +0.86MB hooks=[beforeDamage:3 afterDamage:3 onCreatureDeath:2 beforeCreatureDamageBatch:1 afterCreatureDamageBatch:1 onHeroKO:1] cards=[Layn, Defender of Deri:23 Creativity:9 Bakhm, the Desert Digger:4 Toughness:3 Performance:2 Rain of Arrows:2]
t=3 ph=3 ap=1 snaps=2848 hooks=32 inst=62 rollout "Rain of Arrows" Spell lvl1 hero1
t=3 ph=3 ap=1 snaps=2854 hooks=32 inst=62 leakyRollout "Rain of Arrows" +8.27MB hooks=[beforeDamage:3 afterDamage:3 onCreatureDeath:3 beforeCreatureDamageBatch:1 onCardLeaveZone:1 afterCreatureDamageBatch:1] cards=[Layn, Defender of Deri:24 Creativity:8 Bakhm, the Desert Digger:6 Toughness:2 Performance:2 Rain of Arrows:2]
t=3 ph=3 ap=1 snaps=2854 hooks=32 inst=62 rollout "Rain of Arrows" Spell lvl1 hero1
t=3 ph=3 ap=1 snaps=2871 hooks=32 inst=62 rollout "Rain of Arrows" Spell lvl1 hero1
t=3 ph=3 ap=1 snaps=2885 hooks=32 inst=62 leakyRollout "Rain of Arrows" +11.09MB hooks=[onCreatureDeath:4 beforeDamage:3 afterDamage:3 beforeCreatureDamageBatch:2 onCardLeaveZone:2 afterCreatureDamageBatch:2] cards=[Layn, Defender of Deri:27 Creativity:6 Bakhm, the Desert Digger:5 Performance:5 Toughness:3 Rain of Arrows:3]
t=3 ph=3 ap=1 snaps=2885 hooks=32 inst=62 rollout "Rain of Arrows" Spell lvl1 hero1
t=3 ph=3 ap=1 snaps=2898 hooks=32 inst=62 rollout "Rain of Arrows" Spell lvl1 hero1
t=3 ph=3 ap=1 snaps=2909 hooks=32 inst=62 rollout "Rain of Arrows" Spell lvl1 hero1
t=3 ph=3 ap=1 snaps=2926 hooks=32 inst=62 leakyRollout "Rain of Arrows" +2.73MB hooks=[beforeDamage:3 afterDamage:3 beforeCreatureDamageBatch:1 onSurpriseActivated:1 onHeroKO:1 afterSpellResolved:1] cards=[Layn, Defender of Deri:32 Creativity:8 Performance:7 Bakhm, the Desert Digger:6 Toughness:4 Rain of Arrows:2]
t=3 ph=3 ap=1 snaps=2926 hooks=32 inst=62 rollout "Rain of Arrows" Spell lvl1 hero1
t=3 ph=3 ap=1 snaps=2931 hooks=32 inst=62 leakyRollout "Rain of Arrows" +16.50MB hooks=[afterSpellResolved:2 onSurpriseActivated:1 beforeDamage:1 afterDamage:1 onHeroKO:1 beforeCreatureDamageBatch:1] cards=[Layn, Defender of Deri:19 Bakhm, the Desert Digger:4 Creativity:3 Performance:3 Rain of Arrows:2 Toughness:1]
t=3 ph=3 ap=1 snaps=2931 hooks=32 inst=62 rollout "Rain of Arrows" Spell lvl1 hero1
t=3 ph=3 ap=1 snaps=2940 hooks=32 inst=62 rollout "Rain of Arrows" Spell lvl1 hero1
t=3 ph=3 ap=1 snaps=2956 hooks=32 inst=62 leakyRollout "Rain of Arrows" +11.71MB hooks=[beforeDamage:4 afterDamage:4 onSurpriseActivated:1 onHeroKO:1 onSurpriseCreaturePlaced:1] cards=[Layn, Defender of Deri:33 Creativity:16 Bakhm, the Desert Digger:6 Performance:3 Rain of Arrows:2 Glass of Marbles:2]
t=3 ph=3 ap=1 snaps=2956 hooks=32 inst=62 rollout "Rain of Arrows" Spell lvl1 hero1
t=3 ph=3 ap=1 snaps=2976 hooks=32 inst=62 rollout "Rain of Arrows" Spell lvl1 hero1
t=3 ph=3 ap=1 snaps=2993 hooks=32 inst=62 rollout "Rain of Arrows" Spell lvl1 hero1
t=3 ph=3 ap=1 snaps=3009 hooks=32 inst=62 leakyRollout "Rain of Arrows" +2.09MB hooks=[onCreatureDeath:6 beforeDamage:4 afterDamage:4 onCardLeaveZone:4 beforeCreatureDamageBatch:2 afterSpellResolved:2] cards=[Layn, Defender of Deri:32 Creativity:3 Bakhm, the Desert Digger:3 Rain of Arrows:3 Steam Dwarf Miner:3 Toughness:2]
t=3 ph=3 ap=1 snaps=3009 hooks=32 inst=62 rollout "Rain of Arrows" Spell lvl1 hero1
t=3 ph=3 ap=1 snaps=3019 hooks=32 inst=62 leakyRollout "Rain of Arrows" +7.01MB hooks=[beforeDamage:3 afterDamage:3 onHeroKO:1] cards=[Layn, Defender of Deri:39 Creativity:11 Bakhm, the Desert Digger:7 Mystery Box:3 Performance:3 Toughness:2]
t=3 ph=3 ap=1 snaps=3019 hooks=32 inst=62 rollout "Rain of Arrows" Spell lvl1 hero1
t=3 ph=3 ap=1 snaps=3034 hooks=32 inst=62 rollout "Rain of Arrows" Spell lvl1 hero1
t=3 ph=3 ap=1 snaps=3065 hooks=32 inst=62 rollout "Rain of Arrows" Spell lvl1 hero1
t=3 ph=3 ap=1 snaps=3076 hooks=32 inst=62 rollout "Rain of Arrows" Spell lvl1 hero1
t=3 ph=3 ap=1 snaps=3090 hooks=32 inst=62 leakyRollout "Rain of Arrows" +4.74MB hooks=[beforeDraw:1 onPlay:1 onActionUsed:1 onSurpriseActivated:1 onHeroKO:1 onSurpriseCreaturePlaced:1] cards=[Layn, Defender of Deri:26 Bakhm, the Desert Digger:5 Creativity:4 Rain of Arrows:3 Toughness:2 Divine Gift of Fire:1]
t=3 ph=3 ap=1 snaps=3090 hooks=32 inst=62 rollout "Rain of Arrows" Spell lvl1 hero1
t=3 ph=3 ap=1 snaps=3121 hooks=32 inst=62 leakyRollout "Rain of Arrows" +5.67MB hooks=[onCreatureDeath:4 beforeDamage:3 afterDamage:3 beforeCreatureDamageBatch:2 onCardLeaveZone:2 afterCreatureDamageBatch:2] cards=[Layn, Defender of Deri:24 Creativity:7 Bakhm, the Desert Digger:4 Toughness:3 Rain of Arrows:3 Performance:1]
t=3 ph=3 ap=1 snaps=3121 hooks=32 inst=62 rollout "Rain of Arrows" Spell lvl1 hero1
t=3 ph=3 ap=1 snaps=3127 hooks=32 inst=62 rollout "Rain of Arrows" Spell lvl1 hero1
t=3 ph=3 ap=1 snaps=3132 hooks=32 inst=62 rollout "Rain of Arrows" Spell lvl1 hero1
t=3 ph=3 ap=1 snaps=3163 hooks=32 inst=62 leakyRollout "Rain of Arrows" +5.84MB hooks=[beforeDamage:4 afterDamage:4 onCreatureDeath:2 onActionUsed:2 onPhaseStart:1 onPhaseEnd:1] cards=[Layn, Defender of Deri:31 Creativity:13 Bakhm, the Desert Digger:5 Toughness:4 Rain of Arrows:4 Steam Dwarf Miner:4]
t=3 ph=3 ap=1 snaps=3163 hooks=32 inst=62 rollout "Rain of Arrows" Spell lvl1 hero1
t=3 ph=3 ap=1 snaps=3180 hooks=32 inst=62 rollout "Rain of Arrows" Spell lvl1 hero1
t=3 ph=3 ap=1 snaps=3189 hooks=32 inst=62 rollout "Rain of Arrows" Spell lvl1 hero1
t=3 ph=5 ap=1 snaps=3215 hooks=49 inst=62 switchTurn ending p1
t=4 ph=2 ap=0 snaps=3215 hooks=10 inst=63 cpuTurnStart cpu=p0 hand=5
t=4 ph=2 ap=0 snaps=3245 hooks=54 inst=68 summon "Ska Harpyformer" p0/h1
t=4 ph=3 ap=0 snaps=3276 hooks=64 inst=70 rollout "Steam Dwarf Engineer" Creature lvl1 hero0
t=4 ph=3 ap=0 snaps=3286 hooks=64 inst=70 leakyRollout "Steam Dwarf Engineer" +12.00MB hooks=[onHeroKO:1] cards=[Layn, Defender of Deri:33 Creativity:14 Toughness:6 Performance:6 Bakhm, the Desert Digger:5 Mystery Box:2]
t=4 ph=3 ap=0 snaps=3286 hooks=64 inst=70 rollout "Steam Dwarf Engineer" Creature lvl1 hero0
t=4 ph=3 ap=0 snaps=3294 hooks=64 inst=70 rollout "Steam Dwarf Engineer" Creature lvl1 hero0
t=4 ph=3 ap=0 snaps=3301 hooks=64 inst=70 leakyRollout "Steam Dwarf Engineer" +6.38MB hooks=[onHeroKO:1] cards=[Layn, Defender of Deri:34 Creativity:14 Toughness:6 Performance:6 Bakhm, the Desert Digger:5 Mystery Box:1]
t=4 ph=3 ap=0 snaps=3301 hooks=64 inst=70 rollout "Steam Dwarf Engineer" Creature lvl1 hero0
t=4 ph=3 ap=0 snaps=3309 hooks=64 inst=70 leakyRollout "Steam Dwarf Engineer" +2.84MB hooks=[onCreatureDeath:3 onCardLeaveZone:2 beforeCreatureDamageBatch:1 afterCreatureDamageBatch:1 onHeroKO:1] cards=[Layn, Defender of Deri:22 Creativity:11 Toughness:6 Performance:6 Bakhm, the Desert Digger:3 Rain of Arrows:1]
t=4 ph=3 ap=0 snaps=3309 hooks=64 inst=70 rollout "Steam Dwarf Engineer" Creature lvl1 hero0
t=4 ph=3 ap=0 snaps=3314 hooks=64 inst=70 rollout "Steam Dwarf Engineer" Creature lvl1 hero0
t=4 ph=3 ap=0 snaps=3319 hooks=64 inst=70 rollout "Steam Dwarf Engineer" Creature lvl1 hero0
t=4 ph=3 ap=0 snaps=3332 hooks=64 inst=70 leakyRollout "Steam Dwarf Engineer" +1.68MB hooks=[onHeroKO:1] cards=[Layn, Defender of Deri:31 Creativity:13 Toughness:6 Performance:6 Bakhm, the Desert Digger:5 Mystery Box:1]
t=4 ph=3 ap=0 snaps=3332 hooks=64 inst=70 rollout "Steam Dwarf Engineer" Creature lvl1 hero0
t=4 ph=3 ap=0 snaps=3342 hooks=64 inst=70 rollout "Steam Dwarf Engineer" Creature lvl1 hero0
t=4 ph=3 ap=0 snaps=3352 hooks=64 inst=70 leakyRollout "Steam Dwarf Engineer" +7.92MB hooks=[onCardLeaveZone:4 onCreatureDeath:4 beforeDamage:1 afterDamage:1 beforeCreatureDamageBatch:1 afterCreatureDamageBatch:1] cards=[Layn, Defender of Deri:28 Creativity:11 Toughness:7 Performance:7 Bakhm, the Desert Digger:3 Rain of Arrows:1]
t=4 ph=3 ap=0 snaps=3352 hooks=64 inst=70 rollout "Steam Dwarf Engineer" Creature lvl1 hero0
t=4 ph=3 ap=0 snaps=3357 hooks=64 inst=70 leakyRollout "Steam Dwarf Engineer" +2.20MB hooks=[onCreatureDeath:3 onCardLeaveZone:2 beforeCreatureDamageBatch:1 afterCreatureDamageBatch:1 onHeroKO:1] cards=[Layn, Defender of Deri:23 Creativity:13 Toughness:6 Performance:6 Bakhm, the Desert Digger:3 Rain of Arrows:1]
t=4 ph=3 ap=0 snaps=3357 hooks=64 inst=70 rollout "Steam Dwarf Engineer" Creature lvl1 hero0
t=4 ph=3 ap=0 snaps=3361 hooks=64 inst=70 rollout "Steam Dwarf Engineer" Creature lvl1 hero0
t=4 ph=3 ap=0 snaps=3374 hooks=64 inst=70 rollout "Steam Dwarf Engineer" Creature lvl1 hero0
t=4 ph=3 ap=0 snaps=3385 hooks=64 inst=70 rollout "Steam Dwarf Engineer" Creature lvl1 hero0
t=4 ph=3 ap=0 snaps=3393 hooks=64 inst=70 leakyRollout "Steam Dwarf Engineer" +4.07MB hooks=[onHeroKO:1] cards=[Layn, Defender of Deri:25 Performance:12 Creativity:11 Toughness:8 Bakhm, the Desert Digger:1 Rain of Arrows:1]
t=4 ph=3 ap=0 snaps=3393 hooks=64 inst=70 rollout "Steam Dwarf Engineer" Creature lvl1 hero0
t=4 ph=3 ap=0 snaps=3401 hooks=64 inst=70 rollout "Steam Dwarf Engineer" Creature lvl1 hero0
t=4 ph=3 ap=0 snaps=3411 hooks=64 inst=70 leakyRollout "Steam Dwarf Engineer" +10.57MB hooks=[onCardLeaveZone:3 onCreatureDeath:3 beforeDamage:2 afterDamage:2 onCardEnterZone:2 beforeCreatureDamageBatch:1] cards=[Layn, Defender of Deri:33 Creativity:14 Toughness:6 Performance:6 Bakhm, the Desert Digger:5 Mystery Box:1]
t=4 ph=3 ap=0 snaps=3411 hooks=64 inst=70 rollout "Steam Dwarf Engineer" Creature lvl1 hero0
t=4 ph=3 ap=0 snaps=3415 hooks=64 inst=70 leakyRollout "Steam Dwarf Engineer" +0.94MB hooks=[onHeroKO:1] cards=[Layn, Defender of Deri:27 Creativity:14 Performance:9 Toughness:8 Ska Harpyformer:1 Bakhm, the Desert Digger:1]
t=4 ph=3 ap=0 snaps=3415 hooks=64 inst=70 rollout "Steam Dwarf Engineer" Creature lvl1 hero0
t=4 ph=3 ap=0 snaps=3425 hooks=64 inst=70 rollout "Steam Dwarf Engineer" Creature lvl1 hero0
t=4 ph=3 ap=0 snaps=3433 hooks=64 inst=70 leakyRollout "Steam Dwarf Engineer" +3.42MB hooks=[onCreatureDeath:3 onCardLeaveZone:2 beforeCreatureDamageBatch:1 afterCreatureDamageBatch:1 onHeroKO:1] cards=[Layn, Defender of Deri:23 Creativity:11 Toughness:6 Performance:6 Bakhm, the Desert Digger:3 Rain of Arrows:1]
t=4 ph=3 ap=0 snaps=3433 hooks=64 inst=70 rollout "Steam Dwarf Engineer" Creature lvl1 hero0
t=4 ph=3 ap=0 snaps=3444 hooks=64 inst=70 rollout "Steam Dwarf Engineer" Creature lvl1 hero0
t=4 ph=3 ap=0 snaps=3453 hooks=64 inst=70 leakyRollout "Steam Dwarf Engineer" +8.09MB hooks=[onCardLeaveZone:4 onCreatureDeath:4 beforeDamage:2 afterDamage:2 onCardEnterZone:2 beforeCreatureDamageBatch:1] cards=[Layn, Defender of Deri:33 Creativity:14 Toughness:6 Performance:6 Bakhm, the Desert Digger:5 Mystery Box:1]
t=4 ph=3 ap=0 snaps=3453 hooks=64 inst=70 rollout "Steam Dwarf Engineer" Creature lvl1 hero0
t=4 ph=3 ap=0 snaps=3463 hooks=64 inst=70 rollout "Steam Dwarf Engineer" Creature lvl1 hero0
t=4 ph=3 ap=0 snaps=3469 hooks=64 inst=70 leakyRollout "Steam Dwarf Engineer" +1.96MB hooks=[onHeroKO:1] cards=[Layn, Defender of Deri:27 Creativity:14 Performance:11 Toughness:8 Bakhm, the Desert Digger:1 Rain of Arrows:1]
t=4 ph=3 ap=0 snaps=3469 hooks=64 inst=70 rollout "Steam Dwarf Engineer" Creature lvl1 hero0
t=4 ph=3 ap=0 snaps=3480 hooks=64 inst=70 rollout "Steam Dwarf Engineer" Creature lvl1 hero0
t=4 ph=3 ap=0 snaps=3492 hooks=64 inst=70 rollout "Steam Dwarf Engineer" Creature lvl1 hero0
t=4 ph=3 ap=0 snaps=3497 hooks=64 inst=70 rollout "Steam Dwarf Engineer" Creature lvl1 hero0
t=4 ph=3 ap=0 snaps=3505 hooks=64 inst=70 leakyRollout "Steam Dwarf Engineer" +2.88MB hooks=[onCreatureDeath:3 onCardLeaveZone:2 beforeCreatureDamageBatch:1 afterCreatureDamageBatch:1 onHeroKO:1] cards=[Layn, Defender of Deri:22 Creativity:12 Toughness:6 Performance:6 Bakhm, the Desert Digger:3 Rain of Arrows:1]
t=4 ph=3 ap=0 snaps=3505 hooks=64 inst=70 rollout "Steam Dwarf Engineer" Creature lvl1 hero0
t=4 ph=3 ap=0 snaps=3512 hooks=64 inst=70 leakyRollout "Steam Dwarf Engineer" +4.80MB hooks=[onCardLeaveZone:5 onCreatureDeath:5 beforeDamage:2 afterDamage:2 beforeCreatureDamageBatch:1 afterCreatureDamageBatch:1] cards=[Layn, Defender of Deri:29 Creativity:13 Toughness:8 Performance:8 Bakhm, the Desert Digger:5 Mystery Box:1]
t=4 ph=3 ap=0 snaps=3512 hooks=64 inst=70 rollout "Steam Dwarf Engineer" Creature lvl1 hero0
t=4 ph=3 ap=0 snaps=3517 hooks=64 inst=70 leakyRollout "Steam Dwarf Engineer" +1.07MB hooks=[afterSpellResolved:2 onHeroKO:1] cards=[Layn, Defender of Deri:22 Performance:12 Creativity:11 Toughness:8 Bakhm, the Desert Digger:1 Rain of Arrows:1]
t=4 ph=3 ap=0 snaps=3517 hooks=64 inst=70 rollout "Steam Dwarf Engineer" Creature lvl1 hero0
t=4 ph=3 ap=0 snaps=3522 hooks=64 inst=70 leakyRollout "Steam Dwarf Engineer" +2.76MB hooks=[beforeDamage:2 afterDamage:2 onCardLeaveZone:2 onCreatureDeath:2 afterSpellResolved:2 beforeCreatureDamageBatch:1] cards=[Layn, Defender of Deri:28 Creativity:13 Toughness:6 Performance:6 Bakhm, the Desert Digger:4 Mystery Box:2]
t=4 ph=3 ap=0 snaps=3522 hooks=64 inst=70 rollout "Steam Dwarf Engineer" Creature lvl1 hero0
t=4 ph=3 ap=0 snaps=3531 hooks=64 inst=70 rollout "Steam Dwarf Engineer" Creature lvl1 hero0
t=4 ph=3 ap=0 snaps=3537 hooks=64 inst=70 leakyRollout "Steam Dwarf Engineer" +1.40MB hooks=[onHeroKO:1] cards=[Layn, Defender of Deri:25 Creativity:13 Performance:10 Toughness:8 Bakhm, the Desert Digger:1 Rain of Arrows:1]
t=4 ph=3 ap=0 snaps=3537 hooks=64 inst=70 rollout "Steam Dwarf Engineer" Creature lvl1 hero0
t=4 ph=3 ap=0 snaps=3545 hooks=64 inst=70 leakyRollout "Steam Dwarf Engineer" +6.92MB hooks=[onHeroKO:1] cards=[Layn, Defender of Deri:31 Creativity:13 Toughness:6 Performance:6 Bakhm, the Desert Digger:5 Mystery Box:2]
t=4 ph=3 ap=0 snaps=3545 hooks=64 inst=70 rollout "Steam Dwarf Engineer" Creature lvl1 hero0
t=4 ph=3 ap=0 snaps=3554 hooks=64 inst=70 rollout "Steam Dwarf Engineer" Creature lvl1 hero0
t=4 ph=3 ap=0 snaps=3562 hooks=64 inst=70 leakyRollout "Steam Dwarf Engineer" +4.16MB hooks=[onHeroKO:1] cards=[Layn, Defender of Deri:24 Creativity:11 Performance:10 Toughness:8 Bakhm, the Desert Digger:1 Rain of Arrows:1]
t=4 ph=3 ap=0 snaps=3562 hooks=64 inst=70 rollout "Steam Dwarf Engineer" Creature lvl1 hero0
t=4 ph=3 ap=0 snaps=3570 hooks=64 inst=70 rollout "Steam Dwarf Engineer" Creature lvl1 hero0
t=4 ph=3 ap=0 snaps=3578 hooks=64 inst=70 leakyRollout "Steam Dwarf Engineer" +3.31MB hooks=[onCreatureDeath:3 onCardLeaveZone:2 beforeCreatureDamageBatch:1 afterCreatureDamageBatch:1 onHeroKO:1] cards=[Layn, Defender of Deri:23 Creativity:11 Toughness:6 Performance:6 Bakhm, the Desert Digger:3 Rain of Arrows:1]
t=4 ph=3 ap=0 snaps=3578 hooks=64 inst=70 rollout "Steam Dwarf Engineer" Creature lvl1 hero0
t=4 ph=3 ap=0 snaps=3585 hooks=64 inst=70 leakyRollout "Steam Dwarf Engineer" +3.14MB hooks=[onHeroKO:1] cards=[Layn, Defender of Deri:25 Creativity:12 Performance:10 Toughness:8 Bakhm, the Desert Digger:1 Rain of Arrows:1]
t=4 ph=3 ap=0 snaps=3585 hooks=64 inst=70 rollout "Steam Dwarf Engineer" Creature lvl1 hero0
t=4 ph=3 ap=0 snaps=3595 hooks=64 inst=70 rollout "Steam Dwarf Engineer" Creature lvl1 hero0
t=4 ph=3 ap=0 snaps=3607 hooks=64 inst=70 rollout "Steam Dwarf Engineer" Creature lvl1 hero0
t=4 ph=3 ap=0 snaps=3614 hooks=64 inst=70 leakyRollout "Steam Dwarf Engineer" +5.07MB hooks=[onHeroKO:2 onCreatureDeath:2 onCardLeaveZone:1 beforeDrawBatch:1] cards=[Layn, Defender of Deri:27 Creativity:14 Performance:10 Toughness:9 Bakhm, the Desert Digger:2 Mystery Box:1]
t=4 ph=3 ap=0 snaps=3614 hooks=64 inst=70 rollout "Steam Dwarf Engineer" Creature lvl1 hero0
t=4 ph=3 ap=0 snaps=3626 hooks=64 inst=70 rollout "Steam Dwarf Engineer" Creature lvl1 hero0
t=4 ph=3 ap=0 snaps=3637 hooks=64 inst=70 rollout "Steam Dwarf Engineer" Creature lvl1 hero0
t=4 ph=3 ap=0 snaps=3642 hooks=64 inst=70 leakyRollout "Steam Dwarf Engineer" +1.17MB hooks=[onHeroKO:2 beforeDrawBatch:1 afterSpellResolved:1] cards=[Layn, Defender of Deri:25 Creativity:14 Performance:11 Toughness:9 Bakhm, the Desert Digger:2 Mystery Box:1]
t=4 ph=3 ap=0 snaps=3642 hooks=64 inst=70 rollout "Steam Dwarf Engineer" Creature lvl1 hero0
t=4 ph=3 ap=0 snaps=3653 hooks=64 inst=70 rollout "Steam Dwarf Engineer" Creature lvl1 hero0
t=4 ph=3 ap=0 snaps=3665 hooks=64 inst=70 rollout "Steam Dwarf Engineer" Creature lvl1 hero0
t=4 ph=3 ap=0 snaps=3672 hooks=64 inst=70 leakyRollout "Steam Dwarf Engineer" +3.47MB hooks=[onHeroKO:1] cards=[Layn, Defender of Deri:26 Creativity:14 Performance:14 Toughness:8 Bakhm, the Desert Digger:1 Rain of Arrows:1]
t=4 ph=3 ap=0 snaps=3672 hooks=64 inst=70 rollout "Steam Dwarf Engineer" Creature lvl1 hero0
t=4 ph=3 ap=0 snaps=3680 hooks=64 inst=70 leakyRollout "Steam Dwarf Engineer" +7.03MB hooks=[onHeroKO:1] cards=[Layn, Defender of Deri:31 Creativity:14 Toughness:8 Performance:8 Bakhm, the Desert Digger:5 Mystery Box:2]
t=4 ph=3 ap=0 snaps=3680 hooks=64 inst=70 rollout "Steam Dwarf Engineer" Creature lvl1 hero0
t=4 ph=3 ap=0 snaps=3691 hooks=64 inst=70 rollout "Steam Dwarf Engineer" Creature lvl1 hero0
t=4 ph=3 ap=0 snaps=3696 hooks=64 inst=70 rollout "Steam Dwarf Engineer" Creature lvl1 hero0
t=4 ph=3 ap=0 snaps=3706 hooks=64 inst=70 rollout "Steam Dwarf Engineer" Creature lvl1 hero0
t=4 ph=3 ap=0 snaps=3715 hooks=64 inst=70 leakyRollout "Steam Dwarf Engineer" +8.41MB hooks=[onHeroKO:2 beforeDamage:1 afterDamage:1] cards=[Layn, Defender of Deri:32 Creativity:11 Toughness:7 Performance:7 Bakhm, the Desert Digger:2 Rain of Arrows:1]
t=4 ph=3 ap=0 snaps=3715 hooks=64 inst=70 rollout "Steam Dwarf Engineer" Creature lvl1 hero0
t=4 ph=3 ap=0 snaps=3725 hooks=64 inst=70 rollout "Steam Dwarf Engineer" Creature lvl1 hero0
t=4 ph=3 ap=0 snaps=3732 hooks=64 inst=70 leakyRollout "Steam Dwarf Engineer" +2.07MB hooks=[onCreatureDeath:3 onCardLeaveZone:2 beforeDamage:1 afterDamage:1 beforeCreatureDamageBatch:1 afterCreatureDamageBatch:1] cards=[Layn, Defender of Deri:24 Creativity:11 Toughness:6 Performance:6 Bakhm, the Desert Digger:3 Ska Harpyformer:1]
t=4 ph=3 ap=0 snaps=3732 hooks=64 inst=70 rollout "Steam Dwarf Engineer" Creature lvl1 hero0
t=4 ph=3 ap=0 snaps=3737 hooks=64 inst=70 rollout "Steam Dwarf Engineer" Creature lvl1 hero0
t=4 ph=3 ap=0 snaps=3742 hooks=64 inst=70 rollout "Steam Dwarf Engineer" Creature lvl1 hero0
t=4 ph=3 ap=0 snaps=3751 hooks=64 inst=70 leakyRollout "Steam Dwarf Engineer" +8.51MB hooks=[onCardLeaveZone:5 onCreatureDeath:4 beforeDamage:2 afterDamage:2 onCardEnterZone:2 beforeCreatureDamageBatch:1] cards=[Layn, Defender of Deri:34 Creativity:14 Toughness:6 Performance:6 Bakhm, the Desert Digger:5 Mystery Box:1]
t=4 ph=3 ap=0 snaps=3751 hooks=64 inst=70 rollout "Steam Dwarf Engineer" Creature lvl1 hero0
t=4 ph=3 ap=0 snaps=3759 hooks=64 inst=70 rollout "Steam Dwarf Engineer" Creature lvl1 hero0
t=4 ph=3 ap=0 snaps=3764 hooks=64 inst=70 rollout "Steam Dwarf Engineer" Creature lvl1 hero0
t=4 ph=3 ap=0 snaps=3775 hooks=64 inst=70 leakyRollout "Steam Dwarf Engineer" +7.90MB hooks=[onCreatureDeath:3 onCardLeaveZone:2 beforeCreatureDamageBatch:1 afterCreatureDamageBatch:1 onHeroKO:1] cards=[Layn, Defender of Deri:23 Creativity:11 Toughness:6 Performance:6 Bakhm, the Desert Digger:3 Rain of Arrows:1]
t=4 ph=3 ap=0 snaps=3775 hooks=64 inst=70 rollout "Steam Dwarf Engineer" Creature lvl1 hero0
t=4 ph=3 ap=0 snaps=3793 hooks=64 inst=70 leakyRollout "Steam Dwarf Engineer" +5.77MB hooks=[onCreatureDeath:5 onCardLeaveZone:4 beforeDamage:1 afterDamage:1 beforeCreatureDamageBatch:1 afterCreatureDamageBatch:1] cards=[Layn, Defender of Deri:25 Creativity:11 Toughness:7 Performance:7 Bakhm, the Desert Digger:3 Rain of Arrows:1]
t=4 ph=3 ap=0 snaps=3793 hooks=64 inst=70 rollout "Steam Dwarf Engineer" Creature lvl1 hero0
t=4 ph=3 ap=0 snaps=3801 hooks=64 inst=70 rollout "Steam Dwarf Engineer" Creature lvl1 hero0
t=4 ph=3 ap=0 snaps=3810 hooks=64 inst=70 leakyRollout "Steam Dwarf Engineer" +9.13MB hooks=[onHeroKO:2 beforeCreatureDamageBatch:1 afterCreatureDamageBatch:1] cards=[Layn, Defender of Deri:33 Creativity:13 Toughness:6 Performance:6 Bakhm, the Desert Digger:4 Mystery Box:1]
t=4 ph=3 ap=0 snaps=3810 hooks=64 inst=70 rollout "Steam Dwarf Engineer" Creature lvl1 hero0
t=4 ph=3 ap=0 snaps=3818 hooks=64 inst=70 rollout "Steam Dwarf Engineer" Creature lvl1 hero0
t=4 ph=3 ap=0 snaps=3825 hooks=64 inst=70 leakyRollout "Steam Dwarf Engineer" +3.17MB hooks=[onHeroKO:1] cards=[Layn, Defender of Deri:25 Creativity:13 Performance:12 Toughness:8 Bakhm, the Desert Digger:1 Rain of Arrows:1]
t=4 ph=3 ap=0 snaps=3825 hooks=64 inst=70 rollout "Steam Dwarf Engineer" Creature lvl1 hero0
t=4 ph=3 ap=0 snaps=3833 hooks=64 inst=70 leakyRollout "Steam Dwarf Engineer" +6.28MB hooks=[onCardLeaveZone:4 onCreatureDeath:4 beforeDamage:2 afterDamage:2 beforeCreatureDamageBatch:1 afterCreatureDamageBatch:1] cards=[Layn, Defender of Deri:32 Creativity:14 Toughness:6 Performance:6 Bakhm, the Desert Digger:5 Mystery Box:1]
t=4 ph=3 ap=0 snaps=3833 hooks=64 inst=70 rollout "Steam Dwarf Engineer" Creature lvl1 hero0
t=4 ph=3 ap=0 snaps=3839 hooks=64 inst=70 rollout "Steam Dwarf Engineer" Creature lvl1 hero0
t=4 ph=3 ap=0 snaps=3846 hooks=64 inst=70 leakyRollout "Steam Dwarf Engineer" +3.50MB hooks=[onHeroKO:1] cards=[Layn, Defender of Deri:26 Creativity:14 Performance:12 Toughness:8 Bakhm, the Desert Digger:1 Rain of Arrows:1]
t=4 ph=3 ap=0 snaps=3846 hooks=64 inst=70 rollout "Steam Dwarf Engineer" Creature lvl1 hero0
t=4 ph=3 ap=0 snaps=3864 hooks=64 inst=70 leakyRollout "Steam Dwarf Engineer" +9.99MB hooks=[onHeroKO:2 beforeDamage:1 afterDamage:1 onPhaseStart:1 onPhaseEnd:1 onCreatureDeath:1] cards=[Layn, Defender of Deri:31 Creativity:13 Toughness:6 Performance:6 Bakhm, the Desert Digger:3 Rain of Arrows:3]
t=4 ph=3 ap=0 snaps=3864 hooks=64 inst=70 rollout "Steam Dwarf Engineer" Creature lvl1 hero0
t=4 ph=3 ap=0 snaps=3877 hooks=64 inst=70 rollout "Steam Dwarf Engineer" Creature lvl1 hero0
t=4 ph=3 ap=0 snaps=3882 hooks=64 inst=70 leakyRollout "Steam Dwarf Engineer" +2.85MB hooks=[onHeroKO:1 afterSpellResolved:1] cards=[Layn, Defender of Deri:23 Performance:14 Creativity:11 Toughness:8 Bakhm, the Desert Digger:2 Rain of Arrows:1]
t=4 ph=3 ap=0 snaps=3882 hooks=64 inst=70 rollout "Steam Dwarf Engineer" Creature lvl1 hero0
t=4 ph=3 ap=0 snaps=3892 hooks=64 inst=70 rollout "Steam Dwarf Engineer" Creature lvl1 hero0
t=4 ph=3 ap=0 snaps=3897 hooks=64 inst=70 rollout "Steam Dwarf Engineer" Creature lvl1 hero0
t=4 ph=3 ap=0 snaps=3904 hooks=64 inst=70 leakyRollout "Steam Dwarf Engineer" +3.14MB hooks=[onHeroKO:1] cards=[Layn, Defender of Deri:24 Creativity:12 Performance:9 Toughness:8 Bakhm, the Desert Digger:1 Rain of Arrows:1]
t=4 ph=3 ap=0 snaps=3904 hooks=64 inst=70 rollout "Steam Dwarf Engineer" Creature lvl1 hero0
t=4 ph=3 ap=0 snaps=3915 hooks=64 inst=70 rollout "Steam Dwarf Engineer" Creature lvl1 hero0
t=4 ph=3 ap=0 snaps=3920 hooks=64 inst=70 rollout "Steam Dwarf Engineer" Creature lvl1 hero0
t=4 ph=3 ap=0 snaps=3924 hooks=64 inst=70 rollout "Steam Dwarf Engineer" Creature lvl1 hero0
t=4 ph=3 ap=0 snaps=3932 hooks=64 inst=70 leakyRollout "Steam Dwarf Engineer" +3.36MB hooks=[onCreatureDeath:3 onCardLeaveZone:2 beforeCreatureDamageBatch:1 afterCreatureDamageBatch:1 onHeroKO:1] cards=[Layn, Defender of Deri:23 Creativity:12 Toughness:6 Performance:6 Bakhm, the Desert Digger:3 Rain of Arrows:1]
t=4 ph=3 ap=0 snaps=3932 hooks=64 inst=70 rollout "Steam Dwarf Engineer" Creature lvl1 hero0
t=4 ph=3 ap=0 snaps=3942 hooks=64 inst=70 rollout "Steam Dwarf Engineer" Creature lvl1 hero0
t=4 ph=3 ap=0 snaps=3959 hooks=64 inst=70 leakyRollout "Steam Dwarf Engineer" +8.38MB hooks=[onHeroKO:1] cards=[Layn, Defender of Deri:29 Creativity:18 Performance:12 Toughness:11 Bakhm, the Desert Digger:2 Rain of Arrows:2]
t=4 ph=3 ap=0 snaps=3959 hooks=64 inst=70 rollout "Steam Dwarf Engineer" Creature lvl1 hero0
t=4 ph=3 ap=0 snaps=3966 hooks=64 inst=70 rollout "Steam Dwarf Engineer" Creature lvl1 hero0
t=4 ph=3 ap=0 snaps=3977 hooks=64 inst=70 leakyRollout "Steam Dwarf Engineer" +12.91MB hooks=[onHeroKO:1] cards=[Layn, Defender of Deri:32 Creativity:14 Toughness:8 Performance:8 Bakhm, the Desert Digger:4 Mystery Box:2]
t=4 ph=3 ap=0 snaps=3977 hooks=64 inst=70 rollout "Steam Dwarf Engineer" Creature lvl1 hero0
t=4 ph=3 ap=0 snaps=3984 hooks=64 inst=70 rollout "Steam Dwarf Engineer" Creature lvl1 hero0
t=4 ph=3 ap=0 snaps=3995 hooks=64 inst=70 rollout "Steam Dwarf Engineer" Creature lvl1 hero0
t=4 ph=3 ap=0 snaps=4013 hooks=64 inst=70 leakyRollout "Steam Dwarf Engineer" +7.08MB hooks=[onCreatureDeath:4 onCardLeaveZone:3 beforeDamage:2 afterDamage:2 beforeCreatureDamageBatch:2 afterCreatureDamageBatch:2] cards=[Layn, Defender of Deri:29 Creativity:13 Toughness:6 Performance:6 Bakhm, the Desert Digger:4 Rain of Arrows:2]
t=4 ph=3 ap=0 snaps=4013 hooks=64 inst=70 rollout "Steam Dwarf Engineer" Creature lvl1 hero0
t=4 ph=3 ap=0 snaps=4017 hooks=64 inst=70 rollout "Steam Dwarf Engineer" Creature lvl1 hero0
t=4 ph=3 ap=0 snaps=4028 hooks=64 inst=70 rollout "Steam Dwarf Engineer" Creature lvl1 hero0
t=4 ph=3 ap=0 snaps=4045 hooks=64 inst=70 leakyRollout "Steam Dwarf Engineer" +6.00MB hooks=[onHeroKO:2 beforeDamage:1 afterDamage:1] cards=[Layn, Defender of Deri:29 Creativity:11 Toughness:7 Performance:7 Bakhm, the Desert Digger:2 Rain of Arrows:1]
t=4 ph=3 ap=0 snaps=4045 hooks=64 inst=70 rollout "Steam Dwarf Engineer" Creature lvl1 hero0
t=4 ph=3 ap=0 snaps=4050 hooks=64 inst=70 leakyRollout "Steam Dwarf Engineer" +0.94MB hooks=[onHeroKO:2 onResourceGain:1 afterSpellResolved:1] cards=[Layn, Defender of Deri:26 Creativity:14 Performance:9 Toughness:8 Bakhm, the Desert Digger:2 Ska Harpyformer:1]
t=4 ph=3 ap=0 snaps=4050 hooks=64 inst=70 rollout "Steam Dwarf Engineer" Creature lvl1 hero0
t=4 ph=3 ap=0 snaps=4055 hooks=64 inst=70 leakyRollout "Steam Dwarf Engineer" +1.41MB hooks=[onCreatureDeath:3 afterSpellResolved:3 beforeDamage:2 afterDamage:2 beforeCreatureDamageBatch:2 onCardLeaveZone:2] cards=[Layn, Defender of Deri:31 Creativity:14 Toughness:6 Performance:6 Bakhm, the Desert Digger:5 Telekinesis:2]
t=4 ph=3 ap=0 snaps=4055 hooks=64 inst=70 rollout "Steam Dwarf Engineer" Creature lvl1 hero0
t=4 ph=3 ap=0 snaps=4064 hooks=64 inst=70 rollout "Steam Dwarf Engineer" Creature lvl1 hero0
t=4 ph=3 ap=0 snaps=4071 hooks=64 inst=70 leakyRollout "Steam Dwarf Engineer" +3.00MB hooks=[onHeroKO:1] cards=[Layn, Defender of Deri:24 Creativity:12 Performance:12 Toughness:8 Bakhm, the Desert Digger:1 Rain of Arrows:1]
t=4 ph=3 ap=0 snaps=4071 hooks=64 inst=70 rollout "Steam Dwarf Engineer" Creature lvl1 hero0
t=4 ph=3 ap=0 snaps=4081 hooks=64 inst=70 rollout "Steam Dwarf Engineer" Creature lvl1 hero0
t=4 ph=3 ap=0 snaps=4086 hooks=64 inst=70 rollout "Steam Dwarf Engineer" Creature lvl1 hero0
t=4 ph=3 ap=0 snaps=4091 hooks=64 inst=70 rollout "Steam Dwarf Engineer" Creature lvl1 hero0
t=4 ph=3 ap=0 snaps=4102 hooks=64 inst=70 rollout "Steam Dwarf Engineer" Creature lvl1 hero0
t=4 ph=3 ap=0 snaps=4107 hooks=64 inst=70 leakyRollout "Steam Dwarf Engineer" +0.92MB hooks=[onCreatureDeath:4 onCardLeaveZone:3 beforeDamage:2 afterDamage:2 beforeDrawBatch:2 beforeCreatureDamageBatch:1] cards=[Layn, Defender of Deri:30 Creativity:14 Toughness:6 Performance:6 Bakhm, the Desert Digger:5 Mystery Box:1]
t=4 ph=3 ap=0 snaps=4107 hooks=64 inst=70 rollout "Steam Dwarf Engineer" Creature lvl1 hero0
t=4 ph=3 ap=0 snaps=4114 hooks=64 inst=70 leakyRollout "Steam Dwarf Engineer" +3.39MB hooks=[onResourceGain:1 onCardAddedToHand:1 onHeroKO:1] cards=[Layn, Defender of Deri:25 Creativity:12 Performance:10 Toughness:8 Bakhm, the Desert Digger:1 Rain of Arrows:1]
t=4 ph=3 ap=0 snaps=4114 hooks=64 inst=70 rollout "Steam Dwarf Engineer" Creature lvl1 hero0
t=4 ph=3 ap=0 snaps=4125 hooks=64 inst=70 rollout "Steam Dwarf Engineer" Creature lvl1 hero0
t=4 ph=3 ap=0 snaps=4130 hooks=64 inst=70 rollout "Steam Dwarf Engineer" Creature lvl1 hero0
t=4 ph=3 ap=0 snaps=4135 hooks=64 inst=70 rollout "Steam Dwarf Engineer" Creature lvl1 hero0
t=4 ph=3 ap=0 snaps=4143 hooks=64 inst=70 leakyRollout "Steam Dwarf Engineer" +5.62MB hooks=[onCreatureDeath:3 beforeDamage:2 afterDamage:2 onCardLeaveZone:2 afterSpellResolved:2 beforeCreatureDamageBatch:1] cards=[Layn, Defender of Deri:30 Creativity:14 Toughness:6 Performance:6 Bakhm, the Desert Digger:4 Mystery Box:1]
t=4 ph=3 ap=0 snaps=4143 hooks=64 inst=70 rollout "Steam Dwarf Engineer" Creature lvl1 hero0
t=4 ph=3 ap=0 snaps=4151 hooks=64 inst=70 leakyRollout "Steam Dwarf Engineer" +3.29MB hooks=[onCreatureDeath:3 onCardLeaveZone:2 beforeCreatureDamageBatch:1 afterCreatureDamageBatch:1 onHeroKO:1] cards=[Layn, Defender of Deri:23 Creativity:11 Toughness:6 Performance:6 Bakhm, the Desert Digger:3 Rain of Arrows:1]
t=4 ph=3 ap=0 snaps=4151 hooks=64 inst=70 rollout "Steam Dwarf Engineer" Creature lvl1 hero0
t=4 ph=3 ap=0 snaps=4156 hooks=64 inst=70 rollout "Steam Dwarf Engineer" Creature lvl1 hero0
t=4 ph=3 ap=0 snaps=4174 hooks=64 inst=70 leakyRollout "Steam Dwarf Engineer" +4.19MB hooks=[onCardLeaveZone:3 onCreatureDeath:3 beforeCreatureDamageBatch:2 afterCreatureDamageBatch:2 beforeDamage:1 afterDamage:1] cards=[Layn, Defender of Deri:25 Creativity:11 Toughness:7 Performance:7 Bakhm, the Desert Digger:2 Rain of Arrows:2]
t=4 ph=3 ap=0 snaps=4174 hooks=64 inst=70 rollout "Steam Dwarf Engineer" Creature lvl1 hero0
t=4 ph=3 ap=0 snaps=4186 hooks=64 inst=70 rollout "Steam Dwarf Engineer" Creature lvl1 hero0
t=4 ph=3 ap=0 snaps=4193 hooks=64 inst=70 rollout "Steam Dwarf Engineer" Creature lvl1 hero0
t=4 ph=3 ap=0 snaps=4200 hooks=64 inst=70 leakyRollout "Steam Dwarf Engineer" +5.79MB hooks=[onHeroKO:1] cards=[Layn, Defender of Deri:32 Creativity:13 Toughness:8 Performance:8 Bakhm, the Desert Digger:5 Mystery Box:2]
t=4 ph=3 ap=0 snaps=4200 hooks=64 inst=70 rollout "Steam Dwarf Engineer" Creature lvl1 hero0
t=4 ph=3 ap=0 snaps=4213 hooks=64 inst=70 rollout "Steam Dwarf Engineer" Creature lvl1 hero0
t=4 ph=3 ap=0 snaps=4220 hooks=64 inst=70 leakyRollout "Steam Dwarf Engineer" +3.09MB hooks=[onHeroKO:1] cards=[Layn, Defender of Deri:25 Performance:14 Creativity:12 Toughness:8 Bakhm, the Desert Digger:1 Rain of Arrows:1]
t=4 ph=3 ap=0 snaps=4220 hooks=64 inst=70 rollout "Steam Dwarf Engineer" Creature lvl1 hero0
t=4 ph=3 ap=0 snaps=4231 hooks=64 inst=70 rollout "Steam Dwarf Engineer" Creature lvl1 hero0
t=4 ph=3 ap=0 snaps=4240 hooks=64 inst=70 leakyRollout "Steam Dwarf Engineer" +9.22MB hooks=[onHeroKO:2] cards=[Layn, Defender of Deri:35 Creativity:13 Toughness:6 Performance:6 Bakhm, the Desert Digger:4 Steam Dwarf Miner:2]
t=4 ph=3 ap=0 snaps=4240 hooks=64 inst=70 rollout "Steam Dwarf Engineer" Creature lvl1 hero0
t=4 ph=3 ap=0 snaps=4247 hooks=64 inst=70 leakyRollout "Steam Dwarf Engineer" +4.83MB hooks=[onHeroKO:2 afterSpellResolved:2 onCreatureDeath:1 beforeDrawBatch:1 beforeCreatureDamageBatch:1 afterCreatureDamageBatch:1] cards=[Layn, Defender of Deri:25 Creativity:15 Performance:14 Toughness:9 Bakhm, the Desert Digger:2 Mystery Box:1]
t=4 ph=3 ap=0 snaps=4247 hooks=64 inst=70 rollout "Steam Dwarf Engineer" Creature lvl1 hero0
t=4 ph=3 ap=0 snaps=4258 hooks=64 inst=70 rollout "Steam Dwarf Engineer" Creature lvl1 hero0
t=4 ph=3 ap=0 snaps=4265 hooks=64 inst=70 rollout "Steam Dwarf Engineer" Creature lvl1 hero0
t=4 ph=3 ap=0 snaps=4275 hooks=64 inst=70 rollout "Steam Dwarf Engineer" Creature lvl1 hero0
t=4 ph=3 ap=0 snaps=4282 hooks=64 inst=70 leakyRollout "Steam Dwarf Engineer" +2.05MB hooks=[onCreatureDeath:3 onCardLeaveZone:2 beforeCreatureDamageBatch:1 afterCreatureDamageBatch:1 onHeroKO:1] cards=[Layn, Defender of Deri:24 Creativity:11 Toughness:6 Performance:6 Bakhm, the Desert Digger:3 Rain of Arrows:1]
t=4 ph=3 ap=0 snaps=4282 hooks=64 inst=70 rollout "Steam Dwarf Engineer" Creature lvl1 hero0
t=4 ph=3 ap=0 snaps=4287 hooks=64 inst=70 leakyRollout "Steam Dwarf Engineer" +1.25MB hooks=[onCreatureDeath:3 afterSpellResolved:3 beforeDamage:2 afterDamage:2 beforeCreatureDamageBatch:2 onCardLeaveZone:2] cards=[Layn, Defender of Deri:29 Creativity:14 Toughness:6 Performance:6 Bakhm, the Desert Digger:5 Mystery Box:2]
t=4 ph=3 ap=0 snaps=4287 hooks=64 inst=70 rollout "Steam Dwarf Engineer" Creature lvl1 hero0
t=4 ph=3 ap=0 snaps=4295 hooks=64 inst=70 leakyRollout "Steam Dwarf Engineer" +4.03MB hooks=[onHeroKO:1] cards=[Layn, Defender of Deri:23 Creativity:12 Performance:12 Toughness:8 Bakhm, the Desert Digger:1 Rain of Arrows:1]
t=4 ph=3 ap=0 snaps=4295 hooks=64 inst=70 rollout "Steam Dwarf Engineer" Creature lvl1 hero0
t=4 ph=3 ap=0 snaps=4306 hooks=64 inst=70 rollout "Steam Dwarf Engineer" Creature lvl1 hero0
t=4 ph=3 ap=0 snaps=4317 hooks=64 inst=70 rollout "Steam Dwarf Engineer" Creature lvl1 hero0
t=4 ph=3 ap=0 snaps=4324 hooks=64 inst=70 leakyRollout "Steam Dwarf Engineer" +2.52MB hooks=[onHeroKO:1] cards=[Layn, Defender of Deri:25 Performance:13 Creativity:12 Toughness:8 Bakhm, the Desert Digger:1 Rain of Arrows:1]
t=4 ph=3 ap=0 snaps=4324 hooks=64 inst=70 rollout "Steam Dwarf Engineer" Creature lvl1 hero0
t=4 ph=3 ap=0 snaps=4333 hooks=64 inst=70 leakyRollout "Steam Dwarf Engineer" +8.52MB hooks=[onHeroKO:1] cards=[Layn, Defender of Deri:31 Creativity:13 Performance:8 Toughness:7 Bakhm, the Desert Digger:4 Mystery Box:1]
t=4 ph=3 ap=0 snaps=4333 hooks=64 inst=70 rollout "Steam Dwarf Engineer" Creature lvl1 hero0
t=4 ph=3 ap=0 snaps=4338 hooks=64 inst=70 leakyRollout "Steam Dwarf Engineer" +3.93MB hooks=[onCreatureDeath:4 onCardLeaveZone:3 beforeDamage:2 afterDamage:2 beforeCreatureDamageBatch:1 afterCreatureDamageBatch:1] cards=[Layn, Defender of Deri:28 Creativity:14 Toughness:6 Performance:6 Bakhm, the Desert Digger:5 Mystery Box:3]
t=4 ph=3 ap=0 snaps=4338 hooks=64 inst=70 rollout "Steam Dwarf Engineer" Creature lvl1 hero0
t=4 ph=3 ap=0 snaps=4345 hooks=64 inst=70 rollout "Steam Dwarf Engineer" Creature lvl1 hero0
t=4 ph=3 ap=0 snaps=4358 hooks=64 inst=70 rollout "Steam Dwarf Engineer" Creature lvl1 hero0
t=4 ph=3 ap=0 snaps=4365 hooks=64 inst=70 leakyRollout "Steam Dwarf Engineer" +1.99MB hooks=[onCreatureDeath:3 onCardLeaveZone:2 beforeCreatureDamageBatch:1 afterCreatureDamageBatch:1 onHeroKO:1] cards=[Layn, Defender of Deri:24 Creativity:12 Toughness:6 Performance:6 Bakhm, the Desert Digger:3 Ska Harpyformer:1]
t=4 ph=3 ap=0 snaps=4365 hooks=64 inst=70 rollout "Steam Dwarf Engineer" Creature lvl1 hero0
t=4 ph=3 ap=0 snaps=4369 hooks=64 inst=70 rollout "Steam Dwarf Engineer" Creature lvl1 hero0
t=4 ph=3 ap=0 snaps=4376 hooks=64 inst=70 leakyRollout "Steam Dwarf Engineer" +5.79MB hooks=[onHeroKO:1] cards=[Layn, Defender of Deri:31 Creativity:13 Toughness:6 Performance:6 Bakhm, the Desert Digger:5 Mystery Box:1]
t=4 ph=3 ap=0 snaps=4376 hooks=64 inst=70 rollout "Steam Dwarf Engineer" Creature lvl1 hero0
t=4 ph=3 ap=0 snaps=4392 hooks=64 inst=70 leakyRollout "Steam Dwarf Engineer" +5.24MB hooks=[onHeroKO:1] cards=[Layn, Defender of Deri:32 Creativity:13 Toughness:6 Performance:6 Bakhm, the Desert Digger:5 Mystery Box:1]
t=4 ph=3 ap=0 snaps=4392 hooks=64 inst=70 rollout "Steam Dwarf Engineer" Creature lvl1 hero0
t=4 ph=3 ap=0 snaps=4400 hooks=64 inst=70 rollout "Steam Dwarf Engineer" Creature lvl1 hero0
t=4 ph=3 ap=0 snaps=4407 hooks=64 inst=70 leakyRollout "Steam Dwarf Engineer" +6.97MB hooks=[onHeroKO:2 beforeCreatureAffected:1 onCreatureDeath:1 beforeCreatureDamageBatch:1 afterCreatureDamageBatch:1 afterSpellResolved:1] cards=[Layn, Defender of Deri:37 Creativity:15 Toughness:6 Performance:6 Bakhm, the Desert Digger:5 Mystery Box:1]
t=4 ph=3 ap=0 snaps=4407 hooks=64 inst=70 rollout "Steam Dwarf Engineer" Creature lvl1 hero0
t=4 ph=3 ap=0 snaps=4412 hooks=64 inst=70 rollout "Steam Dwarf Engineer" Creature lvl1 hero0
t=4 ph=3 ap=0 snaps=4419 hooks=64 inst=70 leakyRollout "Steam Dwarf Engineer" +5.08MB hooks=[onHeroKO:2 afterSpellResolved:2 onCreatureDeath:1 beforeDrawBatch:1 beforeCreatureDamageBatch:1 afterCreatureDamageBatch:1] cards=[Layn, Defender of Deri:27 Creativity:16 Performance:12 Toughness:9 Bakhm, the Desert Digger:2 Ska Harpyformer:1]
t=4 ph=3 ap=0 snaps=4419 hooks=64 inst=70 rollout "Steam Dwarf Engineer" Creature lvl1 hero0
t=4 ph=3 ap=0 snaps=4428 hooks=64 inst=70 rollout "Steam Dwarf Engineer" Creature lvl1 hero0
t=4 ph=3 ap=0 snaps=4439 hooks=64 inst=70 rollout "Steam Dwarf Engineer" Creature lvl1 hero0
t=4 ph=3 ap=0 snaps=4447 hooks=64 inst=70 leakyRollout "Steam Dwarf Engineer" +4.23MB hooks=[onHeroKO:1] cards=[Layn, Defender of Deri:25 Performance:13 Creativity:12 Toughness:8 Bakhm, the Desert Digger:1 Rain of Arrows:1]
t=4 ph=3 ap=0 snaps=4447 hooks=64 inst=70 rollout "Steam Dwarf Engineer" Creature lvl1 hero0
t=4 ph=3 ap=0 snaps=4455 hooks=64 inst=70 rollout "Steam Dwarf Engineer" Creature lvl1 hero0
t=4 ph=3 ap=0 snaps=4460 hooks=64 inst=70 leakyRollout "Steam Dwarf Engineer" +0.78MB hooks=[beforeDamage:2 afterDamage:2 onCardLeaveZone:2 onCreatureDeath:2 afterSpellResolved:2 beforeCreatureDamageBatch:1] cards=[Layn, Defender of Deri:29 Creativity:14 Toughness:6 Performance:6 Bakhm, the Desert Digger:4 Mystery Box:1]
t=4 ph=3 ap=0 snaps=4460 hooks=64 inst=70 rollout "Steam Dwarf Engineer" Creature lvl1 hero0
t=4 ph=3 ap=0 snaps=4468 hooks=64 inst=70 leakyRollout "Steam Dwarf Engineer" +4.80MB hooks=[afterSpellResolved:2 onHeroKO:1] cards=[Layn, Defender of Deri:23 Performance:14 Creativity:13 Toughness:8 Bakhm, the Desert Digger:2 Mystery Box:1]
t=4 ph=3 ap=0 snaps=4468 hooks=64 inst=70 summon "Steam Dwarf Engineer" p0/h0
t=4 ph=5 ap=0 snaps=4487 hooks=73 inst=71 switchTurn ending p0
t=5 ph=2 ap=1 snaps=4487 hooks=11 inst=73 cpuTurnStart cpu=p1 hand=9
t=5 ph=3 ap=1 snaps=4535 hooks=33 inst=78 rollout "Rain of Arrows" Spell lvl1 hero1
t=5 ph=3 ap=1 snaps=4542 hooks=33 inst=78 leakyRollout "Rain of Arrows" +14.35MB hooks=[onCardEnterZone:3 beforeDamage:2 afterDamage:2 onCardLeaveZone:2 onPlay:2 beforeCreatureDamageBatch:1] cards=[Layn, Defender of Deri:14 Bakhm, the Desert Digger:3 Creativity:2 Toughness:1 Performance:1 Rain of Arrows:1]
t=5 ph=3 ap=1 snaps=4542 hooks=33 inst=78 rollout "Rain of Arrows" Spell lvl1 hero2
t=5 ph=3 ap=1 snaps=4555 hooks=33 inst=78 leakyRollout "Rain of Arrows" +10.74MB hooks=[onCardEnterZone:5 onCardLeaveZone:4 beforeDamage:3 afterDamage:3 onCreatureDeath:3 beforeCreatureDamageBatch:2] cards=[Layn, Defender of Deri:17 Bakhm, the Desert Digger:3 Toughness:2 Creativity:2 Performance:2 Rain of Arrows:1]
t=5 ph=3 ap=1 snaps=4555 hooks=33 inst=78 rollout "Cosmic Skeleton" Creature lvl1 hero0
t=5 ph=3 ap=1 snaps=4564 hooks=33 inst=78 leakyRollout "Cosmic Skeleton" +2.28MB hooks=[beforeDraw:2 onSurpriseActivated:2 onPlay:2 onSurpriseCreaturePlaced:2 onDraw:1 onCardEnterZone:1] cards=[Layn, Defender of Deri:27 Creativity:8 Toughness:6 Performance:6 Bakhm, the Desert Digger:5 Steam Dwarf Miner:2]
t=5 ph=3 ap=1 snaps=4564 hooks=33 inst=78 rollout "Cosmic Skeleton" Creature lvl1 hero0
t=5 ph=3 ap=1 snaps=4569 hooks=33 inst=78 leakyRollout "Cosmic Skeleton" +7.15MB hooks=[beforeDraw:2 onSurpriseActivated:1 onPlay:1 onSurpriseCreaturePlaced:1] cards=[Layn, Defender of Deri:22 Creativity:9 Toughness:7 Performance:7 Bakhm, the Desert Digger:4 Rain of Arrows:1]
t=5 ph=3 ap=1 snaps=4569 hooks=33 inst=78 rollout "Cosmic Skeleton" Creature lvl1 hero0
t=5 ph=3 ap=1 snaps=4575 hooks=33 inst=78 leakyRollout "Cosmic Skeleton" +6.86MB hooks=[onCardEnterZone:7 onCardLeaveZone:6 onPlay:5 beforeDamage:4 afterDamage:4 onCreatureDeath:4] cards=[Layn, Defender of Deri:24 Creativity:8 Toughness:7 Performance:7 Bakhm, the Desert Digger:4 Rain of Arrows:1]
t=5 ph=3 ap=1 snaps=4575 hooks=33 inst=78 rollout "Rain of Arrows" Spell lvl1 hero1
t=5 ph=3 ap=1 snaps=4580 hooks=33 inst=78 rollout "Rain of Arrows" Spell lvl1 hero1
t=5 ph=3 ap=1 snaps=4589 hooks=33 inst=78 leakyRollout "Rain of Arrows" +6.20MB hooks=[onCardEnterZone:1] cards=[Layn, Defender of Deri:20 Creativity:7 Performance:6 Bakhm, the Desert Digger:3 Toughness:2 Rain of Arrows:2]
t=5 ph=3 ap=1 snaps=4589 hooks=33 inst=78 rollout "Rain of Arrows" Spell lvl1 hero2
t=5 ph=3 ap=1 snaps=4590 hooks=33 inst=78 leakyRollout "Rain of Arrows" +13.99MB hooks=[onCardEnterZone:3 onPlay:2 onCardLeaveZone:1 onSurpriseActivated:1 onSurpriseCreaturePlaced:1 afterSpellResolved:1] cards=[Layn, Defender of Deri:17 Creativity:8 Performance:5 Bakhm, the Desert Digger:3 Toughness:1 Rain of Arrows:1]
t=5 ph=3 ap=1 snaps=4590 hooks=33 inst=78 rollout "Rain of Arrows" Spell lvl1 hero2
t=5 ph=3 ap=1 snaps=4593 hooks=33 inst=78 leakyRollout "Rain of Arrows" +4.38MB hooks=[afterSpellResolved:2 onCardEnterZone:1 onPlay:1 onSurpriseActivated:1 beforeDamage:1 afterDamage:1] cards=[Layn, Defender of Deri:14 Creativity:7 Performance:5 Bakhm, the Desert Digger:3 Toughness:1 Rain of Arrows:1]
t=5 ph=3 ap=1 snaps=4593 hooks=33 inst=78 rollout "Cosmic Skeleton" Creature lvl1 hero0
t=5 ph=3 ap=1 snaps=4600 hooks=33 inst=78 rollout "Cosmic Skeleton" Creature lvl1 hero0
t=5 ph=3 ap=1 snaps=4612 hooks=33 inst=78 leakyRollout "Cosmic Skeleton" +6.52MB hooks=[] cards=[Layn, Defender of Deri:25 Creativity:18 Performance:9 Toughness:3 Bakhm, the Desert Digger:3 Mystery Box:2]
t=5 ph=3 ap=1 snaps=4612 hooks=33 inst=78 rollout "Cosmic Skeleton" Creature lvl1 hero0
t=5 ph=3 ap=1 snaps=4618 hooks=33 inst=78 rollout "Cosmic Skeleton" Creature lvl1 hero0
t=5 ph=3 ap=1 snaps=4623 hooks=33 inst=78 leakyRollout "Cosmic Skeleton" +10.30MB hooks=[onResourceGain:1 beforeDamage:1 afterDamage:1] cards=[Layn, Defender of Deri:25 Creativity:18 Performance:8 Bakhm, the Desert Digger:3 Toughness:2 Mystery Box:2]
t=5 ph=3 ap=1 snaps=4623 hooks=33 inst=78 rollout "Cosmic Skeleton" Creature lvl1 hero0
t=5 ph=3 ap=1 snaps=4636 hooks=33 inst=78 rollout "Cosmic Skeleton" Creature lvl1 hero0
t=5 ph=3 ap=1 snaps=4640 hooks=33 inst=78 leakyRollout "Cosmic Skeleton" +2.37MB hooks=[onCardEnterZone:2 onPlay:2 onActionUsed:1 onAdditionalActionUsed:1] cards=[Layn, Defender of Deri:27 Creativity:17 Performance:9 Bakhm, the Desert Digger:4 Toughness:3 Ska Harpyformer:1]
t=5 ph=3 ap=1 snaps=4640 hooks=33 inst=78 rollout "Rain of Arrows" Spell lvl1 hero1
t=5 ph=3 ap=1 snaps=4645 hooks=33 inst=78 leakyRollout "Rain of Arrows" +5.78MB hooks=[onCardEnterZone:5 onCardLeaveZone:3 beforeDamage:2 afterDamage:2 beforeCreatureDamageBatch:2 afterCreatureDamageBatch:2] cards=[Layn, Defender of Deri:17 Toughness:2 Creativity:2 Bakhm, the Desert Digger:2 Performance:2 Rain of Arrows:2]
t=5 ph=3 ap=1 snaps=4645 hooks=33 inst=78 rollout "Rain of Arrows" Spell lvl1 hero1
t=5 ph=3 ap=1 snaps=4648 hooks=33 inst=78 leakyRollout "Rain of Arrows" +22.21MB hooks=[afterSpellResolved:2 onPlay:1 onSurpriseActivated:1 beforeDamage:1 afterDamage:1 beforeCreatureDamageBatch:1] cards=[Layn, Defender of Deri:14 Creativity:7 Performance:5 Bakhm, the Desert Digger:3 Toughness:1 Rain of Arrows:1]
t=5 ph=3 ap=1 snaps=4648 hooks=33 inst=78 rollout "Rain of Arrows" Spell lvl1 hero1
t=5 ph=3 ap=1 snaps=4651 hooks=33 inst=78 rollout "Rain of Arrows" Spell lvl1 hero2
t=5 ph=3 ap=1 snaps=4654 hooks=33 inst=78 leakyRollout "Rain of Arrows" +5.04MB hooks=[onCardEnterZone:3 beforeDamage:2 afterDamage:2 onCardLeaveZone:2 onPlay:2 beforeCreatureDamageBatch:1] cards=[Layn, Defender of Deri:15 Bakhm, the Desert Digger:3 Creativity:2 Toughness:1 Performance:1 Rain of Arrows:1]
t=5 ph=3 ap=1 snaps=4654 hooks=33 inst=78 rollout "Rain of Arrows" Spell lvl1 hero2
t=5 ph=3 ap=1 snaps=4677 hooks=33 inst=78 rollout "Rain of Arrows" Spell lvl1 hero2
t=5 ph=3 ap=1 snaps=4681 hooks=33 inst=78 leakyRollout "Rain of Arrows" +14.39MB hooks=[] cards=[Layn, Defender of Deri:21 Creativity:8 Performance:7 Bakhm, the Desert Digger:5 Toughness:3 Rain of Arrows:2]
t=5 ph=3 ap=1 snaps=4681 hooks=33 inst=78 rollout "Cosmic Skeleton" Creature lvl1 hero0
t=5 ph=3 ap=1 snaps=4691 hooks=33 inst=78 rollout "Cosmic Skeleton" Creature lvl1 hero0
t=5 ph=3 ap=1 snaps=4697 hooks=33 inst=78 rollout "Cosmic Skeleton" Creature lvl1 hero0
t=5 ph=3 ap=1 snaps=4706 hooks=33 inst=78 rollout "Cosmic Skeleton" Creature lvl1 hero0
t=5 ph=3 ap=1 snaps=4711 hooks=33 inst=78 leakyRollout "Cosmic Skeleton" +4.36MB hooks=[onPlay:1] cards=[Layn, Defender of Deri:22 Creativity:8 Performance:8 Toughness:7 Bakhm, the Desert Digger:3 Rain of Arrows:1]
t=5 ph=3 ap=1 snaps=4711 hooks=33 inst=78 rollout "Cosmic Skeleton" Creature lvl1 hero0
t=5 ph=3 ap=1 snaps=4714 hooks=33 inst=78 leakyRollout "Cosmic Skeleton" +4.44MB hooks=[beforeDamage:1 afterDamage:1] cards=[Layn, Defender of Deri:23 Creativity:17 Performance:11 Toughness:2 Bakhm, the Desert Digger:2 Mystery Box:1]
t=5 ph=3 ap=1 snaps=4714 hooks=33 inst=78 rollout "Cosmic Skeleton" Creature lvl1 hero0
t=5 ph=3 ap=1 snaps=4727 hooks=33 inst=78 rollout "Cosmic Skeleton" Creature lvl1 hero0
t=5 ph=3 ap=1 snaps=4734 hooks=33 inst=78 leakyRollout "Cosmic Skeleton" +13.72MB hooks=[beforeDamage:2 afterDamage:2 beforeCreatureDamageBatch:1 afterCreatureDamageBatch:1] cards=[Layn, Defender of Deri:28 Creativity:9 Performance:9 Toughness:8 Bakhm, the Desert Digger:6 Divine Gift of Fire:1]
t=5 ph=3 ap=1 snaps=4734 hooks=33 inst=78 rollout "Cosmic Skeleton" Creature lvl1 hero0
t=5 ph=3 ap=1 snaps=4742 hooks=33 inst=78 leakyRollout "Cosmic Skeleton" +0.63MB hooks=[] cards=[Layn, Defender of Deri:28 Creativity:20 Performance:8 Bakhm, the Desert Digger:4 Toughness:2 Ska Harpyformer:1]
t=5 ph=3 ap=1 snaps=4742 hooks=33 inst=78 rollout "Cosmic Skeleton" Creature lvl1 hero0
t=5 ph=3 ap=1 snaps=4755 hooks=33 inst=78 rollout "Rain of Arrows" Spell lvl1 hero1
t=5 ph=3 ap=1 snaps=4759 hooks=33 inst=78 leakyRollout "Rain of Arrows" +17.73MB hooks=[onCardEnterZone:4 beforeDamage:3 afterDamage:3 onCardLeaveZone:3 beforeCreatureDamageBatch:2 onCreatureDeath:2] cards=[Layn, Defender of Deri:16 Bakhm, the Desert Digger:3 Toughness:2 Creativity:2 Performance:2 Rain of Arrows:1]
t=5 ph=3 ap=1 snaps=4759 hooks=33 inst=78 rollout "Rain of Arrows" Spell lvl1 hero1
t=5 ph=3 ap=1 snaps=4767 hooks=33 inst=78 rollout "Rain of Arrows" Spell lvl1 hero1
t=5 ph=3 ap=1 snaps=4777 hooks=33 inst=78 rollout "Rain of Arrows" Spell lvl1 hero2
t=5 ph=3 ap=1 snaps=4780 hooks=33 inst=78 leakyRollout "Rain of Arrows" +10.88MB hooks=[onCardEnterZone:3 beforeDamage:2 afterDamage:2 onCardLeaveZone:2 onPlay:2 beforeCreatureDamageBatch:1] cards=[Layn, Defender of Deri:15 Bakhm, the Desert Digger:3 Creativity:2 Toughness:1 Ska Harpyformer:1 Performance:1]
t=5 ph=3 ap=1 snaps=4780 hooks=33 inst=78 rollout "Rain of Arrows" Spell lvl1 hero2
t=5 ph=3 ap=1 snaps=4786 hooks=33 inst=78 rollout "Rain of Arrows" Spell lvl1 hero2
t=5 ph=3 ap=1 snaps=4797 hooks=33 inst=78 leakyRollout "Rain of Arrows" +7.78MB hooks=[] cards=[Layn, Defender of Deri:20 Creativity:7 Performance:6 Bakhm, the Desert Digger:4 Toughness:2 Rain of Arrows:2]
t=5 ph=3 ap=1 snaps=4797 hooks=33 inst=78 rollout "Cosmic Skeleton" Creature lvl1 hero0
t=5 ph=3 ap=1 snaps=4810 hooks=33 inst=78 rollout "Cosmic Skeleton" Creature lvl1 hero0
t=5 ph=3 ap=1 snaps=4817 hooks=33 inst=78 leakyRollout "Cosmic Skeleton" +6.34MB hooks=[beforeDamage:1 afterDamage:1] cards=[Layn, Defender of Deri:23 Creativity:17 Performance:8 Toughness:2 Bakhm, the Desert Digger:2 Mystery Box:1]
t=5 ph=3 ap=1 snaps=4817 hooks=33 inst=78 rollout "Cosmic Skeleton" Creature lvl1 hero0
t=5 ph=3 ap=1 snaps=4827 hooks=33 inst=78 leakyRollout "Cosmic Skeleton" +4.68MB hooks=[beforeDamage:1 afterDamage:1] cards=[Layn, Defender of Deri:25 Creativity:17 Performance:10 Toughness:3 Bakhm, the Desert Digger:3 Ska Harpyformer:1]
t=5 ph=3 ap=1 snaps=4827 hooks=33 inst=78 rollout "Cosmic Skeleton" Creature lvl1 hero0
t=5 ph=3 ap=1 snaps=4834 hooks=33 inst=78 rollout "Cosmic Skeleton" Creature lvl1 hero0
t=5 ph=3 ap=1 snaps=4837 hooks=33 inst=78 leakyRollout "Cosmic Skeleton" +3.25MB hooks=[onCardEnterZone:6 onCardLeaveZone:4 onPlay:4 beforeDamage:4 afterDamage:4 afterSpellResolved:4] cards=[Layn, Defender of Deri:24 Creativity:16 Performance:8 Bakhm, the Desert Digger:5 Telekinesis:2 Toughness:1]
t=5 ph=3 ap=1 snaps=4837 hooks=33 inst=78 rollout "Cosmic Skeleton" Creature lvl1 hero0
t=5 ph=3 ap=1 snaps=4845 hooks=33 inst=78 rollout "Cosmic Skeleton" Creature lvl1 hero0
t=5 ph=3 ap=1 snaps=4852 hooks=33 inst=78 leakyRollout "Cosmic Skeleton" +9.50MB hooks=[beforeDraw:2 onSurpriseActivated:1 onPlay:1 onSurpriseCreaturePlaced:1] cards=[Layn, Defender of Deri:23 Creativity:8 Toughness:6 Performance:6 Bakhm, the Desert Digger:4 Rain of Arrows:1]
t=5 ph=3 ap=1 snaps=4852 hooks=33 inst=78 rollout "Cosmic Skeleton" Creature lvl1 hero0
t=5 ph=3 ap=1 snaps=4859 hooks=33 inst=78 rollout "Cosmic Skeleton" Creature lvl1 hero0
t=5 ph=3 ap=1 snaps=4869 hooks=33 inst=78 leakyRollout "Cosmic Skeleton" +13.02MB hooks=[onResourceGain:1] cards=[Layn, Defender of Deri:26 Creativity:17 Performance:10 Bakhm, the Desert Digger:4 Toughness:2 Ska Harpyformer:1]
t=5 ph=3 ap=1 snaps=4869 hooks=33 inst=78 rollout "Rain of Arrows" Spell lvl1 hero1
t=5 ph=3 ap=1 snaps=4876 hooks=33 inst=78 leakyRollout "Rain of Arrows" +4.27MB hooks=[beforeDamage:2 afterDamage:2 onCardLeaveZone:2 onCardEnterZone:2 onPlay:2 beforeCreatureDamageBatch:1] cards=[Layn, Defender of Deri:13 Bakhm, the Desert Digger:3 Creativity:2 Toughness:1 Performance:1 Rain of Arrows:1]
t=5 ph=3 ap=1 snaps=4876 hooks=33 inst=78 rollout "Rain of Arrows" Spell lvl1 hero1
t=5 ph=3 ap=1 snaps=4888 hooks=33 inst=78 rollout "Rain of Arrows" Spell lvl1 hero1
t=5 ph=3 ap=1 snaps=4897 hooks=33 inst=78 rollout "Rain of Arrows" Spell lvl1 hero2
t=5 ph=3 ap=1 snaps=4901 hooks=33 inst=78 leakyRollout "Rain of Arrows" +11.33MB hooks=[onCardEnterZone:4 beforeDamage:2 afterDamage:2 onCardLeaveZone:2 beforeCreatureDamageBatch:1 onCreatureDeath:1] cards=[Layn, Defender of Deri:16 Bakhm, the Desert Digger:3 Creativity:2 Toughness:1 Performance:1 Rain of Arrows:1]
t=5 ph=3 ap=1 snaps=4901 hooks=33 inst=78 rollout "Rain of Arrows" Spell lvl1 hero2
t=5 ph=3 ap=1 snaps=4912 hooks=33 inst=78 rollout "Rain of Arrows" Spell lvl1 hero2
t=5 ph=3 ap=1 snaps=4916 hooks=33 inst=78 leakyRollout "Rain of Arrows" +21.66MB hooks=[onCardEnterZone:1 onPlay:1] cards=[Layn, Defender of Deri:22 Creativity:7 Performance:7 Bakhm, the Desert Digger:4 Toughness:2 Rain of Arrows:1]
t=5 ph=3 ap=1 snaps=4916 hooks=33 inst=78 rollout "Cosmic Skeleton" Creature lvl1 hero0
t=5 ph=3 ap=1 snaps=4923 hooks=33 inst=78 rollout "Cosmic Skeleton" Creature lvl1 hero0
t=5 ph=3 ap=1 snaps=4933 hooks=33 inst=78 rollout "Cosmic Skeleton" Creature lvl1 hero0
t=5 ph=3 ap=1 snaps=4943 hooks=33 inst=78 rollout "Cosmic Skeleton" Creature lvl1 hero0
t=5 ph=3 ap=1 snaps=4952 hooks=33 inst=78 leakyRollout "Cosmic Skeleton" +17.76MB hooks=[onSurpriseActivated:1 onPlay:1 onSurpriseCreaturePlaced:1] cards=[Layn, Defender of Deri:29 Toughness:9 Performance:9 Creativity:8 Bakhm, the Desert Digger:5 Divine Gift of Fire:1]
t=5 ph=3 ap=1 snaps=4952 hooks=33 inst=78 rollout "Cosmic Skeleton" Creature lvl1 hero0
t=5 ph=3 ap=1 snaps=4960 hooks=33 inst=78 rollout "Cosmic Skeleton" Creature lvl1 hero0
t=5 ph=3 ap=1 snaps=4971 hooks=33 inst=78 leakyRollout "Cosmic Skeleton" +4.87MB hooks=[] cards=[Layn, Defender of Deri:28 Creativity:22 Performance:7 Bakhm, the Desert Digger:3 Toughness:2 Steam Dwarf Miner:2]
t=5 ph=3 ap=1 snaps=4971 hooks=33 inst=78 rollout "Cosmic Skeleton" Creature lvl1 hero0
t=5 ph=3 ap=1 snaps=4978 hooks=33 inst=78 leakyRollout "Cosmic Skeleton" +1.98MB hooks=[beforeDamage:3 afterDamage:3 afterSpellResolved:2 beforeCreatureDamageBatch:1 onCardLeaveZone:1 onCreatureDeath:1] cards=[Layn, Defender of Deri:27 Creativity:8 Toughness:6 Performance:6 Bakhm, the Desert Digger:4 Rain of Arrows:1]
t=5 ph=3 ap=1 snaps=4978 hooks=33 inst=78 rollout "Cosmic Skeleton" Creature lvl1 hero0
t=5 ph=3 ap=1 snaps=4988 hooks=33 inst=78 rollout "Cosmic Skeleton" Creature lvl1 hero0
t=5 ph=3 ap=1 snaps=4997 hooks=33 inst=78 rollout "Rain of Arrows" Spell lvl1 hero1
t=5 ph=3 ap=1 snaps=5007 hooks=33 inst=78 leakyRollout "Rain of Arrows" +2.27MB hooks=[onCardEnterZone:4 onCardLeaveZone:3 beforeDamage:2 afterDamage:2 beforeCreatureDamageBatch:2 onCreatureDeath:2] cards=[Layn, Defender of Deri:16 Toughness:2 Creativity:2 Bakhm, the Desert Digger:2 Performance:2 Rain of Arrows:2]
t=5 ph=3 ap=1 snaps=5007 hooks=33 inst=78 rollout "Rain of Arrows" Spell lvl1 hero1
t=5 ph=3 ap=1 snaps=5019 hooks=33 inst=78 rollout "Rain of Arrows" Spell lvl1 hero1
t=5 ph=3 ap=1 snaps=5031 hooks=33 inst=78 leakyRollout "Rain of Arrows" +11.72MB hooks=[onCardLeaveZone:3 onPlay:2 beforeCreatureDamageBatch:2 onCreatureDeath:2 afterCreatureDamageBatch:2 onPhaseStart:1] cards=[Layn, Defender of Deri:27 Performance:9 Creativity:8 Toughness:3 Bakhm, the Desert Digger:3 Rain of Arrows:2]
t=5 ph=3 ap=1 snaps=5031 hooks=33 inst=78 rollout "Rain of Arrows" Spell lvl1 hero2
t=5 ph=3 ap=1 snaps=5038 hooks=33 inst=78 rollout "Rain of Arrows" Spell lvl1 hero2
t=5 ph=3 ap=1 snaps=5040 hooks=33 inst=78 leakyRollout "Rain of Arrows" +15.16MB hooks=[onCardEnterZone:5 onCardLeaveZone:3 onPlay:3 beforeCreatureDamageBatch:2 afterCreatureDamageBatch:2 onAnyActionResolved:2] cards=[Layn, Defender of Deri:22 Creativity:8 Performance:8 Bakhm, the Desert Digger:4 Toughness:1 Rain of Arrows:1]
t=5 ph=3 ap=1 snaps=5040 hooks=33 inst=78 rollout "Rain of Arrows" Spell lvl1 hero2
t=5 ph=3 ap=1 snaps=5044 hooks=33 inst=78 rollout "Cosmic Skeleton" Creature lvl1 hero0
t=5 ph=3 ap=1 snaps=5052 hooks=33 inst=78 rollout "Cosmic Skeleton" Creature lvl1 hero0
t=5 ph=3 ap=1 snaps=5059 hooks=33 inst=78 rollout "Cosmic Skeleton" Creature lvl1 hero0
t=5 ph=3 ap=1 snaps=5068 hooks=33 inst=78 rollout "Cosmic Skeleton" Creature lvl1 hero0
t=5 ph=3 ap=1 snaps=5073 hooks=33 inst=78 leakyRollout "Cosmic Skeleton" +8.13MB hooks=[beforeDraw:3 onDraw:2 onSurpriseActivated:2 onPlay:2 onSurpriseCreaturePlaced:2 onCardEnterZone:1] cards=[Layn, Defender of Deri:22 Creativity:8 Toughness:6 Performance:6 Bakhm, the Desert Digger:4 Rain of Arrows:1]
t=5 ph=3 ap=1 snaps=5073 hooks=33 inst=78 rollout "Cosmic Skeleton" Creature lvl1 hero0
t=5 ph=3 ap=1 snaps=5088 hooks=33 inst=78 rollout "Cosmic Skeleton" Creature lvl1 hero0
t=5 ph=3 ap=1 snaps=5099 hooks=33 inst=78 rollout "Cosmic Skeleton" Creature lvl1 hero0
t=5 ph=3 ap=1 snaps=5107 hooks=33 inst=78 rollout "Cosmic Skeleton" Creature lvl1 hero0
t=5 ph=3 ap=1 snaps=5111 hooks=33 inst=78 leakyRollout "Cosmic Skeleton" +2.44MB hooks=[beforeDamage:1 afterDamage:1] cards=[Layn, Defender of Deri:21 Creativity:17 Performance:8 Bakhm, the Desert Digger:3 Toughness:2 Mystery Box:1]
t=5 ph=3 ap=1 snaps=5111 hooks=33 inst=78 rollout "Cosmic Skeleton" Creature lvl1 hero0
t=5 ph=3 ap=1 snaps=5121 hooks=33 inst=78 rollout "Rain of Arrows" Spell lvl1 hero1
t=5 ph=3 ap=1 snaps=5125 hooks=33 inst=78 leakyRollout "Rain of Arrows" +16.70MB hooks=[beforeDamage:3 afterDamage:3 beforeCreatureDamageBatch:2 onCardLeaveZone:2 afterCreatureDamageBatch:2 onCardEnterZone:2] cards=[Layn, Defender of Deri:13 Bakhm, the Desert Digger:3 Creativity:2 Toughness:1 Performance:1 Rain of Arrows:1]
t=5 ph=3 ap=1 snaps=5125 hooks=33 inst=78 rollout "Rain of Arrows" Spell lvl1 hero1
t=5 ph=3 ap=1 snaps=5131 hooks=33 inst=78 rollout "Rain of Arrows" Spell lvl1 hero1
t=5 ph=3 ap=1 snaps=5137 hooks=33 inst=78 rollout "Rain of Arrows" Spell lvl1 hero2
t=5 ph=3 ap=1 snaps=5144 hooks=33 inst=78 rollout "Rain of Arrows" Spell lvl1 hero2
t=5 ph=3 ap=1 snaps=5155 hooks=33 inst=78 rollout "Rain of Arrows" Spell lvl1 hero2
t=5 ph=3 ap=1 snaps=5161 hooks=33 inst=78 leakyRollout "Rain of Arrows" +15.65MB hooks=[onCardEnterZone:1] cards=[Layn, Defender of Deri:26 Creativity:8 Performance:5 Bakhm, the Desert Digger:4 Toughness:2 Rain of Arrows:2]
t=5 ph=3 ap=1 snaps=5161 hooks=33 inst=78 rollout "Cosmic Skeleton" Creature lvl1 hero0
t=5 ph=3 ap=1 snaps=5168 hooks=33 inst=78 leakyRollout "Cosmic Skeleton" +10.28MB hooks=[onPlay:2 beforeDraw:1 onCardEnterZone:1 onSurpriseActivated:1 onSurpriseCreaturePlaced:1] cards=[Layn, Defender of Deri:25 Creativity:9 Toughness:6 Performance:6 Bakhm, the Desert Digger:4 Rain of Arrows:1]
t=5 ph=3 ap=1 snaps=5168 hooks=33 inst=78 rollout "Cosmic Skeleton" Creature lvl1 hero0
t=5 ph=3 ap=1 snaps=5180 hooks=33 inst=78 rollout "Cosmic Skeleton" Creature lvl1 hero0
t=5 ph=3 ap=1 snaps=5190 hooks=33 inst=78 leakyRollout "Cosmic Skeleton" +13.07MB hooks=[beforeDamage:1 afterDamage:1] cards=[Layn, Defender of Deri:23 Creativity:17 Performance:9 Bakhm, the Desert Digger:3 Toughness:2 Mystery Box:2]
t=5 ph=3 ap=1 snaps=5190 hooks=33 inst=78 rollout "Cosmic Skeleton" Creature lvl1 hero0
t=5 ph=3 ap=1 snaps=5201 hooks=33 inst=78 rollout "Cosmic Skeleton" Creature lvl1 hero0
t=5 ph=3 ap=1 snaps=5213 hooks=33 inst=78 leakyRollout "Cosmic Skeleton" +4.43MB hooks=[onCardEnterZone:2 onPlay:2 onSurpriseActivated:1 onSurpriseCreaturePlaced:1 afterSpellResolved:1] cards=[Layn, Defender of Deri:32 Creativity:20 Performance:10 Bakhm, the Desert Digger:5 Toughness:2 Telekinesis:2]
t=5 ph=3 ap=1 snaps=5213 hooks=33 inst=78 rollout "Cosmic Skeleton" Creature lvl1 hero0
t=5 ph=3 ap=1 snaps=5231 hooks=33 inst=78 leakyRollout "Cosmic Skeleton" +4.66MB hooks=[afterSpellResolved:2 onPlay:1 onSurpriseActivated:1 beforeCreatureDamageBatch:1 afterCreatureDamageBatch:1] cards=[Layn, Defender of Deri:35 Creativity:21 Performance:10 Toughness:4 Bakhm, the Desert Digger:4 Mystery Box:2]
t=5 ph=3 ap=1 snaps=5231 hooks=33 inst=78 rollout "Cosmic Skeleton" Creature lvl1 hero0
t=5 ph=3 ap=1 snaps=5234 hooks=33 inst=78 leakyRollout "Cosmic Skeleton" +8.82MB hooks=[beforeDraw:3 onDraw:2 onSurpriseActivated:2 onPlay:2 onSurpriseCreaturePlaced:2 onCardEnterZone:1] cards=[Layn, Defender of Deri:23 Creativity:8 Toughness:6 Performance:6 Bakhm, the Desert Digger:4 Rain of Arrows:1]
t=5 ph=3 ap=1 snaps=5234 hooks=33 inst=78 rollout "Cosmic Skeleton" Creature lvl1 hero0
t=5 ph=3 ap=1 snaps=5242 hooks=33 inst=78 rollout "Cosmic Skeleton" Creature lvl1 hero0
t=5 ph=3 ap=1 snaps=5247 hooks=33 inst=78 rollout "Rain of Arrows" Spell lvl1 hero1
t=5 ph=3 ap=1 snaps=5259 hooks=33 inst=78 leakyRollout "Rain of Arrows" +2.50MB hooks=[onCardEnterZone:4 onCardLeaveZone:3 beforeDamage:2 afterDamage:2 beforeCreatureDamageBatch:2 afterCreatureDamageBatch:2] cards=[Layn, Defender of Deri:16 Toughness:2 Creativity:2 Bakhm, the Desert Digger:2 Performance:2 Rain of Arrows:2]
t=5 ph=3 ap=1 snaps=5259 hooks=33 inst=78 rollout "Rain of Arrows" Spell lvl1 hero1
t=5 ph=3 ap=1 snaps=5264 hooks=33 inst=78 rollout "Rain of Arrows" Spell lvl1 hero1
t=5 ph=3 ap=1 snaps=5274 hooks=33 inst=78 leakyRollout "Rain of Arrows" +6.43MB hooks=[] cards=[Layn, Defender of Deri:23 Creativity:8 Performance:6 Bakhm, the Desert Digger:4 Toughness:2 Rain of Arrows:2]
t=5 ph=3 ap=1 snaps=5274 hooks=33 inst=78 rollout "Rain of Arrows" Spell lvl1 hero2
t=5 ph=3 ap=1 snaps=5277 hooks=33 inst=78 leakyRollout "Rain of Arrows" +9.83MB hooks=[beforeDamage:2 afterDamage:2 onCardLeaveZone:2 onCardEnterZone:2 onPlay:2 beforeCreatureDamageBatch:1] cards=[Layn, Defender of Deri:14 Bakhm, the Desert Digger:3 Creativity:2 Toughness:1 Ska Harpyformer:1 Performance:1]
t=5 ph=3 ap=1 snaps=5277 hooks=33 inst=78 rollout "Rain of Arrows" Spell lvl1 hero2
t=5 ph=3 ap=1 snaps=5284 hooks=33 inst=78 rollout "Rain of Arrows" Spell lvl1 hero2
t=5 ph=3 ap=1 snaps=5288 hooks=33 inst=78 rollout "Cosmic Skeleton" Creature lvl1 hero0
t=5 ph=3 ap=1 snaps=5297 hooks=33 inst=78 leakyRollout "Cosmic Skeleton" +0.79MB hooks=[onSurpriseActivated:2 onPlay:2 onSurpriseCreaturePlaced:2 onPhaseStart:1 onPhaseEnd:1 beforeDamage:1] cards=[Layn, Defender of Deri:25 Creativity:8 Toughness:6 Performance:6 Bakhm, the Desert Digger:4 Rain of Arrows:1]
t=5 ph=3 ap=1 snaps=5297 hooks=33 inst=78 rollout "Cosmic Skeleton" Creature lvl1 hero0
t=5 ph=3 ap=1 snaps=5309 hooks=33 inst=78 leakyRollout "Cosmic Skeleton" +2.40MB hooks=[onCardEnterZone:1] cards=[Layn, Defender of Deri:27 Creativity:18 Performance:9 Bakhm, the Desert Digger:4 Toughness:3 Ska Harpyformer:1]
t=5 ph=3 ap=1 snaps=5309 hooks=33 inst=78 rollout "Cosmic Skeleton" Creature lvl1 hero0
t=5 ph=3 ap=1 snaps=5317 hooks=33 inst=78 leakyRollout "Cosmic Skeleton" +8.16MB hooks=[] cards=[Layn, Defender of Deri:28 Creativity:16 Performance:8 Bakhm, the Desert Digger:4 Toughness:2 Mystery Box:1]
t=5 ph=3 ap=1 snaps=5317 hooks=33 inst=78 rollout "Cosmic Skeleton" Creature lvl1 hero0
t=5 ph=3 ap=1 snaps=5332 hooks=33 inst=78 rollout "Cosmic Skeleton" Creature lvl1 hero0
t=5 ph=3 ap=1 snaps=5337 hooks=33 inst=78 rollout "Cosmic Skeleton" Creature lvl1 hero0
t=5 ph=3 ap=1 snaps=5344 hooks=33 inst=78 leakyRollout "Cosmic Skeleton" +5.96MB hooks=[onResourceGain:1 beforeDamage:1 afterDamage:1] cards=[Layn, Defender of Deri:24 Creativity:16 Performance:8 Bakhm, the Desert Digger:3 Toughness:2 Mystery Box:2]
t=5 ph=3 ap=1 snaps=5344 hooks=33 inst=78 rollout "Cosmic Skeleton" Creature lvl1 hero0
t=5 ph=3 ap=1 snaps=5349 hooks=33 inst=78 rollout "Cosmic Skeleton" Creature lvl1 hero0
t=5 ph=3 ap=1 snaps=5357 hooks=33 inst=78 leakyRollout "Cosmic Skeleton" +10.28MB hooks=[beforeDraw:2 onPlay:2 onSurpriseActivated:2 onSurpriseCreaturePlaced:2 onCardEnterZone:1] cards=[Layn, Defender of Deri:23 Creativity:16 Performance:8 Bakhm, the Desert Digger:5 Toughness:2 Mystery Box:1]
t=5 ph=3 ap=1 snaps=5357 hooks=33 inst=78 rollout "Cosmic Skeleton" Creature lvl1 hero0
t=5 ph=3 ap=1 snaps=5364 hooks=33 inst=78 rollout "Rain of Arrows" Spell lvl1 hero1
t=5 ph=3 ap=1 snaps=5369 hooks=33 inst=78 leakyRollout "Rain of Arrows" +13.65MB hooks=[onCardEnterZone:4 beforeDamage:3 afterDamage:3 onCardLeaveZone:3 beforeCreatureDamageBatch:2 onCreatureDeath:2] cards=[Layn, Defender of Deri:17 Bakhm, the Desert Digger:3 Creativity:2 Toughness:1 Performance:1 Rain of Arrows:1]
t=5 ph=3 ap=1 snaps=5369 hooks=33 inst=78 rollout "Rain of Arrows" Spell lvl1 hero1
t=5 ph=3 ap=1 snaps=5372 hooks=33 inst=78 leakyRollout "Rain of Arrows" +10.80MB hooks=[onPlay:2 onCardEnterZone:1 onSurpriseActivated:1 beforeCreatureDamageBatch:1 afterCreatureDamageBatch:1 onSurpriseCreaturePlaced:1] cards=[Layn, Defender of Deri:20 Creativity:8 Performance:8 Bakhm, the Desert Digger:5 Toughness:1 Rain of Arrows:1]
t=5 ph=3 ap=1 snaps=5372 hooks=33 inst=78 rollout "Rain of Arrows" Spell lvl1 hero1
t=5 ph=3 ap=1 snaps=5377 hooks=33 inst=78 rollout "Rain of Arrows" Spell lvl1 hero2
t=5 ph=3 ap=1 snaps=5389 hooks=33 inst=78 leakyRollout "Rain of Arrows" +5.58MB hooks=[onCardEnterZone:6 onCardLeaveZone:3 onPlay:3 beforeDamage:2 afterDamage:2 beforeCreatureDamageBatch:2] cards=[Layn, Defender of Deri:18 Toughness:2 Creativity:2 Bakhm, the Desert Digger:2 Performance:2 Rain of Arrows:2]
t=5 ph=3 ap=1 snaps=5389 hooks=33 inst=78 rollout "Rain of Arrows" Spell lvl1 hero2
t=5 ph=3 ap=1 snaps=5398 hooks=33 inst=78 rollout "Rain of Arrows" Spell lvl1 hero2
t=5 ph=3 ap=1 snaps=5401 hooks=33 inst=78 leakyRollout "Rain of Arrows" +13.45MB hooks=[onCardEnterZone:3 onPlay:3 onCardLeaveZone:1 onSurpriseActivated:1 onSurpriseCreaturePlaced:1 afterSpellResolved:1] cards=[Layn, Defender of Deri:17 Creativity:7 Performance:5 Bakhm, the Desert Digger:3 Toughness:1 Rain of Arrows:1]
t=5 ph=3 ap=1 snaps=5401 hooks=33 inst=78 rollout "Cosmic Skeleton" Creature lvl1 hero0
t=5 ph=3 ap=1 snaps=5428 hooks=33 inst=78 rollout "Cosmic Skeleton" Creature lvl1 hero0
t=5 ph=3 ap=1 snaps=5431 hooks=33 inst=78 leakyRollout "Cosmic Skeleton" +2.50MB hooks=[onCardEnterZone:2] cards=[Layn, Defender of Deri:29 Creativity:14 Performance:10 Bakhm, the Desert Digger:5 Toughness:2 Mystery Box:1]
t=5 ph=3 ap=1 snaps=5431 hooks=33 inst=78 rollout "Cosmic Skeleton" Creature lvl1 hero0
t=5 ph=3 ap=1 snaps=5442 hooks=33 inst=78 rollout "Cosmic Skeleton" Creature lvl1 hero0
t=5 ph=3 ap=1 snaps=5452 hooks=33 inst=78 leakyRollout "Cosmic Skeleton" +4.92MB hooks=[beforeDraw:4 onDraw:3 onSurpriseActivated:2 onPlay:2 onSurpriseCreaturePlaced:2 onHeroRevive:1] cards=[Layn, Defender of Deri:32 Toughness:9 Creativity:9 Performance:9 Bakhm, the Desert Digger:7 Rain of Arrows:1]
t=5 ph=3 ap=1 snaps=5452 hooks=33 inst=78 rollout "Cosmic Skeleton" Creature lvl1 hero0
t=5 ph=3 ap=1 snaps=5466 hooks=33 inst=78 rollout "Cosmic Skeleton" Creature lvl1 hero0
t=5 ph=3 ap=1 snaps=5480 hooks=33 inst=78 leakyRollout "Cosmic Skeleton" +7.35MB hooks=[onPlay:3 beforeDamage:1 afterDamage:1 onSurpriseActivated:1 onCardEnterZone:1 onSurpriseCreaturePlaced:1] cards=[Layn, Defender of Deri:27 Creativity:16 Performance:8 Bakhm, the Desert Digger:4 Toughness:2 Telekinesis:2]
t=5 ph=3 ap=1 snaps=5480 hooks=33 inst=78 rollout "Cosmic Skeleton" Creature lvl1 hero0
t=5 ph=3 ap=1 snaps=5485 hooks=33 inst=78 rollout "Cosmic Skeleton" Creature lvl1 hero0
t=5 ph=3 ap=1 snaps=5490 hooks=33 inst=78 rollout "Cosmic Skeleton" Creature lvl1 hero0
t=5 ph=3 ap=1 snaps=5496 hooks=33 inst=78 leakyRollout "Cosmic Skeleton" +7.44MB hooks=[] cards=[Layn, Defender of Deri:25 Creativity:20 Performance:11 Bakhm, the Desert Digger:3 Toughness:2 Mystery Box:1]
t=5 ph=3 ap=1 snaps=5496 hooks=33 inst=78 rollout "Rain of Arrows" Spell lvl1 hero1
t=5 ph=3 ap=1 snaps=5500 hooks=33 inst=78 leakyRollout "Rain of Arrows" +18.49MB hooks=[onCardLeaveZone:3 onCardEnterZone:3 beforeDamage:2 afterDamage:2 onCreatureDeath:2 beforeCreatureDamageBatch:1] cards=[Layn, Defender of Deri:15 Bakhm, the Desert Digger:3 Creativity:2 Toughness:1 Performance:1 Rain of Arrows:1]
t=5 ph=3 ap=1 snaps=5500 hooks=33 inst=78 rollout "Rain of Arrows" Spell lvl1 hero1
t=5 ph=3 ap=1 snaps=5514 hooks=33 inst=78 rollout "Rain of Arrows" Spell lvl1 hero1
t=5 ph=3 ap=1 snaps=5522 hooks=33 inst=78 leakyRollout "Rain of Arrows" +3.38MB hooks=[onCardEnterZone:1] cards=[Layn, Defender of Deri:23 Creativity:8 Performance:6 Bakhm, the Desert Digger:3 Toughness:2 Rain of Arrows:2]
t=5 ph=3 ap=1 snaps=5522 hooks=33 inst=78 rollout "Rain of Arrows" Spell lvl1 hero2
t=5 ph=3 ap=1 snaps=5534 hooks=33 inst=78 leakyRollout "Rain of Arrows" +5.23MB hooks=[beforeDraw:1 onSurpriseActivated:1 onPlay:1 onSurpriseCreaturePlaced:1] cards=[Layn, Defender of Deri:19 Bakhm, the Desert Digger:3 Toughness:2 Creativity:2 Performance:2 Rain of Arrows:1]
t=5 ph=3 ap=1 snaps=5534 hooks=33 inst=78 rollout "Rain of Arrows" Spell lvl1 hero2
t=5 ph=3 ap=1 snaps=5545 hooks=33 inst=78 rollout "Rain of Arrows" Spell lvl1 hero2
t=5 ph=3 ap=1 snaps=5549 hooks=33 inst=78 rollout "Cosmic Skeleton" Creature lvl1 hero0
t=5 ph=3 ap=1 snaps=5554 hooks=33 inst=78 leakyRollout "Cosmic Skeleton" +11.33MB hooks=[onSurpriseActivated:2 onPlay:1 onSurpriseCreaturePlaced:1 beforeCreatureDamageBatch:1 afterCreatureDamageBatch:1 afterSpellResolved:1] cards=[Layn, Defender of Deri:29 Creativity:9 Toughness:8 Performance:8 Bakhm, the Desert Digger:4 Rain of Arrows:1]
t=5 ph=3 ap=1 snaps=5554 hooks=33 inst=78 rollout "Cosmic Skeleton" Creature lvl1 hero0
t=5 ph=3 ap=1 snaps=5566 hooks=33 inst=78 rollout "Cosmic Skeleton" Creature lvl1 hero0
t=5 ph=3 ap=1 snaps=5575 hooks=33 inst=78 rollout "Cosmic Skeleton" Creature lvl1 hero0
t=5 ph=3 ap=1 snaps=5580 hooks=33 inst=78 rollout "Cosmic Skeleton" Creature lvl1 hero0
t=5 ph=3 ap=1 snaps=5596 hooks=33 inst=78 leakyRollout "Cosmic Skeleton" +9.05MB hooks=[beforeDamage:1 afterDamage:1] cards=[Layn, Defender of Deri:22 Creativity:15 Performance:8 Toughness:2 Bakhm, the Desert Digger:2 Mystery Box:1]
t=5 ph=3 ap=1 snaps=5596 hooks=33 inst=78 rollout "Cosmic Skeleton" Creature lvl1 hero0
t=5 ph=3 ap=1 snaps=5606 hooks=33 inst=78 leakyRollout "Cosmic Skeleton" +3.24MB hooks=[onCardEnterZone:1] cards=[Layn, Defender of Deri:27 Creativity:19 Performance:8 Bakhm, the Desert Digger:4 Toughness:2 Ska Harpyformer:1]
t=5 ph=3 ap=1 snaps=5606 hooks=33 inst=78 rollout "Cosmic Skeleton" Creature lvl1 hero0
t=5 ph=3 ap=1 snaps=5611 hooks=33 inst=78 leakyRollout "Cosmic Skeleton" +13.07MB hooks=[onCardEnterZone:7 onCardLeaveZone:5 beforeDamage:4 afterDamage:4 onPlay:4 onCreatureDeath:3] cards=[Layn, Defender of Deri:24 Creativity:8 Toughness:7 Performance:7 Bakhm, the Desert Digger:4 Rain of Arrows:1]
t=5 ph=3 ap=1 snaps=5611 hooks=33 inst=78 rollout "Cosmic Skeleton" Creature lvl1 hero0
t=5 ph=3 ap=1 snaps=5619 hooks=33 inst=78 leakyRollout "Cosmic Skeleton" +8.86MB hooks=[] cards=[Layn, Defender of Deri:26 Creativity:17 Performance:8 Bakhm, the Desert Digger:3 Toughness:2 Mystery Box:1]
t=5 ph=3 ap=1 snaps=5619 hooks=33 inst=78 rollout "Cosmic Skeleton" Creature lvl1 hero0
t=5 ph=3 ap=1 snaps=5628 hooks=33 inst=78 rollout "Rain of Arrows" Spell lvl1 hero1
t=5 ph=3 ap=1 snaps=5632 hooks=33 inst=78 leakyRollout "Rain of Arrows" +21.76MB hooks=[beforeDamage:3 afterDamage:3 onCardEnterZone:3 beforeCreatureDamageBatch:2 onCardLeaveZone:2 afterCreatureDamageBatch:2] cards=[Layn, Defender of Deri:14 Bakhm, the Desert Digger:3 Creativity:2 Toughness:1 Performance:1 Rain of Arrows:1]
t=5 ph=3 ap=1 snaps=5632 hooks=33 inst=78 rollout "Rain of Arrows" Spell lvl1 hero1
t=5 ph=3 ap=1 snaps=5639 hooks=33 inst=78 rollout "Rain of Arrows" Spell lvl1 hero1
t=5 ph=3 ap=1 snaps=5645 hooks=33 inst=78 rollout "Rain of Arrows" Spell lvl1 hero2
t=5 ph=3 ap=1 snaps=5649 hooks=33 inst=78 leakyRollout "Rain of Arrows" +9.51MB hooks=[onCardEnterZone:3 beforeDamage:2 afterDamage:2 onCardLeaveZone:2 onPlay:2 beforeCreatureDamageBatch:1] cards=[Layn, Defender of Deri:14 Bakhm, the Desert Digger:3 Creativity:2 Toughness:1 Performance:1 Rain of Arrows:1]
t=5 ph=3 ap=1 snaps=5649 hooks=33 inst=78 rollout "Rain of Arrows" Spell lvl1 hero2
t=5 ph=5 ap=1 snaps=5664 hooks=52 inst=76 switchTurn ending p1
t=6 ph=2 ap=0 snaps=5664 hooks=10 inst=77 cpuTurnStart cpu=p0 hand=5
t=6 ph=2 ap=0 snaps=5730 hooks=34 inst=82 summon "Aggressive Town Guard" p0/h1
t=6 ph=3 ap=0 snaps=5795 hooks=40 inst=83 rollout "Ska Harpyformer" Creature lvl0 hero1
t=6 ph=3 ap=0 snaps=5796 hooks=40 inst=83 leakyRollout "Ska Harpyformer" +5.83MB hooks=[onCardLeaveZone:5 onCreatureDeath:3 afterSpellResolved:2 onCardEnterZone:1 onAnyActionResolved:1 beforeCreatureDamageBatch:1] cards=[Layn, Defender of Deri:11 Performance:4 Toughness:3 Creativity:2 Ska Harpyformer:1 Bakhm, the Desert Digger:1]
t=6 ph=3 ap=0 snaps=5796 hooks=40 inst=83 rollout "Ska Harpyformer" Creature lvl0 hero1
t=6 ph=3 ap=0 snaps=5799 hooks=40 inst=83 leakyRollout "Ska Harpyformer" +14.44MB hooks=[onCardLeaveZone:2 onCreatureDeath:2 beforeDamage:1 afterDamage:1 beforeCreatureDamageBatch:1 afterCreatureDamageBatch:1] cards=[Layn, Defender of Deri:16 Toughness:2 Performance:2 Ska Harpyformer:1 Bakhm, the Desert Digger:1 Rain of Arrows:1]
t=6 ph=3 ap=0 snaps=5799 hooks=40 inst=83 rollout "Ska Harpyformer" Creature lvl0 hero1
t=6 ph=3 ap=0 snaps=5800 hooks=40 inst=83 rollout "Ska Harpyformer" Creature lvl0 hero1
t=6 ph=3 ap=0 snaps=5816 hooks=40 inst=83 leakyRollout "Ska Harpyformer" +4.67MB hooks=[beforeDamage:1 afterDamage:1] cards=[Layn, Defender of Deri:22 Toughness:3 Performance:3 Ska Harpyformer:1 Bakhm, the Desert Digger:1 Rain of Arrows:1]
t=6 ph=3 ap=0 snaps=5816 hooks=40 inst=83 rollout "Ska Harpyformer" Creature lvl0 hero1
t=6 ph=3 ap=0 snaps=5819 hooks=40 inst=83 rollout "Ska Harpyformer" Creature lvl0 hero1
t=6 ph=3 ap=0 snaps=5820 hooks=40 inst=83 leakyRollout "Ska Harpyformer" +1.85MB hooks=[onCardLeaveZone:4 onCreatureDeath:3 afterSpellResolved:2 onDraw:1 onCardEnterZone:1 beforeDrawBatch:1] cards=[Layn, Defender of Deri:11 Performance:4 Toughness:3 Creativity:2 Ska Harpyformer:1 Bakhm, the Desert Digger:1]
t=6 ph=3 ap=0 snaps=5820 hooks=40 inst=83 rollout "Ska Harpyformer" Creature lvl0 hero1
t=6 ph=3 ap=0 snaps=5831 hooks=40 inst=83 leakyRollout "Ska Harpyformer" +6.59MB hooks=[onCardLeaveZone:3 onCreatureDeath:3 beforeDamage:1 afterDamage:1 beforeCreatureDamageBatch:1 afterCreatureDamageBatch:1] cards=[Layn, Defender of Deri:18 Toughness:2 Performance:2 Ska Harpyformer:1 Bakhm, the Desert Digger:1 Rain of Arrows:1]
t=6 ph=3 ap=0 snaps=5831 hooks=40 inst=83 rollout "Ska Harpyformer" Creature lvl0 hero1
t=6 ph=3 ap=0 snaps=5832 hooks=40 inst=83 leakyRollout "Ska Harpyformer" +11.86MB hooks=[onCardLeaveZone:4 onCreatureDeath:3 afterSpellResolved:2 onDraw:1 onCardEnterZone:1 beforeDrawBatch:1] cards=[Layn, Defender of Deri:11 Performance:4 Toughness:3 Creativity:2 Ska Harpyformer:1 Bakhm, the Desert Digger:1]
t=6 ph=3 ap=0 snaps=5832 hooks=40 inst=83 rollout "Ska Harpyformer" Creature lvl0 hero1
t=6 ph=3 ap=0 snaps=5841 hooks=40 inst=83 rollout "Ska Harpyformer" Creature lvl0 hero1
t=6 ph=3 ap=0 snaps=5848 hooks=40 inst=83 leakyRollout "Ska Harpyformer" +2.03MB hooks=[onCardLeaveZone:2 onCreatureDeath:2 beforeDamage:1 afterDamage:1 beforeCreatureDamageBatch:1 afterCreatureDamageBatch:1] cards=[Layn, Defender of Deri:17 Toughness:2 Performance:2 Ska Harpyformer:1 Bakhm, the Desert Digger:1 Rain of Arrows:1]
t=6 ph=3 ap=0 snaps=5848 hooks=40 inst=83 rollout "Ska Harpyformer" Creature lvl0 hero1
t=6 ph=3 ap=0 snaps=5849 hooks=40 inst=83 leakyRollout "Ska Harpyformer" +1.55MB hooks=[onDraw:2 onCardLeaveZone:2 beforeDrawBatch:2 onCardEnterZone:1 onCreatureDeath:1 onAnyActionResolved:1] cards=[Layn, Defender of Deri:10 Performance:4 Toughness:3 Creativity:2 Ska Harpyformer:1 Bakhm, the Desert Digger:1]
t=6 ph=3 ap=0 snaps=5849 hooks=40 inst=83 rollout "Ska Harpyformer" Creature lvl0 hero1
t=6 ph=3 ap=0 snaps=5850 hooks=40 inst=83 leakyRollout "Ska Harpyformer" +2.74MB hooks=[onDraw:2 onCardLeaveZone:2 beforeDrawBatch:2 onCardEnterZone:1 onCreatureDeath:1 onAnyActionResolved:1] cards=[Layn, Defender of Deri:10 Performance:4 Toughness:3 Creativity:2 Ska Harpyformer:1 Bakhm, the Desert Digger:1]
t=6 ph=3 ap=0 snaps=5850 hooks=40 inst=83 rollout "Ska Harpyformer" Creature lvl0 hero1
t=6 ph=3 ap=0 snaps=5855 hooks=40 inst=83 rollout "Ska Harpyformer" Creature lvl0 hero1
t=6 ph=3 ap=0 snaps=5856 hooks=40 inst=83 leakyRollout "Ska Harpyformer" +1.71MB hooks=[onCardEnterZone:3 onCardLeaveZone:2 onDraw:1 beforeDrawBatch:1 onAnyActionResolved:1 afterSpellResolved:1] cards=[Layn, Defender of Deri:12 Performance:4 Toughness:3 Creativity:2 Ska Harpyformer:1 Bakhm, the Desert Digger:1]
t=6 ph=3 ap=0 snaps=5856 hooks=40 inst=83 rollout "Ska Harpyformer" Creature lvl0 hero1
t=6 ph=3 ap=0 snaps=5857 hooks=40 inst=83 leakyRollout "Ska Harpyformer" +2.83MB hooks=[onCardLeaveZone:3 onCardEnterZone:2 afterSpellResolved:2 onAnyActionResolved:1 beforeCreatureDamageBatch:1 onCreatureDeath:1] cards=[Layn, Defender of Deri:12 Performance:4 Toughness:3 Creativity:2 Ska Harpyformer:1 Bakhm, the Desert Digger:1]
t=6 ph=3 ap=0 snaps=5857 hooks=40 inst=83 rollout "Ska Harpyformer" Creature lvl0 hero1
t=6 ph=3 ap=0 snaps=5858 hooks=40 inst=83 leakyRollout "Ska Harpyformer" +3.34MB hooks=[onCardLeaveZone:5 onCreatureDeath:3 afterSpellResolved:2 onCardEnterZone:1 onAnyActionResolved:1 beforeCreatureDamageBatch:1] cards=[Layn, Defender of Deri:11 Performance:4 Toughness:3 Creativity:2 Ska Harpyformer:1 Bakhm, the Desert Digger:1]
t=6 ph=3 ap=0 snaps=5858 hooks=40 inst=83 rollout "Ska Harpyformer" Creature lvl0 hero1
t=6 ph=3 ap=0 snaps=5859 hooks=40 inst=83 leakyRollout "Ska Harpyformer" +2.93MB hooks=[onCardLeaveZone:5 onCreatureDeath:3 afterSpellResolved:2 onCardEnterZone:1 onAnyActionResolved:1 beforeCreatureDamageBatch:1] cards=[Layn, Defender of Deri:11 Performance:4 Toughness:3 Creativity:2 Ska Harpyformer:1 Bakhm, the Desert Digger:1]
t=6 ph=3 ap=0 snaps=5859 hooks=40 inst=83 rollout "Ska Harpyformer" Creature lvl0 hero1
t=6 ph=3 ap=0 snaps=5864 hooks=40 inst=83 rollout "Ska Harpyformer" Creature lvl0 hero1
t=6 ph=3 ap=0 snaps=5865 hooks=40 inst=83 leakyRollout "Ska Harpyformer" +1.96MB hooks=[onCardLeaveZone:5 onCreatureDeath:3 afterSpellResolved:2 onCardEnterZone:1 onAnyActionResolved:1 beforeCreatureDamageBatch:1] cards=[Layn, Defender of Deri:11 Performance:4 Toughness:3 Creativity:2 Ska Harpyformer:1 Bakhm, the Desert Digger:1]
t=6 ph=3 ap=0 snaps=5865 hooks=40 inst=83 rollout "Ska Harpyformer" Creature lvl0 hero1
t=6 ph=3 ap=0 snaps=5876 hooks=40 inst=83 rollout "Ska Harpyformer" Creature lvl0 hero1
t=6 ph=3 ap=0 snaps=5877 hooks=40 inst=83 leakyRollout "Ska Harpyformer" +4.95MB hooks=[onDraw:2 onCardLeaveZone:2 beforeDrawBatch:2 onCardEnterZone:1 onCreatureDeath:1 onAnyActionResolved:1] cards=[Layn, Defender of Deri:10 Performance:4 Toughness:3 Creativity:2 Ska Harpyformer:1 Bakhm, the Desert Digger:1]
t=6 ph=3 ap=0 snaps=5877 hooks=40 inst=83 rollout "Ska Harpyformer" Creature lvl0 hero1
t=6 ph=3 ap=0 snaps=5884 hooks=40 inst=83 leakyRollout "Ska Harpyformer" +0.53MB hooks=[onCardLeaveZone:3 onCreatureDeath:3 beforeDamage:1 afterDamage:1 beforeCreatureDamageBatch:1 afterCreatureDamageBatch:1] cards=[Layn, Defender of Deri:18 Toughness:2 Performance:2 Ska Harpyformer:1 Bakhm, the Desert Digger:1 Rain of Arrows:1]
t=6 ph=3 ap=0 snaps=5884 hooks=40 inst=83 rollout "Ska Harpyformer" Creature lvl0 hero1
t=6 ph=3 ap=0 snaps=5885 hooks=40 inst=83 leakyRollout "Ska Harpyformer" +0.87MB hooks=[onCardEnterZone:3 onCardLeaveZone:2 onDraw:1 beforeDrawBatch:1 onAnyActionResolved:1 afterSpellResolved:1] cards=[Layn, Defender of Deri:12 Performance:4 Toughness:3 Creativity:2 Ska Harpyformer:1 Bakhm, the Desert Digger:1]
t=6 ph=3 ap=0 snaps=5885 hooks=40 inst=83 rollout "Ska Harpyformer" Creature lvl0 hero1
t=6 ph=3 ap=0 snaps=5891 hooks=40 inst=83 rollout "Ska Harpyformer" Creature lvl0 hero1
t=6 ph=3 ap=0 snaps=5892 hooks=40 inst=83 leakyRollout "Ska Harpyformer" +1.88MB hooks=[onDraw:2 onCardLeaveZone:2 beforeDrawBatch:2 onCardEnterZone:1 onCreatureDeath:1 onAnyActionResolved:1] cards=[Layn, Defender of Deri:10 Performance:4 Toughness:3 Creativity:2 Ska Harpyformer:1 Bakhm, the Desert Digger:1]
t=6 ph=3 ap=0 snaps=5892 hooks=40 inst=83 rollout "Ska Harpyformer" Creature lvl0 hero1
t=6 ph=3 ap=0 snaps=5893 hooks=40 inst=83 leakyRollout "Ska Harpyformer" +2.61MB hooks=[onCardLeaveZone:3 onCardEnterZone:2 afterSpellResolved:2 onAnyActionResolved:1 beforeCreatureDamageBatch:1 onCreatureDeath:1] cards=[Layn, Defender of Deri:12 Performance:4 Toughness:3 Creativity:2 Ska Harpyformer:1 Bakhm, the Desert Digger:1]
t=6 ph=3 ap=0 snaps=5893 hooks=40 inst=83 rollout "Ska Harpyformer" Creature lvl0 hero1
t=6 ph=3 ap=0 snaps=5896 hooks=40 inst=83 rollout "Ska Harpyformer" Creature lvl0 hero1
t=6 ph=3 ap=0 snaps=5914 hooks=40 inst=83 leakyRollout "Ska Harpyformer" +11.05MB hooks=[beforeDamage:1 afterDamage:1 onCardLeaveZone:1 onCreatureDeath:1 afterSpellResolved:1] cards=[Layn, Defender of Deri:28 Toughness:4 Performance:4 Telekinesis:2 Ska Harpyformer:1 Bakhm, the Desert Digger:1]
t=6 ph=3 ap=0 snaps=5914 hooks=40 inst=83 rollout "Ska Harpyformer" Creature lvl0 hero1
t=6 ph=3 ap=0 snaps=5915 hooks=40 inst=83 leakyRollout "Ska Harpyformer" +9.80MB hooks=[onCardLeaveZone:5 onCreatureDeath:3 onCardEnterZone:2 afterSpellResolved:2 onAnyActionResolved:1 beforeCreatureDamageBatch:1] cards=[Layn, Defender of Deri:12 Performance:4 Toughness:3 Creativity:2 Ska Harpyformer:1 Bakhm, the Desert Digger:1]
t=6 ph=3 ap=0 snaps=5915 hooks=40 inst=83 rollout "Ska Harpyformer" Creature lvl0 hero1
t=6 ph=3 ap=0 snaps=5916 hooks=40 inst=83 leakyRollout "Ska Harpyformer" +3.14MB hooks=[onCardLeaveZone:5 onCreatureDeath:3 afterSpellResolved:2 onCardEnterZone:1 onAnyActionResolved:1 beforeCreatureDamageBatch:1] cards=[Layn, Defender of Deri:11 Performance:4 Toughness:3 Creativity:2 Ska Harpyformer:1 Bakhm, the Desert Digger:1]
t=6 ph=3 ap=0 snaps=5916 hooks=40 inst=83 rollout "Ska Harpyformer" Creature lvl0 hero1
t=6 ph=3 ap=0 snaps=5921 hooks=40 inst=83 rollout "Ska Harpyformer" Creature lvl0 hero1
t=6 ph=3 ap=0 snaps=5927 hooks=40 inst=83 leakyRollout "Ska Harpyformer" +1.21MB hooks=[beforeDamage:2 afterDamage:2 beforeCreatureDamageBatch:2 onCardLeaveZone:2 afterCreatureDamageBatch:2 onCreatureDeath:1] cards=[Layn, Defender of Deri:17 Toughness:2 Performance:2 Rain of Arrows:2 Ska Harpyformer:1 Bakhm, the Desert Digger:1]
t=6 ph=3 ap=0 snaps=5927 hooks=40 inst=83 rollout "Ska Harpyformer" Creature lvl0 hero1
t=6 ph=3 ap=0 snaps=5928 hooks=40 inst=83 leakyRollout "Ska Harpyformer" +10.86MB hooks=[onCardLeaveZone:4 onCreatureDeath:3 afterSpellResolved:2 onDraw:1 onCardEnterZone:1 beforeDrawBatch:1] cards=[Layn, Defender of Deri:11 Performance:4 Toughness:3 Creativity:2 Ska Harpyformer:1 Bakhm, the Desert Digger:1]
t=6 ph=3 ap=0 snaps=5928 hooks=40 inst=83 rollout "Ska Harpyformer" Creature lvl0 hero1
t=6 ph=3 ap=0 snaps=5929 hooks=40 inst=83 leakyRollout "Ska Harpyformer" +2.52MB hooks=[onCardLeaveZone:4 onCreatureDeath:3 afterSpellResolved:2 onDraw:1 onCardEnterZone:1 beforeDrawBatch:1] cards=[Layn, Defender of Deri:11 Performance:4 Toughness:3 Creativity:2 Ska Harpyformer:1 Bakhm, the Desert Digger:1]
t=6 ph=3 ap=0 snaps=5929 hooks=40 inst=83 rollout "Ska Harpyformer" Creature lvl0 hero1
t=6 ph=3 ap=0 snaps=5945 hooks=40 inst=83 rollout "Ska Harpyformer" Creature lvl0 hero1
t=6 ph=3 ap=0 snaps=5957 hooks=40 inst=83 rollout "Ska Harpyformer" Creature lvl0 hero1
t=6 ph=3 ap=0 snaps=5958 hooks=40 inst=83 leakyRollout "Ska Harpyformer" +4.91MB hooks=[onCardLeaveZone:4 onCreatureDeath:3 afterSpellResolved:2 onDraw:1 onCardEnterZone:1 beforeDrawBatch:1] cards=[Layn, Defender of Deri:11 Performance:4 Toughness:3 Creativity:2 Ska Harpyformer:1 Bakhm, the Desert Digger:1]
t=6 ph=3 ap=0 snaps=5958 hooks=40 inst=83 rollout "Ska Harpyformer" Creature lvl0 hero1
t=6 ph=3 ap=0 snaps=5959 hooks=40 inst=83 leakyRollout "Ska Harpyformer" +2.65MB hooks=[onCardLeaveZone:2 onCardEnterZone:2 onDraw:1 beforeDrawBatch:1 onAnyActionResolved:1 afterSpellResolved:1] cards=[Layn, Defender of Deri:11 Performance:4 Toughness:3 Creativity:2 Ska Harpyformer:1 Bakhm, the Desert Digger:1]
t=6 ph=3 ap=0 snaps=5959 hooks=40 inst=83 rollout "Ska Harpyformer" Creature lvl0 hero1
t=6 ph=3 ap=0 snaps=5964 hooks=40 inst=83 rollout "Ska Harpyformer" Creature lvl0 hero1
t=6 ph=3 ap=0 snaps=5967 hooks=40 inst=83 leakyRollout "Ska Harpyformer" +14.64MB hooks=[onCardLeaveZone:2 onCreatureDeath:2 beforeDamage:1 afterDamage:1 beforeCreatureDamageBatch:1 afterCreatureDamageBatch:1] cards=[Layn, Defender of Deri:19 Toughness:2 Performance:2 Ska Harpyformer:1 Bakhm, the Desert Digger:1 Rain of Arrows:1]
t=6 ph=3 ap=0 snaps=5967 hooks=40 inst=83 rollout "Ska Harpyformer" Creature lvl0 hero1
t=6 ph=3 ap=0 snaps=5971 hooks=40 inst=83 rollout "Ska Harpyformer" Creature lvl0 hero1
t=6 ph=3 ap=0 snaps=5974 hooks=40 inst=83 rollout "Ska Harpyformer" Creature lvl0 hero1
t=6 ph=3 ap=0 snaps=5988 hooks=40 inst=83 leakyRollout "Ska Harpyformer" +1.89MB hooks=[beforeDamage:1 afterDamage:1] cards=[Layn, Defender of Deri:23 Toughness:3 Performance:3 Ska Harpyformer:1 Bakhm, the Desert Digger:1 Rain of Arrows:1]
t=6 ph=3 ap=0 snaps=5988 hooks=40 inst=83 rollout "Ska Harpyformer" Creature lvl0 hero1
t=6 ph=3 ap=0 snaps=5989 hooks=40 inst=83 leakyRollout "Ska Harpyformer" +6.75MB hooks=[onCardEnterZone:3 onCardLeaveZone:2 onDraw:1 beforeDrawBatch:1 onAnyActionResolved:1 afterSpellResolved:1] cards=[Layn, Defender of Deri:12 Performance:4 Toughness:3 Creativity:2 Ska Harpyformer:1 Bakhm, the Desert Digger:1]
t=6 ph=3 ap=0 snaps=5989 hooks=40 inst=83 rollout "Ska Harpyformer" Creature lvl0 hero1
t=6 ph=3 ap=0 snaps=5990 hooks=40 inst=83 leakyRollout "Ska Harpyformer" +3.28MB hooks=[onCardLeaveZone:4 onCreatureDeath:3 afterSpellResolved:2 onDraw:1 beforeDrawBatch:1 onAnyActionResolved:1] cards=[Layn, Defender of Deri:10 Performance:4 Toughness:3 Creativity:2 Ska Harpyformer:1 Bakhm, the Desert Digger:1]
t=6 ph=3 ap=0 snaps=5990 hooks=40 inst=83 rollout "Ska Harpyformer" Creature lvl0 hero1
t=6 ph=3 ap=0 snaps=6006 hooks=40 inst=83 rollout "Ska Harpyformer" Creature lvl0 hero1
t=6 ph=3 ap=0 snaps=6011 hooks=40 inst=83 leakyRollout "Ska Harpyformer" +1.37MB hooks=[beforeDamage:2 afterDamage:2 onCardLeaveZone:2 onCreatureDeath:2 beforeCreatureDamageBatch:1 afterCreatureDamageBatch:1] cards=[Layn, Defender of Deri:21 Toughness:2 Bakhm, the Desert Digger:2 Performance:2 Telekinesis:2 Ska Harpyformer:1]
t=6 ph=3 ap=0 snaps=6011 hooks=40 inst=83 rollout "Ska Harpyformer" Creature lvl0 hero1
t=6 ph=3 ap=0 snaps=6012 hooks=40 inst=83 leakyRollout "Ska Harpyformer" +11.76MB hooks=[onCardLeaveZone:4 onCreatureDeath:3 afterSpellResolved:2 onDraw:1 onCardEnterZone:1 beforeDrawBatch:1] cards=[Layn, Defender of Deri:11 Performance:4 Toughness:3 Creativity:2 Ska Harpyformer:1 Bakhm, the Desert Digger:1]
t=6 ph=3 ap=0 snaps=6012 hooks=40 inst=83 rollout "Ska Harpyformer" Creature lvl0 hero1
t=6 ph=3 ap=0 snaps=6016 hooks=40 inst=83 rollout "Ska Harpyformer" Creature lvl0 hero1
t=6 ph=3 ap=0 snaps=6017 hooks=40 inst=83 leakyRollout "Ska Harpyformer" +5.25MB hooks=[onCardLeaveZone:2 onCardEnterZone:2 onDraw:1 beforeDrawBatch:1 onAnyActionResolved:1 afterSpellResolved:1] cards=[Layn, Defender of Deri:11 Performance:4 Toughness:3 Creativity:2 Ska Harpyformer:1 Bakhm, the Desert Digger:1]
t=6 ph=3 ap=0 snaps=6017 hooks=40 inst=83 rollout "Ska Harpyformer" Creature lvl0 hero1
t=6 ph=3 ap=0 snaps=6020 hooks=40 inst=83 rollout "Ska Harpyformer" Creature lvl0 hero1
t=6 ph=3 ap=0 snaps=6027 hooks=40 inst=83 leakyRollout "Ska Harpyformer" +2.33MB hooks=[onCardLeaveZone:3 onCreatureDeath:3 beforeDamage:1 afterDamage:1 beforeCreatureDamageBatch:1 afterCreatureDamageBatch:1] cards=[Layn, Defender of Deri:18 Toughness:2 Performance:2 Ska Harpyformer:1 Bakhm, the Desert Digger:1 Rain of Arrows:1]
t=6 ph=3 ap=0 snaps=6027 hooks=40 inst=83 rollout "Ska Harpyformer" Creature lvl0 hero1
t=6 ph=3 ap=0 snaps=6036 hooks=40 inst=83 leakyRollout "Ska Harpyformer" +6.09MB hooks=[beforeDamage:2 afterDamage:2 beforeCreatureDamageBatch:2 onCardLeaveZone:2 afterCreatureDamageBatch:2 onCreatureDeath:1] cards=[Layn, Defender of Deri:17 Toughness:2 Performance:2 Rain of Arrows:2 Ska Harpyformer:1 Bakhm, the Desert Digger:1]
t=6 ph=3 ap=0 snaps=6036 hooks=40 inst=83 rollout "Ska Harpyformer" Creature lvl0 hero1
t=6 ph=3 ap=0 snaps=6043 hooks=40 inst=83 leakyRollout "Ska Harpyformer" +1.40MB hooks=[onCardLeaveZone:2 onCreatureDeath:2 beforeDamage:1 afterDamage:1 beforeCreatureDamageBatch:1 afterCreatureDamageBatch:1] cards=[Layn, Defender of Deri:16 Toughness:2 Performance:2 Ska Harpyformer:1 Bakhm, the Desert Digger:1 Rain of Arrows:1]
t=6 ph=3 ap=0 snaps=6043 hooks=40 inst=83 rollout "Ska Harpyformer" Creature lvl0 hero1
t=6 ph=3 ap=0 snaps=6051 hooks=40 inst=83 rollout "Ska Harpyformer" Creature lvl0 hero1
t=6 ph=3 ap=0 snaps=6060 hooks=40 inst=83 leakyRollout "Ska Harpyformer" +8.21MB hooks=[beforeDamage:1 afterDamage:1 beforeCreatureDamageBatch:1 onCardLeaveZone:1 onCreatureDeath:1 afterCreatureDamageBatch:1] cards=[Layn, Defender of Deri:22 Toughness:2 Performance:2 Ska Harpyformer:1 Bakhm, the Desert Digger:1 Rain of Arrows:1]
t=6 ph=3 ap=0 snaps=6060 hooks=40 inst=83 rollout "Ska Harpyformer" Creature lvl0 hero1
t=6 ph=3 ap=0 snaps=6071 hooks=40 inst=83 rollout "Ska Harpyformer" Creature lvl0 hero1
t=6 ph=3 ap=0 snaps=6087 hooks=40 inst=83 leakyRollout "Ska Harpyformer" +6.20MB hooks=[beforeDamage:1 afterDamage:1] cards=[Layn, Defender of Deri:29 Toughness:5 Performance:5 Telekinesis:2 Ska Harpyformer:1 Bakhm, the Desert Digger:1]
t=6 ph=3 ap=0 snaps=6087 hooks=40 inst=83 rollout "Ska Harpyformer" Creature lvl0 hero1
t=6 ph=3 ap=0 snaps=6094 hooks=40 inst=83 rollout "Ska Harpyformer" Creature lvl0 hero1
t=6 ph=3 ap=0 snaps=6103 hooks=40 inst=83 leakyRollout "Ska Harpyformer" +6.27MB hooks=[onCardLeaveZone:3 onCreatureDeath:3 beforeDamage:2 afterDamage:2 onCardEnterZone:2 beforeCreatureDamageBatch:1] cards=[Layn, Defender of Deri:25 Toughness:2 Bakhm, the Desert Digger:2 Performance:2 Ska Harpyformer:1 Rain of Arrows:1]
t=6 ph=3 ap=0 snaps=6103 hooks=40 inst=83 rollout "Ska Harpyformer" Creature lvl0 hero1
t=6 ph=3 ap=0 snaps=6110 hooks=40 inst=83 leakyRollout "Ska Harpyformer" +2.00MB hooks=[onCardLeaveZone:2 onCreatureDeath:2 beforeDamage:1 afterDamage:1 beforeCreatureDamageBatch:1 afterCreatureDamageBatch:1] cards=[Layn, Defender of Deri:17 Toughness:2 Performance:2 Ska Harpyformer:1 Bakhm, the Desert Digger:1 Rain of Arrows:1]
t=6 ph=3 ap=0 snaps=6110 hooks=40 inst=83 rollout "Ska Harpyformer" Creature lvl0 hero1
t=6 ph=3 ap=0 snaps=6111 hooks=40 inst=83 leakyRollout "Ska Harpyformer" +7.08MB hooks=[onCardEnterZone:3 onCardLeaveZone:2 onDraw:1 beforeDrawBatch:1 onAnyActionResolved:1 afterSpellResolved:1] cards=[Layn, Defender of Deri:12 Performance:4 Toughness:3 Creativity:2 Ska Harpyformer:1 Bakhm, the Desert Digger:1]
t=6 ph=3 ap=0 snaps=6111 hooks=40 inst=83 rollout "Ska Harpyformer" Creature lvl0 hero1
t=6 ph=3 ap=0 snaps=6112 hooks=40 inst=83 leakyRollout "Ska Harpyformer" +3.10MB hooks=[onCardLeaveZone:4 onCreatureDeath:3 afterSpellResolved:2 onDraw:1 onCardEnterZone:1 beforeDrawBatch:1] cards=[Layn, Defender of Deri:11 Performance:4 Toughness:3 Creativity:2 Ska Harpyformer:1 Bakhm, the Desert Digger:1]
t=6 ph=3 ap=0 snaps=6112 hooks=40 inst=83 rollout "Ska Harpyformer" Creature lvl0 hero1
t=6 ph=3 ap=0 snaps=6122 hooks=40 inst=83 rollout "Ska Harpyformer" Creature lvl0 hero1
t=6 ph=3 ap=0 snaps=6123 hooks=40 inst=83 rollout "Ska Harpyformer" Creature lvl0 hero1
t=6 ph=3 ap=0 snaps=6130 hooks=40 inst=83 rollout "Ska Harpyformer" Creature lvl0 hero1
t=6 ph=3 ap=0 snaps=6142 hooks=40 inst=83 rollout "Ska Harpyformer" Creature lvl0 hero1
t=6 ph=3 ap=0 snaps=6152 hooks=40 inst=83 leakyRollout "Ska Harpyformer" +10.05MB hooks=[beforeDamage:1 afterDamage:1 afterSpellResolved:1] cards=[Layn, Defender of Deri:24 Toughness:3 Performance:3 Telekinesis:2 Ska Harpyformer:1 Bakhm, the Desert Digger:1]
t=6 ph=3 ap=0 snaps=6152 hooks=40 inst=83 rollout "Ska Harpyformer" Creature lvl0 hero1
t=6 ph=3 ap=0 snaps=6168 hooks=40 inst=83 rollout "Ska Harpyformer" Creature lvl0 hero1
t=6 ph=3 ap=0 snaps=6174 hooks=40 inst=83 leakyRollout "Ska Harpyformer" +2.37MB hooks=[onCardLeaveZone:3 onCreatureDeath:3 beforeDamage:2 afterDamage:2 beforeCreatureDamageBatch:2 afterCreatureDamageBatch:2] cards=[Layn, Defender of Deri:21 Toughness:2 Performance:2 Rain of Arrows:2 Ska Harpyformer:1 Bakhm, the Desert Digger:1]
t=6 ph=3 ap=0 snaps=6174 hooks=40 inst=83 rollout "Ska Harpyformer" Creature lvl0 hero1
t=6 ph=3 ap=0 snaps=6175 hooks=40 inst=83 leakyRollout "Ska Harpyformer" +2.70MB hooks=[onCardLeaveZone:4 onCreatureDeath:3 afterSpellResolved:2 onDraw:1 onCardEnterZone:1 beforeDrawBatch:1] cards=[Layn, Defender of Deri:11 Performance:4 Toughness:3 Creativity:2 Ska Harpyformer:1 Bakhm, the Desert Digger:1]
t=6 ph=3 ap=0 snaps=6175 hooks=40 inst=83 rollout "Ska Harpyformer" Creature lvl0 hero1
t=6 ph=3 ap=0 snaps=6182 hooks=40 inst=83 leakyRollout "Ska Harpyformer" +0.53MB hooks=[onCardLeaveZone:3 onCreatureDeath:3 beforeDamage:1 afterDamage:1 beforeCreatureDamageBatch:1 afterCreatureDamageBatch:1] cards=[Layn, Defender of Deri:18 Toughness:2 Performance:2 Ska Harpyformer:1 Bakhm, the Desert Digger:1 Rain of Arrows:1]
t=6 ph=3 ap=0 snaps=6182 hooks=40 inst=83 rollout "Ska Harpyformer" Creature lvl0 hero1
t=6 ph=3 ap=0 snaps=6189 hooks=40 inst=83 leakyRollout "Ska Harpyformer" +2.33MB hooks=[onCardLeaveZone:3 onCreatureDeath:3 beforeDamage:1 afterDamage:1 beforeCreatureDamageBatch:1 afterCreatureDamageBatch:1] cards=[Layn, Defender of Deri:18 Toughness:2 Performance:2 Ska Harpyformer:1 Bakhm, the Desert Digger:1 Rain of Arrows:1]
t=6 ph=3 ap=0 snaps=6189 hooks=40 inst=83 rollout "Ska Harpyformer" Creature lvl0 hero1
t=6 ph=3 ap=0 snaps=6192 hooks=40 inst=83 rollout "Ska Harpyformer" Creature lvl0 hero1
t=6 ph=3 ap=0 snaps=6198 hooks=40 inst=83 leakyRollout "Ska Harpyformer" +0.57MB hooks=[onCardLeaveZone:2 onCreatureDeath:2 beforeDamage:1 afterDamage:1 beforeCreatureDamageBatch:1 afterCreatureDamageBatch:1] cards=[Layn, Defender of Deri:20 Toughness:2 Performance:2 Ska Harpyformer:1 Bakhm, the Desert Digger:1 Rain of Arrows:1]
t=6 ph=3 ap=0 snaps=6198 hooks=40 inst=83 rollout "Ska Harpyformer" Creature lvl0 hero1
t=6 ph=3 ap=0 snaps=6208 hooks=40 inst=83 leakyRollout "Ska Harpyformer" +6.29MB hooks=[onCardLeaveZone:2 onCreatureDeath:2 beforeDamage:1 afterDamage:1 beforeCreatureDamageBatch:1 afterCreatureDamageBatch:1] cards=[Layn, Defender of Deri:17 Toughness:2 Performance:2 Ska Harpyformer:1 Bakhm, the Desert Digger:1 Rain of Arrows:1]
t=6 ph=3 ap=0 snaps=6208 hooks=40 inst=83 rollout "Ska Harpyformer" Creature lvl0 hero1
t=6 ph=3 ap=0 snaps=6209 hooks=40 inst=83 leakyRollout "Ska Harpyformer" +8.31MB hooks=[onCardLeaveZone:3 onCardEnterZone:2 afterSpellResolved:2 onAnyActionResolved:1 beforeCreatureDamageBatch:1 onCreatureDeath:1] cards=[Layn, Defender of Deri:12 Performance:4 Toughness:3 Creativity:2 Ska Harpyformer:1 Bakhm, the Desert Digger:1]
t=6 ph=3 ap=0 snaps=6209 hooks=40 inst=83 rollout "Ska Harpyformer" Creature lvl0 hero1
t=6 ph=3 ap=0 snaps=6210 hooks=40 inst=83 rollout "Ska Harpyformer" Creature lvl0 hero1
t=6 ph=3 ap=0 snaps=6220 hooks=40 inst=83 rollout "Ska Harpyformer" Creature lvl0 hero1
t=6 ph=3 ap=0 snaps=6223 hooks=40 inst=83 leakyRollout "Ska Harpyformer" +14.15MB hooks=[onCardLeaveZone:2 onCreatureDeath:2 beforeDamage:1 afterDamage:1 beforeCreatureDamageBatch:1 afterCreatureDamageBatch:1] cards=[Layn, Defender of Deri:16 Toughness:2 Performance:2 Ska Harpyformer:1 Bakhm, the Desert Digger:1 Rain of Arrows:1]
t=6 ph=3 ap=0 snaps=6223 hooks=40 inst=83 rollout "Ska Harpyformer" Creature lvl0 hero1
t=6 ph=3 ap=0 snaps=6224 hooks=40 inst=83 leakyRollout "Ska Harpyformer" +11.39MB hooks=[onCardEnterZone:3 onCardLeaveZone:2 onDraw:1 beforeDrawBatch:1 onAnyActionResolved:1 afterSpellResolved:1] cards=[Layn, Defender of Deri:12 Performance:4 Toughness:3 Creativity:2 Ska Harpyformer:1 Bakhm, the Desert Digger:1]
t=6 ph=3 ap=0 snaps=6224 hooks=40 inst=83 rollout "Ska Harpyformer" Creature lvl0 hero1
t=6 ph=3 ap=0 snaps=6241 hooks=40 inst=83 rollout "Ska Harpyformer" Creature lvl0 hero1
t=6 ph=3 ap=0 snaps=6250 hooks=40 inst=83 leakyRollout "Ska Harpyformer" +8.03MB hooks=[onCardLeaveZone:3 onCreatureDeath:3 beforeDamage:2 afterDamage:2 beforeCreatureDamageBatch:2 afterCreatureDamageBatch:2] cards=[Layn, Defender of Deri:20 Toughness:3 Performance:3 Rain of Arrows:2 Telekinesis:2 Ska Harpyformer:1]
t=6 ph=3 ap=0 snaps=6250 hooks=40 inst=83 rollout "Ska Harpyformer" Creature lvl0 hero1
t=6 ph=3 ap=0 snaps=6256 hooks=40 inst=83 rollout "Ska Harpyformer" Creature lvl0 hero1
t=6 ph=3 ap=0 snaps=6257 hooks=40 inst=83 leakyRollout "Ska Harpyformer" +4.03MB hooks=[onCardLeaveZone:3 onCardEnterZone:2 onDraw:1 onCreatureDeath:1 beforeDrawBatch:1 onAnyActionResolved:1] cards=[Layn, Defender of Deri:11 Performance:4 Toughness:3 Creativity:2 Ska Harpyformer:1 Bakhm, the Desert Digger:1]
t=6 ph=3 ap=0 snaps=6257 hooks=40 inst=83 rollout "Ska Harpyformer" Creature lvl0 hero1
t=6 ph=3 ap=0 snaps=6258 hooks=40 inst=83 leakyRollout "Ska Harpyformer" +2.82MB hooks=[onCardLeaveZone:5 onCreatureDeath:3 onCardEnterZone:2 afterSpellResolved:2 onAnyActionResolved:1 beforeCreatureDamageBatch:1] cards=[Layn, Defender of Deri:12 Performance:4 Toughness:3 Creativity:2 Ska Harpyformer:1 Bakhm, the Desert Digger:1]
t=6 ph=3 ap=0 snaps=6258 hooks=40 inst=83 rollout "Ska Harpyformer" Creature lvl0 hero1
t=6 ph=3 ap=0 snaps=6262 hooks=40 inst=83 rollout "Ska Harpyformer" Creature lvl0 hero1
t=6 ph=3 ap=0 snaps=6266 hooks=40 inst=83 leakyRollout "Ska Harpyformer" +16.13MB hooks=[onCardLeaveZone:2 onCreatureDeath:2 beforeDamage:1 afterDamage:1 beforeCreatureDamageBatch:1 afterCreatureDamageBatch:1] cards=[Layn, Defender of Deri:17 Toughness:2 Performance:2 Ska Harpyformer:1 Bakhm, the Desert Digger:1 Rain of Arrows:1]
t=6 ph=3 ap=0 snaps=6266 hooks=40 inst=83 rollout "Ska Harpyformer" Creature lvl0 hero1
t=6 ph=3 ap=0 snaps=6267 hooks=40 inst=83 leakyRollout "Ska Harpyformer" +11.66MB hooks=[onCardLeaveZone:4 onCreatureDeath:3 afterSpellResolved:2 onDraw:1 onCardEnterZone:1 beforeDrawBatch:1] cards=[Layn, Defender of Deri:11 Performance:4 Toughness:3 Creativity:2 Ska Harpyformer:1 Bakhm, the Desert Digger:1]
t=6 ph=3 ap=0 snaps=6267 hooks=40 inst=83 rollout "Ska Harpyformer" Creature lvl0 hero1
t=6 ph=3 ap=0 snaps=6281 hooks=40 inst=83 rollout "Ska Harpyformer" Creature lvl0 hero1
t=6 ph=3 ap=0 snaps=6282 hooks=40 inst=83 leakyRollout "Ska Harpyformer" +13.55MB hooks=[onCardLeaveZone:5 onCreatureDeath:3 afterSpellResolved:2 onCardEnterZone:1 onAnyActionResolved:1 beforeCreatureDamageBatch:1] cards=[Layn, Defender of Deri:11 Performance:4 Toughness:3 Creativity:2 Ska Harpyformer:1 Bakhm, the Desert Digger:1]
t=6 ph=3 ap=0 snaps=6282 hooks=40 inst=83 rollout "Ska Harpyformer" Creature lvl0 hero1
t=6 ph=3 ap=0 snaps=6283 hooks=40 inst=83 leakyRollout "Ska Harpyformer" +2.99MB hooks=[onCardLeaveZone:4 onCreatureDeath:3 afterSpellResolved:2 onDraw:1 onCardEnterZone:1 beforeDrawBatch:1] cards=[Layn, Defender of Deri:11 Performance:4 Toughness:3 Creativity:2 Ska Harpyformer:1 Bakhm, the Desert Digger:1]
t=6 ph=3 ap=0 snaps=6283 hooks=40 inst=83 rollout "Ska Harpyformer" Creature lvl0 hero1
t=6 ph=3 ap=0 snaps=6284 hooks=40 inst=83 rollout "Ska Harpyformer" Creature lvl0 hero1
t=6 ph=3 ap=0 snaps=6285 hooks=40 inst=83 leakyRollout "Ska Harpyformer" +2.61MB hooks=[onCardLeaveZone:5 onCreatureDeath:3 afterSpellResolved:2 onCardEnterZone:1 onAnyActionResolved:1 beforeCreatureDamageBatch:1] cards=[Layn, Defender of Deri:11 Performance:4 Toughness:3 Creativity:2 Ska Harpyformer:1 Bakhm, the Desert Digger:1]
t=6 ph=3 ap=0 snaps=6285 hooks=40 inst=83 rollout "Ska Harpyformer" Creature lvl0 hero1
t=6 ph=3 ap=0 snaps=6292 hooks=40 inst=83 rollout "Ska Harpyformer" Creature lvl0 hero1
t=6 ph=3 ap=0 snaps=6297 hooks=40 inst=83 rollout "Ska Harpyformer" Creature lvl0 hero1
t=6 ph=3 ap=0 snaps=6298 hooks=40 inst=83 leakyRollout "Ska Harpyformer" +1.46MB hooks=[onCardLeaveZone:5 onCreatureDeath:3 onCardEnterZone:2 afterSpellResolved:2 onAnyActionResolved:1 beforeCreatureDamageBatch:1] cards=[Layn, Defender of Deri:12 Performance:4 Toughness:3 Creativity:2 Ska Harpyformer:1 Bakhm, the Desert Digger:1]
t=6 ph=3 ap=0 snaps=6298 hooks=40 inst=83 rollout "Ska Harpyformer" Creature lvl0 hero1
t=6 ph=3 ap=0 snaps=6299 hooks=40 inst=83 leakyRollout "Ska Harpyformer" +2.71MB hooks=[onCardLeaveZone:5 onCreatureDeath:3 afterSpellResolved:2 onCardEnterZone:1 onAnyActionResolved:1 beforeCreatureDamageBatch:1] cards=[Layn, Defender of Deri:11 Performance:4 Toughness:3 Creativity:2 Ska Harpyformer:1 Bakhm, the Desert Digger:1]
t=6 ph=3 ap=0 snaps=6299 hooks=40 inst=83 rollout "Ska Harpyformer" Creature lvl0 hero1
t=6 ph=3 ap=0 snaps=6300 hooks=40 inst=83 leakyRollout "Ska Harpyformer" +3.34MB hooks=[onCardLeaveZone:4 onCreatureDeath:3 afterSpellResolved:2 onDraw:1 onCardEnterZone:1 beforeDrawBatch:1] cards=[Layn, Defender of Deri:11 Performance:4 Toughness:3 Creativity:2 Ska Harpyformer:1 Bakhm, the Desert Digger:1]
t=6 ph=3 ap=0 snaps=6300 hooks=40 inst=83 rollout "Ska Harpyformer" Creature lvl0 hero1
t=6 ph=3 ap=0 snaps=6304 hooks=40 inst=83 rollout "Ska Harpyformer" Creature lvl0 hero1
t=6 ph=3 ap=0 snaps=6305 hooks=40 inst=83 leakyRollout "Ska Harpyformer" +2.45MB hooks=[onCardLeaveZone:5 onCreatureDeath:3 onCardEnterZone:2 afterSpellResolved:2 onAnyActionResolved:1 beforeCreatureDamageBatch:1] cards=[Layn, Defender of Deri:12 Performance:4 Toughness:3 Creativity:2 Ska Harpyformer:1 Bakhm, the Desert Digger:1]
t=6 ph=3 ap=0 snaps=6305 hooks=40 inst=83 rollout "Ska Harpyformer" Creature lvl0 hero1
t=6 ph=3 ap=0 snaps=6317 hooks=40 inst=83 rollout "Ska Harpyformer" Creature lvl0 hero1
t=6 ph=3 ap=0 snaps=6331 hooks=40 inst=83 leakyRollout "Ska Harpyformer" +3.08MB hooks=[beforeDamage:1 afterDamage:1 afterSpellResolved:1] cards=[Layn, Defender of Deri:29 Toughness:2 Performance:2 Telekinesis:2 Ska Harpyformer:1 Bakhm, the Desert Digger:1]
t=6 ph=3 ap=0 snaps=6331 hooks=40 inst=83 rollout "Ska Harpyformer" Creature lvl0 hero1
t=6 ph=3 ap=0 snaps=6340 hooks=40 inst=83 leakyRollout "Ska Harpyformer" +8.69MB hooks=[beforeDamage:1 afterDamage:1 beforeCreatureDamageBatch:1 onCardLeaveZone:1 onCreatureDeath:1 afterCreatureDamageBatch:1] cards=[Layn, Defender of Deri:24 Toughness:2 Performance:2 Telekinesis:2 Ska Harpyformer:1 Bakhm, the Desert Digger:1]
t=6 ph=3 ap=0 snaps=6340 hooks=40 inst=83 rollout "Ska Harpyformer" Creature lvl0 hero1
t=6 ph=3 ap=0 snaps=6345 hooks=40 inst=83 rollout "Ska Harpyformer" Creature lvl0 hero1
t=6 ph=3 ap=0 snaps=6346 hooks=40 inst=83 leakyRollout "Ska Harpyformer" +5.11MB hooks=[onCardLeaveZone:4 onCreatureDeath:3 afterSpellResolved:2 onDraw:1 beforeDrawBatch:1 onAnyActionResolved:1] cards=[Layn, Defender of Deri:10 Performance:4 Toughness:3 Creativity:2 Ska Harpyformer:1 Bakhm, the Desert Digger:1]
t=6 ph=3 ap=0 snaps=6346 hooks=40 inst=83 rollout "Ska Harpyformer" Creature lvl0 hero1
t=6 ph=3 ap=0 snaps=6347 hooks=40 inst=83 leakyRollout "Ska Harpyformer" +2.50MB hooks=[onCardLeaveZone:2 onCardEnterZone:2 onDraw:1 beforeDrawBatch:1 onAnyActionResolved:1 afterSpellResolved:1] cards=[Layn, Defender of Deri:11 Performance:4 Toughness:3 Creativity:2 Ska Harpyformer:1 Bakhm, the Desert Digger:1]
t=6 ph=3 ap=0 snaps=6347 hooks=40 inst=83 rollout "Ska Harpyformer" Creature lvl0 hero1
t=6 ph=3 ap=0 snaps=6352 hooks=40 inst=83 rollout "Ska Harpyformer" Creature lvl0 hero1
t=6 ph=3 ap=0 snaps=6353 hooks=40 inst=83 leakyRollout "Ska Harpyformer" +2.25MB hooks=[onCardLeaveZone:5 onCreatureDeath:3 afterSpellResolved:2 onCardEnterZone:1 onAnyActionResolved:1 beforeCreatureDamageBatch:1] cards=[Layn, Defender of Deri:11 Performance:4 Toughness:3 Creativity:2 Ska Harpyformer:1 Bakhm, the Desert Digger:1]
t=6 ph=3 ap=0 snaps=6353 hooks=40 inst=83 rollout "Ska Harpyformer" Creature lvl0 hero1
t=6 ph=3 ap=0 snaps=6354 hooks=40 inst=83 leakyRollout "Ska Harpyformer" +2.56MB hooks=[onCardLeaveZone:4 onCreatureDeath:3 afterSpellResolved:2 onDraw:1 onCardEnterZone:1 beforeDrawBatch:1] cards=[Layn, Defender of Deri:11 Performance:4 Toughness:3 Creativity:2 Ska Harpyformer:1 Bakhm, the Desert Digger:1]
t=6 ph=3 ap=0 snaps=6354 hooks=40 inst=83 rollout "Ska Harpyformer" Creature lvl0 hero1
t=6 ph=3 ap=0 snaps=6355 hooks=40 inst=83 leakyRollout "Ska Harpyformer" +3.59MB hooks=[onCardLeaveZone:4 onCreatureDeath:3 afterSpellResolved:2 onDraw:1 onCardEnterZone:1 beforeDrawBatch:1] cards=[Layn, Defender of Deri:11 Performance:4 Toughness:3 Creativity:2 Ska Harpyformer:1 Bakhm, the Desert Digger:1]
t=6 ph=3 ap=0 snaps=6355 hooks=40 inst=83 rollout "Ska Harpyformer" Creature lvl0 hero1
t=6 ph=3 ap=0 snaps=6359 hooks=40 inst=83 rollout "Ska Harpyformer" Creature lvl0 hero1
t=6 ph=3 ap=0 snaps=6360 hooks=40 inst=83 leakyRollout "Ska Harpyformer" +2.47MB hooks=[onCardLeaveZone:4 onCreatureDeath:3 afterSpellResolved:2 onDraw:1 onCardEnterZone:1 beforeDrawBatch:1] cards=[Layn, Defender of Deri:11 Performance:4 Toughness:3 Creativity:2 Ska Harpyformer:1 Bakhm, the Desert Digger:1]
t=6 ph=3 ap=0 snaps=6360 hooks=40 inst=83 rollout "Ska Harpyformer" Creature lvl0 hero1
t=6 ph=3 ap=0 snaps=6361 hooks=40 inst=83 leakyRollout "Ska Harpyformer" +2.61MB hooks=[onCardLeaveZone:4 onCreatureDeath:3 afterSpellResolved:2 onDraw:1 onCardEnterZone:1 beforeDrawBatch:1] cards=[Layn, Defender of Deri:11 Performance:4 Toughness:3 Creativity:2 Ska Harpyformer:1 Bakhm, the Desert Digger:1]
t=6 ph=3 ap=0 snaps=6361 hooks=40 inst=83 rollout "Ska Harpyformer" Creature lvl0 hero1
t=6 ph=3 ap=0 snaps=6362 hooks=40 inst=83 leakyRollout "Ska Harpyformer" +3.52MB hooks=[onCardLeaveZone:5 onCreatureDeath:3 afterSpellResolved:2 onCardEnterZone:1 onAnyActionResolved:1 beforeCreatureDamageBatch:1] cards=[Layn, Defender of Deri:11 Performance:4 Toughness:3 Creativity:2 Ska Harpyformer:1 Bakhm, the Desert Digger:1]
t=6 ph=3 ap=0 snaps=6362 hooks=40 inst=83 rollout "Ska Harpyformer" Creature lvl0 hero1
t=6 ph=3 ap=0 snaps=6363 hooks=40 inst=83 leakyRollout "Ska Harpyformer" +3.14MB hooks=[onCardLeaveZone:3 onCreatureDeath:2 afterSpellResolved:2 onDraw:1 onCardEnterZone:1 beforeDrawBatch:1] cards=[Layn, Defender of Deri:11 Performance:4 Toughness:3 Creativity:2 Ska Harpyformer:1 Bakhm, the Desert Digger:1]
t=6 ph=3 ap=0 snaps=6363 hooks=40 inst=83 rollout "Ska Harpyformer" Creature lvl0 hero1
t=6 ph=3 ap=0 snaps=6376 hooks=40 inst=83 rollout "Ska Harpyformer" Creature lvl0 hero1
t=6 ph=3 ap=0 snaps=6377 hooks=40 inst=83 leakyRollout "Ska Harpyformer" +3.70MB hooks=[onCardLeaveZone:4 onCreatureDeath:3 afterSpellResolved:2 onDraw:1 onCardEnterZone:1 beforeDrawBatch:1] cards=[Layn, Defender of Deri:11 Performance:4 Toughness:3 Creativity:2 Ska Harpyformer:1 Bakhm, the Desert Digger:1]
t=6 ph=3 ap=0 snaps=6377 hooks=40 inst=83 rollout "Ska Harpyformer" Creature lvl0 hero1
t=6 ph=3 ap=0 snaps=6378 hooks=40 inst=83 leakyRollout "Ska Harpyformer" +3.29MB hooks=[onCardLeaveZone:4 onCreatureDeath:3 afterSpellResolved:2 onDraw:1 onCardEnterZone:1 beforeDrawBatch:1] cards=[Layn, Defender of Deri:11 Performance:4 Toughness:3 Creativity:2 Ska Harpyformer:1 Bakhm, the Desert Digger:1]
t=6 ph=3 ap=0 snaps=6378 hooks=40 inst=83 rollout "Ska Harpyformer" Creature lvl0 hero1
t=6 ph=3 ap=0 snaps=6379 hooks=40 inst=83 leakyRollout "Ska Harpyformer" +2.47MB hooks=[onCardLeaveZone:5 onCreatureDeath:3 afterSpellResolved:2 onCardEnterZone:1 onAnyActionResolved:1 beforeCreatureDamageBatch:1] cards=[Layn, Defender of Deri:11 Performance:4 Toughness:3 Creativity:2 Ska Harpyformer:1 Bakhm, the Desert Digger:1]
t=6 ph=3 ap=0 snaps=6379 hooks=40 inst=83 rollout "Ska Harpyformer" Creature lvl0 hero1
t=6 ph=3 ap=0 snaps=6380 hooks=40 inst=83 leakyRollout "Ska Harpyformer" +3.00MB hooks=[onCardLeaveZone:5 onCreatureDeath:3 afterSpellResolved:2 onCardEnterZone:1 onAnyActionResolved:1 beforeCreatureDamageBatch:1] cards=[Layn, Defender of Deri:11 Performance:4 Toughness:3 Creativity:2 Ska Harpyformer:1 Bakhm, the Desert Digger:1]
t=6 ph=3 ap=0 snaps=6380 hooks=40 inst=83 rollout "Ska Harpyformer" Creature lvl0 hero1
t=6 ph=3 ap=0 snaps=6381 hooks=40 inst=83 leakyRollout "Ska Harpyformer" +2.91MB hooks=[onCardLeaveZone:5 onCreatureDeath:3 afterSpellResolved:2 onCardEnterZone:1 onAnyActionResolved:1 beforeCreatureDamageBatch:1] cards=[Layn, Defender of Deri:11 Performance:4 Toughness:3 Creativity:2 Ska Harpyformer:1 Bakhm, the Desert Digger:1]
t=6 ph=3 ap=0 snaps=6381 hooks=40 inst=83 rollout "Ska Harpyformer" Creature lvl0 hero1
t=6 ph=3 ap=0 snaps=6395 hooks=40 inst=83 rollout "Ska Harpyformer" Creature lvl0 hero1
t=6 ph=3 ap=0 snaps=6396 hooks=40 inst=83 leakyRollout "Ska Harpyformer" +10.48MB hooks=[onCardLeaveZone:5 onCreatureDeath:3 onCardEnterZone:2 afterSpellResolved:2 onAnyActionResolved:1 beforeCreatureDamageBatch:1] cards=[Layn, Defender of Deri:12 Performance:4 Toughness:3 Creativity:2 Ska Harpyformer:1 Bakhm, the Desert Digger:1]
t=6 ph=3 ap=0 snaps=6396 hooks=40 inst=83 rollout "Ska Harpyformer" Creature lvl0 hero1
t=6 ph=3 ap=0 snaps=6410 hooks=40 inst=83 rollout "Ska Harpyformer" Creature lvl0 hero1
t=6 ph=3 ap=0 snaps=6411 hooks=40 inst=83 leakyRollout "Ska Harpyformer" +9.84MB hooks=[onCardEnterZone:3 onCardLeaveZone:2 onDraw:1 beforeDrawBatch:1 onAnyActionResolved:1 afterSpellResolved:1] cards=[Layn, Defender of Deri:12 Performance:4 Toughness:3 Creativity:2 Ska Harpyformer:1 Bakhm, the Desert Digger:1]
t=6 ph=3 ap=0 snaps=6411 hooks=40 inst=83 rollout "Ska Harpyformer" Creature lvl0 hero1
t=6 ph=3 ap=0 snaps=6417 hooks=40 inst=83 rollout "Ska Harpyformer" Creature lvl0 hero1
t=6 ph=3 ap=0 snaps=6418 hooks=40 inst=83 leakyRollout "Ska Harpyformer" +8.57MB hooks=[onCardEnterZone:3 onCardLeaveZone:2 onDraw:1 beforeDrawBatch:1 onAnyActionResolved:1 afterSpellResolved:1] cards=[Layn, Defender of Deri:12 Performance:4 Toughness:3 Creativity:2 Ska Harpyformer:1 Bakhm, the Desert Digger:1]
t=6 ph=3 ap=0 snaps=6418 hooks=40 inst=83 rollout "Ska Harpyformer" Creature lvl0 hero1
t=6 ph=3 ap=0 snaps=6419 hooks=40 inst=83 leakyRollout "Ska Harpyformer" +2.80MB hooks=[onCardEnterZone:3 onCardLeaveZone:2 onDraw:1 beforeDrawBatch:1 onAnyActionResolved:1 afterSpellResolved:1] cards=[Layn, Defender of Deri:12 Performance:4 Toughness:3 Creativity:2 Ska Harpyformer:1 Bakhm, the Desert Digger:1]
t=6 ph=3 ap=0 snaps=6419 hooks=40 inst=83 rollout "Ska Harpyformer" Creature lvl0 hero1
t=6 ph=3 ap=0 snaps=6432 hooks=40 inst=83 rollout "Ska Harpyformer" Creature lvl0 hero1
t=6 ph=3 ap=0 snaps=6442 hooks=40 inst=83 rollout "Ska Harpyformer" Creature lvl0 hero1
t=6 ph=3 ap=0 snaps=6443 hooks=40 inst=83 rollout "Ska Harpyformer" Creature lvl0 hero1
t=6 ph=3 ap=0 snaps=6459 hooks=40 inst=83 leakyRollout "Ska Harpyformer" +1.15MB hooks=[onCardLeaveZone:3 beforeDamage:2 afterDamage:2 beforeCreatureDamageBatch:2 onCreatureDeath:2 afterCreatureDamageBatch:2] cards=[Layn, Defender of Deri:21 Toughness:2 Performance:2 Rain of Arrows:2 Telekinesis:2 Ska Harpyformer:1]
t=6 ph=3 ap=0 snaps=6459 hooks=40 inst=83 rollout "Ska Harpyformer" Creature lvl0 hero1
t=6 ph=3 ap=0 snaps=6460 hooks=40 inst=83 leakyRollout "Ska Harpyformer" +1.74MB hooks=[onCardLeaveZone:4 onCreatureDeath:3 afterSpellResolved:2 onDraw:1 onCardEnterZone:1 beforeDrawBatch:1] cards=[Layn, Defender of Deri:11 Performance:4 Toughness:3 Creativity:2 Ska Harpyformer:1 Bakhm, the Desert Digger:1]
t=6 ph=3 ap=0 snaps=6460 hooks=40 inst=83 rollout "Ska Harpyformer" Creature lvl0 hero1
t=6 ph=3 ap=0 snaps=6461 hooks=40 inst=83 leakyRollout "Ska Harpyformer" +3.27MB hooks=[onCardEnterZone:3 onCardLeaveZone:2 onDraw:1 beforeDrawBatch:1 onAnyActionResolved:1 afterSpellResolved:1] cards=[Layn, Defender of Deri:12 Performance:4 Toughness:3 Creativity:2 Ska Harpyformer:1 Bakhm, the Desert Digger:1]
t=6 ph=3 ap=0 snaps=6461 hooks=40 inst=83 rollout "Ska Harpyformer" Creature lvl0 hero1
t=6 ph=3 ap=0 snaps=6462 hooks=40 inst=83 leakyRollout "Ska Harpyformer" +3.02MB hooks=[onCardLeaveZone:2 onCardEnterZone:2 onDraw:1 beforeDrawBatch:1 onAnyActionResolved:1 afterSpellResolved:1] cards=[Layn, Defender of Deri:11 Performance:4 Toughness:3 Creativity:2 Ska Harpyformer:1 Bakhm, the Desert Digger:1]
t=6 ph=3 ap=0 snaps=6462 hooks=40 inst=83 rollout "Ska Harpyformer" Creature lvl0 hero1
t=6 ph=3 ap=0 snaps=6480 hooks=40 inst=83 rollout "Ska Harpyformer" Creature lvl0 hero1
t=6 ph=3 ap=0 snaps=6484 hooks=40 inst=83 leakyRollout "Ska Harpyformer" +17.62MB hooks=[onCardLeaveZone:4 onCreatureDeath:3 onCardEnterZone:3 beforeDamage:2 afterDamage:2 beforeCreatureDamageBatch:1] cards=[Layn, Defender of Deri:25 Toughness:2 Bakhm, the Desert Digger:2 Performance:2 Ska Harpyformer:1 Rain of Arrows:1]
t=6 ph=3 ap=0 snaps=6484 hooks=40 inst=83 rollout "Ska Harpyformer" Creature lvl0 hero1
t=6 ph=3 ap=0 snaps=6485 hooks=40 inst=83 rollout "Ska Harpyformer" Creature lvl0 hero1
t=6 ph=3 ap=0 snaps=6489 hooks=40 inst=83 summon "Ska Harpyformer" p0/h1
t=6 ph=5 ap=0 snaps=6540 hooks=49 inst=84 switchTurn ending p0
t=7 ph=2 ap=1 snaps=6540 hooks=11 inst=86 cpuTurnStart cpu=p1 hand=15

=== GAME 2/1000: Depths of the Cosmos vs Venom Swamp @ 2026-05-01T11:36:10.404Z ===
t=1 ph=2 ap=0 snaps=0 hooks=10 inst=29 cpuTurnStart cpu=p0 hand=6
t=1 ph=5 ap=0 snaps=4 hooks=20 inst=31 switchTurn ending p0
t=2 ph=2 ap=1 snaps=4 hooks=13 inst=32 cpuTurnStart cpu=p1 hand=6
t=2 ph=3 ap=1 snaps=8 hooks=26 inst=37 rollout "Poisoned Well" Spell lvl3 hero1
t=2 ph=3 ap=1 snaps=46 hooks=26 inst=37 leakyRollout "Poisoned Well" +4.97MB hooks=[modifyPoisonDamage:3 beforeDamage:3 afterDamage:3] cards=[Wealth:22 Zsos'Ssar, the Serpent Warlord:20 Fiona, the Princess of Blackport:17 Medea, the Swamp Witch:16 Argos, the Eye of the Cosmos:6 Poisoned Well:1]
t=2 ph=3 ap=1 snaps=46 hooks=26 inst=37 rollout "The Warlord's Bite" Spell lvl1 hero0
t=2 ph=3 ap=1 snaps=82 hooks=26 inst=37 leakyRollout "The Warlord's Bite" +15.91MB hooks=[modifyPoisonDamage:4 beforeDamage:3 afterDamage:3 beforeCreatureDamageBatch:1 onCardLeaveZone:1 onCreatureDeath:1] cards=[Wealth:20 Zsos'Ssar, the Serpent Warlord:14 Medea, the Swamp Witch:12 Fiona, the Princess of Blackport:9 Argos, the Eye of the Cosmos:7 The Warlord's Bite:2]
t=2 ph=3 ap=1 snaps=82 hooks=26 inst=37 rollout "The Warlord's Bite" Spell lvl1 hero1
t=2 ph=3 ap=1 snaps=110 hooks=26 inst=37 leakyRollout "The Warlord's Bite" +8.15MB hooks=[modifyPoisonDamage:3 beforeDamage:2 afterDamage:2 beforeCreatureDamageBatch:1 onCardLeaveZone:1 onCreatureDeath:1] cards=[Wealth:20 Zsos'Ssar, the Serpent Warlord:13 Medea, the Swamp Witch:11 Fiona, the Princess of Blackport:10 Argos, the Eye of the Cosmos:2 The Warlord's Bite:2]
t=2 ph=3 ap=1 snaps=110 hooks=26 inst=37 rollout "The Warlord's Bite" Spell lvl1 hero0
t=2 ph=3 ap=1 snaps=144 hooks=26 inst=37 leakyRollout "The Warlord's Bite" +12.46MB hooks=[modifyPoisonDamage:4 beforeDamage:3 afterDamage:3 onHeroKO:1 beforeCreatureDamageBatch:1 onCardLeaveZone:1] cards=[Wealth:18 Zsos'Ssar, the Serpent Warlord:17 Fiona, the Princess of Blackport:15 Medea, the Swamp Witch:14 Argos, the Eye of the Cosmos:5 The Warlord's Bite:2]
t=2 ph=3 ap=1 snaps=144 hooks=26 inst=37 rollout "The Warlord's Bite" Spell lvl1 hero1
t=2 ph=3 ap=1 snaps=169 hooks=26 inst=37 leakyRollout "The Warlord's Bite" +5.43MB hooks=[modifyPoisonDamage:3 beforeDamage:2 afterDamage:2 beforeCreatureDamageBatch:1 onCardLeaveZone:1 onCreatureDeath:1] cards=[Wealth:20 Zsos'Ssar, the Serpent Warlord:14 Fiona, the Princess of Blackport:12 Medea, the Swamp Witch:11 Argos, the Eye of the Cosmos:6 Poison Pollen:2]
t=2 ph=3 ap=1 snaps=169 hooks=26 inst=37 rollout "Poison Pollen" Spell lvl1 hero0
t=2 ph=3 ap=1 snaps=199 hooks=26 inst=37 leakyRollout "Poison Pollen" +3.22MB hooks=[modifyPoisonDamage:3 beforeDamage:2 afterDamage:2 beforeCreatureDamageBatch:1 afterCreatureDamageBatch:1] cards=[Wealth:18 Zsos'Ssar, the Serpent Warlord:11 Fiona, the Princess of Blackport:9 Argos, the Eye of the Cosmos:7 Medea, the Swamp Witch:7 Analyzer from the Cosmic Depths:6]
t=2 ph=3 ap=1 snaps=199 hooks=26 inst=37 rollout "Poison Pollen" Spell lvl1 hero1
t=2 ph=3 ap=1 snaps=222 hooks=26 inst=37 leakyRollout "Poison Pollen" +2.26MB hooks=[modifyPoisonDamage:3 beforeDamage:2 afterDamage:2 beforeCreatureDamageBatch:1 onCardLeaveZone:1 onCreatureDeath:1] cards=[Zsos'Ssar, the Serpent Warlord:13 Medea, the Swamp Witch:11 Wealth:8 Argos, the Eye of the Cosmos:4 Fiona, the Princess of Blackport:3 Poison Pollen:2]
t=2 ph=3 ap=1 snaps=222 hooks=26 inst=37 rollout "Poisoned Well" Spell lvl3 hero1
t=2 ph=3 ap=1 snaps=252 hooks=26 inst=37 leakyRollout "Poisoned Well" +10.49MB hooks=[modifyPoisonDamage:3 beforeDamage:3 afterDamage:3] cards=[Zsos'Ssar, the Serpent Warlord:23 Wealth:22 Medea, the Swamp Witch:18 Fiona, the Princess of Blackport:17 Argos, the Eye of the Cosmos:6 The Warlord's Bite:2]
t=2 ph=3 ap=1 snaps=252 hooks=26 inst=37 rollout "Poisoned Well" Spell lvl3 hero1
t=2 ph=3 ap=1 snaps=284 hooks=26 inst=37 rollout "Poisoned Well" Spell lvl3 hero1
t=2 ph=3 ap=1 snaps=312 hooks=26 inst=37 leakyRollout "Poisoned Well" +6.47MB hooks=[modifyPoisonDamage:4 beforeDamage:3 afterDamage:3 beforeCreatureDamageBatch:1 onCardLeaveZone:1 onCreatureDeath:1] cards=[Wealth:24 Zsos'Ssar, the Serpent Warlord:20 Fiona, the Princess of Blackport:17 Medea, the Swamp Witch:17 Argos, the Eye of the Cosmos:6 The Warlord's Bite:2]
t=2 ph=3 ap=1 snaps=312 hooks=26 inst=37 rollout "Poisoned Well" Spell lvl3 hero1
t=2 ph=3 ap=1 snaps=355 hooks=26 inst=37 rollout "Poisoned Well" Spell lvl3 hero1
t=2 ph=3 ap=1 snaps=379 hooks=26 inst=37 rollout "Poisoned Well" Spell lvl3 hero1
t=2 ph=3 ap=1 snaps=407 hooks=26 inst=37 leakyRollout "Poisoned Well" +5.73MB hooks=[modifyPoisonDamage:4 beforeDamage:3 afterDamage:3 beforeCreatureDamageBatch:1 onCardLeaveZone:1 onCreatureDeath:1] cards=[Wealth:20 Zsos'Ssar, the Serpent Warlord:20 Medea, the Swamp Witch:17 Fiona, the Princess of Blackport:15 Argos, the Eye of the Cosmos:6 The Warlord's Bite:2]
t=2 ph=3 ap=1 snaps=407 hooks=26 inst=37 rollout "Poisoned Well" Spell lvl3 hero1
t=2 ph=3 ap=1 snaps=436 hooks=26 inst=37 rollout "Poisoned Well" Spell lvl3 hero1
t=2 ph=3 ap=1 snaps=475 hooks=26 inst=37 leakyRollout "Poisoned Well" +3.98MB hooks=[modifyPoisonDamage:3 beforeDamage:3 afterDamage:3] cards=[Zsos'Ssar, the Serpent Warlord:21 Medea, the Swamp Witch:17 Fiona, the Princess of Blackport:15 Wealth:14 Argos, the Eye of the Cosmos:5 Poison Pollen:2]
t=2 ph=3 ap=1 snaps=475 hooks=26 inst=37 rollout "The Warlord's Bite" Spell lvl1 hero0
t=2 ph=3 ap=1 snaps=501 hooks=26 inst=37 leakyRollout "The Warlord's Bite" +4.80MB hooks=[modifyPoisonDamage:3 beforeDamage:3 afterDamage:3 onHeroKO:1] cards=[Wealth:22 Fiona, the Princess of Blackport:18 Zsos'Ssar, the Serpent Warlord:18 Medea, the Swamp Witch:13 Argos, the Eye of the Cosmos:6 The Warlord's Bite:2]
t=2 ph=3 ap=1 snaps=501 hooks=26 inst=37 rollout "The Warlord's Bite" Spell lvl1 hero0
t=2 ph=3 ap=1 snaps=530 hooks=26 inst=37 rollout "The Warlord's Bite" Spell lvl1 hero0
t=2 ph=3 ap=1 snaps=564 hooks=26 inst=37 leakyRollout "The Warlord's Bite" +9.33MB hooks=[modifyPoisonDamage:4 beforeDamage:3 afterDamage:3 beforeCreatureDamageBatch:1 onCardLeaveZone:1 onCreatureDeath:1] cards=[Wealth:20 Zsos'Ssar, the Serpent Warlord:19 Fiona, the Princess of Blackport:18 Medea, the Swamp Witch:16 Argos, the Eye of the Cosmos:6 The Warlord's Bite:2]
t=2 ph=3 ap=1 snaps=564 hooks=26 inst=37 rollout "The Warlord's Bite" Spell lvl1 hero0
t=2 ph=3 ap=1 snaps=591 hooks=26 inst=37 leakyRollout "The Warlord's Bite" +3.94MB hooks=[modifyPoisonDamage:4 beforeDamage:3 afterDamage:3 beforeCreatureDamageBatch:1 onCardLeaveZone:1 onCreatureDeath:1] cards=[Wealth:20 Zsos'Ssar, the Serpent Warlord:19 Medea, the Swamp Witch:18 Fiona, the Princess of Blackport:17 Argos, the Eye of the Cosmos:6 The Warlord's Bite:2]
t=2 ph=3 ap=1 snaps=591 hooks=26 inst=37 rollout "The Warlord's Bite" Spell lvl1 hero0
t=2 ph=3 ap=1 snaps=612 hooks=26 inst=37 rollout "The Warlord's Bite" Spell lvl1 hero0
t=2 ph=3 ap=1 snaps=652 hooks=26 inst=37 leakyRollout "The Warlord's Bite" +2.88MB hooks=[modifyPoisonDamage:4 beforeDamage:3 afterDamage:3 onHeroKO:1 beforeCreatureDamageBatch:1 onCardLeaveZone:1] cards=[Wealth:18 Zsos'Ssar, the Serpent Warlord:16 Fiona, the Princess of Blackport:15 Medea, the Swamp Witch:14 Argos, the Eye of the Cosmos:5 The Warlord's Bite:2]
t=2 ph=3 ap=1 snaps=652 hooks=26 inst=37 rollout "The Warlord's Bite" Spell lvl1 hero1
t=2 ph=3 ap=1 snaps=687 hooks=26 inst=37 leakyRollout "The Warlord's Bite" +2.41MB hooks=[modifyPoisonDamage:3 beforeDamage:2 afterDamage:2 onCardLeaveZone:2 onCreatureDeath:2 beforeCreatureDamageBatch:1] cards=[Wealth:20 Zsos'Ssar, the Serpent Warlord:13 Medea, the Swamp Witch:11 Fiona, the Princess of Blackport:10 Argos, the Eye of the Cosmos:7 Gatherer from the Cosmic Depths:5]
t=2 ph=3 ap=1 snaps=687 hooks=26 inst=37 rollout "The Warlord's Bite" Spell lvl1 hero1
t=2 ph=3 ap=1 snaps=710 hooks=26 inst=37 leakyRollout "The Warlord's Bite" +1.18MB hooks=[modifyPoisonDamage:3 onCardLeaveZone:3 onCreatureDeath:3 beforeDamage:2 afterDamage:2 beforeCreatureDamageBatch:1] cards=[Wealth:24 Zsos'Ssar, the Serpent Warlord:14 Fiona, the Princess of Blackport:13 Medea, the Swamp Witch:11 Argos, the Eye of the Cosmos:7 The Warlord's Bite:2]
t=2 ph=3 ap=1 snaps=710 hooks=26 inst=37 rollout "The Warlord's Bite" Spell lvl1 hero1
t=2 ph=3 ap=1 snaps=755 hooks=26 inst=37 leakyRollout "The Warlord's Bite" +8.47MB hooks=[modifyPoisonDamage:4 beforeDamage:3 afterDamage:3 onHeroKO:1 beforeCreatureDamageBatch:1 afterCreatureDamageBatch:1] cards=[Wealth:16 Zsos'Ssar, the Serpent Warlord:15 Medea, the Swamp Witch:11 Fiona, the Princess of Blackport:10 Argos, the Eye of the Cosmos:7 The Warlord's Bite:2]
t=2 ph=3 ap=1 snaps=755 hooks=26 inst=37 rollout "The Warlord's Bite" Spell lvl1 hero1
t=2 ph=3 ap=1 snaps=782 hooks=26 inst=37 rollout "The Warlord's Bite" Spell lvl1 hero1
t=2 ph=3 ap=1 snaps=810 hooks=26 inst=37 rollout "The Warlord's Bite" Spell lvl1 hero1
t=2 ph=3 ap=1 snaps=845 hooks=26 inst=37 leakyRollout "The Warlord's Bite" +15.41MB hooks=[modifyPoisonDamage:3 beforeDamage:2 afterDamage:2 beforeCreatureDamageBatch:1 onCardLeaveZone:1 onCreatureDeath:1] cards=[Wealth:18 Zsos'Ssar, the Serpent Warlord:17 Fiona, the Princess of Blackport:16 Medea, the Swamp Witch:15 Argos, the Eye of the Cosmos:2 The Warlord's Bite:2]
t=2 ph=3 ap=1 snaps=845 hooks=26 inst=37 rollout "The Warlord's Bite" Spell lvl1 hero1
t=2 ph=3 ap=1 snaps=872 hooks=26 inst=37 rollout "The Warlord's Bite" Spell lvl1 hero0
t=2 ph=3 ap=1 snaps=907 hooks=26 inst=37 rollout "The Warlord's Bite" Spell lvl1 hero0
t=2 ph=3 ap=1 snaps=938 hooks=26 inst=37 rollout "The Warlord's Bite" Spell lvl1 hero0
t=2 ph=3 ap=1 snaps=969 hooks=26 inst=37 leakyRollout "The Warlord's Bite" +8.94MB hooks=[modifyPoisonDamage:4 beforeDamage:3 afterDamage:3 beforeCreatureDamageBatch:1 onCardLeaveZone:1 onCreatureDeath:1] cards=[Wealth:20 Zsos'Ssar, the Serpent Warlord:19 Fiona, the Princess of Blackport:18 Medea, the Swamp Witch:16 Argos, the Eye of the Cosmos:6 The Warlord's Bite:2]
t=2 ph=3 ap=1 snaps=969 hooks=26 inst=37 rollout "The Warlord's Bite" Spell lvl1 hero0
t=2 ph=3 ap=1 snaps=998 hooks=26 inst=37 rollout "The Warlord's Bite" Spell lvl1 hero0
t=2 ph=3 ap=1 snaps=1027 hooks=26 inst=37 leakyRollout "The Warlord's Bite" +8.04MB hooks=[modifyPoisonDamage:4 beforeDamage:3 afterDamage:3 onCardLeaveZone:2 onCreatureDeath:2 beforeCreatureDamageBatch:1] cards=[Wealth:18 Fiona, the Princess of Blackport:14 Zsos'Ssar, the Serpent Warlord:13 Medea, the Swamp Witch:11 Argos, the Eye of the Cosmos:6 Poison Pollen:2]
t=2 ph=3 ap=1 snaps=1027 hooks=26 inst=37 rollout "The Warlord's Bite" Spell lvl1 hero0
t=2 ph=3 ap=1 snaps=1058 hooks=26 inst=37 rollout "The Warlord's Bite" Spell lvl1 hero1
t=2 ph=3 ap=1 snaps=1085 hooks=26 inst=37 leakyRollout "The Warlord's Bite" +7.41MB hooks=[modifyPoisonDamage:2 beforeDamage:2 afterDamage:2] cards=[Wealth:20 Zsos'Ssar, the Serpent Warlord:13 Fiona, the Princess of Blackport:11 Medea, the Swamp Witch:10 Argos, the Eye of the Cosmos:2 The Warlord's Bite:2]
t=2 ph=3 ap=1 snaps=1085 hooks=26 inst=37 rollout "The Warlord's Bite" Spell lvl1 hero1
t=2 ph=3 ap=1 snaps=1108 hooks=26 inst=37 leakyRollout "The Warlord's Bite" +1.05MB hooks=[modifyPoisonDamage:3 beforeDamage:2 afterDamage:2 onCardLeaveZone:2 onCreatureDeath:2 beforeCreatureDamageBatch:1] cards=[Wealth:18 Fiona, the Princess of Blackport:14 Zsos'Ssar, the Serpent Warlord:13 Medea, the Swamp Witch:11 Argos, the Eye of the Cosmos:6 Poison Pollen:2]
t=2 ph=3 ap=1 snaps=1108 hooks=26 inst=37 rollout "The Warlord's Bite" Spell lvl1 hero1
t=2 ph=3 ap=1 snaps=1140 hooks=26 inst=37 rollout "The Warlord's Bite" Spell lvl1 hero1
t=2 ph=3 ap=1 snaps=1167 hooks=26 inst=37 leakyRollout "The Warlord's Bite" +4.85MB hooks=[modifyPoisonDamage:4 beforeDamage:3 afterDamage:3 beforeCreatureDamageBatch:1 afterCreatureDamageBatch:1] cards=[Zsos'Ssar, the Serpent Warlord:20 Medea, the Swamp Witch:19 Fiona, the Princess of Blackport:18 Wealth:18 Argos, the Eye of the Cosmos:6 The Warlord's Bite:2]
t=2 ph=3 ap=1 snaps=1167 hooks=26 inst=37 rollout "The Warlord's Bite" Spell lvl1 hero1
t=2 ph=3 ap=1 snaps=1195 hooks=26 inst=37 rollout "The Warlord's Bite" Spell lvl1 hero1
t=2 ph=3 ap=1 snaps=1228 hooks=26 inst=37 leakyRollout "The Warlord's Bite" +9.23MB hooks=[modifyPoisonDamage:3 beforeDamage:2 afterDamage:2 beforeCreatureDamageBatch:1 onCardLeaveZone:1 onCreatureDeath:1] cards=[Wealth:18 Zsos'Ssar, the Serpent Warlord:17 Fiona, the Princess of Blackport:16 Medea, the Swamp Witch:15 Argos, the Eye of the Cosmos:6 The Warlord's Bite:2]
t=2 ph=3 ap=1 snaps=1228 hooks=26 inst=37 rollout "The Warlord's Bite" Spell lvl1 hero1
t=2 ph=3 ap=1 snaps=1259 hooks=26 inst=37 rollout "Poison Pollen" Spell lvl1 hero0
t=2 ph=3 ap=1 snaps=1297 hooks=26 inst=37 leakyRollout "Poison Pollen" +3.06MB hooks=[modifyPoisonDamage:4 beforeDamage:3 afterDamage:3 onHeroKO:1 beforeCreatureDamageBatch:1 afterCreatureDamageBatch:1] cards=[Wealth:24 Fiona, the Princess of Blackport:9 Zsos'Ssar, the Serpent Warlord:8 Argos, the Eye of the Cosmos:7 Medea, the Swamp Witch:6 Poison Pollen:1]
t=2 ph=3 ap=1 snaps=1297 hooks=26 inst=37 rollout "Poison Pollen" Spell lvl1 hero0
t=2 ph=3 ap=1 snaps=1327 hooks=26 inst=37 leakyRollout "Poison Pollen" +8.42MB hooks=[modifyPoisonDamage:3 beforeDamage:2 afterDamage:2 onCardLeaveZone:2 onCreatureDeath:2 beforeCreatureDamageBatch:1] cards=[Zsos'Ssar, the Serpent Warlord:14 Medea, the Swamp Witch:11 Argos, the Eye of the Cosmos:7 Wealth:6 Fiona, the Princess of Blackport:2 The Warlord's Bite:2]
t=2 ph=3 ap=1 snaps=1327 hooks=26 inst=37 rollout "Poison Pollen" Spell lvl1 hero1
t=2 ph=3 ap=1 snaps=1364 hooks=26 inst=37 leakyRollout "Poison Pollen" +0.86MB hooks=[modifyPoisonDamage:3 beforeDamage:2 afterDamage:2 beforeCreatureDamageBatch:1 afterCreatureDamageBatch:1] cards=[Wealth:20 Zsos'Ssar, the Serpent Warlord:16 Medea, the Swamp Witch:13 Fiona, the Princess of Blackport:8 Argos, the Eye of the Cosmos:7 Gatherer from the Cosmic Depths:6]
t=2 ph=3 ap=1 snaps=1364 hooks=26 inst=37 rollout "Poison Pollen" Spell lvl1 hero1
t=2 ph=3 ap=1 snaps=1388 hooks=26 inst=37 rollout "Poison Pollen" Spell lvl1 hero1
t=2 ph=3 ap=1 snaps=1413 hooks=26 inst=37 rollout "Poison Pollen" Spell lvl1 hero1
t=2 ph=3 ap=1 snaps=1441 hooks=26 inst=37 leakyRollout "Poison Pollen" +8.97MB hooks=[modifyPoisonDamage:3 beforeDamage:2 afterDamage:2 beforeCreatureDamageBatch:1 afterCreatureDamageBatch:1] cards=[Wealth:22 Zsos'Ssar, the Serpent Warlord:14 Medea, the Swamp Witch:11 Fiona, the Princess of Blackport:8 Argos, the Eye of the Cosmos:7 Gatherer from the Cosmic Depths:4]
t=2 ph=3 ap=1 snaps=1441 hooks=26 inst=37 rollout "Poison Pollen" Spell lvl1 hero1
t=2 ph=3 ap=1 snaps=1462 hooks=26 inst=37 rollout "Poison Pollen" Spell lvl1 hero1
t=2 ph=3 ap=1 snaps=1503 hooks=26 inst=37 leakyRollout "Poison Pollen" +2.36MB hooks=[modifyPoisonDamage:3 beforeDamage:2 afterDamage:2 beforeCreatureDamageBatch:1 onCardLeaveZone:1 onCreatureDeath:1] cards=[Zsos'Ssar, the Serpent Warlord:15 Wealth:14 Medea, the Swamp Witch:11 Fiona, the Princess of Blackport:7 Argos, the Eye of the Cosmos:7 Gatherer from the Cosmic Depths:3]
t=2 ph=3 ap=1 snaps=1503 hooks=26 inst=37 rollout "Poison Pollen" Spell lvl1 hero1
t=2 ph=3 ap=1 snaps=1531 hooks=26 inst=37 rollout "Poison Pollen" Spell lvl1 hero1
t=2 ph=3 ap=1 snaps=1563 hooks=26 inst=37 leakyRollout "Poison Pollen" +11.75MB hooks=[modifyPoisonDamage:3 beforeDamage:2 afterDamage:2 beforeCreatureDamageBatch:1 afterCreatureDamageBatch:1] cards=[Wealth:20 Zsos'Ssar, the Serpent Warlord:14 Fiona, the Princess of Blackport:11 Medea, the Swamp Witch:8 Argos, the Eye of the Cosmos:4 Poison Pollen:2]
t=2 ph=3 ap=1 snaps=1563 hooks=26 inst=37 rollout "Poison Pollen" Spell lvl1 hero0
t=2 ph=3 ap=1 snaps=1591 hooks=26 inst=37 rollout "The Warlord's Bite" Spell lvl1 hero0
t=2 ph=3 ap=1 snaps=1630 hooks=26 inst=37 leakyRollout "The Warlord's Bite" +4.25MB hooks=[modifyPoisonDamage:3 beforeDamage:2 afterDamage:2 beforeCreatureDamageBatch:1 afterCreatureDamageBatch:1] cards=[Wealth:18 Zsos'Ssar, the Serpent Warlord:13 Fiona, the Princess of Blackport:12 Medea, the Swamp Witch:10 Argos, the Eye of the Cosmos:6 The Warlord's Bite:2]
t=2 ph=3 ap=1 snaps=1630 hooks=26 inst=37 rollout "The Warlord's Bite" Spell lvl1 hero1
t=2 ph=3 ap=1 snaps=1653 hooks=26 inst=37 leakyRollout "The Warlord's Bite" +0.97MB hooks=[modifyPoisonDamage:3 beforeDamage:2 afterDamage:2 beforeCreatureDamageBatch:1 onCardLeaveZone:1 onCreatureDeath:1] cards=[Wealth:22 Zsos'Ssar, the Serpent Warlord:15 Fiona, the Princess of Blackport:13 Medea, the Swamp Witch:11 Argos, the Eye of the Cosmos:2 The Warlord's Bite:2]
t=2 ph=3 ap=1 snaps=1653 hooks=26 inst=37 rollout "The Warlord's Bite" Spell lvl1 hero0
t=2 ph=3 ap=1 snaps=1692 hooks=26 inst=37 leakyRollout "The Warlord's Bite" +5.11MB hooks=[modifyPoisonDamage:4 beforeDamage:3 afterDamage:3 beforeCreatureDamageBatch:1 onCardLeaveZone:1 onCreatureDeath:1] cards=[Wealth:20 Zsos'Ssar, the Serpent Warlord:13 Fiona, the Princess of Blackport:12 Medea, the Swamp Witch:11 Argos, the Eye of the Cosmos:6 Divine Gift of the Guardian:3]
t=2 ph=3 ap=1 snaps=1692 hooks=26 inst=37 rollout "The Warlord's Bite" Spell lvl1 hero0
t=2 ph=3 ap=1 snaps=1728 hooks=26 inst=37 rollout "The Warlord's Bite" Spell lvl1 hero0
t=2 ph=3 ap=1 snaps=1767 hooks=26 inst=37 rollout "The Warlord's Bite" Spell lvl1 hero0
t=2 ph=3 ap=1 snaps=1794 hooks=26 inst=37 rollout "The Warlord's Bite" Spell lvl1 hero0
t=2 ph=3 ap=1 snaps=1821 hooks=26 inst=37 leakyRollout "The Warlord's Bite" +5.37MB hooks=[modifyPoisonDamage:4 beforeDamage:3 afterDamage:3 onHeroKO:1 beforeCreatureDamageBatch:1 onCardLeaveZone:1] cards=[Wealth:18 Zsos'Ssar, the Serpent Warlord:17 Fiona, the Princess of Blackport:15 Medea, the Swamp Witch:14 Argos, the Eye of the Cosmos:5 The Warlord's Bite:2]
t=2 ph=3 ap=1 snaps=1821 hooks=26 inst=37 rollout "The Warlord's Bite" Spell lvl1 hero0
t=2 ph=3 ap=1 snaps=1856 hooks=26 inst=37 leakyRollout "The Warlord's Bite" +1.99MB hooks=[modifyPoisonDamage:4 beforeDamage:3 afterDamage:3 onHeroKO:1 beforeCreatureDamageBatch:1 onCardLeaveZone:1] cards=[Wealth:18 Zsos'Ssar, the Serpent Warlord:16 Fiona, the Princess of Blackport:15 Medea, the Swamp Witch:14 Argos, the Eye of the Cosmos:5 The Warlord's Bite:2]
t=2 ph=3 ap=1 snaps=1856 hooks=26 inst=37 rollout "The Warlord's Bite" Spell lvl1 hero0
t=2 ph=3 ap=1 snaps=1883 hooks=26 inst=37 leakyRollout "The Warlord's Bite" +4.92MB hooks=[modifyPoisonDamage:4 beforeDamage:3 afterDamage:3 onHeroKO:1 beforeCreatureDamageBatch:1 onCardLeaveZone:1] cards=[Zsos'Ssar, the Serpent Warlord:18 Medea, the Swamp Witch:14 Wealth:12 Fiona, the Princess of Blackport:11 Argos, the Eye of the Cosmos:5 The Warlord's Bite:2]
t=2 ph=3 ap=1 snaps=1883 hooks=26 inst=37 rollout "The Warlord's Bite" Spell lvl1 hero0
t=2 ph=3 ap=1 snaps=1916 hooks=26 inst=37 rollout "The Warlord's Bite" Spell lvl1 hero1
t=2 ph=3 ap=1 snaps=1950 hooks=26 inst=37 leakyRollout "The Warlord's Bite" +11.52MB hooks=[modifyPoisonDamage:3 beforeDamage:2 afterDamage:2 beforeCreatureDamageBatch:1 onCardLeaveZone:1 onCreatureDeath:1] cards=[Wealth:22 Fiona, the Princess of Blackport:16 Zsos'Ssar, the Serpent Warlord:15 Medea, the Swamp Witch:13 Argos, the Eye of the Cosmos:2 The Warlord's Bite:2]
t=2 ph=3 ap=1 snaps=1950 hooks=26 inst=37 rollout "The Warlord's Bite" Spell lvl1 hero1
t=2 ph=3 ap=1 snaps=1988 hooks=26 inst=37 rollout "The Warlord's Bite" Spell lvl1 hero0
t=2 ph=3 ap=1 snaps=2014 hooks=26 inst=37 rollout "Poison Pollen" Spell lvl1 hero0
t=2 ph=3 ap=1 snaps=2035 hooks=26 inst=37 rollout "The Warlord's Bite" Spell lvl1 hero1
t=2 ph=3 ap=1 snaps=2058 hooks=26 inst=37 rollout "The Warlord's Bite" Spell lvl1 hero1
t=2 ph=3 ap=1 snaps=2085 hooks=26 inst=37 leakyRollout "The Warlord's Bite" +4.58MB hooks=[modifyPoisonDamage:3 beforeDamage:2 afterDamage:2 beforeCreatureDamageBatch:1 afterCreatureDamageBatch:1] cards=[Wealth:18 Zsos'Ssar, the Serpent Warlord:15 Fiona, the Princess of Blackport:11 Medea, the Swamp Witch:11 Argos, the Eye of the Cosmos:7 The Warlord's Bite:2]
t=2 ph=3 ap=1 snaps=2085 hooks=26 inst=37 rollout "The Warlord's Bite" Spell lvl1 hero0
t=2 ph=3 ap=1 snaps=2122 hooks=26 inst=37 rollout "The Warlord's Bite" Spell lvl1 hero1
t=2 ph=3 ap=1 snaps=2148 hooks=26 inst=37 leakyRollout "The Warlord's Bite" +4.17MB hooks=[modifyPoisonDamage:3 beforeDamage:2 afterDamage:2 beforeCreatureDamageBatch:1 afterCreatureDamageBatch:1] cards=[Wealth:22 Zsos'Ssar, the Serpent Warlord:13 Medea, the Swamp Witch:11 Fiona, the Princess of Blackport:9 Argos, the Eye of the Cosmos:7 The Warlord's Bite:2]
t=2 ph=3 ap=1 snaps=2148 hooks=26 inst=37 rollout "The Warlord's Bite" Spell lvl1 hero1
t=2 ph=3 ap=1 snaps=2187 hooks=26 inst=37 leakyRollout "The Warlord's Bite" +2.86MB hooks=[modifyPoisonDamage:2 beforeDamage:2 afterDamage:2] cards=[Wealth:20 Zsos'Ssar, the Serpent Warlord:17 Fiona, the Princess of Blackport:16 Medea, the Swamp Witch:15 Argos, the Eye of the Cosmos:6 The Warlord's Bite:2]
t=2 ph=3 ap=1 snaps=2187 hooks=26 inst=37 rollout "The Warlord's Bite" Spell lvl1 hero1
t=2 ph=3 ap=1 snaps=2220 hooks=26 inst=37 rollout "The Warlord's Bite" Spell lvl1 hero1
t=2 ph=3 ap=1 snaps=2243 hooks=26 inst=37 rollout "The Warlord's Bite" Spell lvl1 hero1
t=2 ph=3 ap=1 snaps=2271 hooks=26 inst=37 leakyRollout "The Warlord's Bite" +5.80MB hooks=[modifyPoisonDamage:3 beforeDamage:2 afterDamage:2 beforeCreatureDamageBatch:1 onCardLeaveZone:1 onCreatureDeath:1] cards=[Wealth:22 Fiona, the Princess of Blackport:17 Zsos'Ssar, the Serpent Warlord:17 Medea, the Swamp Witch:15 Argos, the Eye of the Cosmos:6 The Warlord's Bite:2]
t=2 ph=3 ap=1 snaps=2271 hooks=26 inst=37 rollout "The Warlord's Bite" Spell lvl1 hero0
t=2 ph=3 ap=1 snaps=2303 hooks=26 inst=37 rollout "The Warlord's Bite" Spell lvl1 hero0
t=2 ph=3 ap=1 snaps=2341 hooks=26 inst=37 rollout "The Warlord's Bite" Spell lvl1 hero0
t=2 ph=3 ap=1 snaps=2371 hooks=26 inst=37 leakyRollout "The Warlord's Bite" +10.70MB hooks=[modifyPoisonDamage:3 beforeDamage:3 afterDamage:3] cards=[Wealth:20 Fiona, the Princess of Blackport:12 Zsos'Ssar, the Serpent Warlord:11 Medea, the Swamp Witch:9 Argos, the Eye of the Cosmos:6 The Warlord's Bite:1]
t=2 ph=3 ap=1 snaps=2371 hooks=26 inst=37 rollout "The Warlord's Bite" Spell lvl1 hero1
t=2 ph=3 ap=1 snaps=2412 hooks=26 inst=37 rollout "The Warlord's Bite" Spell lvl1 hero0
t=2 ph=3 ap=1 snaps=2448 hooks=26 inst=37 leakyRollout "The Warlord's Bite" +15.02MB hooks=[modifyPoisonDamage:4 beforeDamage:3 afterDamage:3 beforeCreatureDamageBatch:1 onCardLeaveZone:1 onCreatureDeath:1] cards=[Wealth:20 Fiona, the Princess of Blackport:13 Zsos'Ssar, the Serpent Warlord:12 Medea, the Swamp Witch:11 Argos, the Eye of the Cosmos:6 Gatherer from the Cosmic Depths:4]
t=2 ph=3 ap=1 snaps=2448 hooks=26 inst=37 rollout "The Warlord's Bite" Spell lvl1 hero0
t=2 ph=5 ap=1 snaps=2480 hooks=36 inst=37 switchTurn ending p1
t=3 ph=2 ap=0 snaps=2480 hooks=13 inst=38 cpuTurnStart cpu=p0 hand=6
t=3 ph=3 ap=0 snaps=2485 hooks=18 inst=38 rollout "Gerrymander" Creature lvl1 hero1
t=3 ph=3 ap=0 snaps=2505 hooks=18 inst=38 leakyRollout "Gerrymander" +2.21MB hooks=[onHeroKO:1] cards=[Wealth:18 Zsos'Ssar, the Serpent Warlord:17 Fiona, the Princess of Blackport:15 Medea, the Swamp Witch:14 Argos, the Eye of the Cosmos:6 Gatherer from the Cosmic Depths:2]
t=3 ph=3 ap=0 snaps=2505 hooks=18 inst=38 rollout "Gerrymander" Creature lvl1 hero1
t=3 ph=3 ap=0 snaps=2527 hooks=18 inst=38 leakyRollout "Gerrymander" +14.86MB hooks=[] cards=[Zsos'Ssar, the Serpent Warlord:16 Medea, the Swamp Witch:14 Argos, the Eye of the Cosmos:6 Fiona, the Princess of Blackport:4 Wealth:4 The Warlord's Bite:1]
t=3 ph=3 ap=0 snaps=2527 hooks=18 inst=38 rollout "Gerrymander" Creature lvl1 hero1
t=3 ph=3 ap=0 snaps=2557 hooks=18 inst=38 leakyRollout "Gerrymander" +9.25MB hooks=[] cards=[Wealth:18 Zsos'Ssar, the Serpent Warlord:17 Fiona, the Princess of Blackport:14 Medea, the Swamp Witch:14 Argos, the Eye of the Cosmos:6 The Warlord's Bite:1]
t=3 ph=3 ap=0 snaps=2557 hooks=18 inst=38 rollout "Analyzer from the Cosmic Depths" Creature lvl1 hero1
t=3 ph=3 ap=0 snaps=2588 hooks=18 inst=38 leakyRollout "Analyzer from the Cosmic Depths" +13.59MB hooks=[] cards=[Wealth:20 Zsos'Ssar, the Serpent Warlord:17 Fiona, the Princess of Blackport:15 Medea, the Swamp Witch:14 Argos, the Eye of the Cosmos:6 The Warlord's Bite:1]
t=3 ph=3 ap=0 snaps=2588 hooks=18 inst=38 rollout "Analyzer from the Cosmic Depths" Creature lvl1 hero1
t=3 ph=3 ap=0 snaps=2608 hooks=18 inst=38 leakyRollout "Analyzer from the Cosmic Depths" +13.20MB hooks=[modifyPoisonDamage:1 beforeDamage:1 afterDamage:1] cards=[Zsos'Ssar, the Serpent Warlord:18 Medea, the Swamp Witch:14 Argos, the Eye of the Cosmos:6 Fiona, the Princess of Blackport:4 Wealth:4 The Warlord's Bite:1]
t=3 ph=3 ap=0 snaps=2608 hooks=18 inst=38 rollout "Analyzer from the Cosmic Depths" Creature lvl1 hero1
t=3 ph=3 ap=0 snaps=2636 hooks=18 inst=38 leakyRollout "Analyzer from the Cosmic Depths" +7.69MB hooks=[] cards=[Wealth:18 Zsos'Ssar, the Serpent Warlord:16 Fiona, the Princess of Blackport:14 Medea, the Swamp Witch:14 Argos, the Eye of the Cosmos:6 The Warlord's Bite:1]
t=3 ph=3 ap=0 snaps=2636 hooks=18 inst=38 rollout "Gatherer from the Cosmic Depths" Creature lvl2 hero1
t=3 ph=3 ap=0 snaps=2660 hooks=18 inst=38 leakyRollout "Gatherer from the Cosmic Depths" +5.25MB hooks=[] cards=[Wealth:18 Zsos'Ssar, the Serpent Warlord:16 Medea, the Swamp Witch:15 Fiona, the Princess of Blackport:14 Argos, the Eye of the Cosmos:6 Gatherer from the Cosmic Depths:5]
t=3 ph=3 ap=0 snaps=2660 hooks=18 inst=38 rollout "Gatherer from the Cosmic Depths" Creature lvl2 hero1
t=3 ph=3 ap=0 snaps=2688 hooks=18 inst=38 leakyRollout "Gatherer from the Cosmic Depths" +10.18MB hooks=[modifyPoisonDamage:1 beforeDamage:1 afterDamage:1] cards=[Zsos'Ssar, the Serpent Warlord:19 Medea, the Swamp Witch:16 Fiona, the Princess of Blackport:14 Wealth:14 Argos, the Eye of the Cosmos:6 Gatherer from the Cosmic Depths:4]
t=3 ph=3 ap=0 snaps=2688 hooks=18 inst=38 rollout "Gatherer from the Cosmic Depths" Creature lvl2 hero1
t=3 ph=3 ap=0 snaps=2706 hooks=18 inst=38 leakyRollout "Gatherer from the Cosmic Depths" +13.83MB hooks=[] cards=[Zsos'Ssar, the Serpent Warlord:16 Fiona, the Princess of Blackport:14 Wealth:14 Medea, the Swamp Witch:14 Argos, the Eye of the Cosmos:6 Gatherer from the Cosmic Depths:4]
t=3 ph=3 ap=0 snaps=2706 hooks=18 inst=38 rollout "Gerrymander" Creature lvl1 hero1
t=3 ph=3 ap=0 snaps=2732 hooks=18 inst=38 rollout "Gerrymander" Creature lvl1 hero1
t=3 ph=3 ap=0 snaps=2757 hooks=18 inst=38 leakyRollout "Gerrymander" +3.09MB hooks=[] cards=[Wealth:20 Zsos'Ssar, the Serpent Warlord:17 Fiona, the Princess of Blackport:15 Medea, the Swamp Witch:14 Argos, the Eye of the Cosmos:6 The Warlord's Bite:1]
t=3 ph=3 ap=0 snaps=2757 hooks=18 inst=38 rollout "Gerrymander" Creature lvl1 hero1
t=3 ph=3 ap=0 snaps=2784 hooks=18 inst=38 leakyRollout "Gerrymander" +2.35MB hooks=[modifyPoisonDamage:1 beforeDamage:1 afterDamage:1] cards=[Zsos'Ssar, the Serpent Warlord:18 Medea, the Swamp Witch:14 Argos, the Eye of the Cosmos:6 Fiona, the Princess of Blackport:4 Wealth:4 The Warlord's Bite:1]
t=3 ph=3 ap=0 snaps=2784 hooks=18 inst=38 rollout "Gerrymander" Creature lvl1 hero1
t=3 ph=3 ap=0 snaps=2811 hooks=18 inst=38 rollout "Gerrymander" Creature lvl1 hero1
t=3 ph=3 ap=0 snaps=2832 hooks=18 inst=38 leakyRollout "Gerrymander" +2.03MB hooks=[onStatusRemoved:1] cards=[Wealth:18 Fiona, the Princess of Blackport:15 Zsos'Ssar, the Serpent Warlord:11 Medea, the Swamp Witch:11 Argos, the Eye of the Cosmos:6 Gatherer from the Cosmic Depths:3]
t=3 ph=3 ap=0 snaps=2832 hooks=18 inst=38 rollout "Gerrymander" Creature lvl1 hero1
t=3 ph=3 ap=0 snaps=2856 hooks=18 inst=38 leakyRollout "Gerrymander" +5.02MB hooks=[] cards=[Wealth:18 Zsos'Ssar, the Serpent Warlord:16 Fiona, the Princess of Blackport:14 Medea, the Swamp Witch:14 Argos, the Eye of the Cosmos:6 Analyzer from the Cosmic Depths:2]
t=3 ph=3 ap=0 snaps=2856 hooks=18 inst=38 rollout "Gerrymander" Creature lvl1 hero1
t=3 ph=3 ap=0 snaps=2876 hooks=18 inst=38 rollout "Gerrymander" Creature lvl1 hero1
t=3 ph=3 ap=0 snaps=2903 hooks=18 inst=38 leakyRollout "Gerrymander" +7.63MB hooks=[] cards=[Wealth:20 Zsos'Ssar, the Serpent Warlord:18 Fiona, the Princess of Blackport:15 Medea, the Swamp Witch:14 Argos, the Eye of the Cosmos:6 The Warlord's Bite:1]
t=3 ph=3 ap=0 snaps=2903 hooks=18 inst=38 rollout "Gerrymander" Creature lvl1 hero1
t=3 ph=3 ap=0 snaps=2922 hooks=18 inst=38 rollout "Gerrymander" Creature lvl1 hero1
t=3 ph=3 ap=0 snaps=2945 hooks=18 inst=38 leakyRollout "Gerrymander" +1.34MB hooks=[onStatusRemoved:1] cards=[Fiona, the Princess of Blackport:16 Wealth:16 Zsos'Ssar, the Serpent Warlord:16 Medea, the Swamp Witch:13 Argos, the Eye of the Cosmos:6 Poison Pollen:2]
t=3 ph=3 ap=0 snaps=2945 hooks=18 inst=38 rollout "Gerrymander" Creature lvl1 hero1
t=3 ph=3 ap=0 snaps=2968 hooks=18 inst=38 leakyRollout "Gerrymander" +3.03MB hooks=[onStatusRemoved:1] cards=[Wealth:18 Fiona, the Princess of Blackport:8 Argos, the Eye of the Cosmos:7 Zsos'Ssar, the Serpent Warlord:7 Medea, the Swamp Witch:5 Poison Pollen:2]
t=3 ph=3 ap=0 snaps=2968 hooks=18 inst=38 rollout "Gerrymander" Creature lvl1 hero1
t=3 ph=3 ap=0 snaps=2989 hooks=18 inst=38 rollout "Gerrymander" Creature lvl1 hero1
t=3 ph=3 ap=0 snaps=3015 hooks=18 inst=38 rollout "Gerrymander" Creature lvl1 hero1
t=3 ph=3 ap=0 snaps=3038 hooks=18 inst=38 leakyRollout "Gerrymander" +1.83MB hooks=[] cards=[Wealth:18 Zsos'Ssar, the Serpent Warlord:16 Fiona, the Princess of Blackport:14 Medea, the Swamp Witch:14 Argos, the Eye of the Cosmos:6 The Warlord's Bite:1]
t=3 ph=3 ap=0 snaps=3038 hooks=18 inst=38 rollout "Gerrymander" Creature lvl1 hero1
t=3 ph=3 ap=0 snaps=3070 hooks=18 inst=38 rollout "Gerrymander" Creature lvl1 hero1
t=3 ph=3 ap=0 snaps=3094 hooks=18 inst=38 leakyRollout "Gerrymander" +2.01MB hooks=[] cards=[Wealth:18 Zsos'Ssar, the Serpent Warlord:17 Fiona, the Princess of Blackport:14 Medea, the Swamp Witch:14 Argos, the Eye of the Cosmos:6 The Warlord's Bite:1]
t=3 ph=3 ap=0 snaps=3094 hooks=18 inst=38 rollout "Gerrymander" Creature lvl1 hero1
t=3 ph=3 ap=0 snaps=3119 hooks=18 inst=38 leakyRollout "Gerrymander" +1.29MB hooks=[] cards=[Zsos'Ssar, the Serpent Warlord:16 Medea, the Swamp Witch:14 Argos, the Eye of the Cosmos:6 Fiona, the Princess of Blackport:4 Wealth:4 The Warlord's Bite:1]
t=3 ph=3 ap=0 snaps=3119 hooks=18 inst=38 rollout "Gerrymander" Creature lvl1 hero1
t=3 ph=3 ap=0 snaps=3141 hooks=18 inst=38 leakyRollout "Gerrymander" +0.99MB hooks=[onStatusRemoved:1] cards=[Wealth:18 Fiona, the Princess of Blackport:17 Zsos'Ssar, the Serpent Warlord:17 Medea, the Swamp Witch:13 Argos, the Eye of the Cosmos:6 Poison Pollen:2]
t=3 ph=3 ap=0 snaps=3141 hooks=18 inst=38 rollout "Gerrymander" Creature lvl1 hero1
t=3 ph=3 ap=0 snaps=3159 hooks=18 inst=38 rollout "Gerrymander" Creature lvl1 hero1
t=3 ph=3 ap=0 snaps=3180 hooks=18 inst=38 rollout "Gerrymander" Creature lvl1 hero1
t=3 ph=3 ap=0 snaps=3213 hooks=18 inst=38 rollout "Analyzer from the Cosmic Depths" Creature lvl1 hero1
t=3 ph=3 ap=0 snaps=3255 hooks=18 inst=38 leakyRollout "Analyzer from the Cosmic Depths" +10.16MB hooks=[] cards=[Wealth:20 Zsos'Ssar, the Serpent Warlord:17 Fiona, the Princess of Blackport:15 Medea, the Swamp Witch:14 Argos, the Eye of the Cosmos:6 Analyzer from the Cosmic Depths:3]
t=3 ph=3 ap=0 snaps=3255 hooks=18 inst=38 rollout "Analyzer from the Cosmic Depths" Creature lvl1 hero1
t=3 ph=3 ap=0 snaps=3275 hooks=18 inst=38 rollout "Analyzer from the Cosmic Depths" Creature lvl1 hero1
t=3 ph=3 ap=0 snaps=3297 hooks=18 inst=38 rollout "Analyzer from the Cosmic Depths" Creature lvl1 hero1
t=3 ph=3 ap=0 snaps=3317 hooks=18 inst=38 rollout "Analyzer from the Cosmic Depths" Creature lvl1 hero1
t=3 ph=3 ap=0 snaps=3343 hooks=18 inst=38 leakyRollout "Analyzer from the Cosmic Depths" +5.73MB hooks=[] cards=[Wealth:20 Fiona, the Princess of Blackport:11 Zsos'Ssar, the Serpent Warlord:11 Medea, the Swamp Witch:9 Argos, the Eye of the Cosmos:7 Analyzer from the Cosmic Depths:3]
t=3 ph=3 ap=0 snaps=3343 hooks=18 inst=38 rollout "Analyzer from the Cosmic Depths" Creature lvl1 hero1
t=3 ph=3 ap=0 snaps=3363 hooks=18 inst=38 rollout "Analyzer from the Cosmic Depths" Creature lvl1 hero1
t=3 ph=3 ap=0 snaps=3387 hooks=18 inst=38 leakyRollout "Analyzer from the Cosmic Depths" +1.30MB hooks=[] cards=[Wealth:20 Zsos'Ssar, the Serpent Warlord:17 Fiona, the Princess of Blackport:15 Medea, the Swamp Witch:14 Argos, the Eye of the Cosmos:6 The Warlord's Bite:1]
t=3 ph=3 ap=0 snaps=3387 hooks=18 inst=38 rollout "Analyzer from the Cosmic Depths" Creature lvl1 hero1
t=3 ph=3 ap=0 snaps=3413 hooks=18 inst=38 rollout "Analyzer from the Cosmic Depths" Creature lvl1 hero1
t=3 ph=3 ap=0 snaps=3436 hooks=18 inst=38 leakyRollout "Analyzer from the Cosmic Depths" +1.83MB hooks=[onHeroKO:1] cards=[Wealth:20 Zsos'Ssar, the Serpent Warlord:17 Fiona, the Princess of Blackport:16 Medea, the Swamp Witch:14 Argos, the Eye of the Cosmos:6 The Warlord's Bite:1]
t=3 ph=3 ap=0 snaps=3436 hooks=18 inst=38 rollout "Analyzer from the Cosmic Depths" Creature lvl1 hero1
t=3 ph=3 ap=0 snaps=3461 hooks=18 inst=38 leakyRollout "Analyzer from the Cosmic Depths" +4.63MB hooks=[] cards=[Wealth:18 Zsos'Ssar, the Serpent Warlord:16 Fiona, the Princess of Blackport:14 Medea, the Swamp Witch:14 Argos, the Eye of the Cosmos:6 The Warlord's Bite:1]
t=3 ph=3 ap=0 snaps=3461 hooks=18 inst=38 rollout "Analyzer from the Cosmic Depths" Creature lvl1 hero1
t=3 ph=3 ap=0 snaps=3489 hooks=18 inst=38 rollout "Analyzer from the Cosmic Depths" Creature lvl1 hero1
t=3 ph=3 ap=0 snaps=3512 hooks=18 inst=38 leakyRollout "Analyzer from the Cosmic Depths" +1.58MB hooks=[] cards=[Wealth:18 Zsos'Ssar, the Serpent Warlord:16 Fiona, the Princess of Blackport:14 Medea, the Swamp Witch:14 Argos, the Eye of the Cosmos:6 The Warlord's Bite:1]
t=3 ph=3 ap=0 snaps=3512 hooks=18 inst=38 rollout "Analyzer from the Cosmic Depths" Creature lvl1 hero1
t=3 ph=3 ap=0 snaps=3534 hooks=18 inst=38 rollout "Analyzer from the Cosmic Depths" Creature lvl1 hero1
t=3 ph=3 ap=0 snaps=3559 hooks=18 inst=38 leakyRollout "Analyzer from the Cosmic Depths" +2.18MB hooks=[] cards=[Zsos'Ssar, the Serpent Warlord:17 Medea, the Swamp Witch:14 Fiona, the Princess of Blackport:9 Wealth:8 Argos, the Eye of the Cosmos:6 The Warlord's Bite:1]
t=3 ph=3 ap=0 snaps=3559 hooks=18 inst=38 rollout "Analyzer from the Cosmic Depths" Creature lvl1 hero1
t=3 ph=3 ap=0 snaps=3594 hooks=18 inst=38 leakyRollout "Analyzer from the Cosmic Depths" +1.12MB hooks=[] cards=[Wealth:18 Zsos'Ssar, the Serpent Warlord:17 Fiona, the Princess of Blackport:14 Medea, the Swamp Witch:14 Argos, the Eye of the Cosmos:6 Analyzer from the Cosmic Depths:3]
t=3 ph=3 ap=0 snaps=3594 hooks=18 inst=38 rollout "Analyzer from the Cosmic Depths" Creature lvl1 hero1
t=3 ph=3 ap=0 snaps=3620 hooks=18 inst=38 leakyRollout "Analyzer from the Cosmic Depths" +4.21MB hooks=[] cards=[Wealth:20 Zsos'Ssar, the Serpent Warlord:17 Fiona, the Princess of Blackport:15 Medea, the Swamp Witch:14 Argos, the Eye of the Cosmos:6 The Warlord's Bite:1]
t=3 ph=3 ap=0 snaps=3620 hooks=18 inst=38 rollout "Analyzer from the Cosmic Depths" Creature lvl1 hero1
t=3 ph=3 ap=0 snaps=3640 hooks=18 inst=38 rollout "Analyzer from the Cosmic Depths" Creature lvl1 hero1
t=3 ph=3 ap=0 snaps=3660 hooks=18 inst=38 rollout "Analyzer from the Cosmic Depths" Creature lvl1 hero1
t=3 ph=3 ap=0 snaps=3690 hooks=18 inst=38 leakyRollout "Analyzer from the Cosmic Depths" +9.98MB hooks=[onStatusRemoved:1] cards=[Wealth:18 Fiona, the Princess of Blackport:15 Zsos'Ssar, the Serpent Warlord:12 Medea, the Swamp Witch:11 Argos, the Eye of the Cosmos:6 Analyzer from the Cosmic Depths:3]
t=3 ph=3 ap=0 snaps=3690 hooks=18 inst=38 rollout "Analyzer from the Cosmic Depths" Creature lvl1 hero1
t=3 ph=3 ap=0 snaps=3715 hooks=18 inst=38 rollout "Analyzer from the Cosmic Depths" Creature lvl1 hero1
t=3 ph=3 ap=0 snaps=3742 hooks=18 inst=38 leakyRollout "Analyzer from the Cosmic Depths" +3.48MB hooks=[onHeroKO:1] cards=[Wealth:20 Zsos'Ssar, the Serpent Warlord:18 Fiona, the Princess of Blackport:16 Medea, the Swamp Witch:14 Argos, the Eye of the Cosmos:6 The Warlord's Bite:1]
t=3 ph=3 ap=0 snaps=3742 hooks=18 inst=38 rollout "Gatherer from the Cosmic Depths" Creature lvl2 hero1
t=3 ph=3 ap=0 snaps=3776 hooks=18 inst=38 leakyRollout "Gatherer from the Cosmic Depths" +3.12MB hooks=[] cards=[Wealth:18 Zsos'Ssar, the Serpent Warlord:16 Medea, the Swamp Witch:15 Fiona, the Princess of Blackport:14 Argos, the Eye of the Cosmos:6 Gatherer from the Cosmic Depths:6]
t=3 ph=3 ap=0 snaps=3776 hooks=18 inst=38 rollout "Gatherer from the Cosmic Depths" Creature lvl2 hero1
t=3 ph=3 ap=0 snaps=3799 hooks=18 inst=38 leakyRollout "Gatherer from the Cosmic Depths" +2.80MB hooks=[] cards=[Zsos'Ssar, the Serpent Warlord:17 Wealth:16 Fiona, the Princess of Blackport:15 Medea, the Swamp Witch:15 Argos, the Eye of the Cosmos:6 Gatherer from the Cosmic Depths:4]
t=3 ph=3 ap=0 snaps=3799 hooks=18 inst=38 rollout "Gatherer from the Cosmic Depths" Creature lvl2 hero1
t=3 ph=3 ap=0 snaps=3819 hooks=18 inst=38 rollout "Gatherer from the Cosmic Depths" Creature lvl2 hero1
t=3 ph=3 ap=0 snaps=3847 hooks=18 inst=38 rollout "Gatherer from the Cosmic Depths" Creature lvl2 hero1
t=3 ph=3 ap=0 snaps=3869 hooks=18 inst=38 leakyRollout "Gatherer from the Cosmic Depths" +1.73MB hooks=[] cards=[Wealth:18 Zsos'Ssar, the Serpent Warlord:16 Medea, the Swamp Witch:15 Fiona, the Princess of Blackport:14 Argos, the Eye of the Cosmos:6 Gatherer from the Cosmic Depths:4]
t=3 ph=3 ap=0 snaps=3869 hooks=18 inst=38 rollout "Gatherer from the Cosmic Depths" Creature lvl2 hero1
t=3 ph=3 ap=0 snaps=3891 hooks=18 inst=38 leakyRollout "Gatherer from the Cosmic Depths" +1.29MB hooks=[onHeroKO:1] cards=[Wealth:22 Zsos'Ssar, the Serpent Warlord:18 Fiona, the Princess of Blackport:17 Medea, the Swamp Witch:15 Argos, the Eye of the Cosmos:6 Gatherer from the Cosmic Depths:3]
t=3 ph=3 ap=0 snaps=3891 hooks=18 inst=38 rollout "Gatherer from the Cosmic Depths" Creature lvl2 hero1
t=3 ph=3 ap=0 snaps=3914 hooks=18 inst=38 leakyRollout "Gatherer from the Cosmic Depths" +2.99MB hooks=[onStatusRemoved:1] cards=[Fiona, the Princess of Blackport:16 Wealth:16 Zsos'Ssar, the Serpent Warlord:16 Medea, the Swamp Witch:14 Argos, the Eye of the Cosmos:6 Gatherer from the Cosmic Depths:4]
t=3 ph=3 ap=0 snaps=3914 hooks=18 inst=38 rollout "Gatherer from the Cosmic Depths" Creature lvl2 hero1
t=3 ph=3 ap=0 snaps=3938 hooks=18 inst=38 rollout "Gatherer from the Cosmic Depths" Creature lvl2 hero1
t=3 ph=3 ap=0 snaps=3960 hooks=18 inst=38 leakyRollout "Gatherer from the Cosmic Depths" +1.08MB hooks=[] cards=[Wealth:20 Zsos'Ssar, the Serpent Warlord:17 Fiona, the Princess of Blackport:15 Medea, the Swamp Witch:15 Argos, the Eye of the Cosmos:6 Gatherer from the Cosmic Depths:4]
t=3 ph=3 ap=0 snaps=3960 hooks=18 inst=38 rollout "Gatherer from the Cosmic Depths" Creature lvl2 hero1
t=3 ph=3 ap=0 snaps=3986 hooks=18 inst=38 leakyRollout "Gatherer from the Cosmic Depths" +4.18MB hooks=[] cards=[Zsos'Ssar, the Serpent Warlord:16 Medea, the Swamp Witch:15 Argos, the Eye of the Cosmos:6 Wealth:6 Fiona, the Princess of Blackport:5 Gatherer from the Cosmic Depths:5]
t=3 ph=3 ap=0 snaps=3986 hooks=18 inst=38 rollout "Gatherer from the Cosmic Depths" Creature lvl2 hero1
t=3 ph=3 ap=0 snaps=4010 hooks=18 inst=38 leakyRollout "Gatherer from the Cosmic Depths" +2.32MB hooks=[] cards=[Wealth:20 Zsos'Ssar, the Serpent Warlord:17 Fiona, the Princess of Blackport:15 Medea, the Swamp Witch:15 Argos, the Eye of the Cosmos:6 Gatherer from the Cosmic Depths:4]
t=3 ph=3 ap=0 snaps=4010 hooks=18 inst=38 rollout "Gatherer from the Cosmic Depths" Creature lvl2 hero1
t=3 ph=3 ap=0 snaps=4035 hooks=18 inst=38 leakyRollout "Gatherer from the Cosmic Depths" +4.60MB hooks=[onStatusRemoved:1] cards=[Wealth:18 Fiona, the Princess of Blackport:15 Zsos'Ssar, the Serpent Warlord:12 Medea, the Swamp Witch:11 Argos, the Eye of the Cosmos:6 Gatherer from the Cosmic Depths:6]
t=3 ph=3 ap=0 snaps=4035 hooks=18 inst=38 rollout "Gatherer from the Cosmic Depths" Creature lvl2 hero1
t=3 ph=3 ap=0 snaps=4058 hooks=18 inst=38 rollout "Gatherer from the Cosmic Depths" Creature lvl2 hero1
t=3 ph=3 ap=0 snaps=4076 hooks=18 inst=38 leakyRollout "Gatherer from the Cosmic Depths" +12.42MB hooks=[onHeroKO:1] cards=[Wealth:18 Zsos'Ssar, the Serpent Warlord:17 Fiona, the Princess of Blackport:15 Medea, the Swamp Witch:15 Argos, the Eye of the Cosmos:6 Gatherer from the Cosmic Depths:3]
t=3 ph=3 ap=0 snaps=4076 hooks=18 inst=38 rollout "Gatherer from the Cosmic Depths" Creature lvl2 hero1
t=3 ph=3 ap=0 snaps=4109 hooks=18 inst=38 rollout "Gatherer from the Cosmic Depths" Creature lvl2 hero1
t=3 ph=3 ap=0 snaps=4132 hooks=18 inst=38 leakyRollout "Gatherer from the Cosmic Depths" +2.81MB hooks=[] cards=[Wealth:18 Zsos'Ssar, the Serpent Warlord:17 Medea, the Swamp Witch:15 Fiona, the Princess of Blackport:14 Argos, the Eye of the Cosmos:6 Gatherer from the Cosmic Depths:4]
t=3 ph=3 ap=0 snaps=4132 hooks=18 inst=38 rollout "Gatherer from the Cosmic Depths" Creature lvl2 hero1
t=3 ph=3 ap=0 snaps=4154 hooks=18 inst=38 rollout "Gatherer from the Cosmic Depths" Creature lvl2 hero1
t=3 ph=3 ap=0 snaps=4172 hooks=18 inst=38 leakyRollout "Gatherer from the Cosmic Depths" +12.91MB hooks=[] cards=[Wealth:18 Zsos'Ssar, the Serpent Warlord:16 Medea, the Swamp Witch:15 Fiona, the Princess of Blackport:14 Argos, the Eye of the Cosmos:6 Gatherer from the Cosmic Depths:4]
t=3 ph=3 ap=0 snaps=4172 hooks=18 inst=38 rollout "Gatherer from the Cosmic Depths" Creature lvl2 hero1
t=3 ph=3 ap=0 snaps=4198 hooks=18 inst=38 rollout "Gatherer from the Cosmic Depths" Creature lvl2 hero1
t=3 ph=3 ap=0 snaps=4216 hooks=18 inst=38 rollout "Gatherer from the Cosmic Depths" Creature lvl2 hero1
t=3 ph=3 ap=0 snaps=4238 hooks=18 inst=38 leakyRollout "Gatherer from the Cosmic Depths" +0.78MB hooks=[onHeroKO:1] cards=[Wealth:18 Zsos'Ssar, the Serpent Warlord:17 Fiona, the Princess of Blackport:15 Medea, the Swamp Witch:15 Argos, the Eye of the Cosmos:6 Gatherer from the Cosmic Depths:3]
t=3 ph=3 ap=0 snaps=4238 hooks=18 inst=38 rollout "Gerrymander" Creature lvl1 hero1
t=3 ph=3 ap=0 snaps=4260 hooks=18 inst=38 leakyRollout "Gerrymander" +0.90MB hooks=[onStatusRemoved:1] cards=[Wealth:18 Fiona, the Princess of Blackport:8 Argos, the Eye of the Cosmos:7 Zsos'Ssar, the Serpent Warlord:7 Medea, the Swamp Witch:5 Poison Pollen:2]
t=3 ph=3 ap=0 snaps=4260 hooks=18 inst=38 rollout "Gerrymander" Creature lvl1 hero1
t=3 ph=3 ap=0 snaps=4285 hooks=18 inst=38 rollout "Analyzer from the Cosmic Depths" Creature lvl1 hero1
t=3 ph=3 ap=0 snaps=4309 hooks=18 inst=38 leakyRollout "Analyzer from the Cosmic Depths" +3.30MB hooks=[onStatusRemoved:1] cards=[Wealth:20 Fiona, the Princess of Blackport:16 Zsos'Ssar, the Serpent Warlord:13 Medea, the Swamp Witch:10 Argos, the Eye of the Cosmos:6 Analyzer from the Cosmic Depths:4]
t=3 ph=3 ap=0 snaps=4309 hooks=18 inst=38 rollout "Gerrymander" Creature lvl1 hero1
t=3 ph=3 ap=0 snaps=4328 hooks=18 inst=38 rollout "Gerrymander" Creature lvl1 hero1
t=3 ph=3 ap=0 snaps=4351 hooks=18 inst=38 leakyRollout "Gerrymander" +2.60MB hooks=[onStatusRemoved:1] cards=[Wealth:18 Fiona, the Princess of Blackport:15 Zsos'Ssar, the Serpent Warlord:11 Medea, the Swamp Witch:11 Argos, the Eye of the Cosmos:6 Divine Gift of the Guardian:2]
t=3 ph=3 ap=0 snaps=4351 hooks=18 inst=38 rollout "Gerrymander" Creature lvl1 hero1
t=3 ph=3 ap=0 snaps=4376 hooks=18 inst=38 leakyRollout "Gerrymander" +5.49MB hooks=[onStatusRemoved:1] cards=[Wealth:18 Fiona, the Princess of Blackport:15 Zsos'Ssar, the Serpent Warlord:11 Medea, the Swamp Witch:11 Argos, the Eye of the Cosmos:6 Gatherer from the Cosmic Depths:2]
t=3 ph=3 ap=0 snaps=4376 hooks=18 inst=38 rollout "Analyzer from the Cosmic Depths" Creature lvl1 hero1
t=3 ph=3 ap=0 snaps=4402 hooks=18 inst=38 leakyRollout "Analyzer from the Cosmic Depths" +3.65MB hooks=[onStatusRemoved:1] cards=[Zsos'Ssar, the Serpent Warlord:12 Medea, the Swamp Witch:10 Wealth:8 Argos, the Eye of the Cosmos:6 Fiona, the Princess of Blackport:4 Analyzer from the Cosmic Depths:4]
t=3 ph=3 ap=0 snaps=4402 hooks=18 inst=38 rollout "Gerrymander" Creature lvl1 hero1
t=3 ph=3 ap=0 snaps=4423 hooks=18 inst=38 summon "Gerrymander" p0/h1
t=3 ph=5 ap=0 snaps=4427 hooks=27 inst=39 switchTurn ending p0
t=4 ph=2 ap=1 snaps=4427 hooks=10 inst=40 cpuTurnStart cpu=p1 hand=6
t=4 ph=3 ap=1 snaps=4645 hooks=15 inst=42 rollout "Poisoned Well" Spell lvl3 hero1
t=4 ph=3 ap=1 snaps=4664 hooks=15 inst=42 leakyRollout "Poisoned Well" +12.90MB hooks=[modifyPoisonDamage:2 beforeDamage:2 afterDamage:2 onHeroKO:1] cards=[Wealth:24 Zsos'Ssar, the Serpent Warlord:18 Fiona, the Princess of Blackport:15 Medea, the Swamp Witch:15 Argos, the Eye of the Cosmos:5 Pet Snake:2]
t=4 ph=3 ap=1 snaps=4664 hooks=15 inst=42 rollout "The Warlord's Bite" Spell lvl1 hero0
t=4 ph=3 ap=1 snaps=4686 hooks=15 inst=42 leakyRollout "The Warlord's Bite" +3.99MB hooks=[modifyPoisonDamage:4 beforeDamage:3 afterDamage:3 onCardLeaveZone:3 onCreatureDeath:3 onStatusRemoved:2] cards=[Wealth:18 Zsos'Ssar, the Serpent Warlord:13 Fiona, the Princess of Blackport:11 Medea, the Swamp Witch:11 Argos, the Eye of the Cosmos:5 Analyzer from the Cosmic Depths:3]
t=4 ph=3 ap=1 snaps=4686 hooks=15 inst=42 rollout "The Warlord's Bite" Spell lvl1 hero1
t=4 ph=3 ap=1 snaps=4697 hooks=15 inst=42 leakyRollout "The Warlord's Bite" +5.25MB hooks=[modifyPoisonDamage:3 onStatusRemoved:2 beforeDamage:2 afterDamage:2 onHeroKO:1 beforeCreatureDamageBatch:1] cards=[Wealth:22 Fiona, the Princess of Blackport:17 Zsos'Ssar, the Serpent Warlord:17 Medea, the Swamp Witch:14 Argos, the Eye of the Cosmos:6 The Warlord's Bite:2]
t=4 ph=3 ap=1 snaps=4697 hooks=15 inst=42 rollout "Poison Pollen" Spell lvl1 hero0
t=4 ph=3 ap=1 snaps=4718 hooks=15 inst=42 leakyRollout "Poison Pollen" +3.20MB hooks=[modifyPoisonDamage:4 beforeDamage:3 afterDamage:3 onHeroKO:1 beforeCreatureDamageBatch:1 onCardLeaveZone:1] cards=[Wealth:20 Zsos'Ssar, the Serpent Warlord:13 Medea, the Swamp Witch:11 Fiona, the Princess of Blackport:9 Argos, the Eye of the Cosmos:7 Gatherer from the Cosmic Depths:2]
t=4 ph=3 ap=1 snaps=4718 hooks=15 inst=42 rollout "Poison Pollen" Spell lvl1 hero1
t=4 ph=3 ap=1 snaps=4736 hooks=15 inst=42 leakyRollout "Poison Pollen" +1.01MB hooks=[modifyPoisonDamage:3 beforeDamage:3 afterDamage:3 onHeroKO:1] cards=[Wealth:28 Zsos'Ssar, the Serpent Warlord:16 Medea, the Swamp Witch:14 Fiona, the Princess of Blackport:13 Argos, the Eye of the Cosmos:7 Gatherer from the Cosmic Depths:4]
t=4 ph=3 ap=1 snaps=4736 hooks=15 inst=42 rollout "Pet Snake" Creature lvl0 hero2
t=4 ph=3 ap=1 snaps=4749 hooks=15 inst=42 leakyRollout "Pet Snake" +9.40MB hooks=[onStatusRemoved:3 modifyPoisonDamage:3 beforeDamage:3 afterDamage:3 onHeroKO:1] cards=[Wealth:26 Fiona, the Princess of Blackport:18 Zsos'Ssar, the Serpent Warlord:16 Medea, the Swamp Witch:14 Argos, the Eye of the Cosmos:6 The Warlord's Bite:1]
t=4 ph=3 ap=1 snaps=4749 hooks=15 inst=42 rollout "Pet Snake" Creature lvl0 hero2
t=4 ph=3 ap=1 snaps=4771 hooks=15 inst=42 leakyRollout "Pet Snake" +3.85MB hooks=[modifyPoisonDamage:4 onStatusRemoved:3 beforeDamage:3 afterDamage:3 onHeroKO:1 beforeCreatureDamageBatch:1] cards=[Wealth:20 Fiona, the Princess of Blackport:16 Zsos'Ssar, the Serpent Warlord:15 Medea, the Swamp Witch:15 Argos, the Eye of the Cosmos:6 The Warlord's Bite:1]
t=4 ph=3 ap=1 snaps=4771 hooks=15 inst=42 rollout "Pet Snake" Creature lvl0 hero2
t=4 ph=3 ap=1 snaps=4784 hooks=15 inst=42 leakyRollout "Pet Snake" +11.59MB hooks=[modifyPoisonDamage:4 onStatusRemoved:3 beforeDamage:3 afterDamage:3 onHeroKO:1 beforeCreatureDamageBatch:1] cards=[Wealth:22 Fiona, the Princess of Blackport:17 Zsos'Ssar, the Serpent Warlord:15 Medea, the Swamp Witch:15 Argos, the Eye of the Cosmos:6 Gatherer from the Cosmic Depths:2]
t=4 ph=3 ap=1 snaps=4784 hooks=15 inst=42 rollout "Poisoned Well" Spell lvl3 hero1
t=4 ph=3 ap=1 snaps=4810 hooks=15 inst=42 rollout "Poisoned Well" Spell lvl3 hero1
t=4 ph=3 ap=1 snaps=4827 hooks=15 inst=42 leakyRollout "Poisoned Well" +10.24MB hooks=[modifyPoisonDamage:2 beforeDamage:2 afterDamage:2] cards=[Wealth:20 Zsos'Ssar, the Serpent Warlord:17 Medea, the Swamp Witch:15 Fiona, the Princess of Blackport:14 Argos, the Eye of the Cosmos:6 The Warlord's Bite:1]
t=4 ph=3 ap=1 snaps=4827 hooks=15 inst=42 rollout "Poisoned Well" Spell lvl3 hero1
t=4 ph=3 ap=1 snaps=4847 hooks=15 inst=42 leakyRollout "Poisoned Well" +0.50MB hooks=[modifyPoisonDamage:2 beforeDamage:2 afterDamage:2] cards=[Wealth:22 Zsos'Ssar, the Serpent Warlord:17 Medea, the Swamp Witch:15 Fiona, the Princess of Blackport:13 Argos, the Eye of the Cosmos:6 The Warlord's Bite:1]
t=4 ph=3 ap=1 snaps=4847 hooks=15 inst=42 rollout "The Warlord's Bite" Spell lvl1 hero0
t=4 ph=3 ap=1 snaps=4867 hooks=15 inst=42 rollout "The Warlord's Bite" Spell lvl1 hero0
t=4 ph=3 ap=1 snaps=4879 hooks=15 inst=42 rollout "The Warlord's Bite" Spell lvl1 hero0
t=4 ph=3 ap=1 snaps=4895 hooks=15 inst=42 rollout "The Warlord's Bite" Spell lvl1 hero0
t=4 ph=3 ap=1 snaps=4909 hooks=15 inst=42 leakyRollout "The Warlord's Bite" +9.48MB hooks=[onStatusRemoved:3 modifyPoisonDamage:3 beforeDamage:3 afterDamage:3 onHeroKO:1] cards=[Wealth:30 Fiona, the Princess of Blackport:20 Zsos'Ssar, the Serpent Warlord:17 Medea, the Swamp Witch:14 Argos, the Eye of the Cosmos:6 The Warlord's Bite:1]
t=4 ph=3 ap=1 snaps=4909 hooks=15 inst=42 rollout "The Warlord's Bite" Spell lvl1 hero0
t=4 ph=3 ap=1 snaps=4931 hooks=15 inst=42 leakyRollout "The Warlord's Bite" +1.18MB hooks=[modifyPoisonDamage:4 beforeDamage:3 afterDamage:3 onCardLeaveZone:2 onCreatureDeath:2 onStatusRemoved:1] cards=[Wealth:24 Fiona, the Princess of Blackport:13 Zsos'Ssar, the Serpent Warlord:13 Medea, the Swamp Witch:10 Argos, the Eye of the Cosmos:7 Analyzer from the Cosmic Depths:3]
t=4 ph=3 ap=1 snaps=4931 hooks=15 inst=42 rollout "The Warlord's Bite" Spell lvl1 hero0
t=4 ph=3 ap=1 snaps=4948 hooks=15 inst=42 rollout "The Warlord's Bite" Spell lvl1 hero0
t=4 ph=3 ap=1 snaps=4961 hooks=15 inst=42 rollout "The Warlord's Bite" Spell lvl1 hero0
t=4 ph=3 ap=1 snaps=4984 hooks=15 inst=42 leakyRollout "The Warlord's Bite" +2.43MB hooks=[modifyPoisonDamage:4 beforeDamage:3 afterDamage:3 onStatusRemoved:2 onHeroKO:1 beforeCreatureDamageBatch:1] cards=[Wealth:18 Zsos'Ssar, the Serpent Warlord:16 Medea, the Swamp Witch:14 Fiona, the Princess of Blackport:13 Argos, the Eye of the Cosmos:7 Gatherer from the Cosmic Depths:3]
t=4 ph=3 ap=1 snaps=4984 hooks=15 inst=42 rollout "The Warlord's Bite" Spell lvl1 hero0
t=4 ph=3 ap=1 snaps=5005 hooks=15 inst=42 leakyRollout "The Warlord's Bite" +4.49MB hooks=[modifyPoisonDamage:4 beforeDamage:3 afterDamage:3 onCardLeaveZone:3 onCreatureDeath:3 onStatusRemoved:2] cards=[Wealth:20 Zsos'Ssar, the Serpent Warlord:13 Fiona, the Princess of Blackport:12 Medea, the Swamp Witch:11 Argos, the Eye of the Cosmos:5 Analyzer from the Cosmic Depths:4]
t=4 ph=3 ap=1 snaps=5005 hooks=15 inst=42 rollout "The Warlord's Bite" Spell lvl1 hero0
t=4 ph=3 ap=1 snaps=5025 hooks=15 inst=42 leakyRollout "The Warlord's Bite" +4.09MB hooks=[modifyPoisonDamage:3 beforeDamage:2 afterDamage:2 onHeroKO:1 beforeCreatureDamageBatch:1 onCardLeaveZone:1] cards=[Wealth:20 Zsos'Ssar, the Serpent Warlord:13 Fiona, the Princess of Blackport:12 Medea, the Swamp Witch:12 Argos, the Eye of the Cosmos:6 Gatherer from the Cosmic Depths:4]
t=4 ph=3 ap=1 snaps=5025 hooks=15 inst=42 rollout "The Warlord's Bite" Spell lvl1 hero0
t=4 ph=3 ap=1 snaps=5043 hooks=15 inst=42 rollout "The Warlord's Bite" Spell lvl1 hero1
t=4 ph=3 ap=1 snaps=5050 hooks=15 inst=42 leakyRollout "The Warlord's Bite" +1.82MB hooks=[modifyPoisonDamage:3 beforeDamage:2 afterDamage:2 onHeroKO:1 beforeCreatureDamageBatch:1 onCardLeaveZone:1] cards=[Wealth:22 Zsos'Ssar, the Serpent Warlord:14 Medea, the Swamp Witch:12 Fiona, the Princess of Blackport:10 Argos, the Eye of the Cosmos:2 The Warlord's Bite:1]
t=4 ph=3 ap=1 snaps=5050 hooks=15 inst=42 rollout "The Warlord's Bite" Spell lvl1 hero1
t=4 ph=3 ap=1 snaps=5070 hooks=15 inst=42 rollout "The Warlord's Bite" Spell lvl1 hero1
t=4 ph=3 ap=1 snaps=5080 hooks=15 inst=42 leakyRollout "The Warlord's Bite" +5.91MB hooks=[modifyPoisonDamage:4 beforeDamage:3 afterDamage:3 onHeroKO:1 beforeCreatureDamageBatch:1 onCardLeaveZone:1] cards=[Wealth:16 Zsos'Ssar, the Serpent Warlord:16 Fiona, the Princess of Blackport:13 Medea, the Swamp Witch:13 Argos, the Eye of the Cosmos:7 Gatherer from the Cosmic Depths:4]
t=4 ph=3 ap=1 snaps=5080 hooks=15 inst=42 rollout "The Warlord's Bite" Spell lvl1 hero1
t=4 ph=3 ap=1 snaps=5093 hooks=15 inst=42 rollout "The Warlord's Bite" Spell lvl1 hero1
t=4 ph=3 ap=1 snaps=5109 hooks=15 inst=42 leakyRollout "The Warlord's Bite" +11.09MB hooks=[modifyPoisonDamage:4 onStatusRemoved:3 beforeDamage:3 afterDamage:3 onHeroKO:1 beforeCreatureDamageBatch:1] cards=[Wealth:22 Fiona, the Princess of Blackport:17 Zsos'Ssar, the Serpent Warlord:17 Medea, the Swamp Witch:15 Argos, the Eye of the Cosmos:6 Divine Gift of the Guardian:2]
t=4 ph=3 ap=1 snaps=5109 hooks=15 inst=42 rollout "The Warlord's Bite" Spell lvl1 hero1
t=4 ph=3 ap=1 snaps=5121 hooks=15 inst=42 rollout "The Warlord's Bite" Spell lvl1 hero1
t=4 ph=3 ap=1 snaps=5135 hooks=15 inst=42 leakyRollout "The Warlord's Bite" +9.55MB hooks=[modifyPoisonDamage:3 beforeDamage:2 afterDamage:2 onHeroKO:1 beforeCreatureDamageBatch:1 onCardLeaveZone:1] cards=[Wealth:24 Zsos'Ssar, the Serpent Warlord:14 Fiona, the Princess of Blackport:13 Medea, the Swamp Witch:12 Argos, the Eye of the Cosmos:2 The Warlord's Bite:2]
t=4 ph=3 ap=1 snaps=5135 hooks=15 inst=42 rollout "Poison Pollen" Spell lvl1 hero0
t=4 ph=3 ap=1 snaps=5152 hooks=15 inst=42 rollout "Poison Pollen" Spell lvl1 hero0
t=4 ph=3 ap=1 snaps=5171 hooks=15 inst=42 rollout "Poison Pollen" Spell lvl1 hero0
t=4 ph=3 ap=1 snaps=5186 hooks=15 inst=42 rollout "Poison Pollen" Spell lvl1 hero0
t=4 ph=3 ap=1 snaps=5199 hooks=15 inst=42 leakyRollout "Poison Pollen" +7.81MB hooks=[modifyPoisonDamage:4 beforeDamage:3 afterDamage:3 onHeroKO:1 beforeCreatureDamageBatch:1 onCardLeaveZone:1] cards=[Wealth:20 Zsos'Ssar, the Serpent Warlord:15 Medea, the Swamp Witch:12 Fiona, the Princess of Blackport:9 Argos, the Eye of the Cosmos:7 Gatherer from the Cosmic Depths:4]
t=4 ph=3 ap=1 snaps=5199 hooks=15 inst=42 rollout "Poison Pollen" Spell lvl1 hero0
t=4 ph=3 ap=1 snaps=5217 hooks=15 inst=42 rollout "Poison Pollen" Spell lvl1 hero0
t=4 ph=3 ap=1 snaps=5236 hooks=15 inst=42 rollout "Poison Pollen" Spell lvl1 hero0
t=4 ph=3 ap=1 snaps=5252 hooks=15 inst=42 rollout "Poison Pollen" Spell lvl1 hero1
t=4 ph=3 ap=1 snaps=5263 hooks=15 inst=42 leakyRollout "Poison Pollen" +9.28MB hooks=[modifyPoisonDamage:4 onStatusRemoved:3 beforeDamage:3 afterDamage:3 onHeroKO:1 beforeCreatureDamageBatch:1] cards=[Wealth:24 Fiona, the Princess of Blackport:20 Zsos'Ssar, the Serpent Warlord:16 Medea, the Swamp Witch:15 Argos, the Eye of the Cosmos:6 Gatherer from the Cosmic Depths:4]
t=4 ph=3 ap=1 snaps=5263 hooks=15 inst=42 rollout "Poison Pollen" Spell lvl1 hero1
t=4 ph=3 ap=1 snaps=5279 hooks=15 inst=42 rollout "Poison Pollen" Spell lvl1 hero1
t=4 ph=3 ap=1 snaps=5293 hooks=15 inst=42 rollout "Pet Snake" Creature lvl0 hero2
t=4 ph=3 ap=1 snaps=5308 hooks=15 inst=42 rollout "Pet Snake" Creature lvl0 hero2
t=4 ph=3 ap=1 snaps=5323 hooks=15 inst=42 rollout "Pet Snake" Creature lvl0 hero2
t=4 ph=3 ap=1 snaps=5338 hooks=15 inst=42 leakyRollout "Pet Snake" +11.85MB hooks=[onStatusRemoved:3 modifyPoisonDamage:3 beforeDamage:3 afterDamage:3 onHeroKO:1] cards=[Wealth:26 Fiona, the Princess of Blackport:19 Zsos'Ssar, the Serpent Warlord:17 Medea, the Swamp Witch:14 Argos, the Eye of the Cosmos:6 Gatherer from the Cosmic Depths:2]
t=4 ph=3 ap=1 snaps=5338 hooks=15 inst=42 rollout "Pet Snake" Creature lvl0 hero2
t=4 ph=3 ap=1 snaps=5358 hooks=15 inst=42 leakyRollout "Pet Snake" +2.68MB hooks=[modifyPoisonDamage:4 onStatusRemoved:3 beforeDamage:3 afterDamage:3 onHeroKO:1 beforeCreatureDamageBatch:1] cards=[Wealth:20 Fiona, the Princess of Blackport:16 Zsos'Ssar, the Serpent Warlord:15 Medea, the Swamp Witch:15 Argos, the Eye of the Cosmos:6 Divine Gift of the Guardian:3]
t=4 ph=3 ap=1 snaps=5358 hooks=15 inst=42 rollout "Pet Snake" Creature lvl0 hero2
t=4 ph=3 ap=1 snaps=5376 hooks=15 inst=42 rollout "Pet Snake" Creature lvl0 hero2
t=4 ph=3 ap=1 snaps=5388 hooks=15 inst=42 rollout "Pet Snake" Creature lvl0 hero2
t=4 ph=3 ap=1 snaps=5405 hooks=15 inst=42 rollout "Pet Snake" Creature lvl0 hero2
t=4 ph=3 ap=1 snaps=5418 hooks=15 inst=42 leakyRollout "Pet Snake" +8.62MB hooks=[onStatusRemoved:3 modifyPoisonDamage:3 beforeDamage:3 afterDamage:3 onHeroKO:1] cards=[Wealth:28 Fiona, the Princess of Blackport:19 Zsos'Ssar, the Serpent Warlord:16 Medea, the Swamp Witch:14 Argos, the Eye of the Cosmos:6 The Warlord's Bite:1]
t=4 ph=3 ap=1 snaps=5418 hooks=15 inst=42 rollout "Pet Snake" Creature lvl0 hero2
t=4 ph=3 ap=1 snaps=5433 hooks=15 inst=42 rollout "Pet Snake" Creature lvl0 hero2
t=4 ph=3 ap=1 snaps=5450 hooks=15 inst=42 rollout "Pet Snake" Creature lvl0 hero2
t=4 ph=3 ap=1 snaps=5466 hooks=15 inst=42 rollout "Pet Snake" Creature lvl0 hero2
t=4 ph=3 ap=1 snaps=5489 hooks=15 inst=42 leakyRollout "Pet Snake" +2.54MB hooks=[modifyPoisonDamage:4 beforeDamage:3 afterDamage:3 onHeroKO:1 beforeCreatureDamageBatch:1 onCardLeaveZone:1] cards=[Wealth:20 Zsos'Ssar, the Serpent Warlord:16 Medea, the Swamp Witch:13 Fiona, the Princess of Blackport:12 Argos, the Eye of the Cosmos:7 The Warlord's Bite:1]
t=4 ph=3 ap=1 snaps=5489 hooks=15 inst=42 rollout "Pet Snake" Creature lvl0 hero2
t=4 ph=3 ap=1 snaps=5503 hooks=15 inst=42 leakyRollout "Pet Snake" +10.43MB hooks=[modifyPoisonDamage:4 beforeDamage:3 afterDamage:3 onHeroKO:1 beforeCreatureDamageBatch:1 onCardLeaveZone:1] cards=[Wealth:26 Zsos'Ssar, the Serpent Warlord:15 Fiona, the Princess of Blackport:14 Medea, the Swamp Witch:13 Argos, the Eye of the Cosmos:7 Pet Snake:2]
t=4 ph=3 ap=1 snaps=5503 hooks=15 inst=42 rollout "Pet Snake" Creature lvl0 hero2
t=4 ph=3 ap=1 snaps=5529 hooks=15 inst=42 rollout "Pet Snake" Creature lvl0 hero2
t=4 ph=3 ap=1 snaps=5552 hooks=15 inst=42 rollout "Pet Snake" Creature lvl0 hero2
t=4 ph=3 ap=1 snaps=5564 hooks=15 inst=42 leakyRollout "Pet Snake" +9.59MB hooks=[modifyPoisonDamage:3 beforeDamage:3 afterDamage:3 onHeroKO:1] cards=[Wealth:22 Zsos'Ssar, the Serpent Warlord:15 Fiona, the Princess of Blackport:13 Medea, the Swamp Witch:12 Argos, the Eye of the Cosmos:7 The Warlord's Bite:1]
t=4 ph=3 ap=1 snaps=5564 hooks=15 inst=42 rollout "Pet Snake" Creature lvl0 hero2
