=== self-play batch start 2026-05-01T11:29:25.086Z count=1000 mode=random ===

=== GAME 1/1000: Great Weapon Master vs Man's Best Friends @ 2026-05-01T11:29:25.087Z ===
t=1 ph=2 ap=1 snaps=0 hooks=10 inst=29 cpuTurnStart cpu=p1 hand=6
t=1 ph=3 ap=1 snaps=4 hooks=16 inst=30 rollout "Loyal Hountriever" Creature lvl1 hero0
t=1 ph=3 ap=1 snaps=12 hooks=16 inst=30 leakyRollout "Loyal Hountriever" +6.69MB hooks=[] cards=[Wealth:44 Shield of Death:17 Toras, Master of all Weapons:12 Arthor, the King of Blackport:10 Ingo, Investor of Evil:10 Orthos, the Loyal Guard Dog:10]
t=1 ph=3 ap=1 snaps=12 hooks=16 inst=30 rollout "Loyal Hountriever" Creature lvl1 hero0
t=1 ph=3 ap=1 snaps=26 hooks=16 inst=30 leakyRollout "Loyal Hountriever" +2.05MB hooks=[] cards=[Wealth:44 Toras, Master of all Weapons:14 Shield of Death:13 Ingo, Investor of Evil:11 Orthos, the Loyal Guard Dog:11 Arthor, the King of Blackport:10]
t=1 ph=3 ap=1 snaps=26 hooks=16 inst=30 rollout "Loyal Hountriever" Creature lvl1 hero0
t=1 ph=3 ap=1 snaps=35 hooks=16 inst=30 leakyRollout "Loyal Hountriever" +1.28MB hooks=[] cards=[Wealth:32 Shield of Death:15 Toras, Master of all Weapons:13 Arthor, the King of Blackport:10 Orthos, the Loyal Guard Dog:10 Loyal Hountriever:10]
t=1 ph=3 ap=1 snaps=35 hooks=16 inst=30 rollout "Loyal Hountriever" Creature lvl1 hero0
t=1 ph=3 ap=1 snaps=43 hooks=16 inst=30 leakyRollout "Loyal Hountriever" +1.06MB hooks=[] cards=[Wealth:34 Shield of Death:15 Toras, Master of all Weapons:11 Arthor, the King of Blackport:10 Loyal Hountriever:10 Ingo, Investor of Evil:9]
t=1 ph=3 ap=1 snaps=43 hooks=16 inst=30 rollout "Loyal Hountriever" Creature lvl1 hero0
t=1 ph=3 ap=1 snaps=55 hooks=16 inst=30 leakyRollout "Loyal Hountriever" +1.91MB hooks=[] cards=[Wealth:40 Shield of Death:16 Arthor, the King of Blackport:10 Toras, Master of all Weapons:9 Blade of the Swamp Witch:9 Ingo, Investor of Evil:8]
t=1 ph=3 ap=1 snaps=55 hooks=16 inst=30 rollout "Loyal Hountriever" Creature lvl1 hero0
t=1 ph=3 ap=1 snaps=69 hooks=16 inst=30 leakyRollout "Loyal Hountriever" +4.23MB hooks=[] cards=[Wealth:46 Toras, Master of all Weapons:18 Loyal Hountriever:17 Shield of Death:16 Ingo, Investor of Evil:14 Orthos, the Loyal Guard Dog:14]
t=1 ph=3 ap=1 snaps=69 hooks=16 inst=30 rollout "Loyal Hountriever" Creature lvl1 hero0
t=1 ph=3 ap=1 snaps=77 hooks=16 inst=30 rollout "Loyal Hountriever" Creature lvl1 hero0
t=1 ph=3 ap=1 snaps=85 hooks=16 inst=30 rollout "Loyal Hountriever" Creature lvl1 hero0
t=1 ph=3 ap=1 snaps=93 hooks=16 inst=30 rollout "Loyal Hountriever" Creature lvl1 hero0
t=1 ph=3 ap=1 snaps=102 hooks=16 inst=30 rollout "Loyal Hountriever" Creature lvl1 hero0
t=1 ph=3 ap=1 snaps=116 hooks=16 inst=30 rollout "Loyal Hountriever" Creature lvl1 hero0
t=1 ph=3 ap=1 snaps=127 hooks=16 inst=30 leakyRollout "Loyal Hountriever" +4.79MB hooks=[] cards=[Wealth:44 Toras, Master of all Weapons:15 Loyal Hountriever:14 Ingo, Investor of Evil:12 Orthos, the Loyal Guard Dog:12 Shield of Death:12]
t=1 ph=3 ap=1 snaps=127 hooks=16 inst=30 rollout "Loyal Hountriever" Creature lvl1 hero0
t=1 ph=3 ap=1 snaps=136 hooks=16 inst=30 rollout "Loyal Hountriever" Creature lvl1 hero0
t=1 ph=3 ap=1 snaps=148 hooks=16 inst=30 rollout "Loyal Hountriever" Creature lvl1 hero0
t=1 ph=3 ap=1 snaps=162 hooks=16 inst=30 rollout "Loyal Hountriever" Creature lvl1 hero0
t=1 ph=3 ap=1 snaps=173 hooks=16 inst=30 leakyRollout "Loyal Hountriever" +4.26MB hooks=[] cards=[Wealth:40 Loyal Hountriever:21 Shield of Death:18 Toras, Master of all Weapons:11 Arthor, the King of Blackport:10 Blade of the Swamp Witch:10]
t=1 ph=3 ap=1 snaps=173 hooks=16 inst=30 rollout "Loyal Hountriever" Creature lvl1 hero0
t=1 ph=3 ap=1 snaps=182 hooks=16 inst=30 rollout "Loyal Hountriever" Creature lvl1 hero0
t=1 ph=3 ap=1 snaps=191 hooks=16 inst=30 rollout "Loyal Hountriever" Creature lvl1 hero0
t=1 ph=3 ap=1 snaps=202 hooks=16 inst=30 leakyRollout "Loyal Hountriever" +3.05MB hooks=[] cards=[Wealth:44 Shield of Death:16 Toras, Master of all Weapons:12 Arthor, the King of Blackport:10 Ingo, Investor of Evil:10 Orthos, the Loyal Guard Dog:10]
t=1 ph=3 ap=1 snaps=202 hooks=16 inst=30 rollout "Loyal Hountriever" Creature lvl1 hero0
t=1 ph=3 ap=1 snaps=209 hooks=16 inst=30 rollout "Loyal Hountriever" Creature lvl1 hero0
t=1 ph=3 ap=1 snaps=218 hooks=16 inst=30 rollout "Loyal Hountriever" Creature lvl1 hero0
t=1 ph=3 ap=1 snaps=226 hooks=16 inst=30 rollout "Loyal Hountriever" Creature lvl1 hero0
t=1 ph=3 ap=1 snaps=243 hooks=16 inst=30 leakyRollout "Loyal Hountriever" +4.16MB hooks=[] cards=[Wealth:48 Loyal Hountriever:22 Toras, Master of all Weapons:18 Shield of Death:16 Ingo, Investor of Evil:14 Orthos, the Loyal Guard Dog:14]
t=1 ph=3 ap=1 snaps=243 hooks=16 inst=30 rollout "Loyal Hountriever" Creature lvl1 hero0
t=1 ph=3 ap=1 snaps=252 hooks=16 inst=30 rollout "Loyal Hountriever" Creature lvl1 hero0
t=1 ph=3 ap=1 snaps=260 hooks=16 inst=30 rollout "Loyal Hountriever" Creature lvl1 hero0
t=1 ph=3 ap=1 snaps=269 hooks=16 inst=30 leakyRollout "Loyal Hountriever" +0.80MB hooks=[] cards=[Wealth:40 Loyal Hountriever:12 Toras, Master of all Weapons:11 Arthor, the King of Blackport:10 Ingo, Investor of Evil:9 Orthos, the Loyal Guard Dog:9]
t=1 ph=3 ap=1 snaps=269 hooks=16 inst=30 rollout "Loyal Hountriever" Creature lvl1 hero0
t=1 ph=3 ap=1 snaps=278 hooks=16 inst=30 rollout "Loyal Hountriever" Creature lvl1 hero0
t=1 ph=3 ap=1 snaps=287 hooks=16 inst=30 leakyRollout "Loyal Hountriever" +2.26MB hooks=[] cards=[Wealth:44 Shield of Death:17 Toras, Master of all Weapons:14 Ingo, Investor of Evil:11 Orthos, the Loyal Guard Dog:11 Arthor, the King of Blackport:10]
t=1 ph=3 ap=1 snaps=287 hooks=16 inst=30 rollout "Loyal Hountriever" Creature lvl1 hero0
t=1 ph=3 ap=1 snaps=296 hooks=16 inst=30 rollout "Loyal Hountriever" Creature lvl1 hero0
t=1 ph=3 ap=1 snaps=304 hooks=16 inst=30 rollout "Loyal Hountriever" Creature lvl1 hero0
t=1 ph=3 ap=1 snaps=312 hooks=16 inst=30 rollout "Loyal Hountriever" Creature lvl1 hero0
t=1 ph=3 ap=1 snaps=320 hooks=16 inst=30 rollout "Loyal Hountriever" Creature lvl1 hero0
t=1 ph=3 ap=1 snaps=328 hooks=16 inst=30 rollout "Loyal Hountriever" Creature lvl1 hero0
t=1 ph=3 ap=1 snaps=342 hooks=16 inst=30 rollout "Loyal Hountriever" Creature lvl1 hero0
t=1 ph=3 ap=1 snaps=351 hooks=16 inst=30 rollout "Loyal Hountriever" Creature lvl1 hero0
t=1 ph=3 ap=1 snaps=364 hooks=16 inst=30 rollout "Loyal Hountriever" Creature lvl1 hero0
t=1 ph=3 ap=1 snaps=380 hooks=16 inst=30 leakyRollout "Loyal Hountriever" +15.03MB hooks=[] cards=[Wealth:46 Loyal Hountriever:41 Toras, Master of all Weapons:19 Shield of Death:17 Ingo, Investor of Evil:15 Orthos, the Loyal Guard Dog:15]
t=1 ph=3 ap=1 snaps=380 hooks=16 inst=30 rollout "Loyal Hountriever" Creature lvl1 hero0
t=1 ph=3 ap=1 snaps=388 hooks=16 inst=30 rollout "Loyal Hountriever" Creature lvl1 hero0
t=1 ph=3 ap=1 snaps=402 hooks=16 inst=30 rollout "Loyal Hountriever" Creature lvl1 hero0
t=1 ph=3 ap=1 snaps=411 hooks=16 inst=30 rollout "Loyal Hountriever" Creature lvl1 hero0
t=1 ph=3 ap=1 snaps=420 hooks=16 inst=30 rollout "Loyal Hountriever" Creature lvl1 hero0
t=1 ph=3 ap=1 snaps=429 hooks=16 inst=30 rollout "Loyal Hountriever" Creature lvl1 hero0
t=1 ph=3 ap=1 snaps=438 hooks=16 inst=30 rollout "Loyal Hountriever" Creature lvl1 hero0
t=1 ph=3 ap=1 snaps=447 hooks=16 inst=30 rollout "Loyal Hountriever" Creature lvl1 hero0
t=1 ph=3 ap=1 snaps=458 hooks=16 inst=30 leakyRollout "Loyal Hountriever" +2.24MB hooks=[] cards=[Wealth:44 Shield of Death:17 Loyal Hountriever:13 Arthor, the King of Blackport:10 Toras, Master of all Weapons:10 Blade of the Swamp Witch:10]
t=1 ph=3 ap=1 snaps=458 hooks=16 inst=30 rollout "Loyal Hountriever" Creature lvl1 hero0
t=1 ph=3 ap=1 snaps=466 hooks=16 inst=30 rollout "Loyal Hountriever" Creature lvl1 hero0
t=1 ph=3 ap=1 snaps=478 hooks=16 inst=30 leakyRollout "Loyal Hountriever" +3.29MB hooks=[] cards=[Wealth:40 Shield of Death:17 Toras, Master of all Weapons:11 Arthor, the King of Blackport:10 Blade of the Swamp Witch:10 Ingo, Investor of Evil:9]
t=1 ph=3 ap=1 snaps=478 hooks=16 inst=30 rollout "Loyal Hountriever" Creature lvl1 hero0
t=1 ph=3 ap=1 snaps=491 hooks=16 inst=30 rollout "Loyal Hountriever" Creature lvl1 hero0
t=1 ph=3 ap=1 snaps=502 hooks=16 inst=30 leakyRollout "Loyal Hountriever" +2.57MB hooks=[] cards=[Wealth:40 Loyal Hountriever:22 Toras, Master of all Weapons:13 Arthor, the King of Blackport:10 Ingo, Investor of Evil:10 Orthos, the Loyal Guard Dog:10]
t=1 ph=3 ap=1 snaps=502 hooks=16 inst=30 rollout "Loyal Hountriever" Creature lvl1 hero0
t=1 ph=3 ap=1 snaps=511 hooks=16 inst=30 rollout "Loyal Hountriever" Creature lvl1 hero0
t=1 ph=3 ap=1 snaps=519 hooks=16 inst=30 rollout "Loyal Hountriever" Creature lvl1 hero0
t=1 ph=3 ap=1 snaps=528 hooks=16 inst=30 rollout "Loyal Hountriever" Creature lvl1 hero0
t=1 ph=3 ap=1 snaps=537 hooks=16 inst=30 rollout "Loyal Hountriever" Creature lvl1 hero0
t=1 ph=3 ap=1 snaps=545 hooks=16 inst=30 rollout "Loyal Hountriever" Creature lvl1 hero0
t=1 ph=3 ap=1 snaps=553 hooks=16 inst=30 leakyRollout "Loyal Hountriever" +14.51MB hooks=[] cards=[Wealth:40 Shield of Death:14 Arthor, the King of Blackport:10 Loyal Hountriever:9 Toras, Master of all Weapons:8 Ingo, Investor of Evil:8]
t=1 ph=3 ap=1 snaps=553 hooks=16 inst=30 rollout "Loyal Hountriever" Creature lvl1 hero0
t=1 ph=3 ap=1 snaps=569 hooks=16 inst=30 rollout "Loyal Hountriever" Creature lvl1 hero0
t=1 ph=3 ap=1 snaps=583 hooks=16 inst=30 rollout "Loyal Hountriever" Creature lvl1 hero0
t=1 ph=3 ap=1 snaps=597 hooks=16 inst=30 leakyRollout "Loyal Hountriever" +7.93MB hooks=[] cards=[Wealth:44 Loyal Hountriever:21 Toras, Master of all Weapons:15 Ingo, Investor of Evil:12 Orthos, the Loyal Guard Dog:12 Arthor, the King of Blackport:10]
t=1 ph=3 ap=1 snaps=597 hooks=16 inst=30 rollout "Loyal Hountriever" Creature lvl1 hero0
t=1 ph=3 ap=1 snaps=601 hooks=16 inst=30 leakyRollout "Loyal Hountriever" +4.79MB hooks=[beforeDamage:2 afterDamage:2 onAnyActionResolved:1] cards=[Wealth:12 Loyal Hountriever:6 Shield of Death:5 Toras, Master of all Weapons:4 Ingo, Investor of Evil:4 Orthos, the Loyal Guard Dog:4]
t=1 ph=3 ap=1 snaps=601 hooks=16 inst=30 summon "Loyal Hountriever" p1/h0

=== GAME 2/1000: Great Weapon Master vs Slimy Infestation @ 2026-05-01T11:29:27.713Z ===
t=1 ph=2 ap=1 snaps=0 hooks=10 inst=29 cpuTurnStart cpu=p1 hand=6
t=1 ph=3 ap=1 snaps=13 hooks=19 inst=30 rollout "Shiny Slime" Creature lvl0 hero1
t=1 ph=3 ap=1 snaps=14 hooks=19 inst=30 leakyRollout "Shiny Slime" +0.90MB hooks=[onPhaseStart:1 onPhaseEnd:1 beforeDraw:1 onDraw:1 onPlay:1 onCardEnterZone:1] cards=[Toras, Master of all Weapons:1 Shiny Slime:1]
t=1 ph=3 ap=1 snaps=14 hooks=19 inst=30 rollout "Shiny Slime" Creature lvl0 hero1
t=1 ph=3 ap=1 snaps=15 hooks=19 inst=30 leakyRollout "Shiny Slime" +0.92MB hooks=[onPhaseStart:1 onPhaseEnd:1 beforeDraw:1 onDraw:1 onPlay:1 onCardEnterZone:1] cards=[Toras, Master of all Weapons:1 Shiny Slime:1]
t=1 ph=3 ap=1 snaps=15 hooks=19 inst=30 rollout "Shiny Slime" Creature lvl0 hero1
t=1 ph=3 ap=1 snaps=16 hooks=19 inst=30 leakyRollout "Shiny Slime" +0.92MB hooks=[onPhaseStart:1 onPhaseEnd:1 beforeDraw:1 onDraw:1 onPlay:1 onCardEnterZone:1] cards=[Toras, Master of all Weapons:1 Shiny Slime:1]
t=1 ph=3 ap=1 snaps=16 hooks=19 inst=30 rollout "Slime Rancher" Creature lvl1 hero0
t=1 ph=3 ap=1 snaps=25 hooks=19 inst=30 leakyRollout "Slime Rancher" +10.07MB hooks=[modifyPoisonDamage:1] cards=[Wealth:22 Stellan, the Calm Cat:19 Toras, Master of all Weapons:15 Arthor, the King of Blackport:10 Fiona, the Princess of Blackport:8 Shiny Slime:8]
t=1 ph=3 ap=1 snaps=25 hooks=19 inst=30 rollout "Slime Rancher" Creature lvl1 hero0
t=1 ph=3 ap=1 snaps=33 hooks=19 inst=30 leakyRollout "Slime Rancher" +9.77MB hooks=[] cards=[Stellan, the Calm Cat:16 Toras, Master of all Weapons:15 Wealth:14 Arthor, the King of Blackport:9 Shiny Slime:8 Barker, the Monster Tamer:7]
t=1 ph=3 ap=1 snaps=33 hooks=19 inst=30 rollout "Slime Rancher" Creature lvl1 hero0
t=1 ph=3 ap=1 snaps=49 hooks=19 inst=30 leakyRollout "Slime Rancher" +19.15MB hooks=[] cards=[Toras, Master of all Weapons:18 Wealth:14 Arthor, the King of Blackport:12 Stellan, the Calm Cat:10 Fighting:10 Blade of the Frostbringer:9]
t=1 ph=3 ap=1 snaps=49 hooks=19 inst=30 rollout "Cloudy Slime" Creature lvl0 hero1
t=1 ph=3 ap=1 snaps=68 hooks=19 inst=30 leakyRollout "Cloudy Slime" +13.88MB hooks=[onStatusRemoved:1 modifyPoisonDamage:1] cards=[Wealth:23 Toras, Master of all Weapons:14 Stellan, the Calm Cat:10 Fiona, the Princess of Blackport:10 Arthor, the King of Blackport:9 Fighting:7]
t=1 ph=3 ap=1 snaps=68 hooks=19 inst=30 rollout "Cloudy Slime" Creature lvl0 hero1
t=1 ph=3 ap=1 snaps=76 hooks=19 inst=30 leakyRollout "Cloudy Slime" +5.05MB hooks=[] cards=[Stellan, the Calm Cat:20 Wealth:19 Slime Rancher:18 Cloudy Slime:14 Toras, Master of all Weapons:13 Arthor, the King of Blackport:10]
t=1 ph=3 ap=1 snaps=76 hooks=19 inst=30 rollout "Cloudy Slime" Creature lvl0 hero1
t=1 ph=3 ap=1 snaps=91 hooks=19 inst=30 leakyRollout "Cloudy Slime" +10.98MB hooks=[onStatusRemoved:1] cards=[Stellan, the Calm Cat:21 Wealth:20 Toras, Master of all Weapons:12 Arthor, the King of Blackport:9 Cloudy Slime:8 Barker, the Monster Tamer:7]
t=1 ph=3 ap=1 snaps=91 hooks=19 inst=30 rollout "Sparky Slime" Creature lvl0 hero1
t=1 ph=3 ap=1 snaps=113 hooks=19 inst=30 leakyRollout "Sparky Slime" +13.77MB hooks=[] cards=[Stellan, the Calm Cat:22 Wealth:22 Toras, Master of all Weapons:17 Arthor, the King of Blackport:10 Icy Slime:9 Sparky Slime:8]
t=1 ph=3 ap=1 snaps=113 hooks=19 inst=30 rollout "Sparky Slime" Creature lvl0 hero1
t=1 ph=3 ap=1 snaps=125 hooks=19 inst=30 leakyRollout "Sparky Slime" +17.51MB hooks=[] cards=[Stellan, the Calm Cat:23 Toras, Master of all Weapons:14 Wealth:14 Sparky Slime:14 Slime Rancher:12 Arthor, the King of Blackport:9]
t=1 ph=3 ap=1 snaps=125 hooks=19 inst=30 rollout "Sparky Slime" Creature lvl0 hero1
t=1 ph=3 ap=1 snaps=134 hooks=19 inst=30 leakyRollout "Sparky Slime" +4.45MB hooks=[onStatusRemoved:1] cards=[Stellan, the Calm Cat:23 Wealth:18 Icy Slime:10 Arthor, the King of Blackport:9 Toras, Master of all Weapons:9 Sparky Slime:8]
t=1 ph=3 ap=1 snaps=134 hooks=19 inst=30 rollout "Slime Rancher" Creature lvl1 hero0
t=1 ph=3 ap=1 snaps=135 hooks=19 inst=30 leakyRollout "Slime Rancher" +11.02MB hooks=[] cards=[Slime Rancher:30 Stellan, the Calm Cat:21 Wealth:18 Toras, Master of all Weapons:15 Fiery Slime:11 Arthor, the King of Blackport:9]
t=1 ph=3 ap=1 snaps=135 hooks=19 inst=30 rollout "Slime Rancher" Creature lvl1 hero0
t=1 ph=3 ap=1 snaps=143 hooks=19 inst=30 rollout "Slime Rancher" Creature lvl1 hero0
t=1 ph=3 ap=1 snaps=151 hooks=19 inst=30 leakyRollout "Slime Rancher" +13.79MB hooks=[] cards=[Wealth:22 Toras, Master of all Weapons:17 Stellan, the Calm Cat:15 Slime Rancher:13 Arthor, the King of Blackport:12 Shiny Slime:8]
t=1 ph=3 ap=1 snaps=151 hooks=19 inst=30 rollout "Slime Rancher" Creature lvl1 hero0
t=1 ph=3 ap=1 snaps=152 hooks=19 inst=30 rollout "Slime Rancher" Creature lvl1 hero0
t=1 ph=3 ap=1 snaps=160 hooks=19 inst=30 leakyRollout "Slime Rancher" +0.63MB hooks=[modifyPoisonDamage:1] cards=[Wealth:24 Stellan, the Calm Cat:22 Toras, Master of all Weapons:12 Arthor, the King of Blackport:10 The Master's Sword:10 Shiny Slime:8]
t=1 ph=3 ap=1 snaps=160 hooks=19 inst=30 rollout "Slime Rancher" Creature lvl1 hero0
t=1 ph=3 ap=1 snaps=165 hooks=19 inst=30 leakyRollout "Slime Rancher" +0.63MB hooks=[] cards=[Wealth:19 Stellan, the Calm Cat:18 Toras, Master of all Weapons:13 Arthor, the King of Blackport:10 Shiny Slime:8 Earth-Shattering Hammer, Relic of Deri:8]
t=1 ph=3 ap=1 snaps=165 hooks=19 inst=30 rollout "Slime Rancher" Creature lvl1 hero0
t=1 ph=3 ap=1 snaps=168 hooks=19 inst=30 leakyRollout "Slime Rancher" +3.37MB hooks=[] cards=[Slime Rancher:30 Wealth:22 Toras, Master of all Weapons:16 Stellan, the Calm Cat:14 Arthor, the King of Blackport:10 Shadowy Slime:10]
t=1 ph=3 ap=1 snaps=168 hooks=19 inst=30 rollout "Slime Rancher" Creature lvl1 hero0
t=1 ph=3 ap=1 snaps=175 hooks=19 inst=30 rollout "Slime Rancher" Creature lvl1 hero0
t=1 ph=3 ap=1 snaps=181 hooks=19 inst=30 leakyRollout "Slime Rancher" +2.18MB hooks=[modifyPoisonDamage:1] cards=[Wealth:30 Slime Rancher:29 Stellan, the Calm Cat:20 Toras, Master of all Weapons:12 Arthor, the King of Blackport:9 Shiny Slime:8]
t=1 ph=3 ap=1 snaps=181 hooks=19 inst=30 rollout "Slime Rancher" Creature lvl1 hero0
t=1 ph=3 ap=1 snaps=187 hooks=19 inst=30 leakyRollout "Slime Rancher" +2.17MB hooks=[] cards=[Slime Rancher:23 Stellan, the Calm Cat:22 Wealth:22 Toras, Master of all Weapons:13 Arthor, the King of Blackport:11 Shiny Slime:8]
t=1 ph=3 ap=1 snaps=187 hooks=19 inst=30 rollout "Slime Rancher" Creature lvl1 hero0
t=1 ph=3 ap=1 snaps=189 hooks=19 inst=30 rollout "Slime Rancher" Creature lvl1 hero0
t=1 ph=3 ap=1 snaps=196 hooks=19 inst=30 leakyRollout "Slime Rancher" +5.21MB hooks=[] cards=[Wealth:19 Stellan, the Calm Cat:16 Toras, Master of all Weapons:11 Arthor, the King of Blackport:10 Shiny Slime:8 Barker, the Monster Tamer:7]
t=1 ph=3 ap=1 snaps=196 hooks=19 inst=30 rollout "Slime Rancher" Creature lvl1 hero0
t=1 ph=3 ap=1 snaps=204 hooks=19 inst=30 rollout "Slime Rancher" Creature lvl1 hero0
t=1 ph=3 ap=1 snaps=209 hooks=19 inst=30 leakyRollout "Slime Rancher" +6.10MB hooks=[] cards=[Slime Rancher:30 Wealth:23 Toras, Master of all Weapons:16 Stellan, the Calm Cat:15 Arthor, the King of Blackport:9 Barker, the Monster Tamer:7]
t=1 ph=3 ap=1 snaps=209 hooks=19 inst=30 rollout "Slime Rancher" Creature lvl1 hero0
t=1 ph=3 ap=1 snaps=212 hooks=19 inst=30 rollout "Slime Rancher" Creature lvl1 hero0
t=1 ph=3 ap=1 snaps=219 hooks=19 inst=30 leakyRollout "Slime Rancher" +3.11MB hooks=[beforeDamage:1 afterDamage:1 modifyPoisonDamage:1] cards=[Slime Rancher:28 Wealth:27 Stellan, the Calm Cat:24 Toras, Master of all Weapons:14 The Sun Sword:13 Shiny Slime:12]
t=1 ph=3 ap=1 snaps=219 hooks=19 inst=30 rollout "Slime Rancher" Creature lvl1 hero0
t=1 ph=3 ap=1 snaps=223 hooks=19 inst=30 leakyRollout "Slime Rancher" +3.91MB hooks=[modifyPoisonDamage:1] cards=[Wealth:27 Stellan, the Calm Cat:21 Toras, Master of all Weapons:15 Slime Rancher:14 Arthor, the King of Blackport:10 Shiny Slime:8]
t=1 ph=3 ap=1 snaps=223 hooks=19 inst=30 rollout "Slime Rancher" Creature lvl1 hero0
t=1 ph=3 ap=1 snaps=225 hooks=19 inst=30 rollout "Slime Rancher" Creature lvl1 hero0
t=1 ph=3 ap=1 snaps=235 hooks=19 inst=30 rollout "Slime Rancher" Creature lvl1 hero0
t=1 ph=3 ap=1 snaps=245 hooks=19 inst=30 rollout "Slime Rancher" Creature lvl1 hero0
t=1 ph=3 ap=1 snaps=249 hooks=19 inst=30 rollout "Cloudy Slime" Creature lvl0 hero1
t=1 ph=3 ap=1 snaps=250 hooks=19 inst=30 leakyRollout "Cloudy Slime" +3.43MB hooks=[beforeDraw:2 onDraw:2 onPlay:2 onCardEnterZone:2 onPhaseStart:1 onPhaseEnd:1] cards=[Toras, Master of all Weapons:2 Cloudy Slime:1 Shiny Slime:1]
t=1 ph=3 ap=1 snaps=250 hooks=19 inst=30 rollout "Cloudy Slime" Creature lvl0 hero1
t=1 ph=3 ap=1 snaps=257 hooks=19 inst=30 rollout "Cloudy Slime" Creature lvl0 hero1
t=1 ph=3 ap=1 snaps=276 hooks=19 inst=30 leakyRollout "Cloudy Slime" +0.68MB hooks=[] cards=[Stellan, the Calm Cat:16 Wealth:14 Slime Rancher:13 Toras, Master of all Weapons:12 Arthor, the King of Blackport:9 The Sun Sword:9]
t=1 ph=3 ap=1 snaps=276 hooks=19 inst=30 rollout "Cloudy Slime" Creature lvl0 hero1
t=1 ph=3 ap=1 snaps=288 hooks=19 inst=30 leakyRollout "Cloudy Slime" +17.81MB hooks=[beforeDamage:1 afterDamage:1 modifyPoisonDamage:1 beforeLevelChange:1 afterLevelChange:1] cards=[Wealth:33 Stellan, the Calm Cat:24 Toras, Master of all Weapons:12 Cloudy Slime:11 Arthor, the King of Blackport:10 Fiona, the Princess of Blackport:7]
t=1 ph=3 ap=1 snaps=288 hooks=19 inst=30 rollout "Cloudy Slime" Creature lvl0 hero1
t=1 ph=3 ap=1 snaps=294 hooks=19 inst=30 rollout "Cloudy Slime" Creature lvl0 hero1
t=1 ph=3 ap=1 snaps=304 hooks=19 inst=30 rollout "Cloudy Slime" Creature lvl0 hero1
t=1 ph=3 ap=1 snaps=307 hooks=19 inst=30 leakyRollout "Cloudy Slime" +18.36MB hooks=[] cards=[Wealth:28 Stellan, the Calm Cat:21 Slime Rancher:17 Toras, Master of all Weapons:13 Cloudy Slime:10 Arthor, the King of Blackport:9]
t=1 ph=3 ap=1 snaps=307 hooks=19 inst=30 rollout "Cloudy Slime" Creature lvl0 hero1
t=1 ph=3 ap=1 snaps=319 hooks=19 inst=30 rollout "Cloudy Slime" Creature lvl0 hero1
t=1 ph=3 ap=1 snaps=327 hooks=19 inst=30 leakyRollout "Cloudy Slime" +8.10MB hooks=[] cards=[Stellan, the Calm Cat:18 Slime Rancher:18 Wealth:14 Toras, Master of all Weapons:13 Arthor, the King of Blackport:9 Cloudy Slime:8]
t=1 ph=3 ap=1 snaps=327 hooks=19 inst=30 rollout "Cloudy Slime" Creature lvl0 hero1
t=1 ph=3 ap=1 snaps=338 hooks=19 inst=30 leakyRollout "Cloudy Slime" +5.30MB hooks=[] cards=[Wealth:22 Stellan, the Calm Cat:19 Toras, Master of all Weapons:13 Arthor, the King of Blackport:11 Cloudy Slime:8 Barker, the Monster Tamer:7]
t=1 ph=3 ap=1 snaps=338 hooks=19 inst=30 rollout "Cloudy Slime" Creature lvl0 hero1
t=1 ph=3 ap=1 snaps=349 hooks=19 inst=30 rollout "Cloudy Slime" Creature lvl0 hero1
t=1 ph=3 ap=1 snaps=361 hooks=19 inst=30 rollout "Cloudy Slime" Creature lvl0 hero1
t=1 ph=3 ap=1 snaps=362 hooks=19 inst=30 leakyRollout "Cloudy Slime" +3.46MB hooks=[beforeDraw:2 onDraw:2 onPlay:2 onCardEnterZone:2 onPhaseStart:1 onPhaseEnd:1] cards=[Toras, Master of all Weapons:2 Cloudy Slime:1 Shiny Slime:1]
t=1 ph=3 ap=1 snaps=362 hooks=19 inst=30 rollout "Cloudy Slime" Creature lvl0 hero1
t=1 ph=3 ap=1 snaps=373 hooks=19 inst=30 leakyRollout "Cloudy Slime" +2.37MB hooks=[] cards=[Wealth:19 Stellan, the Calm Cat:13 Toras, Master of all Weapons:13 Arthor, the King of Blackport:11 Cloudy Slime:9 Slime Rancher:8]
t=1 ph=3 ap=1 snaps=373 hooks=19 inst=30 rollout "Cloudy Slime" Creature lvl0 hero1
t=1 ph=3 ap=1 snaps=391 hooks=19 inst=30 leakyRollout "Cloudy Slime" +7.41MB hooks=[] cards=[Stellan, the Calm Cat:19 Toras, Master of all Weapons:15 Wealth:14 Arthor, the King of Blackport:11 Cloudy Slime:8 Barker, the Monster Tamer:6]
t=1 ph=3 ap=1 snaps=391 hooks=19 inst=30 rollout "Cloudy Slime" Creature lvl0 hero1
t=1 ph=3 ap=1 snaps=408 hooks=19 inst=30 rollout "Cloudy Slime" Creature lvl0 hero1
t=1 ph=3 ap=1 snaps=412 hooks=19 inst=30 rollout "Cloudy Slime" Creature lvl0 hero1
t=1 ph=3 ap=1 snaps=425 hooks=19 inst=30 leakyRollout "Cloudy Slime" +23.51MB hooks=[] cards=[Wealth:19 Toras, Master of all Weapons:15 Arthor, the King of Blackport:11 Stellan, the Calm Cat:10 Barker, the Monster Tamer:7 Cloudy Slime:6]
t=1 ph=3 ap=1 snaps=425 hooks=19 inst=30 rollout "Sparky Slime" Creature lvl0 hero1
t=1 ph=3 ap=1 snaps=440 hooks=19 inst=30 rollout "Sparky Slime" Creature lvl0 hero1
t=1 ph=3 ap=1 snaps=454 hooks=19 inst=30 rollout "Sparky Slime" Creature lvl0 hero1
t=1 ph=3 ap=1 snaps=463 hooks=19 inst=30 leakyRollout "Sparky Slime" +7.32MB hooks=[] cards=[Wealth:18 Stellan, the Calm Cat:17 Slime Rancher:16 Toras, Master of all Weapons:12 Arthor, the King of Blackport:9 Sparky Slime:8]
t=1 ph=3 ap=1 snaps=463 hooks=19 inst=30 rollout "Sparky Slime" Creature lvl0 hero1
t=1 ph=3 ap=1 snaps=487 hooks=19 inst=30 rollout "Sparky Slime" Creature lvl0 hero1
t=1 ph=3 ap=1 snaps=493 hooks=19 inst=30 rollout "Sparky Slime" Creature lvl0 hero1
t=1 ph=3 ap=1 snaps=505 hooks=19 inst=30 leakyRollout "Sparky Slime" +4.16MB hooks=[onStatusRemoved:1 beforeDamage:1 afterDamage:1 modifyPoisonDamage:1] cards=[Wealth:29 Stellan, the Calm Cat:26 Toras, Master of all Weapons:13 Fiona, the Princess of Blackport:9 The Master's Sword:9 Arthor, the King of Blackport:8]
t=1 ph=3 ap=1 snaps=505 hooks=19 inst=30 rollout "Sparky Slime" Creature lvl0 hero1
t=1 ph=3 ap=1 snaps=514 hooks=19 inst=30 leakyRollout "Sparky Slime" +0.68MB hooks=[] cards=[Stellan, the Calm Cat:20 Wealth:19 Sparky Slime:14 Arthor, the King of Blackport:11 Toras, Master of all Weapons:10 Fiona, the Princess of Blackport:8]
t=1 ph=3 ap=1 snaps=514 hooks=19 inst=30 rollout "Sparky Slime" Creature lvl0 hero1
t=1 ph=3 ap=1 snaps=526 hooks=19 inst=30 rollout "Sparky Slime" Creature lvl0 hero1
t=1 ph=3 ap=1 snaps=539 hooks=19 inst=30 leakyRollout "Sparky Slime" +5.36MB hooks=[] cards=[Wealth:19 Stellan, the Calm Cat:18 Toras, Master of all Weapons:13 Slime Rancher:11 Arthor, the King of Blackport:10 Sparky Slime:8]
t=1 ph=3 ap=1 snaps=539 hooks=19 inst=30 rollout "Sparky Slime" Creature lvl0 hero1
t=1 ph=3 ap=1 snaps=548 hooks=19 inst=30 rollout "Sparky Slime" Creature lvl0 hero1
t=1 ph=3 ap=1 snaps=555 hooks=19 inst=30 leakyRollout "Sparky Slime" +9.50MB hooks=[beforeDamage:1 afterDamage:1 modifyPoisonDamage:1] cards=[Wealth:27 Stellan, the Calm Cat:19 Slime Rancher:15 Toras, Master of all Weapons:13 Arthor, the King of Blackport:9 Barker, the Monster Tamer:7]
t=1 ph=3 ap=1 snaps=555 hooks=19 inst=30 rollout "Sparky Slime" Creature lvl0 hero1
t=1 ph=3 ap=1 snaps=566 hooks=19 inst=30 rollout "Sparky Slime" Creature lvl0 hero1
t=1 ph=3 ap=1 snaps=578 hooks=19 inst=30 rollout "Sparky Slime" Creature lvl0 hero1
t=1 ph=3 ap=1 snaps=590 hooks=19 inst=30 rollout "Sparky Slime" Creature lvl0 hero1
t=1 ph=3 ap=1 snaps=601 hooks=19 inst=30 summon "Cloudy Slime" p1/h1

=== GAME 3/1000: Depths of the Cosmos vs Slimy Infestation @ 2026-05-01T11:29:29.711Z ===
t=1 ph=2 ap=0 snaps=0 hooks=10 inst=29 cpuTurnStart cpu=p0 hand=6
t=1 ph=3 ap=0 snaps=9 hooks=17 inst=30 rollout "Analyzer from the Cosmic Depths" Creature lvl1 hero1
t=1 ph=3 ap=0 snaps=35 hooks=17 inst=30 leakyRollout "Analyzer from the Cosmic Depths" +14.31MB hooks=[beforeLevelChange:3 afterLevelChange:3] cards=[Stellan, the Calm Cat:10 Argos, the Eye of the Cosmos:7 Barker, the Monster Tamer:7 Icy Slime:7 Shadowy Slime:5 Analyzer from the Cosmic Depths:4]
t=1 ph=3 ap=0 snaps=35 hooks=17 inst=30 rollout "Analyzer from the Cosmic Depths" Creature lvl1 hero1
t=1 ph=3 ap=0 snaps=56 hooks=17 inst=30 leakyRollout "Analyzer from the Cosmic Depths" +6.07MB hooks=[beforeLevelChange:3 afterLevelChange:3] cards=[Stellan, the Calm Cat:13 Icy Slime:12 Analyzer from the Cosmic Depths:8 Splashy Slime:8 Barker, the Monster Tamer:7 Argos, the Eye of the Cosmos:6]
t=1 ph=3 ap=0 snaps=56 hooks=17 inst=30 rollout "Analyzer from the Cosmic Depths" Creature lvl1 hero1
t=1 ph=3 ap=0 snaps=87 hooks=17 inst=30 leakyRollout "Analyzer from the Cosmic Depths" +17.19MB hooks=[beforeLevelChange:2 afterLevelChange:2] cards=[Stellan, the Calm Cat:12 Barker, the Monster Tamer:7 Shadowy Slime:7 Argos, the Eye of the Cosmos:6 Analyzer from the Cosmic Depths:3 Divine Gift of the Guardian:3]
t=1 ph=3 ap=0 snaps=87 hooks=17 inst=30 rollout "Analyzer from the Cosmic Depths" Creature lvl1 hero1
t=1 ph=3 ap=0 snaps=95 hooks=17 inst=30 rollout "Analyzer from the Cosmic Depths" Creature lvl1 hero1
t=1 ph=3 ap=0 snaps=113 hooks=17 inst=30 leakyRollout "Analyzer from the Cosmic Depths" +12.90MB hooks=[beforeLevelChange:4 afterLevelChange:4] cards=[Slime Rancher:24 Stellan, the Calm Cat:17 Analyzer from the Cosmic Depths:11 Invader Token:8 Barker, the Monster Tamer:7 Shadowy Slime:7]
t=1 ph=3 ap=0 snaps=113 hooks=17 inst=30 rollout "Analyzer from the Cosmic Depths" Creature lvl1 hero1
t=1 ph=3 ap=0 snaps=121 hooks=17 inst=30 rollout "Analyzer from the Cosmic Depths" Creature lvl1 hero1
t=1 ph=3 ap=0 snaps=138 hooks=17 inst=30 rollout "Analyzer from the Cosmic Depths" Creature lvl1 hero1
t=1 ph=3 ap=0 snaps=180 hooks=17 inst=30 leakyRollout "Analyzer from the Cosmic Depths" +10.48MB hooks=[beforeLevelChange:2 afterLevelChange:2] cards=[Stellan, the Calm Cat:12 Argos, the Eye of the Cosmos:7 Barker, the Monster Tamer:7 Icy Slime:7 Shadowy Slime:5 Analyzer from the Cosmic Depths:3]
t=1 ph=3 ap=0 snaps=180 hooks=17 inst=30 rollout "Analyzer from the Cosmic Depths" Creature lvl1 hero1
t=1 ph=3 ap=0 snaps=204 hooks=17 inst=30 rollout "Analyzer from the Cosmic Depths" Creature lvl1 hero1
t=1 ph=3 ap=0 snaps=227 hooks=17 inst=30 leakyRollout "Analyzer from the Cosmic Depths" +16.04MB hooks=[beforeLevelChange:3 afterLevelChange:3] cards=[Stellan, the Calm Cat:10 Argos, the Eye of the Cosmos:7 Barker, the Monster Tamer:7 Icy Slime:7 Shadowy Slime:5 Cloudy Slime:3]
t=1 ph=3 ap=0 snaps=227 hooks=17 inst=30 rollout "Analyzer from the Cosmic Depths" Creature lvl1 hero1
t=1 ph=3 ap=0 snaps=253 hooks=17 inst=30 rollout "Analyzer from the Cosmic Depths" Creature lvl1 hero1
t=1 ph=3 ap=0 snaps=288 hooks=17 inst=30 leakyRollout "Analyzer from the Cosmic Depths" +5.96MB hooks=[beforeLevelChange:2 afterLevelChange:2] cards=[Gatherer from the Cosmic Depths:11 Stellan, the Calm Cat:9 Shadowy Slime:8 Argos, the Eye of the Cosmos:7 Barker, the Monster Tamer:7 Icy Slime:7]
t=1 ph=3 ap=0 snaps=288 hooks=17 inst=30 rollout "Analyzer from the Cosmic Depths" Creature lvl1 hero1
t=1 ph=3 ap=0 snaps=308 hooks=17 inst=30 rollout "Analyzer from the Cosmic Depths" Creature lvl1 hero1
t=1 ph=3 ap=0 snaps=333 hooks=17 inst=30 rollout "Analyzer from the Cosmic Depths" Creature lvl1 hero1
t=1 ph=3 ap=0 snaps=355 hooks=17 inst=30 leakyRollout "Analyzer from the Cosmic Depths" +5.22MB hooks=[beforeLevelChange:3 afterLevelChange:3] cards=[Stellan, the Calm Cat:13 Analyzer from the Cosmic Depths:8 Argos, the Eye of the Cosmos:7 Barker, the Monster Tamer:7 Shadowy Slime:7 Sparky Slime:5]
t=1 ph=3 ap=0 snaps=355 hooks=17 inst=30 rollout "Analyzer from the Cosmic Depths" Creature lvl1 hero1
t=1 ph=3 ap=0 snaps=389 hooks=17 inst=30 leakyRollout "Analyzer from the Cosmic Depths" +2.96MB hooks=[beforeLevelChange:3 afterLevelChange:3] cards=[Stellan, the Calm Cat:10 Shadowy Slime:8 Argos, the Eye of the Cosmos:7 Barker, the Monster Tamer:7 Icy Slime:7 Analyzer from the Cosmic Depths:3]
t=1 ph=3 ap=0 snaps=389 hooks=17 inst=30 rollout "Analyzer from the Cosmic Depths" Creature lvl1 hero1
t=1 ph=3 ap=0 snaps=410 hooks=17 inst=30 leakyRollout "Analyzer from the Cosmic Depths" +1.24MB hooks=[beforeLevelChange:1 afterLevelChange:1] cards=[Stellan, the Calm Cat:14 Argos, the Eye of the Cosmos:7 Barker, the Monster Tamer:7 Icy Slime:7 Analyzer from the Cosmic Depths:5 Shadowy Slime:5]
t=1 ph=3 ap=0 snaps=410 hooks=17 inst=30 rollout "Analyzer from the Cosmic Depths" Creature lvl1 hero1
t=1 ph=3 ap=0 snaps=433 hooks=17 inst=30 rollout "Analyzer from the Cosmic Depths" Creature lvl1 hero1
t=1 ph=3 ap=0 snaps=460 hooks=17 inst=30 rollout "Analyzer from the Cosmic Depths" Creature lvl1 hero1
t=1 ph=3 ap=0 snaps=481 hooks=17 inst=30 leakyRollout "Analyzer from the Cosmic Depths" +6.16MB hooks=[beforeLevelChange:3 afterLevelChange:3] cards=[Stellan, the Calm Cat:12 Argos, the Eye of the Cosmos:7 Barker, the Monster Tamer:7 Icy Slime:7 Shadowy Slime:5 Analyzer from the Cosmic Depths:3]
t=1 ph=3 ap=0 snaps=481 hooks=17 inst=30 rollout "Analyzer from the Cosmic Depths" Creature lvl1 hero1
t=1 ph=3 ap=0 snaps=504 hooks=17 inst=30 leakyRollout "Analyzer from the Cosmic Depths" +3.43MB hooks=[beforeLevelChange:1 afterLevelChange:1] cards=[Stellan, the Calm Cat:16 Barker, the Monster Tamer:7 Icy Slime:7 Argos, the Eye of the Cosmos:6 Analyzer from the Cosmic Depths:3 Gatherer from the Cosmic Depths:3]
t=1 ph=3 ap=0 snaps=504 hooks=17 inst=30 rollout "Analyzer from the Cosmic Depths" Creature lvl1 hero1
t=1 ph=3 ap=0 snaps=538 hooks=17 inst=30 leakyRollout "Analyzer from the Cosmic Depths" +1.36MB hooks=[beforeLevelChange:1 afterLevelChange:1] cards=[Stellan, the Calm Cat:12 Gatherer from the Cosmic Depths:11 Argos, the Eye of the Cosmos:7 Barker, the Monster Tamer:7 Analyzer from the Cosmic Depths:6 Icy Slime:5]
t=1 ph=3 ap=0 snaps=538 hooks=17 inst=30 rollout "Analyzer from the Cosmic Depths" Creature lvl1 hero1
t=1 ph=3 ap=0 snaps=558 hooks=17 inst=30 rollout "Analyzer from the Cosmic Depths" Creature lvl1 hero1
t=1 ph=3 ap=0 snaps=581 hooks=17 inst=30 leakyRollout "Analyzer from the Cosmic Depths" +7.29MB hooks=[beforeLevelChange:3 afterLevelChange:3] cards=[Stellan, the Calm Cat:12 Barker, the Monster Tamer:7 Icy Slime:7 Argos, the Eye of the Cosmos:6 Sparky Slime:5 Analyzer from the Cosmic Depths:3]
t=1 ph=3 ap=0 snaps=581 hooks=17 inst=30 rollout "Analyzer from the Cosmic Depths" Creature lvl1 hero1
t=1 ph=3 ap=0 snaps=601 hooks=17 inst=30 summon "Analyzer from the Cosmic Depths" p0/h1

=== GAME 4/1000: Deepsea Terror vs Slimy Infestation @ 2026-05-01T11:29:31.349Z ===
t=1 ph=2 ap=0 snaps=0 hooks=10 inst=29 cpuTurnStart cpu=p0 hand=6
t=1 ph=3 ap=0 snaps=13 hooks=21 inst=32 rollout "Deepsea Witch" Creature lvl2 hero2
t=1 ph=3 ap=0 snaps=41 hooks=21 inst=32 leakyRollout "Deepsea Witch" +10.76MB hooks=[beforeLevelChange:2 afterLevelChange:2] cards=[Barker, the Monster Tamer:14 Stellan, the Calm Cat:13 Shadowy Slime:10 Divine Gift of the Guardian:2 Performance:2 Deepsea Witch:1]
t=1 ph=3 ap=0 snaps=41 hooks=21 inst=32 rollout "Deepsea Witch" Creature lvl2 hero2
t=1 ph=3 ap=0 snaps=74 hooks=21 inst=32 leakyRollout "Deepsea Witch" +5.32MB hooks=[beforeLevelChange:2 afterLevelChange:2] cards=[Barker, the Monster Tamer:14 Stellan, the Calm Cat:12 Shadowy Slime:7 Icy Slime:3 Deepsea Witch:1 Rain of Arrows:1]
t=1 ph=3 ap=0 snaps=74 hooks=21 inst=32 rollout "Deepsea Witch" Creature lvl2 hero2
t=1 ph=3 ap=0 snaps=114 hooks=21 inst=32 leakyRollout "Deepsea Witch" +16.31MB hooks=[beforeLevelChange:3 afterLevelChange:3] cards=[Barker, the Monster Tamer:14 Shadowy Slime:10 Stellan, the Calm Cat:8 Splashy Slime:5 Deepsea Witch:2 Deepsea Werewolf:1]
t=1 ph=3 ap=0 snaps=114 hooks=21 inst=32 rollout "Deepsea Mummy" Creature lvl1 hero1
t=1 ph=3 ap=0 snaps=163 hooks=21 inst=32 leakyRollout "Deepsea Mummy" +7.09MB hooks=[beforeLevelChange:3 afterLevelChange:3] cards=[Barker, the Monster Tamer:14 Stellan, the Calm Cat:11 Shadowy Slime:7 Splashy Slime:5 Sandy Blob:5 Sparky Slime:3]
t=1 ph=3 ap=0 snaps=163 hooks=21 inst=32 rollout "Deepsea Mummy" Creature lvl1 hero1
t=1 ph=3 ap=0 snaps=184 hooks=21 inst=32 leakyRollout "Deepsea Mummy" +13.04MB hooks=[beforeLevelChange:3 afterLevelChange:3] cards=[Stellan, the Calm Cat:13 Barker, the Monster Tamer:13 Shadowy Slime:7 Sparky Slime:3 Splashy Slime:3 Sandy Blob:2]
t=1 ph=3 ap=0 snaps=184 hooks=21 inst=32 rollout "Deepsea Mummy" Creature lvl1 hero1
t=1 ph=3 ap=0 snaps=229 hooks=21 inst=32 leakyRollout "Deepsea Mummy" +4.97MB hooks=[beforeLevelChange:2 afterLevelChange:2] cards=[Barker, the Monster Tamer:14 Stellan, the Calm Cat:10 Slime Rancher:9 Shadowy Slime:7 Shiny Slime:3 Deepsea Mummy:1]
t=1 ph=3 ap=0 snaps=229 hooks=21 inst=32 rollout "Deepsea Mummy" Creature lvl1 hero0
t=1 ph=3 ap=0 snaps=255 hooks=21 inst=32 leakyRollout "Deepsea Mummy" +12.99MB hooks=[beforeLevelChange:2 afterLevelChange:2] cards=[Barker, the Monster Tamer:14 Stellan, the Calm Cat:12 Shadowy Slime:7 Sandy Blob:3 Icy Slime:3 Deepsea Mummy:1]
t=1 ph=3 ap=0 snaps=255 hooks=21 inst=32 rollout "Deepsea Mummy" Creature lvl1 hero0
t=1 ph=3 ap=0 snaps=300 hooks=21 inst=32 leakyRollout "Deepsea Mummy" +15.06MB hooks=[beforeLevelChange:2 afterLevelChange:2] cards=[Barker, the Monster Tamer:14 Stellan, the Calm Cat:10 Shadowy Slime:7 Splashy Slime:3 Deepsea Mummy:2 Rain of Arrows:1]
t=1 ph=3 ap=0 snaps=300 hooks=21 inst=32 rollout "Deepsea Mummy" Creature lvl1 hero0
t=1 ph=3 ap=0 snaps=343 hooks=21 inst=32 leakyRollout "Deepsea Mummy" +3.75MB hooks=[beforeLevelChange:2 afterLevelChange:2] cards=[Barker, the Monster Tamer:14 Stellan, the Calm Cat:11 Shadowy Slime:7 Splashy Slime:3 Deepsea Mummy:2 Rain of Arrows:1]
t=1 ph=3 ap=0 snaps=343 hooks=21 inst=32 rollout "Deepsea Witch" Creature lvl2 hero2
t=1 ph=3 ap=0 snaps=344 hooks=21 inst=32 leakyRollout "Deepsea Witch" +0.81MB hooks=[onPhaseStart:1 onPhaseEnd:1 onPlay:1 onCardEnterZone:1 onCardAddedToHand:1 onActionUsed:1] cards=[Deepsea Witch:1]
t=1 ph=3 ap=0 snaps=344 hooks=21 inst=32 rollout "Deepsea Witch" Creature lvl2 hero2
t=1 ph=3 ap=0 snaps=372 hooks=21 inst=32 leakyRollout "Deepsea Witch" +11.17MB hooks=[beforeLevelChange:4 afterLevelChange:4] cards=[Slime Rancher:27 Stellan, the Calm Cat:15 Barker, the Monster Tamer:13 Shadowy Slime:12 Shiny Slime:5 Icy Slime:3]
t=1 ph=3 ap=0 snaps=372 hooks=21 inst=32 rollout "Deepsea Witch" Creature lvl2 hero2
t=1 ph=3 ap=0 snaps=373 hooks=21 inst=32 leakyRollout "Deepsea Witch" +0.81MB hooks=[onPhaseStart:1 onPhaseEnd:1 onPlay:1 onCardEnterZone:1 onCardAddedToHand:1 onActionUsed:1] cards=[Deepsea Witch:1]
t=1 ph=3 ap=0 snaps=373 hooks=21 inst=32 rollout "Deepsea Witch" Creature lvl2 hero2
t=1 ph=3 ap=0 snaps=405 hooks=21 inst=32 rollout "Deepsea Witch" Creature lvl2 hero2
t=1 ph=3 ap=0 snaps=406 hooks=21 inst=32 leakyRollout "Deepsea Witch" +0.81MB hooks=[onPhaseStart:1 onPhaseEnd:1 onPlay:1 onCardEnterZone:1 onCardAddedToHand:1 onActionUsed:1] cards=[Deepsea Witch:1]
t=1 ph=3 ap=0 snaps=406 hooks=21 inst=32 rollout "Deepsea Witch" Creature lvl2 hero2
t=1 ph=3 ap=0 snaps=433 hooks=21 inst=32 rollout "Deepsea Mummy" Creature lvl1 hero1
t=1 ph=3 ap=0 snaps=457 hooks=21 inst=32 leakyRollout "Deepsea Mummy" +14.43MB hooks=[beforeLevelChange:3 afterLevelChange:3] cards=[Barker, the Monster Tamer:14 Shadowy Slime:12 Stellan, the Calm Cat:10 Fiery Slime:3 Deepsea Mummy:1 Performance:1]
t=1 ph=3 ap=0 snaps=457 hooks=21 inst=32 rollout "Deepsea Mummy" Creature lvl1 hero1
t=1 ph=3 ap=0 snaps=488 hooks=21 inst=32 rollout "Deepsea Mummy" Creature lvl1 hero1
t=1 ph=3 ap=0 snaps=527 hooks=21 inst=32 leakyRollout "Deepsea Mummy" +16.00MB hooks=[beforeLevelChange:1 afterLevelChange:1] cards=[Barker, the Monster Tamer:14 Stellan, the Calm Cat:13 Shadowy Slime:7 Deepsea Mummy:2 Rain of Arrows:2 Sandy Blob:1]
t=1 ph=3 ap=0 snaps=527 hooks=21 inst=32 rollout "Deepsea Mummy" Creature lvl1 hero1
t=1 ph=3 ap=0 snaps=546 hooks=21 inst=32 rollout "Deepsea Mummy" Creature lvl1 hero1
t=1 ph=3 ap=0 snaps=579 hooks=21 inst=32 leakyRollout "Deepsea Mummy" +10.21MB hooks=[beforeLevelChange:3 afterLevelChange:3] cards=[Barker, the Monster Tamer:14 Stellan, the Calm Cat:13 Shadowy Slime:7 Icy Slime:3 Cloudy Slime:3 Deepsea Mummy:1]
t=1 ph=3 ap=0 snaps=579 hooks=21 inst=32 rollout "Deepsea Mummy" Creature lvl1 hero1
t=1 ph=3 ap=0 snaps=599 hooks=21 inst=32 leakyRollout "Deepsea Mummy" +8.68MB hooks=[beforeLevelChange:5 afterLevelChange:5] cards=[Slime Rancher:28 Barker, the Monster Tamer:14 Shiny Slime:13 Stellan, the Calm Cat:11 Shadowy Slime:7 Cloudy Slime:3]
t=1 ph=3 ap=0 snaps=599 hooks=21 inst=32 rollout "Deepsea Mummy" Creature lvl1 hero0
t=1 ph=3 ap=0 snaps=601 hooks=21 inst=32 summon "Deepsea Witch" p0/h2

=== GAME 5/1000: Gather That Storm! vs Shifting Sandlands @ 2026-05-01T11:29:32.895Z ===
t=1 ph=2 ap=1 snaps=0 hooks=11 inst=30 cpuTurnStart cpu=p1 hand=7
t=1 ph=3 ap=1 snaps=15 hooks=34 inst=41 rollout "Adventurousness" AbilityAction lvl1 hero0
t=1 ph=3 ap=1 snaps=28 hooks=34 inst=41 leakyRollout "Adventurousness" +23.09MB hooks=[] cards=[Gathering Storm:13 Treasure Huntress Semi:12 Tarleinn the Traveler:8 Flashbang:6 Bakhm, the Desert Digger:3 Tarleinn's Floating Island:1]
t=1 ph=3 ap=1 snaps=28 hooks=34 inst=41 rollout "Adventurousness" AbilityAction lvl1 hero0
t=1 ph=3 ap=1 snaps=38 hooks=34 inst=41 rollout "Adventurousness" AbilityAction lvl1 hero0
t=1 ph=3 ap=1 snaps=57 hooks=34 inst=41 rollout "Adventurousness" AbilityAction lvl1 hero0
t=1 ph=3 ap=1 snaps=81 hooks=34 inst=41 rollout "Adventurousness" AbilityAction lvl1 hero0
t=1 ph=3 ap=1 snaps=98 hooks=34 inst=41 leakyRollout "Adventurousness" +12.21MB hooks=[] cards=[Tarleinn the Traveler:14 Gathering Storm:13 Treasure Huntress Semi:11 Bakhm, the Desert Digger:4 Telekinesis:2 Rain of Arrows:2]
t=1 ph=3 ap=1 snaps=98 hooks=34 inst=41 rollout "Adventurousness" AbilityAction lvl1 hero0
t=1 ph=3 ap=1 snaps=120 hooks=34 inst=41 rollout "Adventurousness" AbilityAction lvl1 hero0
t=1 ph=3 ap=1 snaps=140 hooks=34 inst=41 rollout "Adventurousness" AbilityAction lvl1 hero0
t=1 ph=3 ap=1 snaps=162 hooks=34 inst=41 leakyRollout "Adventurousness" +3.05MB hooks=[] cards=[Gathering Storm:13 Treasure Huntress Semi:12 Tarleinn the Traveler:9 Bakhm, the Desert Digger:5 Telekinesis:2 Rain of Arrows:2]
t=1 ph=3 ap=1 snaps=162 hooks=34 inst=41 rollout "Adventurousness" AbilityAction lvl1 hero0
t=1 ph=3 ap=1 snaps=194 hooks=34 inst=41 leakyRollout "Adventurousness" +3.52MB hooks=[] cards=[Treasure Huntress Semi:13 Gathering Storm:9 Tarleinn the Traveler:7 Bakhm, the Desert Digger:7 Tarleinn's Floating Island:1 Telekinesis:1]
t=1 ph=3 ap=1 snaps=194 hooks=34 inst=41 rollout "Adventurousness" AbilityAction lvl1 hero0
t=1 ph=3 ap=1 snaps=214 hooks=34 inst=41 rollout "Adventurousness" AbilityAction lvl1 hero0
t=1 ph=3 ap=1 snaps=232 hooks=34 inst=41 rollout "Adventurousness" AbilityAction lvl1 hero0
t=1 ph=3 ap=1 snaps=255 hooks=34 inst=41 leakyRollout "Adventurousness" +2.96MB hooks=[] cards=[Gathering Storm:13 Treasure Huntress Semi:12 Tarleinn the Traveler:10 Bakhm, the Desert Digger:3 Telekinesis:2 Rain of Arrows:2]
t=1 ph=3 ap=1 snaps=255 hooks=34 inst=41 rollout "Adventurousness" AbilityAction lvl1 hero0
t=1 ph=3 ap=1 snaps=284 hooks=34 inst=41 rollout "Adventurousness" AbilityAction lvl1 hero0
t=1 ph=3 ap=1 snaps=304 hooks=34 inst=41 leakyRollout "Adventurousness" +19.60MB hooks=[] cards=[Treasure Huntress Semi:13 Gathering Storm:11 Tarleinn the Traveler:9 Bakhm, the Desert Digger:5 Rain of Arrows:2 Tarleinn's Floating Island:1]
t=1 ph=3 ap=1 snaps=304 hooks=34 inst=41 rollout "Adventurousness" AbilityAction lvl1 hero0
t=1 ph=3 ap=1 snaps=326 hooks=34 inst=41 rollout "Adventurousness" AbilityAction lvl1 hero0
t=1 ph=3 ap=1 snaps=347 hooks=34 inst=41 leakyRollout "Adventurousness" +0.74MB hooks=[] cards=[Gathering Storm:13 Treasure Huntress Semi:11 Tarleinn the Traveler:10 Bakhm, the Desert Digger:6 Telekinesis:2 Rain of Arrows:2]
t=1 ph=3 ap=1 snaps=347 hooks=34 inst=41 rollout "Adventurousness" AbilityAction lvl1 hero0
t=1 ph=3 ap=1 snaps=372 hooks=34 inst=41 leakyRollout "Adventurousness" +6.58MB hooks=[] cards=[Gathering Storm:13 Tarleinn the Traveler:11 Treasure Huntress Semi:11 Bakhm, the Desert Digger:4 Tarleinn's Floating Island:2 Telekinesis:2]
t=1 ph=3 ap=1 snaps=372 hooks=34 inst=41 rollout "Adventurousness" AbilityAction lvl1 hero0
t=1 ph=3 ap=1 snaps=396 hooks=34 inst=41 leakyRollout "Adventurousness" +2.50MB hooks=[] cards=[Gathering Storm:13 Treasure Huntress Semi:12 Tarleinn the Traveler:10 Bakhm, the Desert Digger:5 Telekinesis:2 Rain of Arrows:2]
t=1 ph=3 ap=1 snaps=396 hooks=34 inst=41 rollout "Adventurousness" AbilityAction lvl1 hero0
t=1 ph=3 ap=1 snaps=418 hooks=34 inst=41 rollout "Adventurousness" AbilityAction lvl1 hero0
t=1 ph=3 ap=1 snaps=446 hooks=34 inst=41 leakyRollout "Adventurousness" +7.09MB hooks=[] cards=[Gathering Storm:13 Treasure Huntress Semi:12 Tarleinn the Traveler:10 Bakhm, the Desert Digger:4 Telekinesis:2 Rain of Arrows:2]
t=1 ph=3 ap=1 snaps=446 hooks=34 inst=41 rollout "Adventurousness" AbilityAction lvl1 hero0
t=1 ph=3 ap=1 snaps=470 hooks=34 inst=41 leakyRollout "Adventurousness" +14.16MB hooks=[] cards=[Gathering Storm:13 Treasure Huntress Semi:12 Tarleinn the Traveler:10 Bakhm, the Desert Digger:3 Telekinesis:2 Rain of Arrows:2]
t=1 ph=3 ap=1 snaps=470 hooks=34 inst=41 rollout "Adventurousness" AbilityAction lvl1 hero0
t=1 ph=3 ap=1 snaps=492 hooks=34 inst=41 rollout "Adventurousness" AbilityAction lvl1 hero0
t=1 ph=3 ap=1 snaps=514 hooks=34 inst=41 leakyRollout "Adventurousness" +1.05MB hooks=[] cards=[Gathering Storm:13 Treasure Huntress Semi:12 Tarleinn the Traveler:10 Lifeforce Howitzer:6 Bakhm, the Desert Digger:4 Telekinesis:2]
t=1 ph=3 ap=1 snaps=514 hooks=34 inst=41 rollout "Adventurousness" AbilityAction lvl1 hero0
t=1 ph=3 ap=1 snaps=537 hooks=34 inst=41 leakyRollout "Adventurousness" +2.80MB hooks=[] cards=[Gathering Storm:13 Treasure Huntress Semi:12 Tarleinn the Traveler:11 Bakhm, the Desert Digger:4 Telekinesis:2 Rain of Arrows:2]
t=1 ph=3 ap=1 snaps=537 hooks=34 inst=41 rollout "Adventurousness" AbilityAction lvl1 hero0
t=1 ph=3 ap=1 snaps=555 hooks=34 inst=41 rollout "Adventurousness" AbilityAction lvl1 hero0
t=1 ph=3 ap=1 snaps=580 hooks=34 inst=41 leakyRollout "Adventurousness" +9.09MB hooks=[] cards=[Elixir of Immortality:31 Gathering Storm:13 Tarleinn the Traveler:12 Treasure Huntress Semi:12 Bakhm, the Desert Digger:3 Telekinesis:2]
t=1 ph=3 ap=1 snaps=580 hooks=34 inst=41 rollout "Adventurousness" AbilityAction lvl1 hero0
t=1 ph=3 ap=1 snaps=600 hooks=34 inst=41 rollout "Adventurousness" AbilityAction lvl1 hero0
t=1 ph=3 ap=1 snaps=601 hooks=34 inst=41 mctsOverload MCTS_OVERLOAD: per-turn snapshot cap exceeded (601 > 600) at turn 1 phase 3. Top hooks: onCardEnterZone:8 onDraw:6 onPhaseStart:4 onPhaseEnd:3 beforeDraw:3 onPlay:3 beforeDrawBatch:2 afterAllStatusDamage:1. Top instances: Destruction Magic×7, Adventurousness×4, Alchemy×2, Magic Arts×2, Pure Advantage Camel×2. Top firing cards: Nicolas, the Hidden Alchemist×1, Tarleinn the Traveler×1, Gathering Sto

=== GAME 6/1000: Steam Dwarf Mines vs Dance of the Butterflies @ 2026-05-01T11:29:35.283Z ===
t=1 ph=2 ap=0 snaps=0 hooks=10 inst=29 cpuTurnStart cpu=p0 hand=6
t=1 ph=2 ap=0 snaps=2 hooks=18 inst=31 summon "Ska Harpyformer" p0/h0
t=1 ph=3 ap=0 snaps=24 hooks=37 inst=37 rollout "Steam Dwarf Miner" Creature lvl1 hero2
t=1 ph=3 ap=0 snaps=33 hooks=37 inst=37 leakyRollout "Steam Dwarf Miner" +11.63MB hooks=[] cards=[Willy, the Valiant Leprechaun:41 Luck:30 Beato, the Butterfly Witch:23 Layn, Defender of Deri:22 Creativity:18 Cardinal Beast Baihu:18]
t=1 ph=3 ap=0 snaps=33 hooks=37 inst=37 rollout "Steam Dwarf Miner" Creature lvl1 hero2
t=1 ph=3 ap=0 snaps=40 hooks=37 inst=37 leakyRollout "Steam Dwarf Miner" +1.14MB hooks=[] cards=[Willy, the Valiant Leprechaun:41 Luck:32 Layn, Defender of Deri:26 Beato, the Butterfly Witch:25 Creativity:20 Cardinal Beast Baihu:20]
t=1 ph=3 ap=0 snaps=40 hooks=37 inst=37 rollout "Steam Dwarf Miner" Creature lvl1 hero2
t=1 ph=3 ap=0 snaps=77 hooks=37 inst=37 leakyRollout "Steam Dwarf Miner" +6.33MB hooks=[] cards=[Willy, the Valiant Leprechaun:41 Luck:36 Cardinal Beast Baihu:29 Layn, Defender of Deri:27 Creativity:23 Beato, the Butterfly Witch:18]
t=1 ph=3 ap=0 snaps=77 hooks=37 inst=37 rollout "Steam Dwarf Engineer" Creature lvl1 hero2
t=1 ph=3 ap=0 snaps=82 hooks=37 inst=37 leakyRollout "Steam Dwarf Engineer" +9.89MB hooks=[] cards=[Willy, the Valiant Leprechaun:41 Luck:28 Beato, the Butterfly Witch:21 Layn, Defender of Deri:16 Creativity:13 Cardinal Beast Baihu:13]
t=1 ph=3 ap=0 snaps=82 hooks=37 inst=37 rollout "Steam Dwarf Engineer" Creature lvl1 hero2
t=1 ph=3 ap=0 snaps=90 hooks=37 inst=37 leakyRollout "Steam Dwarf Engineer" +13.51MB hooks=[] cards=[Willy, the Valiant Leprechaun:41 Luck:31 Beato, the Butterfly Witch:23 Layn, Defender of Deri:22 Creativity:19 Cardinal Beast Baihu:19]
t=1 ph=3 ap=0 snaps=90 hooks=37 inst=37 rollout "Steam Dwarf Engineer" Creature lvl1 hero2
t=1 ph=3 ap=0 snaps=95 hooks=37 inst=37 leakyRollout "Steam Dwarf Engineer" +6.85MB hooks=[] cards=[Willy, the Valiant Leprechaun:41 Luck:32 Layn, Defender of Deri:23 Beato, the Butterfly Witch:22 Creativity:19 Cardinal Beast Baihu:19]
t=1 ph=3 ap=0 snaps=95 hooks=37 inst=37 rollout "Steam Dwarf Diver" Creature lvl1 hero2
t=1 ph=3 ap=0 snaps=108 hooks=37 inst=37 leakyRollout "Steam Dwarf Diver" +9.72MB hooks=[] cards=[Willy, the Valiant Leprechaun:41 Luck:36 Layn, Defender of Deri:29 Beato, the Butterfly Witch:24 Cardinal Beast Baihu:21 Creativity:18]
t=1 ph=3 ap=0 snaps=108 hooks=37 inst=37 rollout "Steam Dwarf Diver" Creature lvl1 hero2
t=1 ph=3 ap=0 snaps=116 hooks=37 inst=37 leakyRollout "Steam Dwarf Diver" +4.56MB hooks=[] cards=[Willy, the Valiant Leprechaun:41 Luck:31 Beato, the Butterfly Witch:24 Layn, Defender of Deri:23 Creativity:19 Cardinal Beast Baihu:19]
t=1 ph=3 ap=0 snaps=116 hooks=37 inst=37 rollout "Steam Dwarf Diver" Creature lvl1 hero2
t=1 ph=3 ap=0 snaps=126 hooks=37 inst=37 leakyRollout "Steam Dwarf Diver" +14.62MB hooks=[] cards=[Willy, the Valiant Leprechaun:41 Luck:40 Layn, Defender of Deri:29 Beato, the Butterfly Witch:26 Creativity:25 Cardinal Beast Baihu:25]
t=1 ph=3 ap=0 snaps=126 hooks=37 inst=37 rollout "Steam Dwarf Miner" Creature lvl1 hero2
t=1 ph=3 ap=0 snaps=133 hooks=37 inst=37 rollout "Steam Dwarf Miner" Creature lvl1 hero2
t=1 ph=3 ap=0 snaps=161 hooks=37 inst=37 rollout "Steam Dwarf Miner" Creature lvl1 hero2
t=1 ph=3 ap=0 snaps=171 hooks=37 inst=37 leakyRollout "Steam Dwarf Miner" +14.66MB hooks=[] cards=[Willy, the Valiant Leprechaun:41 Luck:39 Layn, Defender of Deri:32 Beato, the Butterfly Witch:32 Creativity:28 Cardinal Beast Baihu:28]
t=1 ph=3 ap=0 snaps=171 hooks=37 inst=37 rollout "Steam Dwarf Miner" Creature lvl1 hero2
t=1 ph=3 ap=0 snaps=199 hooks=37 inst=37 rollout "Steam Dwarf Miner" Creature lvl1 hero2
t=1 ph=3 ap=0 snaps=215 hooks=37 inst=37 rollout "Steam Dwarf Miner" Creature lvl1 hero2
t=1 ph=3 ap=0 snaps=223 hooks=37 inst=37 leakyRollout "Steam Dwarf Miner" +13.71MB hooks=[] cards=[Willy, the Valiant Leprechaun:41 Luck:32 Layn, Defender of Deri:26 Beato, the Butterfly Witch:25 Creativity:20 Cardinal Beast Baihu:20]
t=1 ph=3 ap=0 snaps=223 hooks=37 inst=37 rollout "Steam Dwarf Miner" Creature lvl1 hero2
t=1 ph=3 ap=0 snaps=230 hooks=37 inst=37 rollout "Steam Dwarf Miner" Creature lvl1 hero2
t=1 ph=3 ap=0 snaps=240 hooks=37 inst=37 leakyRollout "Steam Dwarf Miner" +8.34MB hooks=[] cards=[Willy, the Valiant Leprechaun:41 Luck:39 Beato, the Butterfly Witch:30 Layn, Defender of Deri:28 Cardinal Beast Baihu:22 Cardinal Beast Xuanwu:18]
t=1 ph=3 ap=0 snaps=240 hooks=37 inst=37 rollout "Steam Dwarf Miner" Creature lvl1 hero2
t=1 ph=3 ap=0 snaps=259 hooks=37 inst=37 rollout "Steam Dwarf Miner" Creature lvl1 hero2
t=1 ph=3 ap=0 snaps=277 hooks=37 inst=37 rollout "Steam Dwarf Miner" Creature lvl1 hero2
t=1 ph=3 ap=0 snaps=286 hooks=37 inst=37 leakyRollout "Steam Dwarf Miner" +3.64MB hooks=[] cards=[Willy, the Valiant Leprechaun:41 Luck:30 Beato, the Butterfly Witch:23 Layn, Defender of Deri:22 Creativity:17 Cardinal Beast Baihu:17]
t=1 ph=3 ap=0 snaps=286 hooks=37 inst=37 rollout "Steam Dwarf Engineer" Creature lvl1 hero2
t=1 ph=3 ap=0 snaps=299 hooks=37 inst=37 leakyRollout "Steam Dwarf Engineer" +10.12MB hooks=[] cards=[Willy, the Valiant Leprechaun:41 Luck:27 Beato, the Butterfly Witch:18 Layn, Defender of Deri:16 Creativity:13 Cardinal Beast Baihu:13]
t=1 ph=3 ap=0 snaps=299 hooks=37 inst=37 rollout "Steam Dwarf Engineer" Creature lvl1 hero2
t=1 ph=3 ap=0 snaps=308 hooks=37 inst=37 rollout "Steam Dwarf Engineer" Creature lvl1 hero2
t=1 ph=3 ap=0 snaps=312 hooks=37 inst=37 leakyRollout "Steam Dwarf Engineer" +1.44MB hooks=[] cards=[Willy, the Valiant Leprechaun:41 Luck:32 Beato, the Butterfly Witch:25 Layn, Defender of Deri:24 Creativity:19 Cardinal Beast Baihu:19]
t=1 ph=3 ap=0 snaps=312 hooks=37 inst=37 rollout "Steam Dwarf Engineer" Creature lvl1 hero2
t=1 ph=3 ap=0 snaps=320 hooks=37 inst=37 leakyRollout "Steam Dwarf Engineer" +4.00MB hooks=[] cards=[Willy, the Valiant Leprechaun:41 Luck:33 Beato, the Butterfly Witch:23 Layn, Defender of Deri:20 Creativity:17 Cardinal Beast Baihu:17]
t=1 ph=3 ap=0 snaps=320 hooks=37 inst=37 rollout "Steam Dwarf Engineer" Creature lvl1 hero2
t=1 ph=3 ap=0 snaps=331 hooks=37 inst=37 rollout "Steam Dwarf Engineer" Creature lvl1 hero2
t=1 ph=3 ap=0 snaps=346 hooks=37 inst=37 leakyRollout "Steam Dwarf Engineer" +5.77MB hooks=[] cards=[Willy, the Valiant Leprechaun:41 Luck:29 Layn, Defender of Deri:20 Beato, the Butterfly Witch:20 Creativity:16 Cardinal Beast Baihu:16]
t=1 ph=3 ap=0 snaps=346 hooks=37 inst=37 rollout "Steam Dwarf Engineer" Creature lvl1 hero2
t=1 ph=3 ap=0 snaps=352 hooks=37 inst=37 rollout "Steam Dwarf Engineer" Creature lvl1 hero2
t=1 ph=3 ap=0 snaps=360 hooks=37 inst=37 rollout "Steam Dwarf Engineer" Creature lvl1 hero2
t=1 ph=3 ap=0 snaps=377 hooks=37 inst=37 leakyRollout "Steam Dwarf Engineer" +2.70MB hooks=[] cards=[Willy, the Valiant Leprechaun:41 Luck:37 Layn, Defender of Deri:30 Beato, the Butterfly Witch:30 Creativity:24 Cardinal Beast Baihu:24]
t=1 ph=3 ap=0 snaps=377 hooks=37 inst=37 rollout "Steam Dwarf Engineer" Creature lvl1 hero2
t=1 ph=3 ap=0 snaps=382 hooks=37 inst=37 leakyRollout "Steam Dwarf Engineer" +10.98MB hooks=[] cards=[Willy, the Valiant Leprechaun:41 Luck:38 Layn, Defender of Deri:29 Beato, the Butterfly Witch:29 Cardinal Beast Baihu:25 Cardinal Beast Zhuque:17]
t=1 ph=3 ap=0 snaps=382 hooks=37 inst=37 rollout "Steam Dwarf Engineer" Creature lvl1 hero2
t=1 ph=3 ap=0 snaps=397 hooks=37 inst=37 rollout "Steam Dwarf Engineer" Creature lvl1 hero2
t=1 ph=3 ap=0 snaps=407 hooks=37 inst=37 rollout "Steam Dwarf Diver" Creature lvl1 hero2
t=1 ph=3 ap=0 snaps=428 hooks=37 inst=37 rollout "Steam Dwarf Diver" Creature lvl1 hero2
t=1 ph=3 ap=0 snaps=438 hooks=37 inst=37 leakyRollout "Steam Dwarf Diver" +2.99MB hooks=[] cards=[Willy, the Valiant Leprechaun:41 Luck:30 Layn, Defender of Deri:21 Beato, the Butterfly Witch:21 Creativity:17 Cardinal Beast Baihu:17]
t=1 ph=3 ap=0 snaps=438 hooks=37 inst=37 rollout "Steam Dwarf Diver" Creature lvl1 hero2
t=1 ph=3 ap=0 snaps=450 hooks=37 inst=37 rollout "Steam Dwarf Diver" Creature lvl1 hero2
t=1 ph=3 ap=0 snaps=463 hooks=37 inst=37 leakyRollout "Steam Dwarf Diver" +4.15MB hooks=[] cards=[Willy, the Valiant Leprechaun:41 Luck:36 Beato, the Butterfly Witch:29 Layn, Defender of Deri:25 Creativity:22 Cardinal Beast Baihu:22]
t=1 ph=3 ap=0 snaps=463 hooks=37 inst=37 rollout "Steam Dwarf Diver" Creature lvl1 hero2
t=1 ph=3 ap=0 snaps=476 hooks=37 inst=37 rollout "Steam Dwarf Diver" Creature lvl1 hero2
t=1 ph=3 ap=0 snaps=496 hooks=37 inst=37 rollout "Steam Dwarf Diver" Creature lvl1 hero2
t=1 ph=3 ap=0 snaps=501 hooks=37 inst=37 leakyRollout "Steam Dwarf Diver" +11.71MB hooks=[] cards=[Willy, the Valiant Leprechaun:41 Luck:24 Layn, Defender of Deri:17 Beato, the Butterfly Witch:17 Creativity:14 Cardinal Beast Baihu:14]
t=1 ph=3 ap=0 snaps=501 hooks=37 inst=37 rollout "Steam Dwarf Diver" Creature lvl1 hero2
t=1 ph=3 ap=0 snaps=509 hooks=37 inst=37 rollout "Steam Dwarf Diver" Creature lvl1 hero2
t=1 ph=3 ap=0 snaps=518 hooks=37 inst=37 rollout "Steam Dwarf Diver" Creature lvl1 hero2
t=1 ph=3 ap=0 snaps=529 hooks=37 inst=37 rollout "Steam Dwarf Diver" Creature lvl1 hero2
t=1 ph=3 ap=0 snaps=537 hooks=37 inst=37 rollout "Steam Dwarf Diver" Creature lvl1 hero2
t=1 ph=3 ap=0 snaps=543 hooks=37 inst=37 leakyRollout "Steam Dwarf Diver" +1.58MB hooks=[] cards=[Willy, the Valiant Leprechaun:41 Luck:25 Layn, Defender of Deri:18 Beato, the Butterfly Witch:18 Creativity:15 Cardinal Beast Baihu:15]
t=1 ph=3 ap=0 snaps=543 hooks=37 inst=37 rollout "Steam Dwarf Diver" Creature lvl1 hero2
t=1 ph=3 ap=0 snaps=556 hooks=37 inst=37 leakyRollout "Steam Dwarf Diver" +0.57MB hooks=[] cards=[Willy, the Valiant Leprechaun:41 Luck:31 Beato, the Butterfly Witch:23 Layn, Defender of Deri:20 Creativity:16 Cardinal Beast Baihu:16]
t=1 ph=3 ap=0 snaps=556 hooks=37 inst=37 rollout "Steam Dwarf Diver" Creature lvl1 hero2
t=1 ph=3 ap=0 snaps=565 hooks=37 inst=37 leakyRollout "Steam Dwarf Diver" +1.08MB hooks=[] cards=[Willy, the Valiant Leprechaun:41 Luck:28 Layn, Defender of Deri:23 Beato, the Butterfly Witch:21 Creativity:16 Cardinal Beast Baihu:16]
t=1 ph=3 ap=0 snaps=565 hooks=37 inst=37 rollout "Steam Dwarf Diver" Creature lvl1 hero2
t=1 ph=3 ap=0 snaps=585 hooks=37 inst=37 rollout "Steam Dwarf Diver" Creature lvl1 hero2
t=1 ph=3 ap=0 snaps=598 hooks=37 inst=37 rollout "Steam Dwarf Diver" Creature lvl1 hero2
t=1 ph=3 ap=0 snaps=601 hooks=37 inst=37 leakyRollout "Steam Dwarf Diver" +10.24MB hooks=[beforeDraw:3 onDraw:3 beforeDrawBatch:2 onAnyActionResolved:1 onSurpriseActivated:1 afterSpellResolved:1] cards=[Willy, the Valiant Leprechaun:12 Layn, Defender of Deri:9 Luck:9 Beato, the Butterfly Witch:7 Creativity:6 Cardinal Beast Baihu:6]
t=1 ph=3 ap=0 snaps=601 hooks=37 inst=37 summon "Steam Dwarf Diver" p0/h2

=== GAME 7/1000: Deepsea Terror vs Gather That Storm! @ 2026-05-01T11:29:37.907Z ===
t=1 ph=2 ap=0 snaps=0 hooks=10 inst=29 cpuTurnStart cpu=p0 hand=6
t=1 ph=3 ap=0 snaps=7 hooks=17 inst=30 rollout "Dark Deepsea God" Creature lvl4 hero0
t=1 ph=3 ap=0 snaps=8 hooks=17 inst=30 leakyRollout "Dark Deepsea God" +0.70MB hooks=[] cards=[]
t=1 ph=3 ap=0 snaps=8 hooks=17 inst=30 rollout "Dark Deepsea God" Creature lvl4 hero0
t=1 ph=3 ap=0 snaps=9 hooks=17 inst=30 leakyRollout "Dark Deepsea God" +0.77MB hooks=[] cards=[]
t=1 ph=3 ap=0 snaps=9 hooks=17 inst=30 rollout "Dark Deepsea God" Creature lvl4 hero0
t=1 ph=3 ap=0 snaps=10 hooks=17 inst=30 leakyRollout "Dark Deepsea God" +0.78MB hooks=[] cards=[]
t=1 ph=3 ap=0 snaps=10 hooks=17 inst=30 rollout "Dark Deepsea God" Creature lvl4 hero0
t=1 ph=3 ap=0 snaps=11 hooks=17 inst=30 leakyRollout "Dark Deepsea God" +0.77MB hooks=[] cards=[]
t=1 ph=3 ap=0 snaps=11 hooks=17 inst=30 rollout "Dark Deepsea God" Creature lvl4 hero0
t=1 ph=3 ap=0 snaps=12 hooks=17 inst=30 leakyRollout "Dark Deepsea God" +0.78MB hooks=[] cards=[]
t=1 ph=3 ap=0 snaps=12 hooks=17 inst=30 rollout "Dark Deepsea God" Creature lvl4 hero0
t=1 ph=3 ap=0 snaps=13 hooks=17 inst=30 leakyRollout "Dark Deepsea God" +0.78MB hooks=[] cards=[]
t=1 ph=3 ap=0 snaps=13 hooks=17 inst=30 rollout "Deepsea Bats" Creature lvl1 hero2
t=1 ph=3 ap=0 snaps=50 hooks=17 inst=30 leakyRollout "Deepsea Bats" +13.15MB hooks=[] cards=[Tarleinn the Traveler:9 Treasure Huntress Semi:9 Barker, the Monster Tamer:7 Lifeforce Howitzer:4 Deepsea Bats:1 Flame Avalanche:1]
t=1 ph=3 ap=0 snaps=50 hooks=17 inst=30 rollout "Deepsea Bats" Creature lvl1 hero2
t=1 ph=3 ap=0 snaps=78 hooks=17 inst=30 leakyRollout "Deepsea Bats" +4.28MB hooks=[] cards=[Treasure Huntress Semi:10 Sandy Blob:8 Barker, the Monster Tamer:7 Tarleinn the Traveler:7 Deepsea Bats:1]
t=1 ph=3 ap=0 snaps=78 hooks=17 inst=30 rollout "Deepsea Bats" Creature lvl1 hero2
t=1 ph=3 ap=0 snaps=106 hooks=17 inst=30 leakyRollout "Deepsea Bats" +1.29MB hooks=[] cards=[Treasure Huntress Semi:10 Barker, the Monster Tamer:7 Tarleinn the Traveler:7 Sandy Blob:3 Deepsea Bats:1 Deepsea Mummy:1]
t=1 ph=3 ap=0 snaps=106 hooks=17 inst=30 rollout "Sandy Blob" Creature lvl0 hero0
t=1 ph=3 ap=0 snaps=144 hooks=17 inst=30 leakyRollout "Sandy Blob" +11.99MB hooks=[] cards=[Sandy Blob:13 Treasure Huntress Semi:9 Tarleinn the Traveler:8 Barker, the Monster Tamer:7 Lifeforce Howitzer:6 Deepsea Bats:1]
t=1 ph=3 ap=0 snaps=144 hooks=17 inst=30 rollout "Sandy Blob" Creature lvl0 hero0
t=1 ph=3 ap=0 snaps=172 hooks=17 inst=30 leakyRollout "Sandy Blob" +3.67MB hooks=[] cards=[Elixir of Immortality:12 Treasure Huntress Semi:10 Sandy Blob:9 Barker, the Monster Tamer:7 Tarleinn the Traveler:7 Lifeforce Howitzer:4]
t=1 ph=3 ap=0 snaps=172 hooks=17 inst=30 rollout "Sandy Blob" Creature lvl0 hero0
t=1 ph=3 ap=0 snaps=213 hooks=17 inst=30 leakyRollout "Sandy Blob" +12.88MB hooks=[] cards=[Treasure Huntress Semi:10 Tarleinn the Traveler:9 Barker, the Monster Tamer:7 Sandy Blob:7 Gathering Storm:2 The White Eye:2]
t=1 ph=3 ap=0 snaps=213 hooks=17 inst=30 rollout "Deepsea Mummy" Creature lvl1 hero2
t=1 ph=3 ap=0 snaps=236 hooks=17 inst=30 leakyRollout "Deepsea Mummy" +14.01MB hooks=[] cards=[Treasure Huntress Semi:10 Barker, the Monster Tamer:7 Tarleinn the Traveler:7 Flashbang:4 Sandy Blob:3 Gathering Storm:2]
t=1 ph=3 ap=0 snaps=236 hooks=17 inst=30 rollout "Deepsea Mummy" Creature lvl1 hero2
t=1 ph=3 ap=0 snaps=267 hooks=17 inst=30 leakyRollout "Deepsea Mummy" +10.64MB hooks=[] cards=[Treasure Huntress Semi:10 Tarleinn the Traveler:8 Barker, the Monster Tamer:7 Deepsea Mummy:1 Divine Gift of Fire:1 Deepsea Werewolf:1]
t=1 ph=3 ap=0 snaps=267 hooks=17 inst=30 rollout "Deepsea Mummy" Creature lvl1 hero2
t=1 ph=3 ap=0 snaps=289 hooks=17 inst=30 rollout "Deepsea Bats" Creature lvl1 hero2
t=1 ph=3 ap=0 snaps=323 hooks=17 inst=30 leakyRollout "Deepsea Bats" +2.86MB hooks=[] cards=[Treasure Huntress Semi:10 Tarleinn the Traveler:9 Barker, the Monster Tamer:7 Flashbang:7 Tarleinn's Floating Island:3 Deepsea Bats:1]
t=1 ph=3 ap=0 snaps=323 hooks=17 inst=30 rollout "Deepsea Bats" Creature lvl1 hero2
t=1 ph=3 ap=0 snaps=349 hooks=17 inst=30 leakyRollout "Deepsea Bats" +5.37MB hooks=[] cards=[Treasure Huntress Semi:9 Tarleinn the Traveler:8 Barker, the Monster Tamer:7 Gathering Storm:5 Sandy Blob:4 Deepsea Bats:1]
t=1 ph=3 ap=0 snaps=349 hooks=17 inst=30 rollout "Deepsea Bats" Creature lvl1 hero2
t=1 ph=3 ap=0 snaps=376 hooks=17 inst=30 leakyRollout "Deepsea Bats" +3.43MB hooks=[] cards=[Treasure Huntress Semi:11 Tarleinn the Traveler:8 Sandy Blob:8 Barker, the Monster Tamer:7 Flashbang:4 Deepsea Bats:1]
t=1 ph=3 ap=0 snaps=376 hooks=17 inst=30 rollout "Deepsea Bats" Creature lvl1 hero2
t=1 ph=3 ap=0 snaps=408 hooks=17 inst=30 rollout "Deepsea Bats" Creature lvl1 hero2
t=1 ph=3 ap=0 snaps=440 hooks=17 inst=30 leakyRollout "Deepsea Bats" +8.01MB hooks=[] cards=[Treasure Huntress Semi:10 Tarleinn the Traveler:8 Barker, the Monster Tamer:7 Flashbang:6 Sandy Blob:5 Deepsea Bats:1]
t=1 ph=3 ap=0 snaps=440 hooks=17 inst=30 rollout "Deepsea Bats" Creature lvl1 hero2
t=1 ph=3 ap=0 snaps=462 hooks=17 inst=30 rollout "Deepsea Bats" Creature lvl1 hero2
t=1 ph=3 ap=0 snaps=493 hooks=17 inst=30 leakyRollout "Deepsea Bats" +1.55MB hooks=[] cards=[Treasure Huntress Semi:10 Barker, the Monster Tamer:7 Tarleinn the Traveler:7 Sandy Blob:7 Gathering Storm:2 Deepsea Bats:1]
t=1 ph=3 ap=0 snaps=493 hooks=17 inst=30 rollout "Deepsea Bats" Creature lvl1 hero2
t=1 ph=3 ap=0 snaps=521 hooks=17 inst=30 rollout "Deepsea Bats" Creature lvl1 hero2
t=1 ph=3 ap=0 snaps=543 hooks=17 inst=30 leakyRollout "Deepsea Bats" +2.83MB hooks=[] cards=[Elixir of Immortality:42 Treasure Huntress Semi:10 Barker, the Monster Tamer:7 Tarleinn the Traveler:7 Deepsea Bats:1]
t=1 ph=3 ap=0 snaps=543 hooks=17 inst=30 rollout "Deepsea Bats" Creature lvl1 hero2
t=1 ph=3 ap=0 snaps=580 hooks=17 inst=30 rollout "Deepsea Bats" Creature lvl1 hero2
t=1 ph=3 ap=0 snaps=601 hooks=17 inst=30 leakyRollout "Deepsea Bats" +11.51MB hooks=[onActionUsed:1 onAdditionalActionUsed:1] cards=[Treasure Huntress Semi:8 Tarleinn the Traveler:7 Barker, the Monster Tamer:6 Sandy Blob:4 Deepsea Bats:1 Flame Avalanche:1]
t=1 ph=3 ap=0 snaps=601 hooks=17 inst=30 summon "Deepsea Bats" p0/h2

=== GAME 8/1000: Dance of the Butterflies vs Venom Swamp @ 2026-05-01T11:29:38.813Z ===
t=1 ph=2 ap=1 snaps=0 hooks=10 inst=29 cpuTurnStart cpu=p1 hand=6
t=1 ph=5 ap=1 snaps=56 hooks=20 inst=31 switchTurn ending p1
t=2 ph=2 ap=0 snaps=56 hooks=13 inst=32 cpuTurnStart cpu=p0 hand=6
t=2 ph=5 ap=0 snaps=75 hooks=42 inst=40 switchTurn ending p0
t=3 ph=2 ap=1 snaps=75 hooks=13 inst=41 cpuTurnStart cpu=p1 hand=4
t=3 ph=3 ap=1 snaps=128 hooks=35 inst=48 rollout "Poisoned Well" Spell lvl3 hero1
t=3 ph=3 ap=1 snaps=130 hooks=35 inst=48 leakyRollout "Poisoned Well" +11.16MB hooks=[modifyPoisonDamage:1 beforeDamage:1] cards=[Willy, the Valiant Leprechaun:41 Zsos'Ssar, the Serpent Warlord:20 Luck:16 Medea, the Swamp Witch:14 Wealth:10 Beato, the Butterfly Witch:8]
t=3 ph=3 ap=1 snaps=130 hooks=35 inst=48 rollout "Poisoned Well" Spell lvl3 hero1
t=3 ph=3 ap=1 snaps=133 hooks=35 inst=48 rollout "Poisoned Well" Spell lvl3 hero1
t=3 ph=3 ap=1 snaps=135 hooks=35 inst=48 leakyRollout "Poisoned Well" +9.56MB hooks=[modifyPoisonDamage:1 beforeDamage:1] cards=[Zsos'Ssar, the Serpent Warlord:21 Willy, the Valiant Leprechaun:15 Medea, the Swamp Witch:13 Beato, the Butterfly Witch:11 Luck:11 Fiona, the Princess of Blackport:5]
t=3 ph=3 ap=1 snaps=135 hooks=35 inst=48 rollout "Poisoned Well" Spell lvl3 hero1
t=3 ph=3 ap=1 snaps=138 hooks=35 inst=48 rollout "Poisoned Well" Spell lvl3 hero1
t=3 ph=3 ap=1 snaps=140 hooks=35 inst=48 rollout "Poisoned Well" Spell lvl3 hero1
t=3 ph=3 ap=1 snaps=143 hooks=35 inst=48 rollout "Poisoned Well" Spell lvl3 hero1
t=3 ph=3 ap=1 snaps=145 hooks=35 inst=48 leakyRollout "Poisoned Well" +9.99MB hooks=[modifyPoisonDamage:1 beforeDamage:1] cards=[Willy, the Valiant Leprechaun:41 Zsos'Ssar, the Serpent Warlord:20 Luck:16 Medea, the Swamp Witch:14 Wealth:10 Beato, the Butterfly Witch:8]
t=3 ph=3 ap=1 snaps=145 hooks=35 inst=48 rollout "Poisoned Well" Spell lvl3 hero1
t=3 ph=3 ap=1 snaps=148 hooks=35 inst=48 rollout "Poisoned Well" Spell lvl3 hero1
t=3 ph=3 ap=1 snaps=150 hooks=35 inst=48 rollout "Poisoned Well" Spell lvl3 hero1
t=3 ph=3 ap=1 snaps=152 hooks=35 inst=48 rollout "Poisoned Well" Spell lvl3 hero1
t=3 ph=3 ap=1 snaps=154 hooks=35 inst=48 leakyRollout "Poisoned Well" +10.59MB hooks=[modifyPoisonDamage:1 beforeDamage:1] cards=[Willy, the Valiant Leprechaun:41 Luck:17 Wealth:16 Medea, the Swamp Witch:11 Beato, the Butterfly Witch:8 Fiona, the Princess of Blackport:5]
t=3 ph=3 ap=1 snaps=154 hooks=35 inst=48 rollout "Poisoned Well" Spell lvl3 hero1
t=3 ph=3 ap=1 snaps=156 hooks=35 inst=48 rollout "Poisoned Well" Spell lvl3 hero1
t=3 ph=3 ap=1 snaps=158 hooks=35 inst=48 rollout "Poisoned Well" Spell lvl3 hero1
t=3 ph=3 ap=1 snaps=161 hooks=35 inst=48 leakyRollout "Poisoned Well" +12.88MB hooks=[modifyPoisonDamage:1 beforeDamage:1] cards=[Zsos'Ssar, the Serpent Warlord:23 Willy, the Valiant Leprechaun:15 Medea, the Swamp Witch:13 Beato, the Butterfly Witch:11 Luck:11 Fiona, the Princess of Blackport:5]
t=3 ph=3 ap=1 snaps=161 hooks=35 inst=48 rollout "Poisoned Well" Spell lvl3 hero1
t=3 ph=3 ap=1 snaps=163 hooks=35 inst=48 rollout "Poisoned Well" Spell lvl3 hero1
t=3 ph=3 ap=1 snaps=165 hooks=35 inst=48 rollout "Poisoned Well" Spell lvl3 hero1
t=3 ph=3 ap=1 snaps=168 hooks=35 inst=48 leakyRollout "Poisoned Well" +11.05MB hooks=[modifyPoisonDamage:1 beforeDamage:1] cards=[Zsos'Ssar, the Serpent Warlord:22 Willy, the Valiant Leprechaun:15 Medea, the Swamp Witch:13 Beato, the Butterfly Witch:11 Luck:11 Fiona, the Princess of Blackport:5]
t=3 ph=3 ap=1 snaps=168 hooks=35 inst=48 rollout "Poisoned Well" Spell lvl3 hero1
t=3 ph=3 ap=1 snaps=170 hooks=35 inst=48 rollout "Poisoned Well" Spell lvl3 hero1
t=3 ph=3 ap=1 snaps=172 hooks=35 inst=48 rollout "Poisoned Well" Spell lvl3 hero1
t=3 ph=3 ap=1 snaps=174 hooks=35 inst=48 rollout "Poisoned Well" Spell lvl3 hero1
t=3 ph=3 ap=1 snaps=176 hooks=35 inst=48 leakyRollout "Poisoned Well" +9.22MB hooks=[modifyPoisonDamage:1 beforeDamage:1] cards=[Zsos'Ssar, the Serpent Warlord:20 Willy, the Valiant Leprechaun:15 Medea, the Swamp Witch:13 Luck:11 Beato, the Butterfly Witch:10 Fiona, the Princess of Blackport:5]
t=3 ph=3 ap=1 snaps=176 hooks=35 inst=48 rollout "Poisoned Well" Spell lvl3 hero1
t=3 ph=3 ap=1 snaps=178 hooks=35 inst=48 rollout "Poisoned Well" Spell lvl3 hero1
t=3 ph=3 ap=1 snaps=180 hooks=35 inst=48 leakyRollout "Poisoned Well" +9.50MB hooks=[modifyPoisonDamage:1 beforeDamage:1] cards=[Zsos'Ssar, the Serpent Warlord:19 Willy, the Valiant Leprechaun:15 Medea, the Swamp Witch:13 Luck:9 Beato, the Butterfly Witch:8 Fiona, the Princess of Blackport:5]
t=3 ph=3 ap=1 snaps=180 hooks=35 inst=48 rollout "Poisoned Well" Spell lvl3 hero1
t=3 ph=3 ap=1 snaps=182 hooks=35 inst=48 rollout "Poisoned Well" Spell lvl3 hero1
t=3 ph=3 ap=1 snaps=184 hooks=35 inst=48 rollout "Poisoned Well" Spell lvl3 hero1
t=3 ph=3 ap=1 snaps=187 hooks=35 inst=48 leakyRollout "Poisoned Well" +12.00MB hooks=[modifyPoisonDamage:1 beforeDamage:1] cards=[Willy, the Valiant Leprechaun:41 Zsos'Ssar, the Serpent Warlord:22 Luck:19 Medea, the Swamp Witch:14 Beato, the Butterfly Witch:11 Wealth:10]
t=3 ph=3 ap=1 snaps=187 hooks=35 inst=48 rollout "Poisoned Well" Spell lvl3 hero1
t=3 ph=3 ap=1 snaps=189 hooks=35 inst=48 rollout "Poisoned Well" Spell lvl3 hero1
t=3 ph=3 ap=1 snaps=192 hooks=35 inst=48 rollout "Poisoned Well" Spell lvl3 hero1
t=3 ph=3 ap=1 snaps=194 hooks=35 inst=48 rollout "Poisoned Well" Spell lvl3 hero1
t=3 ph=3 ap=1 snaps=197 hooks=35 inst=48 leakyRollout "Poisoned Well" +12.05MB hooks=[modifyPoisonDamage:1 beforeDamage:1] cards=[Willy, the Valiant Leprechaun:41 Zsos'Ssar, the Serpent Warlord:21 Luck:18 Medea, the Swamp Witch:14 Beato, the Butterfly Witch:10 Wealth:10]
t=3 ph=3 ap=1 snaps=197 hooks=35 inst=48 rollout "Poisoned Well" Spell lvl3 hero1
t=3 ph=3 ap=1 snaps=199 hooks=35 inst=48 rollout "Poisoned Well" Spell lvl3 hero1
t=3 ph=3 ap=1 snaps=202 hooks=35 inst=48 rollout "Poisoned Well" Spell lvl3 hero1
t=3 ph=3 ap=1 snaps=204 hooks=35 inst=48 leakyRollout "Poisoned Well" +9.03MB hooks=[modifyPoisonDamage:1 beforeDamage:1] cards=[Zsos'Ssar, the Serpent Warlord:20 Willy, the Valiant Leprechaun:15 Medea, the Swamp Witch:13 Luck:11 Beato, the Butterfly Witch:9 Fiona, the Princess of Blackport:5]
t=3 ph=3 ap=1 snaps=204 hooks=35 inst=48 rollout "Poisoned Well" Spell lvl3 hero1
t=3 ph=3 ap=1 snaps=207 hooks=35 inst=48 rollout "Poisoned Well" Spell lvl3 hero1
t=3 ph=3 ap=1 snaps=209 hooks=35 inst=48 rollout "Poisoned Well" Spell lvl3 hero1
t=3 ph=3 ap=1 snaps=211 hooks=35 inst=48 leakyRollout "Poisoned Well" +9.82MB hooks=[modifyPoisonDamage:1 beforeDamage:1] cards=[Willy, the Valiant Leprechaun:41 Zsos'Ssar, the Serpent Warlord:18 Luck:16 Medea, the Swamp Witch:13 Wealth:10 Beato, the Butterfly Witch:6]
t=3 ph=3 ap=1 snaps=211 hooks=35 inst=48 rollout "Poisoned Well" Spell lvl3 hero1
t=3 ph=3 ap=1 snaps=213 hooks=35 inst=48 rollout "Poisoned Well" Spell lvl3 hero1
t=3 ph=3 ap=1 snaps=215 hooks=35 inst=48 rollout "Poisoned Well" Spell lvl3 hero1
t=3 ph=3 ap=1 snaps=217 hooks=35 inst=48 leakyRollout "Poisoned Well" +10.58MB hooks=[modifyPoisonDamage:1 beforeDamage:1] cards=[Willy, the Valiant Leprechaun:41 Zsos'Ssar, the Serpent Warlord:21 Luck:18 Medea, the Swamp Witch:14 Beato, the Butterfly Witch:10 Wealth:10]
t=3 ph=3 ap=1 snaps=217 hooks=35 inst=48 rollout "Poisoned Well" Spell lvl3 hero1
t=3 ph=3 ap=1 snaps=219 hooks=35 inst=48 rollout "Poisoned Well" Spell lvl3 hero1
t=3 ph=3 ap=1 snaps=222 hooks=35 inst=48 rollout "Poisoned Well" Spell lvl3 hero1
t=3 ph=3 ap=1 snaps=224 hooks=35 inst=48 leakyRollout "Poisoned Well" +10.29MB hooks=[modifyPoisonDamage:1 beforeDamage:1] cards=[Willy, the Valiant Leprechaun:41 Zsos'Ssar, the Serpent Warlord:20 Luck:18 Medea, the Swamp Witch:13 Wealth:10 Beato, the Butterfly Witch:8]
t=3 ph=3 ap=1 snaps=224 hooks=35 inst=48 rollout "Poisoned Well" Spell lvl3 hero1
t=3 ph=3 ap=1 snaps=226 hooks=35 inst=48 rollout "Poisoned Well" Spell lvl3 hero1
t=3 ph=3 ap=1 snaps=228 hooks=35 inst=48 rollout "Poisoned Well" Spell lvl3 hero1
t=3 ph=3 ap=1 snaps=230 hooks=35 inst=48 leakyRollout "Poisoned Well" +10.11MB hooks=[modifyPoisonDamage:1 beforeDamage:1] cards=[Willy, the Valiant Leprechaun:41 Zsos'Ssar, the Serpent Warlord:19 Luck:17 Medea, the Swamp Witch:14 Wealth:10 Beato, the Butterfly Witch:9]
t=3 ph=3 ap=1 snaps=230 hooks=35 inst=48 rollout "Poisoned Well" Spell lvl3 hero1
t=3 ph=3 ap=1 snaps=232 hooks=35 inst=48 rollout "Poisoned Well" Spell lvl3 hero1
t=3 ph=3 ap=1 snaps=234 hooks=35 inst=48 leakyRollout "Poisoned Well" +9.27MB hooks=[modifyPoisonDamage:1 beforeDamage:1] cards=[Zsos'Ssar, the Serpent Warlord:20 Willy, the Valiant Leprechaun:15 Medea, the Swamp Witch:13 Luck:11 Beato, the Butterfly Witch:9 Fiona, the Princess of Blackport:5]
t=3 ph=3 ap=1 snaps=234 hooks=35 inst=48 rollout "Poisoned Well" Spell lvl3 hero1
t=3 ph=3 ap=1 snaps=236 hooks=35 inst=48 rollout "Poisoned Well" Spell lvl3 hero1
t=3 ph=3 ap=1 snaps=239 hooks=35 inst=48 rollout "Poisoned Well" Spell lvl3 hero1
t=3 ph=3 ap=1 snaps=241 hooks=35 inst=48 leakyRollout "Poisoned Well" +10.12MB hooks=[modifyPoisonDamage:1 beforeDamage:1] cards=[Willy, the Valiant Leprechaun:41 Zsos'Ssar, the Serpent Warlord:19 Luck:16 Medea, the Swamp Witch:14 Wealth:10 Beato, the Butterfly Witch:8]
t=3 ph=3 ap=1 snaps=241 hooks=35 inst=48 rollout "Poisoned Well" Spell lvl3 hero1
t=3 ph=3 ap=1 snaps=243 hooks=35 inst=48 rollout "Poisoned Well" Spell lvl3 hero1
t=3 ph=3 ap=1 snaps=245 hooks=35 inst=48 rollout "Poisoned Well" Spell lvl3 hero1
t=3 ph=3 ap=1 snaps=247 hooks=35 inst=48 leakyRollout "Poisoned Well" +12.36MB hooks=[modifyPoisonDamage:1 beforeDamage:1] cards=[Willy, the Valiant Leprechaun:41 Zsos'Ssar, the Serpent Warlord:20 Luck:18 Medea, the Swamp Witch:13 Beato, the Butterfly Witch:10 Wealth:10]
t=3 ph=3 ap=1 snaps=247 hooks=35 inst=48 rollout "Poisoned Well" Spell lvl3 hero1
t=3 ph=3 ap=1 snaps=249 hooks=35 inst=48 rollout "Poisoned Well" Spell lvl3 hero1
t=3 ph=3 ap=1 snaps=251 hooks=35 inst=48 rollout "Poisoned Well" Spell lvl3 hero1
t=3 ph=3 ap=1 snaps=253 hooks=35 inst=48 leakyRollout "Poisoned Well" +9.57MB hooks=[modifyPoisonDamage:1 beforeDamage:1] cards=[Willy, the Valiant Leprechaun:41 Zsos'Ssar, the Serpent Warlord:18 Luck:15 Medea, the Swamp Witch:13 Wealth:10 Beato, the Butterfly Witch:6]
t=3 ph=3 ap=1 snaps=253 hooks=35 inst=48 rollout "Poisoned Well" Spell lvl3 hero1
t=3 ph=3 ap=1 snaps=255 hooks=35 inst=48 rollout "Poisoned Well" Spell lvl3 hero1
t=3 ph=3 ap=1 snaps=257 hooks=35 inst=48 rollout "Poisoned Well" Spell lvl3 hero1
t=3 ph=3 ap=1 snaps=259 hooks=35 inst=48 leakyRollout "Poisoned Well" +9.03MB hooks=[modifyPoisonDamage:1 beforeDamage:1] cards=[Zsos'Ssar, the Serpent Warlord:19 Willy, the Valiant Leprechaun:15 Medea, the Swamp Witch:13 Beato, the Butterfly Witch:9 Luck:9 Fiona, the Princess of Blackport:5]
t=3 ph=3 ap=1 snaps=259 hooks=35 inst=48 rollout "Poisoned Well" Spell lvl3 hero1
t=3 ph=3 ap=1 snaps=261 hooks=35 inst=48 rollout "Poisoned Well" Spell lvl3 hero1
t=3 ph=3 ap=1 snaps=264 hooks=35 inst=48 rollout "Poisoned Well" Spell lvl3 hero1
t=3 ph=3 ap=1 snaps=266 hooks=35 inst=48 leakyRollout "Poisoned Well" +9.61MB hooks=[modifyPoisonDamage:1 beforeDamage:1] cards=[Willy, the Valiant Leprechaun:41 Zsos'Ssar, the Serpent Warlord:17 Luck:16 Medea, the Swamp Witch:11 Wealth:10 Beato, the Butterfly Witch:6]
t=3 ph=3 ap=1 snaps=266 hooks=35 inst=48 rollout "Poisoned Well" Spell lvl3 hero1
t=3 ph=3 ap=1 snaps=268 hooks=35 inst=48 rollout "Poisoned Well" Spell lvl3 hero1
t=3 ph=3 ap=1 snaps=270 hooks=35 inst=48 rollout "Poisoned Well" Spell lvl3 hero1
t=3 ph=3 ap=1 snaps=273 hooks=35 inst=48 leakyRollout "Poisoned Well" +10.40MB hooks=[modifyPoisonDamage:1 beforeDamage:1] cards=[Zsos'Ssar, the Serpent Warlord:19 Willy, the Valiant Leprechaun:15 Medea, the Swamp Witch:13 Beato, the Butterfly Witch:9 Luck:9 Fiona, the Princess of Blackport:5]
t=3 ph=3 ap=1 snaps=273 hooks=35 inst=48 rollout "Poisoned Well" Spell lvl3 hero1
t=3 ph=3 ap=1 snaps=275 hooks=35 inst=48 rollout "Poisoned Well" Spell lvl3 hero1
t=3 ph=3 ap=1 snaps=277 hooks=35 inst=48 rollout "Poisoned Well" Spell lvl3 hero1
t=3 ph=3 ap=1 snaps=279 hooks=35 inst=48 leakyRollout "Poisoned Well" +10.17MB hooks=[modifyPoisonDamage:1 beforeDamage:1] cards=[Willy, the Valiant Leprechaun:41 Zsos'Ssar, the Serpent Warlord:21 Luck:17 Medea, the Swamp Witch:14 Wealth:10 Beato, the Butterfly Witch:9]
t=3 ph=3 ap=1 snaps=279 hooks=35 inst=48 rollout "Poisoned Well" Spell lvl3 hero1
t=3 ph=3 ap=1 snaps=281 hooks=35 inst=48 rollout "Poisoned Well" Spell lvl3 hero1
t=3 ph=3 ap=1 snaps=284 hooks=35 inst=48 rollout "Poisoned Well" Spell lvl3 hero1
t=3 ph=3 ap=1 snaps=287 hooks=35 inst=48 leakyRollout "Poisoned Well" +12.70MB hooks=[modifyPoisonDamage:1 beforeDamage:1] cards=[Willy, the Valiant Leprechaun:41 Zsos'Ssar, the Serpent Warlord:22 Luck:19 Medea, the Swamp Witch:14 Beato, the Butterfly Witch:11 Wealth:10]
t=3 ph=3 ap=1 snaps=287 hooks=35 inst=48 rollout "Poisoned Well" Spell lvl3 hero1
t=3 ph=3 ap=1 snaps=289 hooks=35 inst=48 rollout "Poisoned Well" Spell lvl3 hero1
t=3 ph=3 ap=1 snaps=293 hooks=35 inst=48 rollout "Poisoned Well" Spell lvl3 hero1
t=3 ph=3 ap=1 snaps=295 hooks=35 inst=48 rollout "Poisoned Well" Spell lvl3 hero1
t=3 ph=3 ap=1 snaps=297 hooks=35 inst=48 leakyRollout "Poisoned Well" +10.07MB hooks=[modifyPoisonDamage:1 beforeDamage:1] cards=[Willy, the Valiant Leprechaun:41 Zsos'Ssar, the Serpent Warlord:20 Luck:17 Medea, the Swamp Witch:14 Wealth:10 Beato, the Butterfly Witch:9]
t=3 ph=3 ap=1 snaps=297 hooks=35 inst=48 rollout "Poisoned Well" Spell lvl3 hero1
t=3 ph=3 ap=1 snaps=299 hooks=35 inst=48 rollout "Poisoned Well" Spell lvl3 hero1
t=3 ph=3 ap=1 snaps=301 hooks=35 inst=48 rollout "Poisoned Well" Spell lvl3 hero1
t=3 ph=3 ap=1 snaps=304 hooks=35 inst=48 leakyRollout "Poisoned Well" +11.54MB hooks=[modifyPoisonDamage:1 beforeDamage:1] cards=[Zsos'Ssar, the Serpent Warlord:21 Willy, the Valiant Leprechaun:15 Medea, the Swamp Witch:13 Beato, the Butterfly Witch:12 Luck:9 Fiona, the Princess of Blackport:5]
t=3 ph=3 ap=1 snaps=304 hooks=35 inst=48 rollout "Poisoned Well" Spell lvl3 hero1
t=3 ph=3 ap=1 snaps=306 hooks=35 inst=48 rollout "Poisoned Well" Spell lvl3 hero1
t=3 ph=5 ap=1 snaps=314 hooks=49 inst=48 switchTurn ending p1
t=4 ph=2 ap=0 snaps=314 hooks=19 inst=49 cpuTurnStart cpu=p0 hand=7
t=4 ph=3 ap=0 snaps=330 hooks=28 inst=52 rollout "Burning Finger" Spell lvl1 hero1
t=4 ph=3 ap=0 snaps=333 hooks=28 inst=52 leakyRollout "Burning Finger" +15.66MB hooks=[] cards=[Willy, the Valiant Leprechaun:41 Zsos'Ssar, the Serpent Warlord:18 Luck:12 Medea, the Swamp Witch:12 Wealth:9 Beato, the Butterfly Witch:4]
t=4 ph=3 ap=0 snaps=333 hooks=28 inst=52 rollout "Burning Finger" Spell lvl1 hero1
t=4 ph=3 ap=0 snaps=336 hooks=28 inst=52 rollout "Burning Finger" Spell lvl1 hero1
t=4 ph=3 ap=0 snaps=339 hooks=28 inst=52 rollout "Burning Finger" Spell lvl1 hero1
t=4 ph=3 ap=0 snaps=342 hooks=28 inst=52 leakyRollout "Burning Finger" +2.63MB hooks=[] cards=[Willy, the Valiant Leprechaun:41 Zsos'Ssar, the Serpent Warlord:21 Luck:16 Wealth:13 Medea, the Swamp Witch:13 Beato, the Butterfly Witch:5]
t=4 ph=3 ap=0 snaps=342 hooks=28 inst=52 rollout "Burning Finger" Spell lvl1 hero1
t=4 ph=3 ap=0 snaps=345 hooks=28 inst=52 rollout "Burning Finger" Spell lvl1 hero1
t=4 ph=3 ap=0 snaps=349 hooks=28 inst=52 rollout "Burning Finger" Spell lvl1 hero1
t=4 ph=3 ap=0 snaps=352 hooks=28 inst=52 leakyRollout "Burning Finger" +4.58MB hooks=[] cards=[Willy, the Valiant Leprechaun:41 Zsos'Ssar, the Serpent Warlord:22 Luck:17 Medea, the Swamp Witch:15 Wealth:10 Beato, the Butterfly Witch:8]
t=4 ph=3 ap=0 snaps=352 hooks=28 inst=52 rollout "Burning Finger" Spell lvl1 hero1
t=4 ph=3 ap=0 snaps=356 hooks=28 inst=52 leakyRollout "Burning Finger" +1.45MB hooks=[] cards=[Willy, the Valiant Leprechaun:41 Zsos'Ssar, the Serpent Warlord:18 Luck:14 Wealth:13 Medea, the Swamp Witch:11 Beato, the Butterfly Witch:6]
t=4 ph=3 ap=0 snaps=356 hooks=28 inst=52 rollout "Burning Finger" Spell lvl1 hero1
t=4 ph=3 ap=0 snaps=359 hooks=28 inst=52 leakyRollout "Burning Finger" +0.52MB hooks=[] cards=[Willy, the Valiant Leprechaun:41 Zsos'Ssar, the Serpent Warlord:16 Luck:13 Wealth:13 Medea, the Swamp Witch:11 Beato, the Butterfly Witch:5]
t=4 ph=3 ap=0 snaps=359 hooks=28 inst=52 rollout "Burning Finger" Spell lvl1 hero1
t=4 ph=3 ap=0 snaps=363 hooks=28 inst=52 leakyRollout "Burning Finger" +0.93MB hooks=[] cards=[Willy, the Valiant Leprechaun:21 Zsos'Ssar, the Serpent Warlord:18 Medea, the Swamp Witch:11 Luck:9 Wealth:9 Beato, the Butterfly Witch:8]
t=4 ph=3 ap=0 snaps=363 hooks=28 inst=52 rollout "Burning Finger" Spell lvl1 hero1
t=4 ph=3 ap=0 snaps=366 hooks=28 inst=52 rollout "Burning Finger" Spell lvl1 hero1
t=4 ph=3 ap=0 snaps=370 hooks=28 inst=52 leakyRollout "Burning Finger" +0.56MB hooks=[] cards=[Willy, the Valiant Leprechaun:21 Zsos'Ssar, the Serpent Warlord:17 Medea, the Swamp Witch:11 Luck:9 Wealth:9 Beato, the Butterfly Witch:6]
t=4 ph=3 ap=0 snaps=370 hooks=28 inst=52 rollout "Burning Finger" Spell lvl1 hero1
t=4 ph=3 ap=0 snaps=373 hooks=28 inst=52 rollout "Burning Finger" Spell lvl1 hero1
t=4 ph=3 ap=0 snaps=377 hooks=28 inst=52 rollout "Burning Finger" Spell lvl1 hero1
t=4 ph=3 ap=0 snaps=380 hooks=28 inst=52 rollout "Burning Finger" Spell lvl1 hero1
t=4 ph=3 ap=0 snaps=383 hooks=28 inst=52 leakyRollout "Burning Finger" +0.55MB hooks=[onHeroKO:1] cards=[Willy, the Valiant Leprechaun:41 Zsos'Ssar, the Serpent Warlord:19 Luck:17 Medea, the Swamp Witch:12 Wealth:10 Beato, the Butterfly Witch:9]
t=4 ph=3 ap=0 snaps=383 hooks=28 inst=52 rollout "Burning Finger" Spell lvl1 hero1
t=4 ph=3 ap=0 snaps=386 hooks=28 inst=52 leakyRollout "Burning Finger" +1.31MB hooks=[] cards=[Willy, the Valiant Leprechaun:41 Zsos'Ssar, the Serpent Warlord:17 Luck:13 Medea, the Swamp Witch:12 Wealth:10 Beato, the Butterfly Witch:5]
t=4 ph=3 ap=0 snaps=386 hooks=28 inst=52 rollout "Burning Finger" Spell lvl1 hero1
t=4 ph=3 ap=0 snaps=389 hooks=28 inst=52 rollout "Burning Finger" Spell lvl1 hero1
t=4 ph=3 ap=0 snaps=392 hooks=28 inst=52 rollout "Burning Finger" Spell lvl1 hero1
t=4 ph=3 ap=0 snaps=396 hooks=28 inst=52 leakyRollout "Burning Finger" +0.62MB hooks=[] cards=[Willy, the Valiant Leprechaun:41 Zsos'Ssar, the Serpent Warlord:19 Luck:13 Medea, the Swamp Witch:12 Wealth:9 Beato, the Butterfly Witch:5]
t=4 ph=3 ap=0 snaps=396 hooks=28 inst=52 rollout "Burning Finger" Spell lvl1 hero1
t=4 ph=3 ap=0 snaps=399 hooks=28 inst=52 rollout "Burning Finger" Spell lvl1 hero1
t=4 ph=3 ap=0 snaps=402 hooks=28 inst=52 rollout "Burning Finger" Spell lvl1 hero1
t=4 ph=3 ap=0 snaps=406 hooks=28 inst=52 leakyRollout "Burning Finger" +1.22MB hooks=[] cards=[Willy, the Valiant Leprechaun:41 Zsos'Ssar, the Serpent Warlord:18 Luck:14 Medea, the Swamp Witch:12 Wealth:10 Beato, the Butterfly Witch:6]
t=4 ph=3 ap=0 snaps=406 hooks=28 inst=52 rollout "Burning Finger" Spell lvl1 hero1
t=4 ph=3 ap=0 snaps=410 hooks=28 inst=52 rollout "Burning Finger" Spell lvl1 hero1
t=4 ph=3 ap=0 snaps=413 hooks=28 inst=52 leakyRollout "Burning Finger" +0.63MB hooks=[] cards=[Willy, the Valiant Leprechaun:41 Zsos'Ssar, the Serpent Warlord:17 Luck:13 Wealth:13 Medea, the Swamp Witch:12 Beato, the Butterfly Witch:5]
t=4 ph=3 ap=0 snaps=413 hooks=28 inst=52 rollout "Burning Finger" Spell lvl1 hero1
t=4 ph=3 ap=0 snaps=416 hooks=28 inst=52 rollout "Burning Finger" Spell lvl1 hero1
t=4 ph=3 ap=0 snaps=419 hooks=28 inst=52 rollout "Burning Finger" Spell lvl1 hero1
t=4 ph=3 ap=0 snaps=423 hooks=28 inst=52 leakyRollout "Burning Finger" +1.61MB hooks=[] cards=[Willy, the Valiant Leprechaun:41 Zsos'Ssar, the Serpent Warlord:20 Luck:14 Wealth:13 Medea, the Swamp Witch:13 Beato, the Butterfly Witch:6]
t=4 ph=3 ap=0 snaps=423 hooks=28 inst=52 rollout "Burning Finger" Spell lvl1 hero1
t=4 ph=3 ap=0 snaps=427 hooks=28 inst=52 leakyRollout "Burning Finger" +1.59MB hooks=[] cards=[Willy, the Valiant Leprechaun:41 Zsos'Ssar, the Serpent Warlord:20 Luck:14 Wealth:13 Medea, the Swamp Witch:13 Beato, the Butterfly Witch:6]
t=4 ph=3 ap=0 snaps=427 hooks=28 inst=52 rollout "Burning Finger" Spell lvl1 hero1
t=4 ph=3 ap=0 snaps=430 hooks=28 inst=52 rollout "Burning Finger" Spell lvl1 hero1
t=4 ph=3 ap=0 snaps=434 hooks=28 inst=52 rollout "Burning Finger" Spell lvl1 hero1
t=4 ph=3 ap=0 snaps=437 hooks=28 inst=52 leakyRollout "Burning Finger" +14.67MB hooks=[] cards=[Willy, the Valiant Leprechaun:41 Zsos'Ssar, the Serpent Warlord:18 Luck:12 Medea, the Swamp Witch:12 Wealth:9 Beato, the Butterfly Witch:4]
t=4 ph=3 ap=0 snaps=437 hooks=28 inst=52 rollout "Burning Finger" Spell lvl1 hero1
t=4 ph=3 ap=0 snaps=441 hooks=28 inst=52 rollout "Burning Finger" Spell lvl1 hero1
t=4 ph=3 ap=0 snaps=445 hooks=28 inst=52 leakyRollout "Burning Finger" +0.56MB hooks=[] cards=[Willy, the Valiant Leprechaun:41 Zsos'Ssar, the Serpent Warlord:20 Luck:13 Medea, the Swamp Witch:13 Wealth:9 Beato, the Butterfly Witch:5]
t=4 ph=3 ap=0 snaps=445 hooks=28 inst=52 rollout "Burning Finger" Spell lvl1 hero1
t=4 ph=3 ap=0 snaps=449 hooks=28 inst=52 leakyRollout "Burning Finger" +1.54MB hooks=[] cards=[Willy, the Valiant Leprechaun:41 Zsos'Ssar, the Serpent Warlord:20 Luck:14 Wealth:13 Medea, the Swamp Witch:13 Beato, the Butterfly Witch:6]
t=4 ph=3 ap=0 snaps=449 hooks=28 inst=52 rollout "Burning Finger" Spell lvl1 hero1
t=4 ph=3 ap=0 snaps=453 hooks=28 inst=52 rollout "Burning Finger" Spell lvl1 hero1
t=4 ph=3 ap=0 snaps=456 hooks=28 inst=52 rollout "Burning Finger" Spell lvl1 hero1
t=4 ph=3 ap=0 snaps=459 hooks=28 inst=52 rollout "Burning Finger" Spell lvl1 hero1
t=4 ph=3 ap=0 snaps=462 hooks=28 inst=52 rollout "Burning Finger" Spell lvl1 hero1
t=4 ph=3 ap=0 snaps=466 hooks=28 inst=52 leakyRollout "Burning Finger" +15.30MB hooks=[] cards=[Willy, the Valiant Leprechaun:21 Zsos'Ssar, the Serpent Warlord:19 Medea, the Swamp Witch:12 Luck:8 Beato, the Butterfly Witch:5 Wealth:5]
t=4 ph=3 ap=0 snaps=466 hooks=28 inst=52 rollout "Burning Finger" Spell lvl1 hero1
t=4 ph=3 ap=0 snaps=470 hooks=28 inst=52 rollout "Burning Finger" Spell lvl1 hero1
t=4 ph=3 ap=0 snaps=474 hooks=28 inst=52 leakyRollout "Burning Finger" +1.62MB hooks=[] cards=[Willy, the Valiant Leprechaun:41 Zsos'Ssar, the Serpent Warlord:20 Luck:14 Wealth:13 Medea, the Swamp Witch:13 Beato, the Butterfly Witch:6]
t=4 ph=3 ap=0 snaps=474 hooks=28 inst=52 rollout "Burning Finger" Spell lvl1 hero1
t=4 ph=3 ap=0 snaps=478 hooks=28 inst=52 rollout "Burning Finger" Spell lvl1 hero1
t=4 ph=3 ap=0 snaps=481 hooks=28 inst=52 rollout "Burning Finger" Spell lvl1 hero1
t=4 ph=3 ap=0 snaps=485 hooks=28 inst=52 rollout "Burning Finger" Spell lvl1 hero1
t=4 ph=3 ap=0 snaps=488 hooks=28 inst=52 rollout "Burning Finger" Spell lvl1 hero1
t=4 ph=3 ap=0 snaps=491 hooks=28 inst=52 rollout "Burning Finger" Spell lvl1 hero1
t=4 ph=3 ap=0 snaps=494 hooks=28 inst=52 leakyRollout "Burning Finger" +0.66MB hooks=[] cards=[Willy, the Valiant Leprechaun:41 Zsos'Ssar, the Serpent Warlord:17 Luck:13 Wealth:13 Medea, the Swamp Witch:12 Beato, the Butterfly Witch:5]
t=4 ph=3 ap=0 snaps=494 hooks=28 inst=52 rollout "Burning Finger" Spell lvl1 hero1
t=4 ph=3 ap=0 snaps=498 hooks=28 inst=52 rollout "Burning Finger" Spell lvl1 hero1
t=4 ph=3 ap=0 snaps=501 hooks=28 inst=52 rollout "Burning Finger" Spell lvl1 hero1
t=4 ph=3 ap=0 snaps=504 hooks=28 inst=52 rollout "Burning Finger" Spell lvl1 hero1
t=4 ph=3 ap=0 snaps=507 hooks=28 inst=52 rollout "Burning Finger" Spell lvl1 hero1
t=4 ph=3 ap=0 snaps=510 hooks=28 inst=52 leakyRollout "Burning Finger" +0.92MB hooks=[] cards=[Willy, the Valiant Leprechaun:41 Zsos'Ssar, the Serpent Warlord:18 Luck:16 Wealth:13 Medea, the Swamp Witch:12 Beato, the Butterfly Witch:8]
t=4 ph=3 ap=0 snaps=510 hooks=28 inst=52 rollout "Burning Finger" Spell lvl1 hero1
t=4 ph=3 ap=0 snaps=514 hooks=28 inst=52 rollout "Burning Finger" Spell lvl1 hero1
t=4 ph=3 ap=0 snaps=518 hooks=28 inst=52 rollout "Burning Finger" Spell lvl1 hero1
t=4 ph=3 ap=0 snaps=522 hooks=28 inst=52 leakyRollout "Burning Finger" +0.65MB hooks=[] cards=[Willy, the Valiant Leprechaun:21 Zsos'Ssar, the Serpent Warlord:18 Medea, the Swamp Witch:12 Luck:9 Wealth:9 Beato, the Butterfly Witch:6]
t=4 ph=3 ap=0 snaps=522 hooks=28 inst=52 rollout "Burning Finger" Spell lvl1 hero1
t=4 ph=3 ap=0 snaps=525 hooks=28 inst=52 rollout "Burning Finger" Spell lvl1 hero1
t=4 ph=3 ap=0 snaps=528 hooks=28 inst=52 rollout "Burning Finger" Spell lvl1 hero1
t=4 ph=3 ap=0 snaps=533 hooks=28 inst=52 leakyRollout "Burning Finger" +1.71MB hooks=[] cards=[Zsos'Ssar, the Serpent Warlord:22 Willy, the Valiant Leprechaun:21 Medea, the Swamp Witch:14 Luck:9 Beato, the Butterfly Witch:7 Wealth:6]
t=4 ph=3 ap=0 snaps=533 hooks=28 inst=52 rollout "Burning Finger" Spell lvl1 hero1
t=4 ph=3 ap=0 snaps=536 hooks=28 inst=52 rollout "Burning Finger" Spell lvl1 hero1
t=4 ph=3 ap=0 snaps=540 hooks=28 inst=52 leakyRollout "Burning Finger" +1.60MB hooks=[] cards=[Willy, the Valiant Leprechaun:41 Zsos'Ssar, the Serpent Warlord:18 Luck:15 Medea, the Swamp Witch:12 Wealth:10 Beato, the Butterfly Witch:7]
t=4 ph=3 ap=0 snaps=540 hooks=28 inst=52 rollout "Burning Finger" Spell lvl1 hero1
t=4 ph=3 ap=0 snaps=543 hooks=28 inst=52 rollout "Burning Finger" Spell lvl1 hero1
t=4 ph=3 ap=0 snaps=546 hooks=28 inst=52 leakyRollout "Burning Finger" +0.61MB hooks=[] cards=[Willy, the Valiant Leprechaun:41 Zsos'Ssar, the Serpent Warlord:17 Luck:13 Wealth:13 Medea, the Swamp Witch:12 Beato, the Butterfly Witch:5]
t=4 ph=3 ap=0 snaps=546 hooks=28 inst=52 rollout "Burning Finger" Spell lvl1 hero1
t=4 ph=3 ap=0 snaps=550 hooks=28 inst=52 rollout "Burning Finger" Spell lvl1 hero1
t=4 ph=3 ap=0 snaps=554 hooks=28 inst=52 leakyRollout "Burning Finger" +0.71MB hooks=[] cards=[Willy, the Valiant Leprechaun:21 Zsos'Ssar, the Serpent Warlord:18 Medea, the Swamp Witch:12 Luck:9 Beato, the Butterfly Witch:7 Wealth:6]
t=4 ph=3 ap=0 snaps=554 hooks=28 inst=52 rollout "Burning Finger" Spell lvl1 hero1
t=4 ph=3 ap=0 snaps=557 hooks=28 inst=52 rollout "Burning Finger" Spell lvl1 hero1
t=4 ph=3 ap=0 snaps=560 hooks=28 inst=52 rollout "Burning Finger" Spell lvl1 hero1
t=4 ph=3 ap=0 snaps=564 hooks=28 inst=52 rollout "Burning Finger" Spell lvl1 hero1
t=4 ph=3 ap=0 snaps=568 hooks=28 inst=52 rollout "Burning Finger" Spell lvl1 hero1
t=4 ph=3 ap=0 snaps=571 hooks=28 inst=52 rollout "Burning Finger" Spell lvl1 hero1
t=4 ph=3 ap=0 snaps=575 hooks=28 inst=52 rollout "Burning Finger" Spell lvl1 hero1
t=4 ph=3 ap=0 snaps=578 hooks=28 inst=52 leakyRollout "Burning Finger" +0.72MB hooks=[] cards=[Willy, the Valiant Leprechaun:41 Zsos'Ssar, the Serpent Warlord:22 Luck:16 Medea, the Swamp Witch:14 Wealth:13 Beato, the Butterfly Witch:8]
t=4 ph=3 ap=0 snaps=578 hooks=28 inst=52 rollout "Burning Finger" Spell lvl1 hero1
t=4 ph=3 ap=0 snaps=582 hooks=28 inst=52 leakyRollout "Burning Finger" +0.61MB hooks=[] cards=[Willy, the Valiant Leprechaun:21 Zsos'Ssar, the Serpent Warlord:18 Medea, the Swamp Witch:12 Luck:9 Wealth:9 Beato, the Butterfly Witch:6]
t=4 ph=3 ap=0 snaps=582 hooks=28 inst=52 rollout "Burning Finger" Spell lvl1 hero1
t=4 ph=3 ap=0 snaps=586 hooks=28 inst=52 leakyRollout "Burning Finger" +0.69MB hooks=[] cards=[Willy, the Valiant Leprechaun:41 Zsos'Ssar, the Serpent Warlord:20 Luck:13 Medea, the Swamp Witch:13 Wealth:9 Beato, the Butterfly Witch:5]
t=4 ph=3 ap=0 snaps=586 hooks=28 inst=52 rollout "Burning Finger" Spell lvl1 hero1
t=4 ph=3 ap=0 snaps=589 hooks=28 inst=52 rollout "Burning Finger" Spell lvl1 hero1
t=4 ph=3 ap=0 snaps=593 hooks=28 inst=52 leakyRollout "Burning Finger" +0.67MB hooks=[] cards=[Willy, the Valiant Leprechaun:41 Zsos'Ssar, the Serpent Warlord:20 Luck:13 Medea, the Swamp Witch:13 Wealth:9 Beato, the Butterfly Witch:5]
t=4 ph=3 ap=0 snaps=593 hooks=28 inst=52 rollout "Burning Finger" Spell lvl1 hero1
t=4 ph=3 ap=0 snaps=596 hooks=28 inst=52 rollout "Burning Finger" Spell lvl1 hero1
t=4 ph=3 ap=0 snaps=599 hooks=28 inst=52 rollout "Burning Finger" Spell lvl1 hero1
t=4 ph=3 ap=0 snaps=602 hooks=28 inst=52 rollout "Burning Finger" Spell lvl1 hero1
t=4 ph=3 ap=0 snaps=606 hooks=28 inst=52 leakyRollout "Burning Finger" +0.70MB hooks=[] cards=[Willy, the Valiant Leprechaun:41 Zsos'Ssar, the Serpent Warlord:19 Luck:13 Medea, the Swamp Witch:12 Wealth:9 Beato, the Butterfly Witch:5]
t=4 ph=5 ap=0 snaps=610 hooks=39 inst=52 switchTurn ending p0
t=5 ph=2 ap=1 snaps=610 hooks=13 inst=53 cpuTurnStart cpu=p1 hand=5
t=5 ph=3 ap=1 snaps=620 hooks=24 inst=57 rollout "Venom Infusion" Spell lvl1 hero0
t=5 ph=3 ap=1 snaps=621 hooks=24 inst=57 leakyRollout "Venom Infusion" +10.52MB hooks=[onHeroKO:1] cards=[Willy, the Valiant Leprechaun:39 Zsos'Ssar, the Serpent Warlord:15 Medea, the Swamp Witch:12 Luck:11 Wealth:7 Beato, the Butterfly Witch:4]
t=5 ph=3 ap=1 snaps=621 hooks=24 inst=57 rollout "Venom Infusion" Spell lvl1 hero1
t=5 ph=3 ap=1 snaps=623 hooks=24 inst=57 leakyRollout "Venom Infusion" +10.51MB hooks=[onHeroKO:1 onCardLeaveZone:1] cards=[Zsos'Ssar, the Serpent Warlord:17 Willy, the Valiant Leprechaun:15 Medea, the Swamp Witch:12 Luck:7 Beato, the Butterfly Witch:6 Wealth:6]
t=5 ph=3 ap=1 snaps=623 hooks=24 inst=57 rollout "Venom Infusion" Spell lvl1 hero0
t=5 ph=3 ap=1 snaps=624 hooks=24 inst=57 rollout "Venom Infusion" Spell lvl1 hero0
t=5 ph=3 ap=1 snaps=625 hooks=24 inst=57 leakyRollout "Venom Infusion" +8.61MB hooks=[onHeroKO:1 onCardLeaveZone:1] cards=[Zsos'Ssar, the Serpent Warlord:19 Willy, the Valiant Leprechaun:15 Medea, the Swamp Witch:13 Beato, the Butterfly Witch:7 Luck:7 Fiona, the Princess of Blackport:3]
t=5 ph=3 ap=1 snaps=625 hooks=24 inst=57 rollout "Venom Infusion" Spell lvl1 hero0
t=5 ph=3 ap=1 snaps=626 hooks=24 inst=57 rollout "Venom Infusion" Spell lvl1 hero0
t=5 ph=3 ap=1 snaps=628 hooks=24 inst=57 leakyRollout "Venom Infusion" +9.47MB hooks=[modifyPoisonDamage:1 beforeDamage:1 afterDamage:1 onHeroKO:1 onCardLeaveZone:1] cards=[Zsos'Ssar, the Serpent Warlord:16 Willy, the Valiant Leprechaun:15 Medea, the Swamp Witch:13 Luck:5 Beato, the Butterfly Witch:3 Fiona, the Princess of Blackport:2]
t=5 ph=3 ap=1 snaps=628 hooks=24 inst=57 rollout "Venom Infusion" Spell lvl1 hero0
t=5 ph=3 ap=1 snaps=630 hooks=24 inst=57 rollout "Venom Infusion" Spell lvl1 hero0
t=5 ph=3 ap=1 snaps=631 hooks=24 inst=57 rollout "Venom Infusion" Spell lvl1 hero1
t=5 ph=3 ap=1 snaps=632 hooks=24 inst=57 leakyRollout "Venom Infusion" +8.50MB hooks=[modifyPoisonDamage:1 beforeDamage:1 afterDamage:1 onHeroKO:1] cards=[Willy, the Valiant Leprechaun:39 Zsos'Ssar, the Serpent Warlord:17 Medea, the Swamp Witch:13 Luck:10 Wealth:6 Beato, the Butterfly Witch:3]
t=5 ph=3 ap=1 snaps=632 hooks=24 inst=57 rollout "Venom Infusion" Spell lvl1 hero1
t=5 ph=3 ap=1 snaps=635 hooks=24 inst=57 leakyRollout "Venom Infusion" +1.79MB hooks=[onHeroKO:2 modifyPoisonDamage:1 beforeDamage:1 afterDamage:1 onCardLeaveZone:1] cards=[Willy, the Valiant Leprechaun:39 Zsos'Ssar, the Serpent Warlord:21 Luck:14 Medea, the Swamp Witch:14 Wealth:10 Beato, the Butterfly Witch:7]
t=5 ph=3 ap=1 snaps=635 hooks=24 inst=57 rollout "Venom Infusion" Spell lvl1 hero1
t=5 ph=3 ap=1 snaps=636 hooks=24 inst=57 rollout "Venom Infusion" Spell lvl1 hero1
t=5 ph=3 ap=1 snaps=638 hooks=24 inst=57 leakyRollout "Venom Infusion" +9.68MB hooks=[modifyPoisonDamage:1 beforeDamage:1 afterDamage:1 onHeroKO:1 onCardLeaveZone:1] cards=[Zsos'Ssar, the Serpent Warlord:16 Willy, the Valiant Leprechaun:15 Medea, the Swamp Witch:13 Luck:5 Wealth:5 Fiona, the Princess of Blackport:3]
t=5 ph=3 ap=1 snaps=638 hooks=24 inst=57 rollout "Venom Infusion" Spell lvl1 hero1
t=5 ph=3 ap=1 snaps=639 hooks=24 inst=57 rollout "Venom Infusion" Spell lvl1 hero1
t=5 ph=3 ap=1 snaps=640 hooks=24 inst=57 rollout "Venom Infusion" Spell lvl1 hero0
t=5 ph=3 ap=1 snaps=641 hooks=24 inst=57 leakyRollout "Venom Infusion" +9.52MB hooks=[onHeroKO:1] cards=[Willy, the Valiant Leprechaun:39 Zsos'Ssar, the Serpent Warlord:18 Luck:13 Medea, the Swamp Witch:13 Wealth:7 Beato, the Butterfly Witch:4]
t=5 ph=3 ap=1 snaps=641 hooks=24 inst=57 rollout "Venom Infusion" Spell lvl1 hero0
t=5 ph=3 ap=1 snaps=642 hooks=24 inst=57 rollout "Venom Infusion" Spell lvl1 hero1
t=5 ph=3 ap=1 snaps=644 hooks=24 inst=57 leakyRollout "Venom Infusion" +9.16MB hooks=[modifyPoisonDamage:1 beforeDamage:1 afterDamage:1 onHeroKO:1 onCardLeaveZone:1] cards=[Zsos'Ssar, the Serpent Warlord:18 Willy, the Valiant Leprechaun:15 Medea, the Swamp Witch:13 Luck:6 Beato, the Butterfly Witch:4 Wealth:2]
t=5 ph=3 ap=1 snaps=644 hooks=24 inst=57 rollout "Venom Infusion" Spell lvl1 hero1
t=5 ph=3 ap=1 snaps=646 hooks=24 inst=57 rollout "Venom Infusion" Spell lvl1 hero1
t=5 ph=3 ap=1 snaps=648 hooks=24 inst=57 rollout "Venom Infusion" Spell lvl1 hero0
t=5 ph=3 ap=1 snaps=650 hooks=24 inst=57 leakyRollout "Venom Infusion" +9.57MB hooks=[onHeroKO:1 onCardLeaveZone:1] cards=[Zsos'Ssar, the Serpent Warlord:17 Willy, the Valiant Leprechaun:15 Medea, the Swamp Witch:12 Luck:7 Beato, the Butterfly Witch:6 Fiona, the Princess of Blackport:3]
t=5 ph=3 ap=1 snaps=650 hooks=24 inst=57 rollout "Venom Infusion" Spell lvl1 hero0
t=5 ph=3 ap=1 snaps=651 hooks=24 inst=57 rollout "Venom Infusion" Spell lvl1 hero1
t=5 ph=3 ap=1 snaps=652 hooks=24 inst=57 rollout "Venom Infusion" Spell lvl1 hero1
t=5 ph=3 ap=1 snaps=653 hooks=24 inst=57 leakyRollout "Venom Infusion" +9.27MB hooks=[onHeroKO:1 onCardLeaveZone:1] cards=[Zsos'Ssar, the Serpent Warlord:18 Willy, the Valiant Leprechaun:15 Medea, the Swamp Witch:14 Beato, the Butterfly Witch:7 Luck:7 Wealth:6]
t=5 ph=3 ap=1 snaps=653 hooks=24 inst=57 rollout "Venom Infusion" Spell lvl1 hero0
t=5 ph=3 ap=1 snaps=654 hooks=24 inst=57 rollout "Venom Infusion" Spell lvl1 hero0
t=5 ph=3 ap=1 snaps=655 hooks=24 inst=57 leakyRollout "Venom Infusion" +10.07MB hooks=[onHeroKO:2 modifyPoisonDamage:1 beforeDamage:1 afterDamage:1 onCardLeaveZone:1] cards=[Willy, the Valiant Leprechaun:39 Zsos'Ssar, the Serpent Warlord:19 Medea, the Swamp Witch:15 Luck:13 Wealth:7 Beato, the Butterfly Witch:6]
t=5 ph=3 ap=1 snaps=655 hooks=24 inst=57 rollout "Venom Infusion" Spell lvl1 hero1
t=5 ph=3 ap=1 snaps=656 hooks=24 inst=57 rollout "Venom Infusion" Spell lvl1 hero1
t=5 ph=3 ap=1 snaps=658 hooks=24 inst=57 rollout "Venom Infusion" Spell lvl1 hero0
t=5 ph=3 ap=1 snaps=659 hooks=24 inst=57 leakyRollout "Venom Infusion" +9.55MB hooks=[onHeroKO:2 modifyPoisonDamage:1 beforeDamage:1 afterDamage:1 onCardLeaveZone:1] cards=[Willy, the Valiant Leprechaun:39 Zsos'Ssar, the Serpent Warlord:19 Medea, the Swamp Witch:15 Luck:12 Wealth:7 Beato, the Butterfly Witch:5]
t=5 ph=3 ap=1 snaps=659 hooks=24 inst=57 rollout "Venom Infusion" Spell lvl1 hero0
t=5 ph=3 ap=1 snaps=660 hooks=24 inst=57 rollout "Venom Infusion" Spell lvl1 hero1
t=5 ph=3 ap=1 snaps=661 hooks=24 inst=57 rollout "Venom Infusion" Spell lvl1 hero0
t=5 ph=3 ap=1 snaps=663 hooks=24 inst=57 leakyRollout "Venom Infusion" +9.75MB hooks=[onHeroKO:2 modifyPoisonDamage:1 beforeDamage:1 afterDamage:1 onCardLeaveZone:1] cards=[Willy, the Valiant Leprechaun:39 Zsos'Ssar, the Serpent Warlord:18 Medea, the Swamp Witch:13 Luck:11 Wealth:6 Beato, the Butterfly Witch:4]
t=5 ph=3 ap=1 snaps=663 hooks=24 inst=57 rollout "Venom Infusion" Spell lvl1 hero0
t=5 ph=3 ap=1 snaps=664 hooks=24 inst=57 rollout "Venom Infusion" Spell lvl1 hero1
t=5 ph=3 ap=1 snaps=665 hooks=24 inst=57 leakyRollout "Venom Infusion" +9.78MB hooks=[onHeroKO:2 modifyPoisonDamage:1 beforeDamage:1 afterDamage:1 onCardLeaveZone:1] cards=[Willy, the Valiant Leprechaun:39 Zsos'Ssar, the Serpent Warlord:17 Medea, the Swamp Witch:13 Luck:12 Wealth:10 Beato, the Butterfly Witch:5]
t=5 ph=3 ap=1 snaps=665 hooks=24 inst=57 rollout "Venom Infusion" Spell lvl1 hero0
t=5 ph=3 ap=1 snaps=666 hooks=24 inst=57 rollout "Venom Infusion" Spell lvl1 hero0
t=5 ph=3 ap=1 snaps=667 hooks=24 inst=57 leakyRollout "Venom Infusion" +8.61MB hooks=[onHeroKO:1 onCardLeaveZone:1] cards=[Zsos'Ssar, the Serpent Warlord:16 Willy, the Valiant Leprechaun:15 Medea, the Swamp Witch:12 Luck:7 Beato, the Butterfly Witch:6 Fiona, the Princess of Blackport:3]
t=5 ph=3 ap=1 snaps=667 hooks=24 inst=57 rollout "Venom Infusion" Spell lvl1 hero1
t=5 ph=3 ap=1 snaps=669 hooks=24 inst=57 rollout "Venom Infusion" Spell lvl1 hero0
t=5 ph=3 ap=1 snaps=671 hooks=24 inst=57 rollout "Venom Infusion" Spell lvl1 hero0
t=5 ph=3 ap=1 snaps=672 hooks=24 inst=57 leakyRollout "Venom Infusion" +8.74MB hooks=[onHeroKO:1 onCardLeaveZone:1] cards=[Zsos'Ssar, the Serpent Warlord:19 Willy, the Valiant Leprechaun:15 Medea, the Swamp Witch:14 Beato, the Butterfly Witch:7 Luck:7 Fiona, the Princess of Blackport:3]
t=5 ph=3 ap=1 snaps=672 hooks=24 inst=57 rollout "Venom Infusion" Spell lvl1 hero1
t=5 ph=3 ap=1 snaps=674 hooks=24 inst=57 rollout "Venom Infusion" Spell lvl1 hero0
t=5 ph=3 ap=1 snaps=675 hooks=24 inst=57 rollout "Venom Infusion" Spell lvl1 hero0
t=5 ph=3 ap=1 snaps=676 hooks=24 inst=57 leakyRollout "Venom Infusion" +10.57MB hooks=[onHeroKO:2 modifyPoisonDamage:1 beforeDamage:1 afterDamage:1 onCardLeaveZone:1] cards=[Willy, the Valiant Leprechaun:39 Zsos'Ssar, the Serpent Warlord:16 Medea, the Swamp Witch:13 Luck:11 Wealth:7 Beato, the Butterfly Witch:4]
t=5 ph=3 ap=1 snaps=676 hooks=24 inst=57 rollout "Venom Infusion" Spell lvl1 hero1
t=5 ph=3 ap=1 snaps=677 hooks=24 inst=57 rollout "Venom Infusion" Spell lvl1 hero0
t=5 ph=3 ap=1 snaps=678 hooks=24 inst=57 leakyRollout "Venom Infusion" +9.04MB hooks=[onHeroKO:1] cards=[Willy, the Valiant Leprechaun:39 Zsos'Ssar, the Serpent Warlord:17 Medea, the Swamp Witch:13 Luck:12 Wealth:7 Beato, the Butterfly Witch:4]
t=5 ph=3 ap=1 snaps=678 hooks=24 inst=57 rollout "Venom Infusion" Spell lvl1 hero1
t=5 ph=3 ap=1 snaps=680 hooks=24 inst=57 rollout "Venom Infusion" Spell lvl1 hero0
t=5 ph=3 ap=1 snaps=681 hooks=24 inst=57 rollout "Venom Infusion" Spell lvl1 hero1
t=5 ph=3 ap=1 snaps=682 hooks=24 inst=57 leakyRollout "Venom Infusion" +9.44MB hooks=[onHeroKO:1] cards=[Willy, the Valiant Leprechaun:39 Zsos'Ssar, the Serpent Warlord:15 Luck:12 Medea, the Swamp Witch:12 Wealth:10 Fiona, the Princess of Blackport:4]
t=5 ph=3 ap=1 snaps=682 hooks=24 inst=57 rollout "Venom Infusion" Spell lvl1 hero0
t=5 ph=3 ap=1 snaps=683 hooks=24 inst=57 rollout "Venom Infusion" Spell lvl1 hero1
t=5 ph=3 ap=1 snaps=684 hooks=24 inst=57 leakyRollout "Venom Infusion" +10.07MB hooks=[onHeroKO:1] cards=[Willy, the Valiant Leprechaun:39 Zsos'Ssar, the Serpent Warlord:15 Medea, the Swamp Witch:12 Luck:11 Wealth:10 Fiona, the Princess of Blackport:4]
t=5 ph=3 ap=1 snaps=684 hooks=24 inst=57 rollout "Venom Infusion" Spell lvl1 hero0
t=5 ph=3 ap=1 snaps=686 hooks=24 inst=57 rollout "Venom Infusion" Spell lvl1 hero1
t=5 ph=3 ap=1 snaps=687 hooks=24 inst=57 rollout "Venom Infusion" Spell lvl1 hero0
t=5 ph=3 ap=1 snaps=688 hooks=24 inst=57 leakyRollout "Venom Infusion" +9.03MB hooks=[onHeroKO:1 onCardLeaveZone:1] cards=[Zsos'Ssar, the Serpent Warlord:18 Willy, the Valiant Leprechaun:15 Medea, the Swamp Witch:14 Beato, the Butterfly Witch:7 Luck:7 Fiona, the Princess of Blackport:3]
t=5 ph=3 ap=1 snaps=688 hooks=24 inst=57 rollout "Venom Infusion" Spell lvl1 hero1
t=5 ph=3 ap=1 snaps=690 hooks=24 inst=57 rollout "Venom Infusion" Spell lvl1 hero0
t=5 ph=3 ap=1 snaps=691 hooks=24 inst=57 leakyRollout "Venom Infusion" +9.36MB hooks=[onHeroKO:1] cards=[Willy, the Valiant Leprechaun:39 Zsos'Ssar, the Serpent Warlord:15 Luck:12 Medea, the Swamp Witch:12 Wealth:7 Beato, the Butterfly Witch:4]
t=5 ph=3 ap=1 snaps=691 hooks=24 inst=57 rollout "Venom Infusion" Spell lvl1 hero1
t=5 ph=3 ap=1 snaps=692 hooks=24 inst=57 rollout "Venom Infusion" Spell lvl1 hero0
t=5 ph=3 ap=1 snaps=693 hooks=24 inst=57 rollout "Venom Infusion" Spell lvl1 hero1
t=5 ph=3 ap=1 snaps=694 hooks=24 inst=57 leakyRollout "Venom Infusion" +10.02MB hooks=[onHeroKO:1] cards=[Willy, the Valiant Leprechaun:39 Zsos'Ssar, the Serpent Warlord:15 Medea, the Swamp Witch:12 Luck:11 Wealth:10 Fiona, the Princess of Blackport:4]
t=5 ph=3 ap=1 snaps=694 hooks=24 inst=57 rollout "Venom Infusion" Spell lvl1 hero0
t=5 ph=3 ap=1 snaps=695 hooks=24 inst=57 rollout "Venom Infusion" Spell lvl1 hero1
t=5 ph=3 ap=1 snaps=696 hooks=24 inst=57 leakyRollout "Venom Infusion" +9.34MB hooks=[onHeroKO:1] cards=[Willy, the Valiant Leprechaun:39 Zsos'Ssar, the Serpent Warlord:17 Medea, the Swamp Witch:13 Luck:12 Wealth:10 Fiona, the Princess of Blackport:4]
t=5 ph=3 ap=1 snaps=696 hooks=24 inst=57 rollout "Venom Infusion" Spell lvl1 hero0
t=5 ph=3 ap=1 snaps=697 hooks=24 inst=57 rollout "Venom Infusion" Spell lvl1 hero1
t=5 ph=3 ap=1 snaps=698 hooks=24 inst=57 rollout "Venom Infusion" Spell lvl1 hero0
t=5 ph=3 ap=1 snaps=700 hooks=24 inst=57 leakyRollout "Venom Infusion" +9.66MB hooks=[onHeroKO:1 onCardLeaveZone:1] cards=[Zsos'Ssar, the Serpent Warlord:16 Willy, the Valiant Leprechaun:15 Medea, the Swamp Witch:12 Luck:7 Beato, the Butterfly Witch:5 Fiona, the Princess of Blackport:3]
t=5 ph=3 ap=1 snaps=700 hooks=24 inst=57 rollout "Venom Infusion" Spell lvl1 hero1
t=5 ph=3 ap=1 snaps=701 hooks=24 inst=57 rollout "Venom Infusion" Spell lvl1 hero0
t=5 ph=3 ap=1 snaps=702 hooks=24 inst=57 leakyRollout "Venom Infusion" +8.96MB hooks=[onHeroKO:1] cards=[Willy, the Valiant Leprechaun:39 Zsos'Ssar, the Serpent Warlord:16 Luck:12 Medea, the Swamp Witch:12 Wealth:7 Beato, the Butterfly Witch:4]
t=5 ph=3 ap=1 snaps=702 hooks=24 inst=57 rollout "Venom Infusion" Spell lvl1 hero1
t=5 ph=3 ap=1 snaps=703 hooks=24 inst=57 rollout "Venom Infusion" Spell lvl1 hero0
t=5 ph=3 ap=1 snaps=704 hooks=24 inst=57 leakyRollout "Venom Infusion" +9.25MB hooks=[onHeroKO:1] cards=[Willy, the Valiant Leprechaun:39 Zsos'Ssar, the Serpent Warlord:18 Medea, the Swamp Witch:14 Luck:13 Wealth:7 Beato, the Butterfly Witch:4]
t=5 ph=3 ap=1 snaps=704 hooks=24 inst=57 rollout "Venom Infusion" Spell lvl1 hero1
t=5 ph=3 ap=1 snaps=705 hooks=24 inst=57 rollout "Venom Infusion" Spell lvl1 hero0
t=5 ph=3 ap=1 snaps=706 hooks=24 inst=57 rollout "Venom Infusion" Spell lvl1 hero1
t=5 ph=3 ap=1 snaps=707 hooks=24 inst=57 leakyRollout "Venom Infusion" +10.27MB hooks=[onHeroKO:2 modifyPoisonDamage:1 beforeDamage:1 afterDamage:1 onCardLeaveZone:1] cards=[Willy, the Valiant Leprechaun:39 Zsos'Ssar, the Serpent Warlord:19 Luck:14 Medea, the Swamp Witch:14 Wealth:10 Beato, the Butterfly Witch:7]
t=5 ph=3 ap=1 snaps=707 hooks=24 inst=57 rollout "Venom Infusion" Spell lvl1 hero0
t=5 ph=3 ap=1 snaps=708 hooks=24 inst=57 rollout "Venom Infusion" Spell lvl1 hero1
t=5 ph=3 ap=1 snaps=709 hooks=24 inst=57 rollout "Venom Infusion" Spell lvl1 hero0
t=5 ph=3 ap=1 snaps=710 hooks=24 inst=57 leakyRollout "Venom Infusion" +8.25MB hooks=[onHeroKO:1 onCardLeaveZone:1] cards=[Zsos'Ssar, the Serpent Warlord:16 Willy, the Valiant Leprechaun:15 Medea, the Swamp Witch:12 Luck:7 Beato, the Butterfly Witch:5 Fiona, the Princess of Blackport:3]
t=5 ph=3 ap=1 snaps=710 hooks=24 inst=57 rollout "Venom Infusion" Spell lvl1 hero1
t=5 ph=3 ap=1 snaps=711 hooks=24 inst=57 rollout "Venom Infusion" Spell lvl1 hero0
t=5 ph=3 ap=1 snaps=713 hooks=24 inst=57 leakyRollout "Venom Infusion" +9.78MB hooks=[onHeroKO:1 onCardLeaveZone:1] cards=[Zsos'Ssar, the Serpent Warlord:17 Willy, the Valiant Leprechaun:15 Medea, the Swamp Witch:12 Luck:7 Beato, the Butterfly Witch:6 Fiona, the Princess of Blackport:3]
t=5 ph=3 ap=1 snaps=713 hooks=24 inst=57 rollout "Venom Infusion" Spell lvl1 hero1
t=5 ph=3 ap=1 snaps=714 hooks=24 inst=57 rollout "Venom Infusion" Spell lvl1 hero0
t=5 ph=3 ap=1 snaps=715 hooks=24 inst=57 rollout "Venom Infusion" Spell lvl1 hero1
t=5 ph=3 ap=1 snaps=716 hooks=24 inst=57 leakyRollout "Venom Infusion" +8.68MB hooks=[onHeroKO:1 onCardLeaveZone:1] cards=[Zsos'Ssar, the Serpent Warlord:18 Willy, the Valiant Leprechaun:15 Medea, the Swamp Witch:14 Luck:7 Wealth:6 Beato, the Butterfly Witch:5]
t=5 ph=3 ap=1 snaps=716 hooks=24 inst=57 rollout "Venom Infusion" Spell lvl1 hero0
t=5 ph=3 ap=1 snaps=718 hooks=24 inst=57 rollout "Venom Infusion" Spell lvl1 hero1
t=5 ph=3 ap=1 snaps=719 hooks=24 inst=57 leakyRollout "Venom Infusion" +9.88MB hooks=[onHeroKO:2 modifyPoisonDamage:1 beforeDamage:1 afterDamage:1 onCardLeaveZone:1] cards=[Willy, the Valiant Leprechaun:39 Zsos'Ssar, the Serpent Warlord:17 Luck:13 Medea, the Swamp Witch:13 Wealth:10 Beato, the Butterfly Witch:6]
t=5 ph=3 ap=1 snaps=719 hooks=24 inst=57 rollout "Venom Infusion" Spell lvl1 hero0
t=5 ph=3 ap=1 snaps=720 hooks=24 inst=57 rollout "Venom Infusion" Spell lvl1 hero1
t=5 ph=3 ap=1 snaps=722 hooks=24 inst=57 rollout "Venom Infusion" Spell lvl1 hero0
t=5 ph=3 ap=1 snaps=723 hooks=24 inst=57 leakyRollout "Venom Infusion" +9.99MB hooks=[onHeroKO:2 modifyPoisonDamage:1 beforeDamage:1 afterDamage:1 onCardLeaveZone:1] cards=[Willy, the Valiant Leprechaun:39 Zsos'Ssar, the Serpent Warlord:18 Luck:14 Medea, the Swamp Witch:13 Beato, the Butterfly Witch:7 Wealth:7]
t=5 ph=3 ap=1 snaps=723 hooks=24 inst=57 rollout "Venom Infusion" Spell lvl1 hero1
t=5 ph=3 ap=1 snaps=724 hooks=24 inst=57 rollout "Venom Infusion" Spell lvl1 hero0
t=5 ph=3 ap=1 snaps=725 hooks=24 inst=57 leakyRollout "Venom Infusion" +9.17MB hooks=[onHeroKO:1] cards=[Willy, the Valiant Leprechaun:39 Zsos'Ssar, the Serpent Warlord:16 Luck:13 Medea, the Swamp Witch:12 Wealth:7 Beato, the Butterfly Witch:4]
t=5 ph=3 ap=1 snaps=725 hooks=24 inst=57 rollout "Venom Infusion" Spell lvl1 hero1
t=5 ph=3 ap=1 snaps=726 hooks=24 inst=57 rollout "Venom Infusion" Spell lvl1 hero0
t=5 ph=3 ap=1 snaps=727 hooks=24 inst=57 rollout "Venom Infusion" Spell lvl1 hero1
t=5 ph=3 ap=1 snaps=729 hooks=24 inst=57 leakyRollout "Venom Infusion" +11.94MB hooks=[onHeroKO:1 onCardLeaveZone:1] cards=[Zsos'Ssar, the Serpent Warlord:20 Willy, the Valiant Leprechaun:15 Medea, the Swamp Witch:14 Beato, the Butterfly Witch:7 Luck:7 Wealth:6]
t=5 ph=3 ap=1 snaps=729 hooks=24 inst=57 rollout "Venom Infusion" Spell lvl1 hero0
t=5 ph=3 ap=1 snaps=730 hooks=24 inst=57 rollout "Venom Infusion" Spell lvl1 hero1
t=5 ph=3 ap=1 snaps=731 hooks=24 inst=57 rollout "Venom Infusion" Spell lvl1 hero0
t=5 ph=3 ap=1 snaps=732 hooks=24 inst=57 leakyRollout "Venom Infusion" +9.27MB hooks=[onHeroKO:1] cards=[Willy, the Valiant Leprechaun:39 Zsos'Ssar, the Serpent Warlord:18 Medea, the Swamp Witch:14 Luck:12 Wealth:7 Beato, the Butterfly Witch:4]
t=5 ph=3 ap=1 snaps=732 hooks=24 inst=57 rollout "Venom Infusion" Spell lvl1 hero1
t=5 ph=3 ap=1 snaps=734 hooks=24 inst=57 rollout "Venom Infusion" Spell lvl1 hero0
t=5 ph=3 ap=1 snaps=735 hooks=24 inst=57 rollout "Venom Infusion" Spell lvl1 hero1
t=5 ph=3 ap=1 snaps=736 hooks=24 inst=57 leakyRollout "Venom Infusion" +9.99MB hooks=[onHeroKO:1] cards=[Willy, the Valiant Leprechaun:39 Zsos'Ssar, the Serpent Warlord:15 Medea, the Swamp Witch:12 Luck:11 Wealth:10 Fiona, the Princess of Blackport:4]
t=5 ph=3 ap=1 snaps=736 hooks=24 inst=57 rollout "Venom Infusion" Spell lvl1 hero0
t=5 ph=3 ap=1 snaps=737 hooks=24 inst=57 rollout "Venom Infusion" Spell lvl1 hero1
t=5 ph=3 ap=1 snaps=738 hooks=24 inst=57 leakyRollout "Venom Infusion" +9.31MB hooks=[onHeroKO:1] cards=[Willy, the Valiant Leprechaun:39 Zsos'Ssar, the Serpent Warlord:18 Medea, the Swamp Witch:14 Luck:12 Wealth:10 Fiona, the Princess of Blackport:4]
t=5 ph=3 ap=1 snaps=738 hooks=24 inst=57 rollout "Venom Infusion" Spell lvl1 hero0
t=5 ph=3 ap=1 snaps=739 hooks=24 inst=57 rollout "Venom Infusion" Spell lvl1 hero1
t=5 ph=3 ap=1 snaps=740 hooks=24 inst=57 rollout "Venom Infusion" Spell lvl1 hero0
t=5 ph=3 ap=1 snaps=742 hooks=24 inst=57 leakyRollout "Venom Infusion" +10.95MB hooks=[onHeroKO:2 modifyPoisonDamage:1 beforeDamage:1 afterDamage:1 onCardLeaveZone:1] cards=[Willy, the Valiant Leprechaun:39 Zsos'Ssar, the Serpent Warlord:17 Luck:14 Medea, the Swamp Witch:13 Beato, the Butterfly Witch:7 Wealth:7]
t=5 ph=3 ap=1 snaps=742 hooks=24 inst=57 rollout "Venom Infusion" Spell lvl1 hero1
t=5 ph=3 ap=1 snaps=743 hooks=24 inst=57 rollout "Venom Infusion" Spell lvl1 hero0
t=5 ph=3 ap=1 snaps=745 hooks=24 inst=57 rollout "Venom Infusion" Spell lvl1 hero1
t=5 ph=3 ap=1 snaps=746 hooks=24 inst=57 leakyRollout "Venom Infusion" +9.49MB hooks=[onHeroKO:1] cards=[Willy, the Valiant Leprechaun:39 Zsos'Ssar, the Serpent Warlord:15 Luck:12 Medea, the Swamp Witch:12 Wealth:10 Fiona, the Princess of Blackport:4]
t=5 ph=3 ap=1 snaps=746 hooks=24 inst=57 rollout "Venom Infusion" Spell lvl1 hero0
t=5 ph=3 ap=1 snaps=748 hooks=24 inst=57 rollout "Venom Infusion" Spell lvl1 hero1
t=5 ph=3 ap=1 snaps=749 hooks=24 inst=57 leakyRollout "Venom Infusion" +9.75MB hooks=[onHeroKO:2 modifyPoisonDamage:1 beforeDamage:1 afterDamage:1 onCardLeaveZone:1] cards=[Willy, the Valiant Leprechaun:39 Zsos'Ssar, the Serpent Warlord:18 Medea, the Swamp Witch:14 Luck:12 Wealth:10 Beato, the Butterfly Witch:5]
t=5 ph=3 ap=1 snaps=749 hooks=24 inst=57 rollout "Venom Infusion" Spell lvl1 hero0
t=5 ph=3 ap=1 snaps=751 hooks=24 inst=57 rollout "Venom Infusion" Spell lvl1 hero1
t=5 ph=3 ap=1 snaps=752 hooks=24 inst=57 rollout "Venom Infusion" Spell lvl1 hero0
t=5 ph=3 ap=1 snaps=754 hooks=24 inst=57 leakyRollout "Venom Infusion" +11.13MB hooks=[onHeroKO:2 modifyPoisonDamage:1 beforeDamage:1 afterDamage:1 onCardLeaveZone:1] cards=[Willy, the Valiant Leprechaun:39 Zsos'Ssar, the Serpent Warlord:19 Medea, the Swamp Witch:15 Luck:14 Beato, the Butterfly Witch:7 Wealth:7]
t=5 ph=3 ap=1 snaps=754 hooks=24 inst=57 rollout "Venom Infusion" Spell lvl1 hero1
t=5 ph=3 ap=1 snaps=755 hooks=24 inst=57 rollout "Venom Infusion" Spell lvl1 hero0
t=5 ph=3 ap=1 snaps=756 hooks=24 inst=57 rollout "Venom Infusion" Spell lvl1 hero1
t=5 ph=3 ap=1 snaps=757 hooks=24 inst=57 leakyRollout "Venom Infusion" +8.87MB hooks=[onHeroKO:1 onCardLeaveZone:1] cards=[Zsos'Ssar, the Serpent Warlord:16 Willy, the Valiant Leprechaun:15 Medea, the Swamp Witch:12 Luck:7 Wealth:6 Beato, the Butterfly Witch:5]
t=5 ph=3 ap=1 snaps=757 hooks=24 inst=57 rollout "Venom Infusion" Spell lvl1 hero0
t=5 ph=3 ap=1 snaps=758 hooks=24 inst=57 rollout "Venom Infusion" Spell lvl1 hero1
t=5 ph=3 ap=1 snaps=759 hooks=24 inst=57 leakyRollout "Venom Infusion" +9.32MB hooks=[onHeroKO:1] cards=[Willy, the Valiant Leprechaun:39 Zsos'Ssar, the Serpent Warlord:18 Medea, the Swamp Witch:14 Luck:12 Wealth:10 Fiona, the Princess of Blackport:4]
t=5 ph=3 ap=1 snaps=759 hooks=24 inst=57 rollout "Venom Infusion" Spell lvl1 hero0
t=5 ph=3 ap=1 snaps=760 hooks=24 inst=57 rollout "Venom Infusion" Spell lvl1 hero1
t=5 ph=3 ap=1 snaps=761 hooks=24 inst=57 rollout "Venom Infusion" Spell lvl1 hero0
t=5 ph=3 ap=1 snaps=762 hooks=24 inst=57 leakyRollout "Venom Infusion" +8.32MB hooks=[onHeroKO:1 onCardLeaveZone:1] cards=[Zsos'Ssar, the Serpent Warlord:17 Willy, the Valiant Leprechaun:15 Medea, the Swamp Witch:13 Luck:7 Beato, the Butterfly Witch:5 Fiona, the Princess of Blackport:3]
t=5 ph=3 ap=1 snaps=762 hooks=24 inst=57 rollout "Venom Infusion" Spell lvl1 hero1
t=5 ph=3 ap=1 snaps=763 hooks=24 inst=57 rollout "Venom Infusion" Spell lvl1 hero0
t=5 ph=3 ap=1 snaps=764 hooks=24 inst=57 leakyRollout "Venom Infusion" +9.30MB hooks=[onHeroKO:1 onCardLeaveZone:1] cards=[Zsos'Ssar, the Serpent Warlord:17 Willy, the Valiant Leprechaun:15 Medea, the Swamp Witch:12 Luck:7 Beato, the Butterfly Witch:6 Fiona, the Princess of Blackport:3]
t=5 ph=3 ap=1 snaps=764 hooks=24 inst=57 rollout "Venom Infusion" Spell lvl1 hero1
t=5 ph=3 ap=1 snaps=765 hooks=24 inst=57 rollout "Venom Infusion" Spell lvl1 hero0
t=5 ph=3 ap=1 snaps=766 hooks=24 inst=57 rollout "Venom Infusion" Spell lvl1 hero1
t=5 ph=3 ap=1 snaps=767 hooks=24 inst=57 leakyRollout "Venom Infusion" +8.68MB hooks=[onHeroKO:1 onCardLeaveZone:1] cards=[Zsos'Ssar, the Serpent Warlord:16 Willy, the Valiant Leprechaun:15 Medea, the Swamp Witch:12 Luck:7 Wealth:6 Beato, the Butterfly Witch:5]
t=5 ph=3 ap=1 snaps=767 hooks=24 inst=57 rollout "Venom Infusion" Spell lvl1 hero0
t=5 ph=3 ap=1 snaps=768 hooks=24 inst=57 rollout "Venom Infusion" Spell lvl1 hero1
t=5 ph=3 ap=1 snaps=770 hooks=24 inst=57 leakyRollout "Venom Infusion" +11.79MB hooks=[onHeroKO:2 modifyPoisonDamage:1 beforeDamage:1 afterDamage:1 onCardLeaveZone:1] cards=[Willy, the Valiant Leprechaun:39 Zsos'Ssar, the Serpent Warlord:19 Luck:16 Medea, the Swamp Witch:13 Wealth:10 Beato, the Butterfly Witch:9]
t=5 ph=3 ap=1 snaps=770 hooks=24 inst=57 rollout "Venom Infusion" Spell lvl1 hero0
t=5 ph=3 ap=1 snaps=771 hooks=24 inst=57 rollout "Venom Infusion" Spell lvl1 hero1
t=5 ph=3 ap=1 snaps=773 hooks=24 inst=57 rollout "Venom Infusion" Spell lvl1 hero0
t=5 ph=3 ap=1 snaps=774 hooks=24 inst=57 leakyRollout "Venom Infusion" +10.10MB hooks=[onHeroKO:2 modifyPoisonDamage:1 beforeDamage:1 afterDamage:1 onCardLeaveZone:1] cards=[Willy, the Valiant Leprechaun:39 Zsos'Ssar, the Serpent Warlord:19 Luck:15 Medea, the Swamp Witch:13 Beato, the Butterfly Witch:8 Wealth:7]
t=5 ph=3 ap=1 snaps=774 hooks=24 inst=57 rollout "Venom Infusion" Spell lvl1 hero1
t=5 ph=3 ap=1 snaps=775 hooks=24 inst=57 rollout "Venom Infusion" Spell lvl1 hero0
t=5 ph=3 ap=1 snaps=776 hooks=24 inst=57 leakyRollout "Venom Infusion" +8.92MB hooks=[onHeroKO:1] cards=[Willy, the Valiant Leprechaun:39 Zsos'Ssar, the Serpent Warlord:16 Luck:12 Medea, the Swamp Witch:12 Wealth:7 Beato, the Butterfly Witch:4]
t=5 ph=3 ap=1 snaps=776 hooks=24 inst=57 rollout "Venom Infusion" Spell lvl1 hero1
t=5 ph=3 ap=1 snaps=777 hooks=24 inst=57 rollout "Venom Infusion" Spell lvl1 hero0
t=5 ph=3 ap=1 snaps=779 hooks=24 inst=57 rollout "Venom Infusion" Spell lvl1 hero1
t=5 ph=3 ap=1 snaps=780 hooks=24 inst=57 leakyRollout "Venom Infusion" +9.39MB hooks=[onHeroKO:1] cards=[Willy, the Valiant Leprechaun:39 Zsos'Ssar, the Serpent Warlord:15 Luck:12 Medea, the Swamp Witch:12 Wealth:10 Fiona, the Princess of Blackport:4]
t=5 ph=3 ap=1 snaps=780 hooks=24 inst=57 rollout "Venom Infusion" Spell lvl1 hero0
t=5 ph=3 ap=1 snaps=781 hooks=24 inst=57 rollout "Venom Infusion" Spell lvl1 hero1
t=5 ph=3 ap=1 snaps=783 hooks=24 inst=57 rollout "Venom Infusion" Spell lvl1 hero0
t=5 ph=3 ap=1 snaps=785 hooks=24 inst=57 leakyRollout "Venom Infusion" +10.87MB hooks=[onHeroKO:2 modifyPoisonDamage:1 beforeDamage:1 afterDamage:1 onCardLeaveZone:1] cards=[Willy, the Valiant Leprechaun:39 Zsos'Ssar, the Serpent Warlord:17 Medea, the Swamp Witch:13 Luck:12 Wealth:7 Beato, the Butterfly Witch:5]
t=5 ph=3 ap=1 snaps=785 hooks=24 inst=57 rollout "Venom Infusion" Spell lvl1 hero1
t=5 ph=3 ap=1 snaps=786 hooks=24 inst=57 rollout "Venom Infusion" Spell lvl1 hero0
t=5 ph=3 ap=1 snaps=787 hooks=24 inst=57 leakyRollout "Venom Infusion" +9.16MB hooks=[onHeroKO:1] cards=[Willy, the Valiant Leprechaun:39 Zsos'Ssar, the Serpent Warlord:16 Luck:12 Medea, the Swamp Witch:12 Wealth:7 Beato, the Butterfly Witch:4]
t=5 ph=3 ap=1 snaps=787 hooks=24 inst=57 rollout "Venom Infusion" Spell lvl1 hero1
t=5 ph=3 ap=1 snaps=789 hooks=24 inst=57 rollout "Venom Infusion" Spell lvl1 hero0
t=5 ph=3 ap=1 snaps=790 hooks=24 inst=57 rollout "Venom Infusion" Spell lvl1 hero1
t=5 ph=3 ap=1 snaps=791 hooks=24 inst=57 leakyRollout "Venom Infusion" +9.39MB hooks=[onHeroKO:1] cards=[Willy, the Valiant Leprechaun:39 Zsos'Ssar, the Serpent Warlord:18 Medea, the Swamp Witch:14 Luck:12 Wealth:10 Fiona, the Princess of Blackport:4]
t=5 ph=3 ap=1 snaps=791 hooks=24 inst=57 rollout "Venom Infusion" Spell lvl1 hero0
t=5 ph=3 ap=1 snaps=792 hooks=24 inst=57 rollout "Venom Infusion" Spell lvl1 hero1
t=5 ph=3 ap=1 snaps=794 hooks=24 inst=57 rollout "Venom Infusion" Spell lvl1 hero0
t=5 ph=3 ap=1 snaps=795 hooks=24 inst=57 leakyRollout "Venom Infusion" +9.69MB hooks=[onHeroKO:1] cards=[Willy, the Valiant Leprechaun:39 Zsos'Ssar, the Serpent Warlord:15 Medea, the Swamp Witch:12 Luck:11 Wealth:7 Beato, the Butterfly Witch:4]
t=5 ph=3 ap=1 snaps=795 hooks=24 inst=57 rollout "Venom Infusion" Spell lvl1 hero1
t=5 ph=5 ap=1 snaps=804 hooks=41 inst=57 switchTurn ending p1
t=6 ph=2 ap=0 snaps=804 hooks=19 inst=58 cpuTurnStart cpu=p0 hand=6
t=6 ph=5 ap=0 snaps=812 hooks=27 inst=59 switchTurn ending p0
t=7 ph=2 ap=1 snaps=812 hooks=14 inst=60 cpuTurnStart cpu=p1 hand=6
t=7 ph=5 ap=1 snaps=837 hooks=21 inst=60 switchTurn ending p1
t=8 ph=2 ap=0 snaps=837 hooks=19 inst=61 cpuTurnStart cpu=p0 hand=7
t=8 ph=5 ap=0 snaps=845 hooks=26 inst=61 switchTurn ending p0
t=9 ph=2 ap=1 snaps=845 hooks=10 inst=62 cpuTurnStart cpu=p1 hand=7
t=9 ph=5 ap=1 snaps=881 hooks=17 inst=62 switchTurn ending p1
t=10 ph=2 ap=0 snaps=881 hooks=20 inst=63 cpuTurnStart cpu=p0 hand=8
t=10 ph=3 ap=0 snaps=882 hooks=22 inst=63 rollout "Burning Finger" Spell lvl1 hero1
t=10 ph=3 ap=0 snaps=883 hooks=22 inst=63 leakyRollout "Burning Finger" +4.74MB hooks=[onHeroKO:1 onCardLeaveZone:1] cards=[Willy, the Valiant Leprechaun:9 Zsos'Ssar, the Serpent Warlord:5 Luck:4 Medea, the Swamp Witch:3 Beato, the Butterfly Witch:2 Fiona, the Princess of Blackport:1]
t=10 ph=3 ap=0 snaps=883 hooks=22 inst=63 rollout "Burning Finger" Spell lvl1 hero1
t=10 ph=3 ap=0 snaps=884 hooks=22 inst=63 leakyRollout "Burning Finger" +4.56MB hooks=[onHeroKO:1 onCardLeaveZone:1] cards=[Willy, the Valiant Leprechaun:9 Zsos'Ssar, the Serpent Warlord:5 Luck:4 Medea, the Swamp Witch:3 Beato, the Butterfly Witch:2 Fiona, the Princess of Blackport:1]
t=10 ph=3 ap=0 snaps=884 hooks=22 inst=63 rollout "Burning Finger" Spell lvl1 hero1
t=10 ph=3 ap=0 snaps=885 hooks=22 inst=63 leakyRollout "Burning Finger" +4.48MB hooks=[onHeroKO:1 onCardLeaveZone:1] cards=[Willy, the Valiant Leprechaun:9 Zsos'Ssar, the Serpent Warlord:5 Luck:4 Medea, the Swamp Witch:3 Beato, the Butterfly Witch:2 Fiona, the Princess of Blackport:1]
t=10 ph=3 ap=0 snaps=885 hooks=22 inst=63 rollout "Burning Finger" Spell lvl1 hero1
t=10 ph=3 ap=0 snaps=886 hooks=22 inst=63 rollout "Burning Finger" Spell lvl1 hero1
t=10 ph=3 ap=0 snaps=887 hooks=22 inst=63 leakyRollout "Burning Finger" +4.49MB hooks=[onHeroKO:1 onCardLeaveZone:1] cards=[Willy, the Valiant Leprechaun:9 Zsos'Ssar, the Serpent Warlord:5 Luck:4 Medea, the Swamp Witch:3 Beato, the Butterfly Witch:2 Fiona, the Princess of Blackport:1]
t=10 ph=3 ap=0 snaps=887 hooks=22 inst=63 rollout "Burning Finger" Spell lvl1 hero1
t=10 ph=3 ap=0 snaps=888 hooks=22 inst=63 leakyRollout "Burning Finger" +4.49MB hooks=[onHeroKO:1 onCardLeaveZone:1] cards=[Willy, the Valiant Leprechaun:9 Zsos'Ssar, the Serpent Warlord:5 Luck:4 Medea, the Swamp Witch:3 Beato, the Butterfly Witch:2 Fiona, the Princess of Blackport:1]
t=10 ph=3 ap=0 snaps=888 hooks=22 inst=63 rollout "Burning Finger" Spell lvl1 hero1
t=10 ph=3 ap=0 snaps=889 hooks=22 inst=63 rollout "Burning Finger" Spell lvl1 hero1
t=10 ph=3 ap=0 snaps=890 hooks=22 inst=63 leakyRollout "Burning Finger" +4.51MB hooks=[onHeroKO:1 onCardLeaveZone:1] cards=[Willy, the Valiant Leprechaun:9 Zsos'Ssar, the Serpent Warlord:5 Luck:4 Medea, the Swamp Witch:3 Beato, the Butterfly Witch:2 Fiona, the Princess of Blackport:1]
t=10 ph=3 ap=0 snaps=890 hooks=22 inst=63 rollout "Burning Finger" Spell lvl1 hero1
t=10 ph=3 ap=0 snaps=891 hooks=22 inst=63 leakyRollout "Burning Finger" +4.48MB hooks=[onHeroKO:1 onCardLeaveZone:1] cards=[Willy, the Valiant Leprechaun:9 Zsos'Ssar, the Serpent Warlord:5 Luck:4 Medea, the Swamp Witch:3 Beato, the Butterfly Witch:2 Fiona, the Princess of Blackport:1]
t=10 ph=3 ap=0 snaps=891 hooks=22 inst=63 rollout "Burning Finger" Spell lvl1 hero1
t=10 ph=3 ap=0 snaps=892 hooks=22 inst=63 leakyRollout "Burning Finger" +4.49MB hooks=[onHeroKO:1 onCardLeaveZone:1] cards=[Willy, the Valiant Leprechaun:9 Zsos'Ssar, the Serpent Warlord:5 Luck:4 Medea, the Swamp Witch:3 Beato, the Butterfly Witch:2 Fiona, the Princess of Blackport:1]
t=10 ph=3 ap=0 snaps=892 hooks=22 inst=63 rollout "Burning Finger" Spell lvl1 hero1
t=10 ph=3 ap=0 snaps=893 hooks=22 inst=63 rollout "Burning Finger" Spell lvl1 hero1
t=10 ph=3 ap=0 snaps=894 hooks=22 inst=63 leakyRollout "Burning Finger" +4.48MB hooks=[onHeroKO:1 onCardLeaveZone:1] cards=[Willy, the Valiant Leprechaun:9 Zsos'Ssar, the Serpent Warlord:5 Luck:4 Medea, the Swamp Witch:3 Beato, the Butterfly Witch:2 Fiona, the Princess of Blackport:1]
t=10 ph=3 ap=0 snaps=894 hooks=22 inst=63 rollout "Burning Finger" Spell lvl1 hero1
t=10 ph=3 ap=0 snaps=895 hooks=22 inst=63 leakyRollout "Burning Finger" +4.51MB hooks=[onHeroKO:1 onCardLeaveZone:1] cards=[Willy, the Valiant Leprechaun:9 Zsos'Ssar, the Serpent Warlord:5 Luck:4 Medea, the Swamp Witch:3 Beato, the Butterfly Witch:2 Fiona, the Princess of Blackport:1]
t=10 ph=3 ap=0 snaps=895 hooks=22 inst=63 rollout "Burning Finger" Spell lvl1 hero1
t=10 ph=3 ap=0 snaps=896 hooks=22 inst=63 rollout "Burning Finger" Spell lvl1 hero1
t=10 ph=3 ap=0 snaps=897 hooks=22 inst=63 leakyRollout "Burning Finger" +4.49MB hooks=[onHeroKO:1 onCardLeaveZone:1] cards=[Willy, the Valiant Leprechaun:9 Zsos'Ssar, the Serpent Warlord:5 Luck:4 Medea, the Swamp Witch:3 Beato, the Butterfly Witch:2 Fiona, the Princess of Blackport:1]
t=10 ph=3 ap=0 snaps=897 hooks=22 inst=63 rollout "Burning Finger" Spell lvl1 hero1
t=10 ph=3 ap=0 snaps=898 hooks=22 inst=63 leakyRollout "Burning Finger" +4.49MB hooks=[onHeroKO:1 onCardLeaveZone:1] cards=[Willy, the Valiant Leprechaun:9 Zsos'Ssar, the Serpent Warlord:5 Luck:4 Medea, the Swamp Witch:3 Beato, the Butterfly Witch:2 Fiona, the Princess of Blackport:1]
t=10 ph=3 ap=0 snaps=898 hooks=22 inst=63 rollout "Burning Finger" Spell lvl1 hero1
t=10 ph=3 ap=0 snaps=899 hooks=22 inst=63 leakyRollout "Burning Finger" +4.48MB hooks=[onHeroKO:1 onCardLeaveZone:1] cards=[Willy, the Valiant Leprechaun:9 Zsos'Ssar, the Serpent Warlord:5 Luck:4 Medea, the Swamp Witch:3 Beato, the Butterfly Witch:2 Fiona, the Princess of Blackport:1]
t=10 ph=3 ap=0 snaps=899 hooks=22 inst=63 rollout "Burning Finger" Spell lvl1 hero1
t=10 ph=3 ap=0 snaps=900 hooks=22 inst=63 rollout "Burning Finger" Spell lvl1 hero1
t=10 ph=3 ap=0 snaps=901 hooks=22 inst=63 leakyRollout "Burning Finger" +4.49MB hooks=[onHeroKO:1 onCardLeaveZone:1] cards=[Willy, the Valiant Leprechaun:9 Zsos'Ssar, the Serpent Warlord:5 Luck:4 Medea, the Swamp Witch:3 Beato, the Butterfly Witch:2 Fiona, the Princess of Blackport:1]
t=10 ph=3 ap=0 snaps=901 hooks=22 inst=63 rollout "Burning Finger" Spell lvl1 hero1
t=10 ph=3 ap=0 snaps=902 hooks=22 inst=63 leakyRollout "Burning Finger" +4.51MB hooks=[onHeroKO:1 onCardLeaveZone:1] cards=[Willy, the Valiant Leprechaun:9 Zsos'Ssar, the Serpent Warlord:5 Luck:4 Medea, the Swamp Witch:3 Beato, the Butterfly Witch:2 Fiona, the Princess of Blackport:1]
t=10 ph=3 ap=0 snaps=902 hooks=22 inst=63 rollout "Burning Finger" Spell lvl1 hero1
t=10 ph=3 ap=0 snaps=903 hooks=22 inst=63 rollout "Burning Finger" Spell lvl1 hero1
t=10 ph=3 ap=0 snaps=904 hooks=22 inst=63 leakyRollout "Burning Finger" +4.51MB hooks=[onHeroKO:1 onCardLeaveZone:1] cards=[Willy, the Valiant Leprechaun:9 Zsos'Ssar, the Serpent Warlord:5 Luck:4 Medea, the Swamp Witch:3 Beato, the Butterfly Witch:2 Fiona, the Princess of Blackport:1]
t=10 ph=3 ap=0 snaps=904 hooks=22 inst=63 rollout "Burning Finger" Spell lvl1 hero1
t=10 ph=3 ap=0 snaps=905 hooks=22 inst=63 leakyRollout "Burning Finger" +4.49MB hooks=[onHeroKO:1 onCardLeaveZone:1] cards=[Willy, the Valiant Leprechaun:9 Zsos'Ssar, the Serpent Warlord:5 Luck:4 Medea, the Swamp Witch:3 Beato, the Butterfly Witch:2 Fiona, the Princess of Blackport:1]
t=10 ph=3 ap=0 snaps=905 hooks=22 inst=63 rollout "Burning Finger" Spell lvl1 hero1
t=10 ph=3 ap=0 snaps=906 hooks=22 inst=63 leakyRollout "Burning Finger" +4.48MB hooks=[onHeroKO:1 onCardLeaveZone:1] cards=[Willy, the Valiant Leprechaun:9 Zsos'Ssar, the Serpent Warlord:5 Luck:4 Medea, the Swamp Witch:3 Beato, the Butterfly Witch:2 Fiona, the Princess of Blackport:1]
t=10 ph=3 ap=0 snaps=906 hooks=22 inst=63 rollout "Burning Finger" Spell lvl1 hero1
t=10 ph=3 ap=0 snaps=907 hooks=22 inst=63 rollout "Burning Finger" Spell lvl1 hero1
t=10 ph=3 ap=0 snaps=908 hooks=22 inst=63 leakyRollout "Burning Finger" +4.49MB hooks=[onHeroKO:1 onCardLeaveZone:1] cards=[Willy, the Valiant Leprechaun:9 Zsos'Ssar, the Serpent Warlord:5 Luck:4 Medea, the Swamp Witch:3 Beato, the Butterfly Witch:2 Fiona, the Princess of Blackport:1]
t=10 ph=3 ap=0 snaps=908 hooks=22 inst=63 rollout "Burning Finger" Spell lvl1 hero1
t=10 ph=3 ap=0 snaps=909 hooks=22 inst=63 leakyRollout "Burning Finger" +4.48MB hooks=[onHeroKO:1 onCardLeaveZone:1] cards=[Willy, the Valiant Leprechaun:9 Zsos'Ssar, the Serpent Warlord:5 Luck:4 Medea, the Swamp Witch:3 Beato, the Butterfly Witch:2 Fiona, the Princess of Blackport:1]
t=10 ph=3 ap=0 snaps=909 hooks=22 inst=63 rollout "Burning Finger" Spell lvl1 hero1
t=10 ph=3 ap=0 snaps=910 hooks=22 inst=63 rollout "Burning Finger" Spell lvl1 hero1
t=10 ph=3 ap=0 snaps=911 hooks=22 inst=63 leakyRollout "Burning Finger" +4.49MB hooks=[onHeroKO:1 onCardLeaveZone:1] cards=[Willy, the Valiant Leprechaun:9 Zsos'Ssar, the Serpent Warlord:5 Luck:4 Medea, the Swamp Witch:3 Beato, the Butterfly Witch:2 Fiona, the Princess of Blackport:1]
t=10 ph=3 ap=0 snaps=911 hooks=22 inst=63 rollout "Burning Finger" Spell lvl1 hero1
t=10 ph=3 ap=0 snaps=912 hooks=22 inst=63 leakyRollout "Burning Finger" +4.48MB hooks=[onHeroKO:1 onCardLeaveZone:1] cards=[Willy, the Valiant Leprechaun:9 Zsos'Ssar, the Serpent Warlord:5 Luck:4 Medea, the Swamp Witch:3 Beato, the Butterfly Witch:2 Fiona, the Princess of Blackport:1]
t=10 ph=3 ap=0 snaps=912 hooks=22 inst=63 rollout "Burning Finger" Spell lvl1 hero1
t=10 ph=3 ap=0 snaps=913 hooks=22 inst=63 leakyRollout "Burning Finger" +4.49MB hooks=[onHeroKO:1 onCardLeaveZone:1] cards=[Willy, the Valiant Leprechaun:9 Zsos'Ssar, the Serpent Warlord:5 Luck:4 Medea, the Swamp Witch:3 Beato, the Butterfly Witch:2 Fiona, the Princess of Blackport:1]
t=10 ph=3 ap=0 snaps=913 hooks=22 inst=63 rollout "Burning Finger" Spell lvl1 hero1
t=10 ph=3 ap=0 snaps=914 hooks=22 inst=63 rollout "Burning Finger" Spell lvl1 hero1
t=10 ph=3 ap=0 snaps=915 hooks=22 inst=63 leakyRollout "Burning Finger" +4.48MB hooks=[onHeroKO:1 onCardLeaveZone:1] cards=[Willy, the Valiant Leprechaun:9 Zsos'Ssar, the Serpent Warlord:5 Luck:4 Medea, the Swamp Witch:3 Beato, the Butterfly Witch:2 Fiona, the Princess of Blackport:1]
t=10 ph=3 ap=0 snaps=915 hooks=22 inst=63 rollout "Burning Finger" Spell lvl1 hero1
t=10 ph=3 ap=0 snaps=916 hooks=22 inst=63 leakyRollout "Burning Finger" +4.49MB hooks=[onHeroKO:1 onCardLeaveZone:1] cards=[Willy, the Valiant Leprechaun:9 Zsos'Ssar, the Serpent Warlord:5 Luck:4 Medea, the Swamp Witch:3 Beato, the Butterfly Witch:2 Fiona, the Princess of Blackport:1]
t=10 ph=3 ap=0 snaps=916 hooks=22 inst=63 rollout "Burning Finger" Spell lvl1 hero1
t=10 ph=3 ap=0 snaps=917 hooks=22 inst=63 rollout "Burning Finger" Spell lvl1 hero1
t=10 ph=3 ap=0 snaps=918 hooks=22 inst=63 leakyRollout "Burning Finger" +4.48MB hooks=[onHeroKO:1 onCardLeaveZone:1] cards=[Willy, the Valiant Leprechaun:9 Zsos'Ssar, the Serpent Warlord:5 Luck:4 Medea, the Swamp Witch:3 Beato, the Butterfly Witch:2 Fiona, the Princess of Blackport:1]
t=10 ph=3 ap=0 snaps=918 hooks=22 inst=63 rollout "Burning Finger" Spell lvl1 hero1
t=10 ph=3 ap=0 snaps=919 hooks=22 inst=63 leakyRollout "Burning Finger" +4.49MB hooks=[onHeroKO:1 onCardLeaveZone:1] cards=[Willy, the Valiant Leprechaun:9 Zsos'Ssar, the Serpent Warlord:5 Luck:4 Medea, the Swamp Witch:3 Beato, the Butterfly Witch:2 Fiona, the Princess of Blackport:1]
t=10 ph=3 ap=0 snaps=919 hooks=22 inst=63 rollout "Burning Finger" Spell lvl1 hero1
t=10 ph=3 ap=0 snaps=920 hooks=22 inst=63 leakyRollout "Burning Finger" +4.49MB hooks=[onHeroKO:1 onCardLeaveZone:1] cards=[Willy, the Valiant Leprechaun:9 Zsos'Ssar, the Serpent Warlord:5 Luck:4 Medea, the Swamp Witch:3 Beato, the Butterfly Witch:2 Fiona, the Princess of Blackport:1]
t=10 ph=3 ap=0 snaps=920 hooks=22 inst=63 rollout "Burning Finger" Spell lvl1 hero1
t=10 ph=3 ap=0 snaps=921 hooks=22 inst=63 rollout "Burning Finger" Spell lvl1 hero1
t=10 ph=3 ap=0 snaps=922 hooks=22 inst=63 leakyRollout "Burning Finger" +4.49MB hooks=[onHeroKO:1 onCardLeaveZone:1] cards=[Willy, the Valiant Leprechaun:9 Zsos'Ssar, the Serpent Warlord:5 Luck:4 Medea, the Swamp Witch:3 Beato, the Butterfly Witch:2 Fiona, the Princess of Blackport:1]
t=10 ph=3 ap=0 snaps=922 hooks=22 inst=63 rollout "Burning Finger" Spell lvl1 hero1
t=10 ph=3 ap=0 snaps=923 hooks=22 inst=63 leakyRollout "Burning Finger" +4.52MB hooks=[onHeroKO:1 onCardLeaveZone:1] cards=[Willy, the Valiant Leprechaun:9 Zsos'Ssar, the Serpent Warlord:5 Luck:4 Medea, the Swamp Witch:3 Beato, the Butterfly Witch:2 Fiona, the Princess of Blackport:1]
t=10 ph=3 ap=0 snaps=923 hooks=22 inst=63 rollout "Burning Finger" Spell lvl1 hero1
t=10 ph=3 ap=0 snaps=924 hooks=22 inst=63 rollout "Burning Finger" Spell lvl1 hero1
t=10 ph=3 ap=0 snaps=925 hooks=22 inst=63 leakyRollout "Burning Finger" +4.50MB hooks=[onHeroKO:1 onCardLeaveZone:1] cards=[Willy, the Valiant Leprechaun:9 Zsos'Ssar, the Serpent Warlord:5 Luck:4 Medea, the Swamp Witch:3 Beato, the Butterfly Witch:2 Fiona, the Princess of Blackport:1]
t=10 ph=3 ap=0 snaps=925 hooks=22 inst=63 rollout "Burning Finger" Spell lvl1 hero1
t=10 ph=3 ap=0 snaps=926 hooks=22 inst=63 leakyRollout "Burning Finger" +4.50MB hooks=[onHeroKO:1 onCardLeaveZone:1] cards=[Willy, the Valiant Leprechaun:9 Zsos'Ssar, the Serpent Warlord:5 Luck:4 Medea, the Swamp Witch:3 Beato, the Butterfly Witch:2 Fiona, the Princess of Blackport:1]
t=10 ph=3 ap=0 snaps=926 hooks=22 inst=63 rollout "Burning Finger" Spell lvl1 hero1
t=10 ph=3 ap=0 snaps=927 hooks=22 inst=63 leakyRollout "Burning Finger" +4.48MB hooks=[onHeroKO:1 onCardLeaveZone:1] cards=[Willy, the Valiant Leprechaun:9 Zsos'Ssar, the Serpent Warlord:5 Luck:4 Medea, the Swamp Witch:3 Beato, the Butterfly Witch:2 Fiona, the Princess of Blackport:1]
t=10 ph=3 ap=0 snaps=927 hooks=22 inst=63 rollout "Burning Finger" Spell lvl1 hero1
t=10 ph=3 ap=0 snaps=928 hooks=22 inst=63 rollout "Burning Finger" Spell lvl1 hero1
t=10 ph=3 ap=0 snaps=929 hooks=22 inst=63 leakyRollout "Burning Finger" +4.50MB hooks=[onHeroKO:1 onCardLeaveZone:1] cards=[Willy, the Valiant Leprechaun:9 Zsos'Ssar, the Serpent Warlord:5 Luck:4 Medea, the Swamp Witch:3 Beato, the Butterfly Witch:2 Fiona, the Princess of Blackport:1]
t=10 ph=3 ap=0 snaps=929 hooks=22 inst=63 rollout "Burning Finger" Spell lvl1 hero1
t=10 ph=3 ap=0 snaps=930 hooks=22 inst=63 leakyRollout "Burning Finger" +4.51MB hooks=[onHeroKO:1 onCardLeaveZone:1] cards=[Willy, the Valiant Leprechaun:9 Zsos'Ssar, the Serpent Warlord:5 Luck:4 Medea, the Swamp Witch:3 Beato, the Butterfly Witch:2 Fiona, the Princess of Blackport:1]
t=10 ph=3 ap=0 snaps=930 hooks=22 inst=63 rollout "Burning Finger" Spell lvl1 hero1
t=10 ph=3 ap=0 snaps=931 hooks=22 inst=63 rollout "Burning Finger" Spell lvl1 hero1
t=10 ph=3 ap=0 snaps=932 hooks=22 inst=63 leakyRollout "Burning Finger" +4.50MB hooks=[onHeroKO:1 onCardLeaveZone:1] cards=[Willy, the Valiant Leprechaun:9 Zsos'Ssar, the Serpent Warlord:5 Luck:4 Medea, the Swamp Witch:3 Beato, the Butterfly Witch:2 Fiona, the Princess of Blackport:1]
t=10 ph=3 ap=0 snaps=932 hooks=22 inst=63 rollout "Burning Finger" Spell lvl1 hero1
t=10 ph=3 ap=0 snaps=933 hooks=22 inst=63 leakyRollout "Burning Finger" +4.48MB hooks=[onHeroKO:1 onCardLeaveZone:1] cards=[Willy, the Valiant Leprechaun:9 Zsos'Ssar, the Serpent Warlord:5 Luck:4 Medea, the Swamp Witch:3 Beato, the Butterfly Witch:2 Fiona, the Princess of Blackport:1]
t=10 ph=3 ap=0 snaps=933 hooks=22 inst=63 rollout "Burning Finger" Spell lvl1 hero1
t=10 ph=3 ap=0 snaps=934 hooks=22 inst=63 leakyRollout "Burning Finger" +4.49MB hooks=[onHeroKO:1 onCardLeaveZone:1] cards=[Willy, the Valiant Leprechaun:9 Zsos'Ssar, the Serpent Warlord:5 Luck:4 Medea, the Swamp Witch:3 Beato, the Butterfly Witch:2 Fiona, the Princess of Blackport:1]
t=10 ph=3 ap=0 snaps=934 hooks=22 inst=63 rollout "Burning Finger" Spell lvl1 hero1
t=10 ph=3 ap=0 snaps=935 hooks=22 inst=63 rollout "Burning Finger" Spell lvl1 hero1
t=10 ph=3 ap=0 snaps=936 hooks=22 inst=63 leakyRollout "Burning Finger" +4.48MB hooks=[onHeroKO:1 onCardLeaveZone:1] cards=[Willy, the Valiant Leprechaun:9 Zsos'Ssar, the Serpent Warlord:5 Luck:4 Medea, the Swamp Witch:3 Beato, the Butterfly Witch:2 Fiona, the Princess of Blackport:1]
t=10 ph=3 ap=0 snaps=936 hooks=22 inst=63 rollout "Burning Finger" Spell lvl1 hero1
t=10 ph=3 ap=0 snaps=937 hooks=22 inst=63 leakyRollout "Burning Finger" +4.49MB hooks=[onHeroKO:1 onCardLeaveZone:1] cards=[Willy, the Valiant Leprechaun:9 Zsos'Ssar, the Serpent Warlord:5 Luck:4 Medea, the Swamp Witch:3 Beato, the Butterfly Witch:2 Fiona, the Princess of Blackport:1]
t=10 ph=3 ap=0 snaps=937 hooks=22 inst=63 rollout "Burning Finger" Spell lvl1 hero1
t=10 ph=3 ap=0 snaps=938 hooks=22 inst=63 rollout "Burning Finger" Spell lvl1 hero1
t=10 ph=3 ap=0 snaps=939 hooks=22 inst=63 leakyRollout "Burning Finger" +4.50MB hooks=[onHeroKO:1 onCardLeaveZone:1] cards=[Willy, the Valiant Leprechaun:9 Zsos'Ssar, the Serpent Warlord:5 Luck:4 Medea, the Swamp Witch:3 Beato, the Butterfly Witch:2 Fiona, the Princess of Blackport:1]
t=10 ph=3 ap=0 snaps=939 hooks=22 inst=63 rollout "Burning Finger" Spell lvl1 hero1
t=10 ph=3 ap=0 snaps=940 hooks=22 inst=63 leakyRollout "Burning Finger" +4.49MB hooks=[onHeroKO:1 onCardLeaveZone:1] cards=[Willy, the Valiant Leprechaun:9 Zsos'Ssar, the Serpent Warlord:5 Luck:4 Medea, the Swamp Witch:3 Beato, the Butterfly Witch:2 Fiona, the Princess of Blackport:1]
t=10 ph=3 ap=0 snaps=940 hooks=22 inst=63 rollout "Burning Finger" Spell lvl1 hero1
t=10 ph=3 ap=0 snaps=941 hooks=22 inst=63 leakyRollout "Burning Finger" +4.49MB hooks=[onHeroKO:1 onCardLeaveZone:1] cards=[Willy, the Valiant Leprechaun:9 Zsos'Ssar, the Serpent Warlord:5 Luck:4 Medea, the Swamp Witch:3 Beato, the Butterfly Witch:2 Fiona, the Princess of Blackport:1]
t=10 ph=3 ap=0 snaps=941 hooks=22 inst=63 rollout "Burning Finger" Spell lvl1 hero1
t=10 ph=3 ap=0 snaps=942 hooks=22 inst=63 rollout "Burning Finger" Spell lvl1 hero1
t=10 ph=3 ap=0 snaps=943 hooks=22 inst=63 leakyRollout "Burning Finger" +4.50MB hooks=[onHeroKO:1 onCardLeaveZone:1] cards=[Willy, the Valiant Leprechaun:9 Zsos'Ssar, the Serpent Warlord:5 Luck:4 Medea, the Swamp Witch:3 Beato, the Butterfly Witch:2 Fiona, the Princess of Blackport:1]
t=10 ph=3 ap=0 snaps=943 hooks=22 inst=63 rollout "Burning Finger" Spell lvl1 hero1
t=10 ph=3 ap=0 snaps=944 hooks=22 inst=63 leakyRollout "Burning Finger" +4.48MB hooks=[onHeroKO:1 onCardLeaveZone:1] cards=[Willy, the Valiant Leprechaun:9 Zsos'Ssar, the Serpent Warlord:5 Luck:4 Medea, the Swamp Witch:3 Beato, the Butterfly Witch:2 Fiona, the Princess of Blackport:1]
t=10 ph=3 ap=0 snaps=944 hooks=22 inst=63 rollout "Burning Finger" Spell lvl1 hero1
t=10 ph=3 ap=0 snaps=945 hooks=22 inst=63 rollout "Burning Finger" Spell lvl1 hero1
t=10 ph=3 ap=0 snaps=946 hooks=22 inst=63 leakyRollout "Burning Finger" +4.49MB hooks=[onHeroKO:1 onCardLeaveZone:1] cards=[Willy, the Valiant Leprechaun:9 Zsos'Ssar, the Serpent Warlord:5 Luck:4 Medea, the Swamp Witch:3 Beato, the Butterfly Witch:2 Fiona, the Princess of Blackport:1]
t=10 ph=3 ap=0 snaps=946 hooks=22 inst=63 rollout "Burning Finger" Spell lvl1 hero1
t=10 ph=3 ap=0 snaps=947 hooks=22 inst=63 leakyRollout "Burning Finger" +4.49MB hooks=[onHeroKO:1 onCardLeaveZone:1] cards=[Willy, the Valiant Leprechaun:9 Zsos'Ssar, the Serpent Warlord:5 Luck:4 Medea, the Swamp Witch:3 Beato, the Butterfly Witch:2 Fiona, the Princess of Blackport:1]
t=10 ph=3 ap=0 snaps=947 hooks=22 inst=63 rollout "Burning Finger" Spell lvl1 hero1
t=10 ph=3 ap=0 snaps=948 hooks=22 inst=63 rollout "Burning Finger" Spell lvl1 hero1
t=10 ph=3 ap=0 snaps=949 hooks=22 inst=63 leakyRollout "Burning Finger" +4.49MB hooks=[onHeroKO:1 onCardLeaveZone:1] cards=[Willy, the Valiant Leprechaun:9 Zsos'Ssar, the Serpent Warlord:5 Luck:4 Medea, the Swamp Witch:3 Beato, the Butterfly Witch:2 Fiona, the Princess of Blackport:1]
t=10 ph=3 ap=0 snaps=949 hooks=22 inst=63 rollout "Burning Finger" Spell lvl1 hero1
t=10 ph=3 ap=0 snaps=950 hooks=22 inst=63 leakyRollout "Burning Finger" +4.50MB hooks=[onHeroKO:1 onCardLeaveZone:1] cards=[Willy, the Valiant Leprechaun:9 Zsos'Ssar, the Serpent Warlord:5 Luck:4 Medea, the Swamp Witch:3 Beato, the Butterfly Witch:2 Fiona, the Princess of Blackport:1]
t=10 ph=3 ap=0 snaps=950 hooks=22 inst=63 rollout "Burning Finger" Spell lvl1 hero1
t=10 ph=3 ap=0 snaps=951 hooks=22 inst=63 leakyRollout "Burning Finger" +4.48MB hooks=[onHeroKO:1 onCardLeaveZone:1] cards=[Willy, the Valiant Leprechaun:9 Zsos'Ssar, the Serpent Warlord:5 Luck:4 Medea, the Swamp Witch:3 Beato, the Butterfly Witch:2 Fiona, the Princess of Blackport:1]
t=10 ph=3 ap=0 snaps=951 hooks=22 inst=63 rollout "Burning Finger" Spell lvl1 hero1
t=10 ph=3 ap=0 snaps=952 hooks=22 inst=63 rollout "Burning Finger" Spell lvl1 hero1
t=10 ph=3 ap=0 snaps=953 hooks=22 inst=63 leakyRollout "Burning Finger" +4.49MB hooks=[onHeroKO:1 onCardLeaveZone:1] cards=[Willy, the Valiant Leprechaun:9 Zsos'Ssar, the Serpent Warlord:5 Luck:4 Medea, the Swamp Witch:3 Beato, the Butterfly Witch:2 Fiona, the Princess of Blackport:1]
t=10 ph=3 ap=0 snaps=953 hooks=22 inst=63 rollout "Burning Finger" Spell lvl1 hero1
t=10 ph=3 ap=0 snaps=954 hooks=22 inst=63 leakyRollout "Burning Finger" +4.47MB hooks=[onHeroKO:1 onCardLeaveZone:1] cards=[Willy, the Valiant Leprechaun:9 Zsos'Ssar, the Serpent Warlord:5 Luck:4 Medea, the Swamp Witch:3 Beato, the Butterfly Witch:2 Fiona, the Princess of Blackport:1]
t=10 ph=3 ap=0 snaps=954 hooks=22 inst=63 rollout "Burning Finger" Spell lvl1 hero1
t=10 ph=3 ap=0 snaps=955 hooks=22 inst=63 rollout "Burning Finger" Spell lvl1 hero1
t=10 ph=3 ap=0 snaps=956 hooks=22 inst=63 leakyRollout "Burning Finger" +4.48MB hooks=[onHeroKO:1 onCardLeaveZone:1] cards=[Willy, the Valiant Leprechaun:9 Zsos'Ssar, the Serpent Warlord:5 Luck:4 Medea, the Swamp Witch:3 Beato, the Butterfly Witch:2 Fiona, the Princess of Blackport:1]
t=10 ph=3 ap=0 snaps=956 hooks=22 inst=63 rollout "Burning Finger" Spell lvl1 hero1
t=10 ph=3 ap=0 snaps=957 hooks=22 inst=63 leakyRollout "Burning Finger" +4.47MB hooks=[onHeroKO:1 onCardLeaveZone:1] cards=[Willy, the Valiant Leprechaun:9 Zsos'Ssar, the Serpent Warlord:5 Luck:4 Medea, the Swamp Witch:3 Beato, the Butterfly Witch:2 Fiona, the Princess of Blackport:1]
t=10 ph=3 ap=0 snaps=957 hooks=22 inst=63 rollout "Burning Finger" Spell lvl1 hero1
t=10 ph=3 ap=0 snaps=958 hooks=22 inst=63 leakyRollout "Burning Finger" +4.60MB hooks=[onHeroKO:1 onCardLeaveZone:1] cards=[Willy, the Valiant Leprechaun:9 Zsos'Ssar, the Serpent Warlord:5 Luck:4 Medea, the Swamp Witch:3 Beato, the Butterfly Witch:2 Fiona, the Princess of Blackport:1]
t=10 ph=3 ap=0 snaps=958 hooks=22 inst=63 rollout "Burning Finger" Spell lvl1 hero1
t=10 ph=3 ap=0 snaps=959 hooks=22 inst=63 rollout "Burning Finger" Spell lvl1 hero1
t=10 ph=3 ap=0 snaps=960 hooks=22 inst=63 leakyRollout "Burning Finger" +4.47MB hooks=[onHeroKO:1 onCardLeaveZone:1] cards=[Willy, the Valiant Leprechaun:9 Zsos'Ssar, the Serpent Warlord:5 Luck:4 Medea, the Swamp Witch:3 Beato, the Butterfly Witch:2 Fiona, the Princess of Blackport:1]
t=10 ph=3 ap=0 snaps=960 hooks=22 inst=63 rollout "Burning Finger" Spell lvl1 hero1
t=10 ph=3 ap=0 snaps=961 hooks=22 inst=63 leakyRollout "Burning Finger" +4.50MB hooks=[onHeroKO:1 onCardLeaveZone:1] cards=[Willy, the Valiant Leprechaun:9 Zsos'Ssar, the Serpent Warlord:5 Luck:4 Medea, the Swamp Witch:3 Beato, the Butterfly Witch:2 Fiona, the Princess of Blackport:1]
t=10 ph=3 ap=0 snaps=961 hooks=22 inst=63 rollout "Burning Finger" Spell lvl1 hero1
t=10 ph=3 ap=0 snaps=962 hooks=22 inst=63 rollout "Burning Finger" Spell lvl1 hero1
t=10 ph=3 ap=0 snaps=963 hooks=22 inst=63 leakyRollout "Burning Finger" +4.47MB hooks=[onHeroKO:1 onCardLeaveZone:1] cards=[Willy, the Valiant Leprechaun:9 Zsos'Ssar, the Serpent Warlord:5 Luck:4 Medea, the Swamp Witch:3 Beato, the Butterfly Witch:2 Fiona, the Princess of Blackport:1]
t=10 ph=3 ap=0 snaps=963 hooks=22 inst=63 rollout "Burning Finger" Spell lvl1 hero1
t=10 ph=3 ap=0 snaps=964 hooks=22 inst=63 leakyRollout "Burning Finger" +4.49MB hooks=[onHeroKO:1 onCardLeaveZone:1] cards=[Willy, the Valiant Leprechaun:9 Zsos'Ssar, the Serpent Warlord:5 Luck:4 Medea, the Swamp Witch:3 Beato, the Butterfly Witch:2 Fiona, the Princess of Blackport:1]
t=10 ph=3 ap=0 snaps=964 hooks=22 inst=63 rollout "Burning Finger" Spell lvl1 hero1
t=10 ph=3 ap=0 snaps=965 hooks=22 inst=63 leakyRollout "Burning Finger" +4.48MB hooks=[onHeroKO:1 onCardLeaveZone:1] cards=[Willy, the Valiant Leprechaun:9 Zsos'Ssar, the Serpent Warlord:5 Luck:4 Medea, the Swamp Witch:3 Beato, the Butterfly Witch:2 Fiona, the Princess of Blackport:1]
t=10 ph=3 ap=0 snaps=965 hooks=22 inst=63 rollout "Burning Finger" Spell lvl1 hero1
t=10 ph=3 ap=0 snaps=966 hooks=22 inst=63 rollout "Burning Finger" Spell lvl1 hero1
t=10 ph=3 ap=0 snaps=967 hooks=22 inst=63 leakyRollout "Burning Finger" +4.49MB hooks=[onHeroKO:1 onCardLeaveZone:1] cards=[Willy, the Valiant Leprechaun:9 Zsos'Ssar, the Serpent Warlord:5 Luck:4 Medea, the Swamp Witch:3 Beato, the Butterfly Witch:2 Fiona, the Princess of Blackport:1]
t=10 ph=3 ap=0 snaps=967 hooks=22 inst=63 rollout "Burning Finger" Spell lvl1 hero1
t=10 ph=3 ap=0 snaps=968 hooks=22 inst=63 leakyRollout "Burning Finger" +4.49MB hooks=[onHeroKO:1 onCardLeaveZone:1] cards=[Willy, the Valiant Leprechaun:9 Zsos'Ssar, the Serpent Warlord:5 Luck:4 Medea, the Swamp Witch:3 Beato, the Butterfly Witch:2 Fiona, the Princess of Blackport:1]
t=10 ph=3 ap=0 snaps=968 hooks=22 inst=63 rollout "Burning Finger" Spell lvl1 hero1
t=10 ph=3 ap=0 snaps=969 hooks=22 inst=63 rollout "Burning Finger" Spell lvl1 hero1
t=10 ph=3 ap=0 snaps=970 hooks=22 inst=63 leakyRollout "Burning Finger" +4.49MB hooks=[onHeroKO:1 onCardLeaveZone:1] cards=[Willy, the Valiant Leprechaun:9 Zsos'Ssar, the Serpent Warlord:5 Luck:4 Medea, the Swamp Witch:3 Beato, the Butterfly Witch:2 Fiona, the Princess of Blackport:1]
t=10 ph=3 ap=0 snaps=970 hooks=22 inst=63 rollout "Burning Finger" Spell lvl1 hero1
t=10 ph=3 ap=0 snaps=971 hooks=22 inst=63 leakyRollout "Burning Finger" +4.48MB hooks=[onHeroKO:1 onCardLeaveZone:1] cards=[Willy, the Valiant Leprechaun:9 Zsos'Ssar, the Serpent Warlord:5 Luck:4 Medea, the Swamp Witch:3 Beato, the Butterfly Witch:2 Fiona, the Princess of Blackport:1]
t=10 ph=3 ap=0 snaps=971 hooks=22 inst=63 rollout "Burning Finger" Spell lvl1 hero1
t=10 ph=3 ap=0 snaps=972 hooks=22 inst=63 leakyRollout "Burning Finger" +4.55MB hooks=[onHeroKO:1 onCardLeaveZone:1] cards=[Willy, the Valiant Leprechaun:9 Zsos'Ssar, the Serpent Warlord:5 Luck:4 Medea, the Swamp Witch:3 Beato, the Butterfly Witch:2 Fiona, the Princess of Blackport:1]
t=10 ph=3 ap=0 snaps=972 hooks=22 inst=63 rollout "Burning Finger" Spell lvl1 hero1
t=10 ph=3 ap=0 snaps=973 hooks=22 inst=63 rollout "Burning Finger" Spell lvl1 hero1
t=10 ph=3 ap=0 snaps=974 hooks=22 inst=63 leakyRollout "Burning Finger" +4.49MB hooks=[onHeroKO:1 onCardLeaveZone:1] cards=[Willy, the Valiant Leprechaun:9 Zsos'Ssar, the Serpent Warlord:5 Luck:4 Medea, the Swamp Witch:3 Beato, the Butterfly Witch:2 Fiona, the Princess of Blackport:1]
t=10 ph=3 ap=0 snaps=974 hooks=22 inst=63 rollout "Burning Finger" Spell lvl1 hero1
t=10 ph=3 ap=0 snaps=975 hooks=22 inst=63 leakyRollout "Burning Finger" +4.48MB hooks=[onHeroKO:1 onCardLeaveZone:1] cards=[Willy, the Valiant Leprechaun:9 Zsos'Ssar, the Serpent Warlord:5 Luck:4 Medea, the Swamp Witch:3 Beato, the Butterfly Witch:2 Fiona, the Princess of Blackport:1]
t=10 ph=3 ap=0 snaps=975 hooks=22 inst=63 rollout "Burning Finger" Spell lvl1 hero1
t=10 ph=3 ap=0 snaps=976 hooks=22 inst=63 rollout "Burning Finger" Spell lvl1 hero1
t=10 ph=3 ap=0 snaps=977 hooks=22 inst=63 leakyRollout "Burning Finger" +4.48MB hooks=[onHeroKO:1 onCardLeaveZone:1] cards=[Willy, the Valiant Leprechaun:9 Zsos'Ssar, the Serpent Warlord:5 Luck:4 Medea, the Swamp Witch:3 Beato, the Butterfly Witch:2 Fiona, the Princess of Blackport:1]
t=10 ph=3 ap=0 snaps=977 hooks=22 inst=63 rollout "Burning Finger" Spell lvl1 hero1
t=10 ph=3 ap=0 snaps=978 hooks=22 inst=63 leakyRollout "Burning Finger" +4.47MB hooks=[onHeroKO:1 onCardLeaveZone:1] cards=[Willy, the Valiant Leprechaun:9 Zsos'Ssar, the Serpent Warlord:5 Luck:4 Medea, the Swamp Witch:3 Beato, the Butterfly Witch:2 Fiona, the Princess of Blackport:1]
t=10 ph=3 ap=0 snaps=978 hooks=22 inst=63 rollout "Burning Finger" Spell lvl1 hero1
t=10 ph=3 ap=0 snaps=979 hooks=22 inst=63 leakyRollout "Burning Finger" +4.48MB hooks=[onHeroKO:1 onCardLeaveZone:1] cards=[Willy, the Valiant Leprechaun:9 Zsos'Ssar, the Serpent Warlord:5 Luck:4 Medea, the Swamp Witch:3 Beato, the Butterfly Witch:2 Fiona, the Princess of Blackport:1]
t=10 ph=3 ap=0 snaps=979 hooks=22 inst=63 rollout "Burning Finger" Spell lvl1 hero1
t=10 ph=3 ap=0 snaps=980 hooks=22 inst=63 rollout "Burning Finger" Spell lvl1 hero1
t=10 ph=3 ap=0 snaps=981 hooks=22 inst=63 leakyRollout "Burning Finger" +4.47MB hooks=[onHeroKO:1 onCardLeaveZone:1] cards=[Willy, the Valiant Leprechaun:9 Zsos'Ssar, the Serpent Warlord:5 Luck:4 Medea, the Swamp Witch:3 Beato, the Butterfly Witch:2 Fiona, the Princess of Blackport:1]
t=10 ph=3 ap=0 snaps=981 hooks=22 inst=63 rollout "Burning Finger" Spell lvl1 hero1
t=10 ph=3 ap=0 snaps=982 hooks=22 inst=63 leakyRollout "Burning Finger" +4.48MB hooks=[onHeroKO:1 onCardLeaveZone:1] cards=[Willy, the Valiant Leprechaun:9 Zsos'Ssar, the Serpent Warlord:5 Luck:4 Medea, the Swamp Witch:3 Beato, the Butterfly Witch:2 Fiona, the Princess of Blackport:1]
t=10 ph=3 ap=0 snaps=982 hooks=22 inst=63 rollout "Burning Finger" Spell lvl1 hero1
t=10 ph=3 ap=0 snaps=983 hooks=22 inst=63 rollout "Burning Finger" Spell lvl1 hero1
t=10 ph=3 ap=0 snaps=984 hooks=22 inst=63 leakyRollout "Burning Finger" +4.47MB hooks=[onHeroKO:1 onCardLeaveZone:1] cards=[Willy, the Valiant Leprechaun:9 Zsos'Ssar, the Serpent Warlord:5 Luck:4 Medea, the Swamp Witch:3 Beato, the Butterfly Witch:2 Fiona, the Princess of Blackport:1]
t=10 ph=3 ap=0 snaps=984 hooks=22 inst=63 rollout "Burning Finger" Spell lvl1 hero1
t=10 ph=3 ap=0 snaps=985 hooks=22 inst=63 leakyRollout "Burning Finger" +4.49MB hooks=[onHeroKO:1 onCardLeaveZone:1] cards=[Willy, the Valiant Leprechaun:9 Zsos'Ssar, the Serpent Warlord:5 Luck:4 Medea, the Swamp Witch:3 Beato, the Butterfly Witch:2 Fiona, the Princess of Blackport:1]
t=10 ph=3 ap=0 snaps=985 hooks=22 inst=63 rollout "Burning Finger" Spell lvl1 hero1
t=10 ph=3 ap=0 snaps=986 hooks=22 inst=63 leakyRollout "Burning Finger" +4.48MB hooks=[onHeroKO:1 onCardLeaveZone:1] cards=[Willy, the Valiant Leprechaun:9 Zsos'Ssar, the Serpent Warlord:5 Luck:4 Medea, the Swamp Witch:3 Beato, the Butterfly Witch:2 Fiona, the Princess of Blackport:1]
t=10 ph=3 ap=0 snaps=986 hooks=22 inst=63 rollout "Burning Finger" Spell lvl1 hero1
t=10 ph=3 ap=0 snaps=987 hooks=22 inst=63 rollout "Burning Finger" Spell lvl1 hero1
t=10 ph=3 ap=0 snaps=988 hooks=22 inst=63 leakyRollout "Burning Finger" +4.49MB hooks=[onHeroKO:1 onCardLeaveZone:1] cards=[Willy, the Valiant Leprechaun:9 Zsos'Ssar, the Serpent Warlord:5 Luck:4 Medea, the Swamp Witch:3 Beato, the Butterfly Witch:2 Fiona, the Princess of Blackport:1]
t=10 ph=3 ap=0 snaps=988 hooks=22 inst=63 rollout "Burning Finger" Spell lvl1 hero1
t=10 ph=3 ap=0 snaps=989 hooks=22 inst=63 leakyRollout "Burning Finger" +4.48MB hooks=[onHeroKO:1 onCardLeaveZone:1] cards=[Willy, the Valiant Leprechaun:9 Zsos'Ssar, the Serpent Warlord:5 Luck:4 Medea, the Swamp Witch:3 Beato, the Butterfly Witch:2 Fiona, the Princess of Blackport:1]
t=10 ph=3 ap=0 snaps=989 hooks=22 inst=63 rollout "Burning Finger" Spell lvl1 hero1
t=10 ph=3 ap=0 snaps=990 hooks=22 inst=63 rollout "Burning Finger" Spell lvl1 hero1
t=10 ph=3 ap=0 snaps=991 hooks=22 inst=63 leakyRollout "Burning Finger" +4.48MB hooks=[onHeroKO:1 onCardLeaveZone:1] cards=[Willy, the Valiant Leprechaun:9 Zsos'Ssar, the Serpent Warlord:5 Luck:4 Medea, the Swamp Witch:3 Beato, the Butterfly Witch:2 Fiona, the Princess of Blackport:1]
t=10 ph=3 ap=0 snaps=991 hooks=22 inst=63 rollout "Burning Finger" Spell lvl1 hero1
t=10 ph=3 ap=0 snaps=992 hooks=22 inst=63 leakyRollout "Burning Finger" +4.48MB hooks=[onHeroKO:1 onCardLeaveZone:1] cards=[Willy, the Valiant Leprechaun:9 Zsos'Ssar, the Serpent Warlord:5 Luck:4 Medea, the Swamp Witch:3 Beato, the Butterfly Witch:2 Fiona, the Princess of Blackport:1]
t=10 ph=3 ap=0 snaps=992 hooks=22 inst=63 rollout "Burning Finger" Spell lvl1 hero1
t=10 ph=3 ap=0 snaps=993 hooks=22 inst=63 leakyRollout "Burning Finger" +4.48MB hooks=[onHeroKO:1 onCardLeaveZone:1] cards=[Willy, the Valiant Leprechaun:9 Zsos'Ssar, the Serpent Warlord:5 Luck:4 Medea, the Swamp Witch:3 Beato, the Butterfly Witch:2 Fiona, the Princess of Blackport:1]
t=10 ph=3 ap=0 snaps=993 hooks=22 inst=63 rollout "Burning Finger" Spell lvl1 hero1
t=10 ph=3 ap=0 snaps=994 hooks=22 inst=63 rollout "Burning Finger" Spell lvl1 hero1
t=10 ph=3 ap=0 snaps=995 hooks=22 inst=63 leakyRollout "Burning Finger" +4.49MB hooks=[onHeroKO:1 onCardLeaveZone:1] cards=[Willy, the Valiant Leprechaun:9 Zsos'Ssar, the Serpent Warlord:5 Luck:4 Medea, the Swamp Witch:3 Beato, the Butterfly Witch:2 Fiona, the Princess of Blackport:1]
t=10 ph=3 ap=0 snaps=995 hooks=22 inst=63 rollout "Burning Finger" Spell lvl1 hero1
t=10 ph=3 ap=0 snaps=996 hooks=22 inst=63 leakyRollout "Burning Finger" +4.47MB hooks=[onHeroKO:1 onCardLeaveZone:1] cards=[Willy, the Valiant Leprechaun:9 Zsos'Ssar, the Serpent Warlord:5 Luck:4 Medea, the Swamp Witch:3 Beato, the Butterfly Witch:2 Fiona, the Princess of Blackport:1]
t=10 ph=3 ap=0 snaps=996 hooks=22 inst=63 rollout "Burning Finger" Spell lvl1 hero1
t=10 ph=3 ap=0 snaps=997 hooks=22 inst=63 rollout "Burning Finger" Spell lvl1 hero1
t=10 ph=3 ap=0 snaps=998 hooks=22 inst=63 leakyRollout "Burning Finger" +4.48MB hooks=[onHeroKO:1 onCardLeaveZone:1] cards=[Willy, the Valiant Leprechaun:9 Zsos'Ssar, the Serpent Warlord:5 Luck:4 Medea, the Swamp Witch:3 Beato, the Butterfly Witch:2 Fiona, the Princess of Blackport:1]
t=10 ph=3 ap=0 snaps=998 hooks=22 inst=63 rollout "Burning Finger" Spell lvl1 hero1
t=10 ph=3 ap=0 snaps=999 hooks=22 inst=63 leakyRollout "Burning Finger" +4.47MB hooks=[onHeroKO:1 onCardLeaveZone:1] cards=[Willy, the Valiant Leprechaun:9 Zsos'Ssar, the Serpent Warlord:5 Luck:4 Medea, the Swamp Witch:3 Beato, the Butterfly Witch:2 Fiona, the Princess of Blackport:1]
t=10 ph=3 ap=0 snaps=999 hooks=22 inst=63 rollout "Burning Finger" Spell lvl1 hero1
t=10 ph=3 ap=0 snaps=1000 hooks=22 inst=63 leakyRollout "Burning Finger" +4.48MB hooks=[onHeroKO:1 onCardLeaveZone:1] cards=[Willy, the Valiant Leprechaun:9 Zsos'Ssar, the Serpent Warlord:5 Luck:4 Medea, the Swamp Witch:3 Beato, the Butterfly Witch:2 Fiona, the Princess of Blackport:1]
t=10 ph=3 ap=0 snaps=1000 hooks=22 inst=63 rollout "Burning Finger" Spell lvl1 hero1
t=10 ph=3 ap=0 snaps=1001 hooks=22 inst=63 rollout "Burning Finger" Spell lvl1 hero1
t=10 ph=3 ap=0 snaps=1002 hooks=22 inst=63 leakyRollout "Burning Finger" +4.47MB hooks=[onHeroKO:1 onCardLeaveZone:1] cards=[Willy, the Valiant Leprechaun:9 Zsos'Ssar, the Serpent Warlord:5 Luck:4 Medea, the Swamp Witch:3 Beato, the Butterfly Witch:2 Fiona, the Princess of Blackport:1]
t=10 ph=3 ap=0 snaps=1002 hooks=22 inst=63 rollout "Burning Finger" Spell lvl1 hero1
t=10 ph=3 ap=0 snaps=1003 hooks=22 inst=63 leakyRollout "Burning Finger" +4.49MB hooks=[onHeroKO:1 onCardLeaveZone:1] cards=[Willy, the Valiant Leprechaun:9 Zsos'Ssar, the Serpent Warlord:5 Luck:4 Medea, the Swamp Witch:3 Beato, the Butterfly Witch:2 Fiona, the Princess of Blackport:1]
t=10 ph=3 ap=0 snaps=1003 hooks=22 inst=63 rollout "Burning Finger" Spell lvl1 hero1
t=10 ph=3 ap=0 snaps=1004 hooks=22 inst=63 rollout "Burning Finger" Spell lvl1 hero1
t=10 ph=3 ap=0 snaps=1005 hooks=22 inst=63 leakyRollout "Burning Finger" +4.51MB hooks=[onHeroKO:1 onCardLeaveZone:1] cards=[Willy, the Valiant Leprechaun:9 Zsos'Ssar, the Serpent Warlord:5 Luck:4 Medea, the Swamp Witch:3 Beato, the Butterfly Witch:2 Fiona, the Princess of Blackport:1]
t=10 ph=3 ap=0 snaps=1005 hooks=22 inst=63 rollout "Burning Finger" Spell lvl1 hero1
t=10 ph=3 ap=0 snaps=1006 hooks=22 inst=63 leakyRollout "Burning Finger" +4.48MB hooks=[onHeroKO:1 onCardLeaveZone:1] cards=[Willy, the Valiant Leprechaun:9 Zsos'Ssar, the Serpent Warlord:5 Luck:4 Medea, the Swamp Witch:3 Beato, the Butterfly Witch:2 Fiona, the Princess of Blackport:1]
t=10 ph=3 ap=0 snaps=1006 hooks=22 inst=63 rollout "Burning Finger" Spell lvl1 hero1
t=10 ph=3 ap=0 snaps=1007 hooks=22 inst=63 leakyRollout "Burning Finger" +4.48MB hooks=[onHeroKO:1 onCardLeaveZone:1] cards=[Willy, the Valiant Leprechaun:9 Zsos'Ssar, the Serpent Warlord:5 Luck:4 Medea, the Swamp Witch:3 Beato, the Butterfly Witch:2 Fiona, the Princess of Blackport:1]
t=10 ph=3 ap=0 snaps=1007 hooks=22 inst=63 rollout "Burning Finger" Spell lvl1 hero1
t=10 ph=3 ap=0 snaps=1008 hooks=22 inst=63 rollout "Burning Finger" Spell lvl1 hero1
t=10 ph=3 ap=0 snaps=1009 hooks=22 inst=63 leakyRollout "Burning Finger" +4.49MB hooks=[onHeroKO:1 onCardLeaveZone:1] cards=[Willy, the Valiant Leprechaun:9 Zsos'Ssar, the Serpent Warlord:5 Luck:4 Medea, the Swamp Witch:3 Beato, the Butterfly Witch:2 Fiona, the Princess of Blackport:1]
t=10 ph=3 ap=0 snaps=1009 hooks=22 inst=63 rollout "Burning Finger" Spell lvl1 hero1
t=10 ph=3 ap=0 snaps=1010 hooks=22 inst=63 leakyRollout "Burning Finger" +4.48MB hooks=[onHeroKO:1 onCardLeaveZone:1] cards=[Willy, the Valiant Leprechaun:9 Zsos'Ssar, the Serpent Warlord:5 Luck:4 Medea, the Swamp Witch:3 Beato, the Butterfly Witch:2 Fiona, the Princess of Blackport:1]
t=10 ph=3 ap=0 snaps=1010 hooks=22 inst=63 rollout "Burning Finger" Spell lvl1 hero1
t=10 ph=3 ap=0 snaps=1011 hooks=22 inst=63 rollout "Burning Finger" Spell lvl1 hero1
t=10 ph=3 ap=0 snaps=1012 hooks=22 inst=63 leakyRollout "Burning Finger" +4.48MB hooks=[onHeroKO:1 onCardLeaveZone:1] cards=[Willy, the Valiant Leprechaun:9 Zsos'Ssar, the Serpent Warlord:5 Luck:4 Medea, the Swamp Witch:3 Beato, the Butterfly Witch:2 Fiona, the Princess of Blackport:1]
t=10 ph=3 ap=0 snaps=1012 hooks=22 inst=63 rollout "Burning Finger" Spell lvl1 hero1
t=10 ph=3 ap=0 snaps=1013 hooks=22 inst=63 leakyRollout "Burning Finger" +4.49MB hooks=[onHeroKO:1 onCardLeaveZone:1] cards=[Willy, the Valiant Leprechaun:9 Zsos'Ssar, the Serpent Warlord:5 Luck:4 Medea, the Swamp Witch:3 Beato, the Butterfly Witch:2 Fiona, the Princess of Blackport:1]
t=10 ph=3 ap=0 snaps=1013 hooks=22 inst=63 rollout "Burning Finger" Spell lvl1 hero1
t=10 ph=3 ap=0 snaps=1014 hooks=22 inst=63 leakyRollout "Burning Finger" +4.47MB hooks=[onHeroKO:1 onCardLeaveZone:1] cards=[Willy, the Valiant Leprechaun:9 Zsos'Ssar, the Serpent Warlord:5 Luck:4 Medea, the Swamp Witch:3 Beato, the Butterfly Witch:2 Fiona, the Princess of Blackport:1]
t=10 ph=3 ap=0 snaps=1014 hooks=22 inst=63 rollout "Burning Finger" Spell lvl1 hero1
t=10 ph=3 ap=0 snaps=1015 hooks=22 inst=63 rollout "Burning Finger" Spell lvl1 hero1
t=10 ph=3 ap=0 snaps=1016 hooks=22 inst=63 leakyRollout "Burning Finger" +4.49MB hooks=[onHeroKO:1 onCardLeaveZone:1] cards=[Willy, the Valiant Leprechaun:9 Zsos'Ssar, the Serpent Warlord:5 Luck:4 Medea, the Swamp Witch:3 Beato, the Butterfly Witch:2 Fiona, the Princess of Blackport:1]
t=10 ph=3 ap=0 snaps=1016 hooks=22 inst=63 rollout "Burning Finger" Spell lvl1 hero1
t=10 ph=3 ap=0 snaps=1017 hooks=22 inst=63 leakyRollout "Burning Finger" +4.51MB hooks=[onHeroKO:1 onCardLeaveZone:1] cards=[Willy, the Valiant Leprechaun:9 Zsos'Ssar, the Serpent Warlord:5 Luck:4 Medea, the Swamp Witch:3 Beato, the Butterfly Witch:2 Fiona, the Princess of Blackport:1]
t=10 ph=3 ap=0 snaps=1017 hooks=22 inst=63 rollout "Burning Finger" Spell lvl1 hero1
t=10 ph=3 ap=0 snaps=1018 hooks=22 inst=63 rollout "Burning Finger" Spell lvl1 hero1
t=10 ph=3 ap=0 snaps=1019 hooks=22 inst=63 leakyRollout "Burning Finger" +4.49MB hooks=[onHeroKO:1 onCardLeaveZone:1] cards=[Willy, the Valiant Leprechaun:9 Zsos'Ssar, the Serpent Warlord:5 Luck:4 Medea, the Swamp Witch:3 Beato, the Butterfly Witch:2 Fiona, the Princess of Blackport:1]
t=10 ph=3 ap=0 snaps=1019 hooks=22 inst=63 rollout "Burning Finger" Spell lvl1 hero1
t=10 ph=3 ap=0 snaps=1020 hooks=22 inst=63 leakyRollout "Burning Finger" +4.47MB hooks=[onHeroKO:1 onCardLeaveZone:1] cards=[Willy, the Valiant Leprechaun:9 Zsos'Ssar, the Serpent Warlord:5 Luck:4 Medea, the Swamp Witch:3 Beato, the Butterfly Witch:2 Fiona, the Princess of Blackport:1]
t=10 ph=3 ap=0 snaps=1020 hooks=22 inst=63 rollout "Burning Finger" Spell lvl1 hero1
t=10 ph=3 ap=0 snaps=1021 hooks=22 inst=63 leakyRollout "Burning Finger" +4.48MB hooks=[onHeroKO:1 onCardLeaveZone:1] cards=[Willy, the Valiant Leprechaun:9 Zsos'Ssar, the Serpent Warlord:5 Luck:4 Medea, the Swamp Witch:3 Beato, the Butterfly Witch:2 Fiona, the Princess of Blackport:1]
t=10 ph=3 ap=0 snaps=1021 hooks=22 inst=63 rollout "Burning Finger" Spell lvl1 hero1
t=10 ph=5 ap=0 snaps=1023 hooks=30 inst=63 switchTurn ending p0
t=11 ph=2 ap=1 snaps=1023 hooks=13 inst=64 cpuTurnStart cpu=p1 hand=7
t=11 ph=5 ap=1 snaps=1042 hooks=20 inst=64 switchTurn ending p1

=== GAME 9/1000: Spell Industrialization vs Poison Torture @ 2026-05-01T11:29:43.736Z ===
t=1 ph=2 ap=1 snaps=0 hooks=10 inst=29 cpuTurnStart cpu=p1 hand=6
t=1 ph=3 ap=1 snaps=119 hooks=19 inst=33 rollout "Adventurousness" AbilityAction lvl1 hero1
t=1 ph=3 ap=1 snaps=132 hooks=19 inst=33 leakyRollout "Adventurousness" +12.34MB hooks=[modifyPoisonDamage:1 beforeDamage:1 afterDamage:1] cards=[Wealth:18 Ingo, Investor of Evil:8 Reiza, the Chief Tormentor:7 Eraser Beam:4 Medea, the Swamp Witch:4 The Great Clock Tower "Big Gwen":3]
t=1 ph=3 ap=1 snaps=132 hooks=19 inst=33 rollout "Adventurousness" AbilityAction lvl1 hero1
t=1 ph=3 ap=1 snaps=143 hooks=19 inst=33 rollout "Adventurousness" AbilityAction lvl1 hero1
t=1 ph=3 ap=1 snaps=153 hooks=19 inst=33 leakyRollout "Adventurousness" +6.33MB hooks=[modifyPoisonDamage:1 beforeDamage:1 afterDamage:1 onHeroKO:1] cards=[Wealth:30 Ingo, Investor of Evil:10 Reiza, the Chief Tormentor:9 Pollution Token:6 Fiona, the Princess of Blackport:5 Eraser Beam:4]
t=1 ph=3 ap=1 snaps=153 hooks=19 inst=33 rollout "Adventurousness" AbilityAction lvl1 hero1
t=1 ph=3 ap=1 snaps=168 hooks=19 inst=33 rollout "Adventurousness" AbilityAction lvl1 hero1
t=1 ph=3 ap=1 snaps=175 hooks=19 inst=33 leakyRollout "Adventurousness" +4.19MB hooks=[modifyPoisonDamage:2 beforeDamage:2 afterDamage:2] cards=[Wealth:22 Ingo, Investor of Evil:14 Eraser Beam:10 Medea, the Swamp Witch:6 Reiza, the Chief Tormentor:5 Pollution Token:4]
t=1 ph=3 ap=1 snaps=175 hooks=19 inst=33 rollout "Adventurousness" AbilityAction lvl1 hero1
t=1 ph=3 ap=1 snaps=186 hooks=19 inst=33 rollout "Adventurousness" AbilityAction lvl1 hero1
t=1 ph=3 ap=1 snaps=193 hooks=19 inst=33 leakyRollout "Adventurousness" +1.63MB hooks=[modifyPoisonDamage:1 beforeDamage:1 afterDamage:1] cards=[Wealth:33 Ingo, Investor of Evil:12 Reiza, the Chief Tormentor:7 Fiona, the Princess of Blackport:6 Medea, the Swamp Witch:5 Eraser Beam:3]
t=1 ph=3 ap=1 snaps=193 hooks=19 inst=33 rollout "Adventurousness" AbilityAction lvl1 hero1
t=1 ph=3 ap=1 snaps=205 hooks=19 inst=33 leakyRollout "Adventurousness" +8.80MB hooks=[modifyPoisonDamage:2 beforeDamage:2 afterDamage:2 onStatusRemoved:1] cards=[Wealth:30 Ingo, Investor of Evil:11 Reiza, the Chief Tormentor:7 Fiona, the Princess of Blackport:5 Fighting:4 The Great Clock Tower "Big Gwen":3]
t=1 ph=3 ap=1 snaps=205 hooks=19 inst=33 rollout "Adventurousness" AbilityAction lvl1 hero1
t=1 ph=3 ap=1 snaps=214 hooks=19 inst=33 rollout "Adventurousness" AbilityAction lvl1 hero1
t=1 ph=3 ap=1 snaps=227 hooks=19 inst=33 leakyRollout "Adventurousness" +7.19MB hooks=[modifyPoisonDamage:1 beforeDamage:1 afterDamage:1] cards=[Wealth:22 Ingo, Investor of Evil:12 Reiza, the Chief Tormentor:11 Eraser Beam:8 Pollution Token:6 Fiona, the Princess of Blackport:3]
t=1 ph=3 ap=1 snaps=227 hooks=19 inst=33 rollout "Adventurousness" AbilityAction lvl1 hero1
t=1 ph=3 ap=1 snaps=247 hooks=19 inst=33 rollout "Adventurousness" AbilityAction lvl1 hero1
t=1 ph=3 ap=1 snaps=261 hooks=19 inst=33 rollout "Adventurousness" AbilityAction lvl1 hero1
t=1 ph=3 ap=1 snaps=269 hooks=19 inst=33 leakyRollout "Adventurousness" +2.47MB hooks=[] cards=[Wealth:22 Ingo, Investor of Evil:14 Intrude:8 Eraser Beam:6 The Great Clock Tower "Big Gwen":4 Fighting:3]
t=1 ph=3 ap=1 snaps=269 hooks=19 inst=33 rollout "Adventurousness" AbilityAction lvl1 hero1
t=1 ph=3 ap=1 snaps=279 hooks=19 inst=33 leakyRollout "Adventurousness" +3.67MB hooks=[modifyPoisonDamage:2 beforeDamage:2 afterDamage:2 onStatusRemoved:1] cards=[Wealth:30 Elixir of Immortality:21 Ingo, Investor of Evil:13 Reiza, the Chief Tormentor:9 Eraser Beam:7 Fiona, the Princess of Blackport:6]
t=1 ph=3 ap=1 snaps=279 hooks=19 inst=33 rollout "Adventurousness" AbilityAction lvl1 hero1
t=1 ph=3 ap=1 snaps=288 hooks=19 inst=33 rollout "Adventurousness" AbilityAction lvl1 hero1
t=1 ph=3 ap=1 snaps=294 hooks=19 inst=33 rollout "Adventurousness" AbilityAction lvl1 hero1
t=1 ph=3 ap=1 snaps=305 hooks=19 inst=33 leakyRollout "Adventurousness" +9.46MB hooks=[modifyPoisonDamage:1 beforeDamage:1 afterDamage:1 onHeroKO:1] cards=[Elixir of Immortality:51 Wealth:33 Ingo, Investor of Evil:11 Reiza, the Chief Tormentor:11 Fiona, the Princess of Blackport:6 Medea, the Swamp Witch:3]
t=1 ph=3 ap=1 snaps=305 hooks=19 inst=33 rollout "Adventurousness" AbilityAction lvl1 hero1
t=1 ph=3 ap=1 snaps=312 hooks=19 inst=33 rollout "Adventurousness" AbilityAction lvl1 hero1
t=1 ph=3 ap=1 snaps=323 hooks=19 inst=33 leakyRollout "Adventurousness" +3.89MB hooks=[modifyPoisonDamage:2 beforeDamage:2 afterDamage:2 onStatusRemoved:1 onHeroKO:1] cards=[Wealth:28 Ingo, Investor of Evil:10 Reiza, the Chief Tormentor:10 Fiona, the Princess of Blackport:7 Fighting:6 Medea, the Swamp Witch:6]
t=1 ph=3 ap=1 snaps=323 hooks=19 inst=33 rollout "Adventurousness" AbilityAction lvl1 hero1
t=1 ph=3 ap=1 snaps=337 hooks=19 inst=33 rollout "Adventurousness" AbilityAction lvl1 hero1
t=1 ph=3 ap=1 snaps=348 hooks=19 inst=33 leakyRollout "Adventurousness" +3.30MB hooks=[] cards=[Wealth:20 Ingo, Investor of Evil:12 Reiza, the Chief Tormentor:12 Eraser Beam:7 Fiona, the Princess of Blackport:5 Intrude:5]
t=1 ph=3 ap=1 snaps=348 hooks=19 inst=33 rollout "Adventurousness" AbilityAction lvl1 hero1
t=1 ph=3 ap=1 snaps=359 hooks=19 inst=33 rollout "Adventurousness" AbilityAction lvl1 hero1
t=1 ph=3 ap=1 snaps=374 hooks=19 inst=33 leakyRollout "Adventurousness" +10.48MB hooks=[modifyPoisonDamage:1 beforeDamage:1 afterDamage:1] cards=[Wealth:30 Ingo, Investor of Evil:10 Reiza, the Chief Tormentor:8 Eraser Beam:6 Fighting:4 Fiona, the Princess of Blackport:3]
t=1 ph=3 ap=1 snaps=374 hooks=19 inst=33 rollout "Adventurousness" AbilityAction lvl1 hero1
t=1 ph=3 ap=1 snaps=386 hooks=19 inst=33 rollout "Adventurousness" AbilityAction lvl1 hero1
t=1 ph=3 ap=1 snaps=395 hooks=19 inst=33 leakyRollout "Adventurousness" +5.53MB hooks=[modifyPoisonDamage:3 beforeDamage:3 afterDamage:3 onStatusRemoved:2] cards=[Wealth:32 Fiona, the Princess of Blackport:11 Reiza, the Chief Tormentor:9 Ingo, Investor of Evil:8 Medea, the Swamp Witch:8 Eraser Beam:4]
t=1 ph=3 ap=1 snaps=395 hooks=19 inst=33 rollout "Adventurousness" AbilityAction lvl1 hero1
t=1 ph=3 ap=1 snaps=408 hooks=19 inst=33 rollout "Adventurousness" AbilityAction lvl1 hero1
t=1 ph=3 ap=1 snaps=415 hooks=19 inst=33 leakyRollout "Adventurousness" +2.37MB hooks=[modifyPoisonDamage:1 beforeDamage:1 afterDamage:1] cards=[Wealth:31 Ingo, Investor of Evil:12 Reiza, the Chief Tormentor:7 Eraser Beam:4 The Great Clock Tower "Big Gwen":3 Pollution Token:3]
t=1 ph=3 ap=1 snaps=415 hooks=19 inst=33 rollout "Adventurousness" AbilityAction lvl1 hero1
t=1 ph=3 ap=1 snaps=432 hooks=19 inst=33 rollout "Adventurousness" AbilityAction lvl1 hero1
t=1 ph=3 ap=1 snaps=451 hooks=19 inst=33 leakyRollout "Adventurousness" +3.78MB hooks=[modifyPoisonDamage:1 beforeDamage:1 afterDamage:1] cards=[Wealth:33 Ingo, Investor of Evil:18 Reiza, the Chief Tormentor:10 Pollution Token:6 Fiona, the Princess of Blackport:5 Eraser Beam:5]
t=1 ph=3 ap=1 snaps=451 hooks=19 inst=33 rollout "Adventurousness" AbilityAction lvl1 hero1
t=1 ph=3 ap=1 snaps=466 hooks=19 inst=33 leakyRollout "Adventurousness" +8.67MB hooks=[modifyPoisonDamage:1 beforeDamage:1 afterDamage:1] cards=[Wealth:36 Ingo, Investor of Evil:13 Reiza, the Chief Tormentor:9 Fiona, the Princess of Blackport:6 Medea, the Swamp Witch:5 Fighting:4]
t=1 ph=3 ap=1 snaps=466 hooks=19 inst=33 rollout "Adventurousness" AbilityAction lvl1 hero1
t=1 ph=3 ap=1 snaps=482 hooks=19 inst=33 rollout "Adventurousness" AbilityAction lvl1 hero1
t=1 ph=3 ap=1 snaps=495 hooks=19 inst=33 rollout "Adventurousness" AbilityAction lvl1 hero1
t=1 ph=3 ap=1 snaps=504 hooks=19 inst=33 leakyRollout "Adventurousness" +5.17MB hooks=[modifyPoisonDamage:1 beforeDamage:1 afterDamage:1 onHeroKO:1] cards=[Wealth:39 Ingo, Investor of Evil:11 Reiza, the Chief Tormentor:8 Fighting:5 Fiona, the Princess of Blackport:4 Eraser Beam:4]
t=1 ph=3 ap=1 snaps=504 hooks=19 inst=33 rollout "Adventurousness" AbilityAction lvl1 hero1
t=1 ph=3 ap=1 snaps=518 hooks=19 inst=33 rollout "Adventurousness" AbilityAction lvl1 hero1
t=1 ph=3 ap=1 snaps=525 hooks=19 inst=33 rollout "Adventurousness" AbilityAction lvl1 hero1
t=1 ph=3 ap=1 snaps=537 hooks=19 inst=33 leakyRollout "Adventurousness" +7.00MB hooks=[modifyPoisonDamage:2 beforeDamage:2 afterDamage:2] cards=[Wealth:27 Reiza, the Chief Tormentor:9 Ingo, Investor of Evil:8 Medea, the Swamp Witch:6 Fiona, the Princess of Blackport:4 Fighting:4]
t=1 ph=3 ap=1 snaps=537 hooks=19 inst=33 rollout "Adventurousness" AbilityAction lvl1 hero1
t=1 ph=3 ap=1 snaps=545 hooks=19 inst=33 rollout "Adventurousness" AbilityAction lvl1 hero1
t=1 ph=3 ap=1 snaps=552 hooks=19 inst=33 rollout "Adventurousness" AbilityAction lvl1 hero1
t=1 ph=3 ap=1 snaps=564 hooks=19 inst=33 rollout "Adventurousness" AbilityAction lvl1 hero1
t=1 ph=3 ap=1 snaps=581 hooks=19 inst=33 rollout "Adventurousness" AbilityAction lvl1 hero1
t=1 ph=3 ap=1 snaps=592 hooks=19 inst=33 leakyRollout "Adventurousness" +3.47MB hooks=[modifyPoisonDamage:1 beforeDamage:1 afterDamage:1] cards=[Wealth:18 Ingo, Investor of Evil:11 Reiza, the Chief Tormentor:8 Eraser Beam:5 The Great Clock Tower "Big Gwen":3 Pollution Token:3]
t=1 ph=3 ap=1 snaps=592 hooks=19 inst=33 rollout "Adventurousness" AbilityAction lvl1 hero1
t=1 ph=3 ap=1 snaps=601 hooks=19 inst=33 leakyRollout "Adventurousness" +1.79MB hooks=[beforeDraw:1 onDraw:1 beforeDrawBatch:1] cards=[Elixir of Immortality:20 Wealth:18 Ingo, Investor of Evil:9 Intrude:5 Reiza, the Chief Tormentor:4 Pollution Token:3]

=== GAME 10/1000: Burning Inferno vs Venom Swamp @ 2026-05-01T11:29:45.129Z ===
t=1 ph=2 ap=0 snaps=0 hooks=10 inst=29 cpuTurnStart cpu=p0 hand=6
t=1 ph=2 ap=0 snaps=9 hooks=12 inst=29 summon "Grunge Harpyformer" p0/h0
t=1 ph=3 ap=0 snaps=19 hooks=20 inst=31 rollout "Goff, the Burnbringer" Creature lvl0 hero1
t=1 ph=3 ap=0 snaps=35 hooks=20 inst=31 leakyRollout "Goff, the Burnbringer" +13.98MB hooks=[] cards=[Zsos'Ssar, the Serpent Warlord:25 Goff, the Burnbringer:21 Wealth:18 Luna Pele, the Flame Dancer:13 Fiona, the Princess of Blackport:13 Dichotomy of Luna and Tempeste:11]
t=1 ph=3 ap=0 snaps=35 hooks=20 inst=31 rollout "Goff, the Burnbringer" Creature lvl0 hero1
t=1 ph=3 ap=0 snaps=50 hooks=20 inst=31 leakyRollout "Goff, the Burnbringer" +9.84MB hooks=[] cards=[Zsos'Ssar, the Serpent Warlord:16 Wealth:14 Goff, the Burnbringer:12 Alex, Trainer of Heroes:8 Luna Pele, the Flame Dancer:7 Barker, the Monster Tamer:6]
t=1 ph=3 ap=0 snaps=50 hooks=20 inst=31 rollout "Goff, the Burnbringer" Creature lvl0 hero1
t=1 ph=3 ap=0 snaps=65 hooks=20 inst=31 leakyRollout "Goff, the Burnbringer" +12.58MB hooks=[beforeDamage:3 afterDamage:3 modifyPoisonDamage:2] cards=[Zsos'Ssar, the Serpent Warlord:27 Goff, the Burnbringer:22 Dichotomy of Luna and Tempeste:16 Luna Pele, the Flame Dancer:15 Wealth:14 Alex, Trainer of Heroes:11]
t=1 ph=3 ap=0 snaps=65 hooks=20 inst=31 rollout "Goff, the Burnbringer" Creature lvl0 hero1
t=1 ph=3 ap=0 snaps=81 hooks=20 inst=31 rollout "Goff, the Burnbringer" Creature lvl0 hero1
t=1 ph=3 ap=0 snaps=102 hooks=20 inst=31 rollout "Goff, the Burnbringer" Creature lvl0 hero1
t=1 ph=3 ap=0 snaps=121 hooks=20 inst=31 rollout "Goff, the Burnbringer" Creature lvl0 hero1
t=1 ph=3 ap=0 snaps=143 hooks=20 inst=31 leakyRollout "Goff, the Burnbringer" +4.45MB hooks=[beforeDamage:1 afterDamage:1 modifyPoisonDamage:1] cards=[Zsos'Ssar, the Serpent Warlord:21 Goff, the Burnbringer:15 Wealth:14 Alex, Trainer of Heroes:11 Luna Pele, the Flame Dancer:9 Barker, the Monster Tamer:7]
t=1 ph=3 ap=0 snaps=143 hooks=20 inst=31 rollout "Goff, the Burnbringer" Creature lvl0 hero1
t=1 ph=3 ap=0 snaps=160 hooks=20 inst=31 rollout "Goff, the Burnbringer" Creature lvl0 hero1
t=1 ph=3 ap=0 snaps=177 hooks=20 inst=31 rollout "Goff, the Burnbringer" Creature lvl0 hero1
t=1 ph=3 ap=0 snaps=190 hooks=20 inst=31 rollout "Goff, the Burnbringer" Creature lvl0 hero1
t=1 ph=3 ap=0 snaps=209 hooks=20 inst=31 leakyRollout "Goff, the Burnbringer" +13.23MB hooks=[] cards=[Zsos'Ssar, the Serpent Warlord:15 Wealth:14 Goff, the Burnbringer:11 Alex, Trainer of Heroes:9 Barker, the Monster Tamer:7 Luna Pele, the Flame Dancer:5]
t=1 ph=3 ap=0 snaps=209 hooks=20 inst=31 rollout "Goff, the Burnbringer" Creature lvl0 hero1
t=1 ph=3 ap=0 snaps=224 hooks=20 inst=31 rollout "Goff, the Burnbringer" Creature lvl0 hero1
t=1 ph=3 ap=0 snaps=243 hooks=20 inst=31 rollout "Goff, the Burnbringer" Creature lvl0 hero1
t=1 ph=3 ap=0 snaps=260 hooks=20 inst=31 rollout "Goff, the Burnbringer" Creature lvl0 hero1
t=1 ph=3 ap=0 snaps=279 hooks=20 inst=31 rollout "Goff, the Burnbringer" Creature lvl0 hero1
t=1 ph=3 ap=0 snaps=297 hooks=20 inst=31 rollout "Goff, the Burnbringer" Creature lvl0 hero1
t=1 ph=3 ap=0 snaps=313 hooks=20 inst=31 leakyRollout "Goff, the Burnbringer" +12.51MB hooks=[beforeDamage:2 afterDamage:2 beforeCreatureDamageBatch:1 onCardLeaveZone:1 onCreatureDeath:1 afterCreatureDamageBatch:1] cards=[Zsos'Ssar, the Serpent Warlord:29 Dichotomy of Luna and Tempeste:18 Wealth:16 Luna Pele, the Flame Dancer:15 Alex, Trainer of Heroes:13 Medea, the Swamp Witch:9]
t=1 ph=3 ap=0 snaps=313 hooks=20 inst=31 rollout "Goff, the Burnbringer" Creature lvl0 hero1
t=1 ph=3 ap=0 snaps=326 hooks=20 inst=31 rollout "Goff, the Burnbringer" Creature lvl0 hero1
t=1 ph=3 ap=0 snaps=343 hooks=20 inst=31 rollout "Goff, the Burnbringer" Creature lvl0 hero1
t=1 ph=3 ap=0 snaps=356 hooks=20 inst=31 leakyRollout "Goff, the Burnbringer" +8.71MB hooks=[beforeDamage:1 afterDamage:1 modifyPoisonDamage:1] cards=[Zsos'Ssar, the Serpent Warlord:24 Wealth:16 Luna Pele, the Flame Dancer:14 Goff, the Burnbringer:13 Dichotomy of Luna and Tempeste:11 Alex, Trainer of Heroes:10]
t=1 ph=3 ap=0 snaps=356 hooks=20 inst=31 rollout "Goff, the Burnbringer" Creature lvl0 hero1
t=1 ph=3 ap=0 snaps=372 hooks=20 inst=31 rollout "Goff, the Burnbringer" Creature lvl0 hero1
t=1 ph=3 ap=0 snaps=387 hooks=20 inst=31 rollout "Goff, the Burnbringer" Creature lvl0 hero1
t=1 ph=3 ap=0 snaps=402 hooks=20 inst=31 rollout "Goff, the Burnbringer" Creature lvl0 hero1
t=1 ph=3 ap=0 snaps=418 hooks=20 inst=31 rollout "Goff, the Burnbringer" Creature lvl0 hero1
t=1 ph=3 ap=0 snaps=433 hooks=20 inst=31 leakyRollout "Goff, the Burnbringer" +11.74MB hooks=[beforeDamage:1 afterDamage:1 beforeCreatureDamageBatch:1 onCardLeaveZone:1 onCreatureDeath:1 afterCreatureDamageBatch:1] cards=[Zsos'Ssar, the Serpent Warlord:32 Goff, the Burnbringer:27 Luna Pele, the Flame Dancer:14 Alex, Trainer of Heroes:11 Luna Kiai:10 Barker, the Monster Tamer:7]
t=1 ph=3 ap=0 snaps=433 hooks=20 inst=31 rollout "Goff, the Burnbringer" Creature lvl0 hero1
t=1 ph=3 ap=0 snaps=454 hooks=20 inst=31 leakyRollout "Goff, the Burnbringer" +2.33MB hooks=[beforeDamage:1 afterDamage:1 modifyPoisonDamage:1] cards=[Zsos'Ssar, the Serpent Warlord:22 Goff, the Burnbringer:16 Wealth:14 Luna Pele, the Flame Dancer:9 Alex, Trainer of Heroes:9 Barker, the Monster Tamer:7]
t=1 ph=3 ap=0 snaps=454 hooks=20 inst=31 rollout "Goff, the Burnbringer" Creature lvl0 hero1
t=1 ph=3 ap=0 snaps=468 hooks=20 inst=31 rollout "Goff, the Burnbringer" Creature lvl0 hero1
t=1 ph=3 ap=0 snaps=484 hooks=20 inst=31 rollout "Goff, the Burnbringer" Creature lvl0 hero1
t=1 ph=3 ap=0 snaps=509 hooks=20 inst=31 leakyRollout "Goff, the Burnbringer" +2.34MB hooks=[] cards=[Wealth:12 Zsos'Ssar, the Serpent Warlord:12 Goff, the Burnbringer:9 Alex, Trainer of Heroes:8 Barker, the Monster Tamer:7 Luna Pele, the Flame Dancer:5]
t=1 ph=3 ap=0 snaps=509 hooks=20 inst=31 rollout "Goff, the Burnbringer" Creature lvl0 hero1
t=1 ph=3 ap=0 snaps=532 hooks=20 inst=31 leakyRollout "Goff, the Burnbringer" +1.17MB hooks=[onHeroKO:1] cards=[Wealth:20 Zsos'Ssar, the Serpent Warlord:12 Goff, the Burnbringer:9 Barker, the Monster Tamer:7 Alex, Trainer of Heroes:7 Luna Pele, the Flame Dancer:4]
t=1 ph=3 ap=0 snaps=532 hooks=20 inst=31 rollout "Goff, the Burnbringer" Creature lvl0 hero1
t=1 ph=3 ap=0 snaps=550 hooks=20 inst=31 rollout "Goff, the Burnbringer" Creature lvl0 hero1
t=1 ph=3 ap=0 snaps=565 hooks=20 inst=31 rollout "Goff, the Burnbringer" Creature lvl0 hero1
t=1 ph=3 ap=0 snaps=582 hooks=20 inst=31 leakyRollout "Goff, the Burnbringer" +11.75MB hooks=[] cards=[Zsos'Ssar, the Serpent Warlord:17 Wealth:14 Goff, the Burnbringer:12 Alex, Trainer of Heroes:10 Barker, the Monster Tamer:7 Luna Pele, the Flame Dancer:5]
t=1 ph=3 ap=0 snaps=582 hooks=20 inst=31 rollout "Goff, the Burnbringer" Creature lvl0 hero1
t=1 ph=3 ap=0 snaps=601 hooks=20 inst=31 summon "Goff, the Burnbringer" p0/h1

=== GAME 11/1000: Steam Dwarf Mines vs Great Weapon Master @ 2026-05-01T11:29:46.295Z ===
t=1 ph=2 ap=0 snaps=0 hooks=10 inst=29 cpuTurnStart cpu=p0 hand=6
t=1 ph=2 ap=0 snaps=8 hooks=12 inst=30 summon "Aggressive Town Guard" p0/h0
t=1 ph=3 ap=0 snaps=21 hooks=33 inst=34 rollout "Steam Dwarf Brewer" Creature lvl1 hero2
t=1 ph=3 ap=0 snaps=23 hooks=33 inst=34 leakyRollout "Steam Dwarf Brewer" +13.43MB hooks=[beforeDamage:2 afterDamage:2] cards=[Layn, Defender of Deri:18 Sacred Hammer of the Volcano:14 Toras, Master of all Weapons:12 Wealth:12 Arthor, the King of Blackport:11 Creativity:10]
t=1 ph=3 ap=0 snaps=23 hooks=33 inst=34 rollout "Steam Dwarf Brewer" Creature lvl1 hero2
t=1 ph=3 ap=0 snaps=37 hooks=33 inst=34 leakyRollout "Steam Dwarf Brewer" +8.60MB hooks=[modifyPoisonDamage:1 beforeDamage:1 afterDamage:1] cards=[Layn, Defender of Deri:21 Toras, Master of all Weapons:20 Creativity:14 Fighting:13 Arthor, the King of Blackport:12 Wealth:12]
t=1 ph=3 ap=0 snaps=37 hooks=33 inst=34 rollout "Steam Dwarf Brewer" Creature lvl1 hero2
t=1 ph=3 ap=0 snaps=40 hooks=33 inst=34 leakyRollout "Steam Dwarf Brewer" +13.83MB hooks=[modifyPoisonDamage:1 beforeDamage:1 afterDamage:1] cards=[Wealth:24 Layn, Defender of Deri:15 The Master's Sword:12 Arthor, the King of Blackport:11 Toras, Master of all Weapons:11 Creativity:5]
t=1 ph=3 ap=0 snaps=40 hooks=33 inst=34 rollout "Steam Dwarf Engineer" Creature lvl1 hero2
t=1 ph=3 ap=0 snaps=59 hooks=33 inst=34 leakyRollout "Steam Dwarf Engineer" +1.39MB hooks=[beforeDamage:2 afterDamage:2 onHeroKO:1 onCardLeaveZone:1] cards=[Layn, Defender of Deri:34 Wealth:25 Creativity:24 Toras, Master of all Weapons:16 Performance:16 Arthor, the King of Blackport:12]
t=1 ph=3 ap=0 snaps=59 hooks=33 inst=34 rollout "Steam Dwarf Engineer" Creature lvl1 hero2
t=1 ph=3 ap=0 snaps=72 hooks=33 inst=34 leakyRollout "Steam Dwarf Engineer" +7.84MB hooks=[beforeDamage:2 afterDamage:2 modifyPoisonDamage:1] cards=[Wealth:26 Layn, Defender of Deri:23 Creativity:14 Toras, Master of all Weapons:13 Arthor, the King of Blackport:10 Fiona, the Princess of Blackport:4]
t=1 ph=3 ap=0 snaps=72 hooks=33 inst=34 rollout "Steam Dwarf Engineer" Creature lvl1 hero2
t=1 ph=3 ap=0 snaps=79 hooks=33 inst=34 leakyRollout "Steam Dwarf Engineer" +2.15MB hooks=[beforeDamage:2 afterDamage:2] cards=[Layn, Defender of Deri:22 Blade of the Swamp Witch:19 Toras, Master of all Weapons:15 Arthor, the King of Blackport:12 Wealth:12 Creativity:12]
t=1 ph=3 ap=0 snaps=79 hooks=33 inst=34 rollout "Steam Dwarf Brewer" Creature lvl1 hero2
t=1 ph=3 ap=0 snaps=88 hooks=33 inst=34 leakyRollout "Steam Dwarf Brewer" +3.29MB hooks=[beforeDamage:3 afterDamage:3 modifyPoisonDamage:1] cards=[Wealth:27 Layn, Defender of Deri:24 Toras, Master of all Weapons:19 Fighting:13 Creativity:13 Arthor, the King of Blackport:12]
t=1 ph=3 ap=0 snaps=88 hooks=33 inst=34 rollout "Steam Dwarf Brewer" Creature lvl1 hero2
t=1 ph=3 ap=0 snaps=99 hooks=33 inst=34 leakyRollout "Steam Dwarf Brewer" +6.53MB hooks=[beforeDamage:1 afterDamage:1] cards=[Wealth:25 Layn, Defender of Deri:23 Creativity:14 Arthor, the King of Blackport:12 Toras, Master of all Weapons:12 Fighting:6]
t=1 ph=3 ap=0 snaps=99 hooks=33 inst=34 rollout "Steam Dwarf Brewer" Creature lvl1 hero2
t=1 ph=3 ap=0 snaps=107 hooks=33 inst=34 leakyRollout "Steam Dwarf Brewer" +0.54MB hooks=[modifyPoisonDamage:1 beforeDamage:1 afterDamage:1] cards=[Layn, Defender of Deri:24 Wealth:24 Toras, Master of all Weapons:15 Arthor, the King of Blackport:12 Creativity:9 Blade of the Frostbringer:8]
t=1 ph=3 ap=0 snaps=107 hooks=33 inst=34 rollout "Steam Dwarf Brewer" Creature lvl1 hero2
t=1 ph=3 ap=0 snaps=112 hooks=33 inst=34 rollout "Steam Dwarf Brewer" Creature lvl1 hero2
t=1 ph=3 ap=0 snaps=121 hooks=33 inst=34 leakyRollout "Steam Dwarf Brewer" +4.09MB hooks=[beforeDamage:4 afterDamage:4 modifyPoisonDamage:1] cards=[Wealth:30 Layn, Defender of Deri:26 Toras, Master of all Weapons:23 Fighting:18 Creativity:18 Arthor, the King of Blackport:11]
t=1 ph=3 ap=0 snaps=121 hooks=33 inst=34 rollout "Steam Dwarf Brewer" Creature lvl1 hero2
t=1 ph=3 ap=0 snaps=127 hooks=33 inst=34 rollout "Steam Dwarf Brewer" Creature lvl1 hero2
t=1 ph=3 ap=0 snaps=140 hooks=33 inst=34 rollout "Steam Dwarf Brewer" Creature lvl1 hero2
t=1 ph=3 ap=0 snaps=155 hooks=33 inst=34 rollout "Steam Dwarf Brewer" Creature lvl1 hero2
t=1 ph=3 ap=0 snaps=166 hooks=33 inst=34 leakyRollout "Steam Dwarf Brewer" +4.99MB hooks=[beforeDamage:2 afterDamage:2 modifyPoisonDamage:1] cards=[Wealth:26 Layn, Defender of Deri:23 Shield of Life:20 Toras, Master of all Weapons:13 Creativity:12 Arthor, the King of Blackport:10]
t=1 ph=3 ap=0 snaps=166 hooks=33 inst=34 rollout "Steam Dwarf Brewer" Creature lvl1 hero2
t=1 ph=3 ap=0 snaps=168 hooks=33 inst=34 rollout "Steam Dwarf Brewer" Creature lvl1 hero2
t=1 ph=3 ap=0 snaps=172 hooks=33 inst=34 leakyRollout "Steam Dwarf Brewer" +13.32MB hooks=[beforeDamage:1 afterDamage:1] cards=[Layn, Defender of Deri:18 Wealth:12 Arthor, the King of Blackport:11 Toras, Master of all Weapons:10 Creativity:8 Blade of the Swamp Witch:8]
t=1 ph=3 ap=0 snaps=172 hooks=33 inst=34 rollout "Steam Dwarf Brewer" Creature lvl1 hero2
t=1 ph=3 ap=0 snaps=176 hooks=33 inst=34 rollout "Steam Dwarf Brewer" Creature lvl1 hero2
t=1 ph=3 ap=0 snaps=183 hooks=33 inst=34 rollout "Steam Dwarf Brewer" Creature lvl1 hero2
t=1 ph=3 ap=0 snaps=198 hooks=33 inst=34 rollout "Steam Dwarf Brewer" Creature lvl1 hero2
t=1 ph=3 ap=0 snaps=206 hooks=33 inst=34 rollout "Steam Dwarf Brewer" Creature lvl1 hero2
t=1 ph=3 ap=0 snaps=212 hooks=33 inst=34 rollout "Steam Dwarf Brewer" Creature lvl1 hero2
t=1 ph=3 ap=0 snaps=222 hooks=33 inst=34 leakyRollout "Steam Dwarf Brewer" +5.16MB hooks=[] cards=[Layn, Defender of Deri:20 The Sun Sword:20 Toras, Master of all Weapons:16 Creativity:13 Wealth:12 Arthor, the King of Blackport:11]
t=1 ph=3 ap=0 snaps=222 hooks=33 inst=34 rollout "Steam Dwarf Brewer" Creature lvl1 hero2
t=1 ph=3 ap=0 snaps=226 hooks=33 inst=34 rollout "Steam Dwarf Brewer" Creature lvl1 hero2
t=1 ph=3 ap=0 snaps=232 hooks=33 inst=34 rollout "Steam Dwarf Brewer" Creature lvl1 hero2
t=1 ph=3 ap=0 snaps=234 hooks=33 inst=34 rollout "Steam Dwarf Brewer" Creature lvl1 hero2
t=1 ph=3 ap=0 snaps=254 hooks=33 inst=34 leakyRollout "Steam Dwarf Brewer" +1.80MB hooks=[] cards=[Layn, Defender of Deri:24 Toras, Master of all Weapons:24 Creativity:18 Fighting:13 Wealth:12 Arthor, the King of Blackport:10]
t=1 ph=3 ap=0 snaps=254 hooks=33 inst=34 rollout "Steam Dwarf Brewer" Creature lvl1 hero2
t=1 ph=3 ap=0 snaps=264 hooks=33 inst=34 leakyRollout "Steam Dwarf Brewer" +6.06MB hooks=[beforeDamage:1 afterDamage:1] cards=[Layn, Defender of Deri:25 Creativity:15 Toras, Master of all Weapons:14 Arthor, the King of Blackport:12 Wealth:12 The Sun Sword:10]
t=1 ph=3 ap=0 snaps=264 hooks=33 inst=34 rollout "Steam Dwarf Brewer" Creature lvl1 hero2
t=1 ph=3 ap=0 snaps=272 hooks=33 inst=34 rollout "Steam Dwarf Brewer" Creature lvl1 hero2
t=1 ph=3 ap=0 snaps=284 hooks=33 inst=34 rollout "Steam Dwarf Engineer" Creature lvl1 hero2
t=1 ph=3 ap=0 snaps=297 hooks=33 inst=34 leakyRollout "Steam Dwarf Engineer" +6.05MB hooks=[beforeDamage:2 afterDamage:2] cards=[Layn, Defender of Deri:23 Sacred Hammer of the Volcano:18 Toras, Master of all Weapons:17 Wealth:12 Creativity:12 Arthor, the King of Blackport:11]
t=1 ph=3 ap=0 snaps=297 hooks=33 inst=34 rollout "Steam Dwarf Engineer" Creature lvl1 hero2
t=1 ph=3 ap=0 snaps=310 hooks=33 inst=34 leakyRollout "Steam Dwarf Engineer" +3.94MB hooks=[beforeDamage:3 afterDamage:3 modifyPoisonDamage:1] cards=[Wealth:27 Layn, Defender of Deri:21 Creativity:13 Arthor, the King of Blackport:10 Toras, Master of all Weapons:10 Vampiric Sword:7]
t=1 ph=3 ap=0 snaps=310 hooks=33 inst=34 rollout "Steam Dwarf Engineer" Creature lvl1 hero2
t=1 ph=3 ap=0 snaps=318 hooks=33 inst=34 leakyRollout "Steam Dwarf Engineer" +2.82MB hooks=[beforeDamage:2 afterDamage:2] cards=[Layn, Defender of Deri:27 Toras, Master of all Weapons:25 Fighting:19 Creativity:18 Wealth:12 Arthor, the King of Blackport:11]
t=1 ph=3 ap=0 snaps=318 hooks=33 inst=34 rollout "Steam Dwarf Engineer" Creature lvl1 hero2
t=1 ph=3 ap=0 snaps=325 hooks=33 inst=34 rollout "Steam Dwarf Engineer" Creature lvl1 hero2
t=1 ph=3 ap=0 snaps=329 hooks=33 inst=34 rollout "Steam Dwarf Engineer" Creature lvl1 hero2
t=1 ph=3 ap=0 snaps=339 hooks=33 inst=34 leakyRollout "Steam Dwarf Engineer" +3.45MB hooks=[beforeDamage:2 afterDamage:2] cards=[Layn, Defender of Deri:22 Toras, Master of all Weapons:18 Creativity:14 Arthor, the King of Blackport:12 Wealth:12 Fighting:7]
t=1 ph=3 ap=0 snaps=339 hooks=33 inst=34 rollout "Steam Dwarf Engineer" Creature lvl1 hero2
t=1 ph=3 ap=0 snaps=348 hooks=33 inst=34 rollout "Steam Dwarf Engineer" Creature lvl1 hero2
t=1 ph=3 ap=0 snaps=359 hooks=33 inst=34 leakyRollout "Steam Dwarf Engineer" +4.44MB hooks=[beforeDamage:1 afterDamage:1] cards=[Layn, Defender of Deri:21 Arthor, the King of Blackport:12 Toras, Master of all Weapons:12 Wealth:12 Creativity:11 Fighting:4]
t=1 ph=3 ap=0 snaps=359 hooks=33 inst=34 rollout "Steam Dwarf Engineer" Creature lvl1 hero2
t=1 ph=3 ap=0 snaps=366 hooks=33 inst=34 leakyRollout "Steam Dwarf Engineer" +0.81MB hooks=[beforeDamage:1 afterDamage:1] cards=[Layn, Defender of Deri:23 Shield of Life:20 Creativity:15 Toras, Master of all Weapons:13 Wealth:12 Arthor, the King of Blackport:11]
t=1 ph=3 ap=0 snaps=366 hooks=33 inst=34 rollout "Steam Dwarf Engineer" Creature lvl1 hero2
t=1 ph=3 ap=0 snaps=375 hooks=33 inst=34 leakyRollout "Steam Dwarf Engineer" +2.74MB hooks=[beforeDamage:4 afterDamage:4 onHeroKO:1 onCardLeaveZone:1 modifyPoisonDamage:1] cards=[Wealth:30 Layn, Defender of Deri:25 Toras, Master of all Weapons:19 Creativity:15 Arthor, the King of Blackport:12 Fighting:7]
t=1 ph=3 ap=0 snaps=375 hooks=33 inst=34 rollout "Steam Dwarf Engineer" Creature lvl1 hero2
t=1 ph=3 ap=0 snaps=382 hooks=33 inst=34 leakyRollout "Steam Dwarf Engineer" +1.35MB hooks=[beforeDamage:3 afterDamage:3 modifyPoisonDamage:1] cards=[Layn, Defender of Deri:23 Toras, Master of all Weapons:16 Creativity:13 Arthor, the King of Blackport:12 Wealth:12 Steam Dwarf Miner:9]
t=1 ph=3 ap=0 snaps=382 hooks=33 inst=34 rollout "Steam Dwarf Engineer" Creature lvl1 hero2
t=1 ph=3 ap=0 snaps=390 hooks=33 inst=34 leakyRollout "Steam Dwarf Engineer" +1.16MB hooks=[beforeDamage:2 afterDamage:2] cards=[Blade of the Swamp Witch:32 Layn, Defender of Deri:27 Wealth:23 Toras, Master of all Weapons:22 Creativity:16 Fighting:13]
t=1 ph=3 ap=0 snaps=390 hooks=33 inst=34 rollout "Steam Dwarf Engineer" Creature lvl1 hero2
t=1 ph=3 ap=0 snaps=403 hooks=33 inst=34 rollout "Steam Dwarf Engineer" Creature lvl1 hero2
t=1 ph=3 ap=0 snaps=412 hooks=33 inst=34 leakyRollout "Steam Dwarf Engineer" +3.19MB hooks=[beforeDamage:3 afterDamage:3 modifyPoisonDamage:1] cards=[Shield of Life:23 Layn, Defender of Deri:21 Toras, Master of all Weapons:15 Arthor, the King of Blackport:12 Wealth:12 Creativity:12]
t=1 ph=3 ap=0 snaps=412 hooks=33 inst=34 rollout "Steam Dwarf Engineer" Creature lvl1 hero2
t=1 ph=3 ap=0 snaps=423 hooks=33 inst=34 leakyRollout "Steam Dwarf Engineer" +6.10MB hooks=[beforeDamage:4 afterDamage:4 onCardLeaveZone:3 onHeroKO:1 modifyPoisonDamage:1] cards=[Wealth:27 Layn, Defender of Deri:21 Toras, Master of all Weapons:16 Arthor, the King of Blackport:12 Creativity:12 Earth-Shattering Hammer, Relic of Deri:9]
t=1 ph=3 ap=0 snaps=423 hooks=33 inst=34 rollout "Steam Dwarf Engineer" Creature lvl1 hero2
t=1 ph=3 ap=0 snaps=429 hooks=33 inst=34 rollout "Steam Dwarf Engineer" Creature lvl1 hero2
t=1 ph=3 ap=0 snaps=432 hooks=33 inst=34 rollout "Steam Dwarf Engineer" Creature lvl1 hero2
t=1 ph=3 ap=0 snaps=442 hooks=33 inst=34 leakyRollout "Steam Dwarf Engineer" +1.77MB hooks=[beforeDamage:4 afterDamage:4 onHeroKO:1 onCardLeaveZone:1 modifyPoisonDamage:1] cards=[Wealth:27 Layn, Defender of Deri:21 Blade of the Swamp Witch:21 Toras, Master of all Weapons:13 Arthor, the King of Blackport:12 Creativity:10]
t=1 ph=3 ap=0 snaps=442 hooks=33 inst=34 rollout "Steam Dwarf Engineer" Creature lvl1 hero2
t=1 ph=3 ap=0 snaps=450 hooks=33 inst=34 leakyRollout "Steam Dwarf Engineer" +1.06MB hooks=[beforeDamage:2 afterDamage:2] cards=[Layn, Defender of Deri:21 Arthor, the King of Blackport:13 Wealth:12 Toras, Master of all Weapons:11 Blade of the Frostbringer:8 Creativity:7]
t=1 ph=3 ap=0 snaps=450 hooks=33 inst=34 rollout "Steam Dwarf Engineer" Creature lvl1 hero2
t=1 ph=3 ap=0 snaps=459 hooks=33 inst=34 leakyRollout "Steam Dwarf Engineer" +2.63MB hooks=[beforeDamage:3 afterDamage:3 modifyPoisonDamage:1] cards=[Wealth:27 Layn, Defender of Deri:24 Creativity:14 Arthor, the King of Blackport:11 Toras, Master of all Weapons:10 Toughness:5]
t=1 ph=3 ap=0 snaps=459 hooks=33 inst=34 rollout "Steam Dwarf Engineer" Creature lvl1 hero2
t=1 ph=3 ap=0 snaps=468 hooks=33 inst=34 rollout "Steam Dwarf Engineer" Creature lvl1 hero2
t=1 ph=3 ap=0 snaps=480 hooks=33 inst=34 leakyRollout "Steam Dwarf Engineer" +5.72MB hooks=[beforeDamage:2 afterDamage:2] cards=[Layn, Defender of Deri:19 Toras, Master of all Weapons:15 Arthor, the King of Blackport:12 Wealth:12 Creativity:11 Glass of Marbles:9]
t=1 ph=3 ap=0 snaps=480 hooks=33 inst=34 rollout "Steam Dwarf Engineer" Creature lvl1 hero2
t=1 ph=3 ap=0 snaps=500 hooks=33 inst=34 rollout "Steam Dwarf Engineer" Creature lvl1 hero2
t=1 ph=3 ap=0 snaps=525 hooks=33 inst=34 leakyRollout "Steam Dwarf Engineer" +6.22MB hooks=[beforeDamage:2 afterDamage:2] cards=[Layn, Defender of Deri:26 Toras, Master of all Weapons:25 Creativity:19 Fighting:16 Wealth:12 Arthor, the King of Blackport:11]
t=1 ph=3 ap=0 snaps=525 hooks=33 inst=34 rollout "Steam Dwarf Brewer" Creature lvl1 hero2
t=1 ph=3 ap=0 snaps=531 hooks=33 inst=34 rollout "Steam Dwarf Brewer" Creature lvl1 hero2
t=1 ph=3 ap=0 snaps=538 hooks=33 inst=34 leakyRollout "Steam Dwarf Brewer" +1.35MB hooks=[beforeDamage:3 afterDamage:3 modifyPoisonDamage:1] cards=[Wealth:27 Layn, Defender of Deri:19 Arthor, the King of Blackport:12 Toras, Master of all Weapons:12 Creativity:10 Glass of Marbles:6]
t=1 ph=3 ap=0 snaps=538 hooks=33 inst=34 rollout "Steam Dwarf Brewer" Creature lvl1 hero2
t=1 ph=3 ap=0 snaps=543 hooks=33 inst=34 rollout "Steam Dwarf Brewer" Creature lvl1 hero2
t=1 ph=3 ap=0 snaps=552 hooks=33 inst=34 leakyRollout "Steam Dwarf Brewer" +2.00MB hooks=[beforeDamage:2 afterDamage:2] cards=[Wealth:27 Layn, Defender of Deri:22 Arthor, the King of Blackport:12 Toras, Master of all Weapons:9 Fiona, the Princess of Blackport:7 Blade of the Frostbringer:7]
t=1 ph=3 ap=0 snaps=552 hooks=33 inst=34 rollout "Steam Dwarf Engineer" Creature lvl1 hero2
t=1 ph=3 ap=0 snaps=562 hooks=33 inst=34 rollout "Steam Dwarf Brewer" Creature lvl1 hero2
t=1 ph=3 ap=0 snaps=566 hooks=33 inst=34 leakyRollout "Steam Dwarf Brewer" +1.42MB hooks=[modifyPoisonDamage:1 beforeDamage:1 afterDamage:1] cards=[Wealth:24 The Sun Sword:21 Layn, Defender of Deri:16 Toras, Master of all Weapons:11 Arthor, the King of Blackport:10 Creativity:10]
t=1 ph=3 ap=0 snaps=566 hooks=33 inst=34 rollout "Steam Dwarf Brewer" Creature lvl1 hero2
t=1 ph=3 ap=0 snaps=573 hooks=33 inst=34 rollout "Steam Dwarf Brewer" Creature lvl1 hero2
t=1 ph=3 ap=0 snaps=575 hooks=33 inst=34 leakyRollout "Steam Dwarf Brewer" +11.48MB hooks=[beforeDamage:2 afterDamage:2] cards=[Layn, Defender of Deri:25 Blade of the Swamp Witch:21 Toras, Master of all Weapons:19 Creativity:13 Arthor, the King of Blackport:12 Wealth:12]
t=1 ph=3 ap=0 snaps=575 hooks=33 inst=34 rollout "Steam Dwarf Brewer" Creature lvl1 hero2
t=1 ph=3 ap=0 snaps=583 hooks=33 inst=34 rollout "Steam Dwarf Brewer" Creature lvl1 hero2
t=1 ph=3 ap=0 snaps=597 hooks=33 inst=34 leakyRollout "Steam Dwarf Brewer" +7.25MB hooks=[beforeDamage:3 afterDamage:3 modifyPoisonDamage:1] cards=[Wealth:27 Layn, Defender of Deri:19 Toras, Master of all Weapons:14 Arthor, the King of Blackport:12 Creativity:10 Earth-Shattering Hammer, Relic of Deri:9]
t=1 ph=3 ap=0 snaps=597 hooks=33 inst=34 rollout "Steam Dwarf Engineer" Creature lvl1 hero2
t=1 ph=3 ap=0 snaps=601 hooks=33 inst=34 leakyRollout "Steam Dwarf Engineer" +7.88MB hooks=[onStatusApplied:3 beforeDamage:2 afterDamage:2 onResourceGain:1 afterSpellResolved:1 onAnyActionResolved:1] cards=[Layn, Defender of Deri:13 Wealth:12 Toras, Master of all Weapons:7 Arthor, the King of Blackport:6 Creativity:6 Shield of Life:5]
t=1 ph=3 ap=0 snaps=601 hooks=33 inst=34 summon "Steam Dwarf Brewer" p0/h2

=== GAME 12/1000: Burning Inferno vs Man's Best Friends @ 2026-05-01T11:29:47.741Z ===
t=1 ph=2 ap=1 snaps=0 hooks=10 inst=29 cpuTurnStart cpu=p1 hand=6
t=1 ph=3 ap=1 snaps=1 hooks=12 inst=29 rollout "Loyal Shepherd" Creature lvl1 hero0
t=1 ph=3 ap=1 snaps=28 hooks=12 inst=29 leakyRollout "Loyal Shepherd" +3.75MB hooks=[] cards=[Wealth:14 Ingo, Investor of Evil:13 Orthos, the Loyal Guard Dog:13 Alex, Trainer of Heroes:12 Barker, the Monster Tamer:7 Loyal Hountriever:6]
t=1 ph=3 ap=1 snaps=28 hooks=12 inst=29 rollout "Loyal Shepherd" Creature lvl1 hero0
t=1 ph=3 ap=1 snaps=61 hooks=12 inst=29 leakyRollout "Loyal Shepherd" +13.18MB hooks=[] cards=[Wealth:15 Ingo, Investor of Evil:14 Orthos, the Loyal Guard Dog:14 Alex, Trainer of Heroes:14 Loyal Hountriever:13 Barker, the Monster Tamer:7]
t=1 ph=3 ap=1 snaps=61 hooks=12 inst=29 rollout "Loyal Shepherd" Creature lvl1 hero0
t=1 ph=3 ap=1 snaps=87 hooks=12 inst=29 leakyRollout "Loyal Shepherd" +4.93MB hooks=[] cards=[Wealth:14 Ingo, Investor of Evil:12 Orthos, the Loyal Guard Dog:12 Alex, Trainer of Heroes:12 Loyal Hountriever:10 Barker, the Monster Tamer:7]
t=1 ph=3 ap=1 snaps=87 hooks=12 inst=29 rollout "Loyal Labradoodle" Creature lvl1 hero2
t=1 ph=3 ap=1 snaps=117 hooks=12 inst=29 leakyRollout "Loyal Labradoodle" +9.19MB hooks=[] cards=[Wealth:14 Ingo, Investor of Evil:13 Orthos, the Loyal Guard Dog:13 Alex, Trainer of Heroes:12 Loyal Hountriever:12 Barker, the Monster Tamer:7]
t=1 ph=3 ap=1 snaps=117 hooks=12 inst=29 rollout "Loyal Labradoodle" Creature lvl1 hero2
t=1 ph=3 ap=1 snaps=141 hooks=12 inst=29 leakyRollout "Loyal Labradoodle" +2.36MB hooks=[] cards=[Wealth:13 Ingo, Investor of Evil:13 Orthos, the Loyal Guard Dog:13 Alex, Trainer of Heroes:13 Loyal Hountriever:12 Barker, the Monster Tamer:7]
t=1 ph=3 ap=1 snaps=141 hooks=12 inst=29 rollout "Loyal Labradoodle" Creature lvl1 hero2
t=1 ph=3 ap=1 snaps=170 hooks=12 inst=29 leakyRollout "Loyal Labradoodle" +7.88MB hooks=[] cards=[Wealth:13 Ingo, Investor of Evil:12 Orthos, the Loyal Guard Dog:12 Alex, Trainer of Heroes:12 Loyal Hountriever:10 Barker, the Monster Tamer:7]
t=1 ph=3 ap=1 snaps=170 hooks=12 inst=29 rollout "Loyal Terrier" Creature lvl1 hero2
t=1 ph=3 ap=1 snaps=204 hooks=12 inst=29 leakyRollout "Loyal Terrier" +10.27MB hooks=[] cards=[Wealth:14 Ingo, Investor of Evil:12 Orthos, the Loyal Guard Dog:12 Alex, Trainer of Heroes:10 Barker, the Monster Tamer:7 Luna Kiai:4]
t=1 ph=3 ap=1 snaps=204 hooks=12 inst=29 rollout "Loyal Terrier" Creature lvl1 hero2
t=1 ph=3 ap=1 snaps=235 hooks=12 inst=29 leakyRollout "Loyal Terrier" +9.71MB hooks=[] cards=[Wealth:13 Ingo, Investor of Evil:13 Orthos, the Loyal Guard Dog:13 Alex, Trainer of Heroes:13 Loyal Hountriever:10 Luna Kiai:9]
t=1 ph=3 ap=1 snaps=235 hooks=12 inst=29 rollout "Loyal Terrier" Creature lvl1 hero2
t=1 ph=3 ap=1 snaps=266 hooks=12 inst=29 leakyRollout "Loyal Terrier" +9.52MB hooks=[] cards=[Wealth:13 Ingo, Investor of Evil:13 Orthos, the Loyal Guard Dog:13 Loyal Hountriever:13 Alex, Trainer of Heroes:12 Barker, the Monster Tamer:7]
t=1 ph=3 ap=1 snaps=266 hooks=12 inst=29 rollout "Loyal Pinpom" Creature lvl1 hero2
t=1 ph=3 ap=1 snaps=287 hooks=12 inst=29 leakyRollout "Loyal Pinpom" +12.41MB hooks=[] cards=[Wealth:14 Ingo, Investor of Evil:12 Orthos, the Loyal Guard Dog:12 Alex, Trainer of Heroes:11 Barker, the Monster Tamer:7 Loyal Hountriever:5]
t=1 ph=3 ap=1 snaps=287 hooks=12 inst=29 rollout "Loyal Pinpom" Creature lvl1 hero2
t=1 ph=3 ap=1 snaps=304 hooks=12 inst=29 leakyRollout "Loyal Pinpom" +9.31MB hooks=[] cards=[Wealth:14 Ingo, Investor of Evil:12 Orthos, the Loyal Guard Dog:12 Alex, Trainer of Heroes:11 Barker, the Monster Tamer:7 Loyal Hountriever:5]
t=1 ph=3 ap=1 snaps=304 hooks=12 inst=29 rollout "Loyal Pinpom" Creature lvl1 hero2
t=1 ph=3 ap=1 snaps=331 hooks=12 inst=29 leakyRollout "Loyal Pinpom" +4.81MB hooks=[] cards=[Wealth:15 Ingo, Investor of Evil:14 Orthos, the Loyal Guard Dog:14 Alex, Trainer of Heroes:14 Loyal Hountriever:12 Barker, the Monster Tamer:6]
t=1 ph=3 ap=1 snaps=331 hooks=12 inst=29 rollout "Loyal Hountriever" Creature lvl1 hero2
t=1 ph=3 ap=1 snaps=376 hooks=12 inst=29 leakyRollout "Loyal Hountriever" +13.18MB hooks=[] cards=[Loyal Hountriever:28 Ingo, Investor of Evil:16 Orthos, the Loyal Guard Dog:16 Wealth:15 Alex, Trainer of Heroes:14 Barker, the Monster Tamer:7]
t=1 ph=3 ap=1 snaps=376 hooks=12 inst=29 rollout "Loyal Hountriever" Creature lvl1 hero2
t=1 ph=3 ap=1 snaps=416 hooks=12 inst=29 leakyRollout "Loyal Hountriever" +7.56MB hooks=[] cards=[Loyal Hountriever:24 Ingo, Investor of Evil:17 Orthos, the Loyal Guard Dog:17 Alex, Trainer of Heroes:17 Wealth:16 Barker, the Monster Tamer:7]
t=1 ph=3 ap=1 snaps=416 hooks=12 inst=29 rollout "Loyal Hountriever" Creature lvl1 hero2
t=1 ph=3 ap=1 snaps=448 hooks=12 inst=29 leakyRollout "Loyal Hountriever" +12.80MB hooks=[] cards=[Loyal Hountriever:20 Wealth:13 Ingo, Investor of Evil:13 Orthos, the Loyal Guard Dog:13 Alex, Trainer of Heroes:11 Barker, the Monster Tamer:7]
t=1 ph=3 ap=1 snaps=448 hooks=12 inst=29 rollout "Loyal Shepherd" Creature lvl1 hero0
t=1 ph=3 ap=1 snaps=484 hooks=12 inst=29 rollout "Loyal Shepherd" Creature lvl1 hero0
t=1 ph=3 ap=1 snaps=520 hooks=12 inst=29 rollout "Loyal Shepherd" Creature lvl1 hero0
t=1 ph=3 ap=1 snaps=541 hooks=12 inst=29 rollout "Loyal Shepherd" Creature lvl1 hero0
t=1 ph=3 ap=1 snaps=574 hooks=12 inst=29 leakyRollout "Loyal Shepherd" +8.36MB hooks=[] cards=[Wealth:14 Ingo, Investor of Evil:13 Orthos, the Loyal Guard Dog:13 Alex, Trainer of Heroes:13 Barker, the Monster Tamer:7 Luna Kiai:5]
t=1 ph=3 ap=1 snaps=574 hooks=12 inst=29 rollout "Loyal Shepherd" Creature lvl1 hero0
t=1 ph=3 ap=1 snaps=601 hooks=12 inst=29 summon "Loyal Shepherd" p1/h0

=== GAME 13/1000: Shadows over Blackport vs Spell Industrialization @ 2026-05-01T11:29:48.818Z ===
t=1 ph=2 ap=1 snaps=0 hooks=10 inst=29 cpuTurnStart cpu=p1 hand=6
t=1 ph=5 ap=1 snaps=23 hooks=30 inst=32 switchTurn ending p1
t=2 ph=2 ap=0 snaps=23 hooks=13 inst=33 cpuTurnStart cpu=p0 hand=6
t=2 ph=5 ap=0 snaps=47 hooks=54 inst=44 switchTurn ending p0
t=3 ph=2 ap=1 snaps=47 hooks=10 inst=45 cpuTurnStart cpu=p1 hand=4
t=3 ph=5 ap=1 snaps=54 hooks=15 inst=46 switchTurn ending p1
t=4 ph=2 ap=0 snaps=54 hooks=10 inst=47 cpuTurnStart cpu=p0 hand=8
t=4 ph=5 ap=0 snaps=81 hooks=44 inst=55 switchTurn ending p0
t=5 ph=2 ap=1 snaps=81 hooks=10 inst=56 cpuTurnStart cpu=p1 hand=5
t=5 ph=3 ap=1 snaps=89 hooks=12 inst=56 rollout "Pyroblast" Spell lvl0 hero0
t=5 ph=3 ap=1 snaps=92 hooks=12 inst=56 leakyRollout "Pyroblast" +9.81MB hooks=[beforeDamage:1 afterDamage:1] cards=[Summoning Circle:20 Ingo, Investor of Evil:15 Arthor, the King of Blackport:10 Wealth:10 Eraser Beam:8 Pollution Token:6]
t=5 ph=3 ap=1 snaps=92 hooks=12 inst=56 rollout "Pyroblast" Spell lvl0 hero1
t=5 ph=3 ap=1 snaps=94 hooks=12 inst=56 leakyRollout "Pyroblast" +14.41MB hooks=[] cards=[Summoning Circle:25 Ingo, Investor of Evil:20 Arthor, the King of Blackport:11 Wealth:8 Pollution Token:7 Eraser Beam:6]
t=5 ph=3 ap=1 snaps=94 hooks=12 inst=56 rollout "Pyroblast" Spell lvl0 hero2
t=5 ph=3 ap=1 snaps=101 hooks=12 inst=56 leakyRollout "Pyroblast" +11.15MB hooks=[beforeDamage:1 afterDamage:1] cards=[Summoning Circle:22 Ingo, Investor of Evil:16 Legendary Sword of a Barbarian King:13 Arthor, the King of Blackport:11 Wealth:9 Pollution Token:6]
t=5 ph=3 ap=1 snaps=101 hooks=12 inst=56 rollout "Eraser Beam" Spell lvl2 hero1
t=5 ph=3 ap=1 snaps=102 hooks=12 inst=56 leakyRollout "Eraser Beam" +5.16MB hooks=[] cards=[Summoning Circle:24 Ingo, Investor of Evil:16 Legendary Sword of a Barbarian King:15 Arthor, the King of Blackport:10 Wealth:9 Eraser Beam:6]
t=5 ph=3 ap=1 snaps=102 hooks=12 inst=56 rollout "Pyroblast" Spell lvl0 hero0
t=5 ph=3 ap=1 snaps=107 hooks=12 inst=56 leakyRollout "Pyroblast" +3.61MB hooks=[] cards=[Summoning Circle:21 Ingo, Investor of Evil:15 Arthor, the King of Blackport:12 Wealth:8 Eraser Beam:7 Jump in the River:6]
t=5 ph=3 ap=1 snaps=107 hooks=12 inst=56 rollout "Pyroblast" Spell lvl0 hero0
t=5 ph=3 ap=1 snaps=119 hooks=12 inst=56 leakyRollout "Pyroblast" +5.17MB hooks=[beforeDamage:1 afterDamage:1 onHeroKO:1] cards=[Ingo, Investor of Evil:14 Summoning Circle:9 Wealth:7 Eraser Beam:6 Arthor, the King of Blackport:4 Pollution Token:4]
t=5 ph=3 ap=1 snaps=119 hooks=12 inst=56 rollout "Pyroblast" Spell lvl0 hero0
t=5 ph=3 ap=1 snaps=122 hooks=12 inst=56 rollout "Pyroblast" Spell lvl0 hero0
t=5 ph=3 ap=1 snaps=125 hooks=12 inst=56 leakyRollout "Pyroblast" +5.10MB hooks=[beforeDamage:3 afterDamage:3] cards=[Summoning Circle:17 Ingo, Investor of Evil:13 Arthor, the King of Blackport:12 Wealth:9 Vinepire:8 Eraser Beam:5]
t=5 ph=3 ap=1 snaps=125 hooks=12 inst=56 rollout "Pyroblast" Spell lvl0 hero0
t=5 ph=3 ap=1 snaps=133 hooks=12 inst=56 leakyRollout "Pyroblast" +3.54MB hooks=[beforeDamage:3 afterDamage:3] cards=[Summoning Circle:15 Ingo, Investor of Evil:14 Wealth:9 Arthor, the King of Blackport:6 Legendary Sword of a Barbarian King:6 Eraser Beam:3]
t=5 ph=3 ap=1 snaps=133 hooks=12 inst=56 rollout "Pyroblast" Spell lvl0 hero0
t=5 ph=3 ap=1 snaps=135 hooks=12 inst=56 rollout "Pyroblast" Spell lvl0 hero0
t=5 ph=3 ap=1 snaps=137 hooks=12 inst=56 leakyRollout "Pyroblast" +6.81MB hooks=[] cards=[Ingo, Investor of Evil:21 Summoning Circle:12 Wealth:10 Pollution Token:6 Eraser Beam:6 Legendary Sword of a Barbarian King:6]
t=5 ph=3 ap=1 snaps=137 hooks=12 inst=56 rollout "Pyroblast" Spell lvl0 hero0
t=5 ph=3 ap=1 snaps=144 hooks=12 inst=56 rollout "Pyroblast" Spell lvl0 hero0
t=5 ph=3 ap=1 snaps=152 hooks=12 inst=56 rollout "Pyroblast" Spell lvl0 hero0
t=5 ph=3 ap=1 snaps=154 hooks=12 inst=56 leakyRollout "Pyroblast" +3.44MB hooks=[] cards=[Summoning Circle:22 Ingo, Investor of Evil:14 Arthor, the King of Blackport:10 Wealth:10 Pollution Piranha:7 Pollution Token:6]
t=5 ph=3 ap=1 snaps=154 hooks=12 inst=56 rollout "Pyroblast" Spell lvl0 hero0
t=5 ph=3 ap=1 snaps=159 hooks=12 inst=56 leakyRollout "Pyroblast" +5.25MB hooks=[] cards=[Summoning Circle:22 Ingo, Investor of Evil:16 Legendary Sword of a Barbarian King:11 Arthor, the King of Blackport:10 Wealth:8 Pollution Token:6]
t=5 ph=3 ap=1 snaps=159 hooks=12 inst=56 rollout "Pyroblast" Spell lvl0 hero0
t=5 ph=3 ap=1 snaps=161 hooks=12 inst=56 rollout "Pyroblast" Spell lvl0 hero0
t=5 ph=3 ap=1 snaps=164 hooks=12 inst=56 leakyRollout "Pyroblast" +7.97MB hooks=[] cards=[Ingo, Investor of Evil:20 Summoning Circle:13 Wealth:8 Pollution Token:7 Eraser Beam:7 Arthor, the King of Blackport:4]
t=5 ph=3 ap=1 snaps=164 hooks=12 inst=56 rollout "Pyroblast" Spell lvl0 hero0
t=5 ph=3 ap=1 snaps=167 hooks=12 inst=56 rollout "Pyroblast" Spell lvl0 hero1
t=5 ph=3 ap=1 snaps=169 hooks=12 inst=56 rollout "Pyroblast" Spell lvl0 hero1
t=5 ph=3 ap=1 snaps=173 hooks=12 inst=56 leakyRollout "Pyroblast" +12.83MB hooks=[] cards=[Summoning Circle:34 Ingo, Investor of Evil:23 Arthor, the King of Blackport:10 Wealth:9 Eraser Beam:8 Pollution Token:7]
t=5 ph=3 ap=1 snaps=173 hooks=12 inst=56 rollout "Pyroblast" Spell lvl0 hero1
t=5 ph=3 ap=1 snaps=179 hooks=12 inst=56 rollout "Pyroblast" Spell lvl0 hero1
t=5 ph=3 ap=1 snaps=182 hooks=12 inst=56 rollout "Pyroblast" Spell lvl0 hero1
t=5 ph=3 ap=1 snaps=190 hooks=12 inst=56 rollout "Pyroblast" Spell lvl0 hero1
t=5 ph=3 ap=1 snaps=193 hooks=12 inst=56 leakyRollout "Pyroblast" +0.79MB hooks=[beforeDamage:2 afterDamage:2] cards=[Summoning Circle:18 Ingo, Investor of Evil:16 Arthor, the King of Blackport:11 Wealth:7 Legendary Sword of a Barbarian King:7 Eraser Beam:6]
t=5 ph=3 ap=1 snaps=193 hooks=12 inst=56 rollout "Pyroblast" Spell lvl0 hero1
t=5 ph=3 ap=1 snaps=199 hooks=12 inst=56 leakyRollout "Pyroblast" +9.81MB hooks=[] cards=[Summoning Circle:23 Ingo, Investor of Evil:18 Legendary Sword of a Barbarian King:17 Fighting:12 Wealth:10 Eraser Beam:10]
t=5 ph=3 ap=1 snaps=199 hooks=12 inst=56 rollout "Pyroblast" Spell lvl0 hero1
t=5 ph=3 ap=1 snaps=207 hooks=12 inst=56 rollout "Pyroblast" Spell lvl0 hero1
t=5 ph=3 ap=1 snaps=210 hooks=12 inst=56 rollout "Pyroblast" Spell lvl0 hero1
t=5 ph=3 ap=1 snaps=212 hooks=12 inst=56 leakyRollout "Pyroblast" +10.14MB hooks=[beforeDamage:1 afterDamage:1] cards=[Summoning Circle:21 Ingo, Investor of Evil:17 Arthor, the King of Blackport:11 Wealth:9 Pollution Token:6 Eraser Beam:6]
t=5 ph=3 ap=1 snaps=212 hooks=12 inst=56 rollout "Pyroblast" Spell lvl0 hero1
t=5 ph=3 ap=1 snaps=214 hooks=12 inst=56 rollout "Pyroblast" Spell lvl0 hero1
t=5 ph=3 ap=1 snaps=216 hooks=12 inst=56 leakyRollout "Pyroblast" +6.92MB hooks=[] cards=[Summoning Circle:22 Ingo, Investor of Evil:17 Arthor, the King of Blackport:10 Wealth:9 Pollution Token:6 Pollution Piranha:6]
t=5 ph=3 ap=1 snaps=216 hooks=12 inst=56 rollout "Pyroblast" Spell lvl0 hero1
t=5 ph=3 ap=1 snaps=224 hooks=12 inst=56 leakyRollout "Pyroblast" +1.22MB hooks=[] cards=[Ingo, Investor of Evil:22 Summoning Circle:14 Legendary Sword of a Barbarian King:12 Wealth:10 Pollution Token:9 Eraser Beam:8]
t=5 ph=3 ap=1 snaps=224 hooks=12 inst=56 rollout "Pyroblast" Spell lvl0 hero1
t=5 ph=3 ap=1 snaps=229 hooks=12 inst=56 rollout "Pyroblast" Spell lvl0 hero2
t=5 ph=3 ap=1 snaps=232 hooks=12 inst=56 rollout "Pyroblast" Spell lvl0 hero2
t=5 ph=3 ap=1 snaps=237 hooks=12 inst=56 leakyRollout "Pyroblast" +8.79MB hooks=[] cards=[Summoning Circle:17 Ingo, Investor of Evil:15 Legendary Sword of a Barbarian King:15 Eraser Beam:13 Vinepire:10 Wealth:7]
t=5 ph=3 ap=1 snaps=237 hooks=12 inst=56 rollout "Pyroblast" Spell lvl0 hero2
t=5 ph=3 ap=1 snaps=242 hooks=12 inst=56 leakyRollout "Pyroblast" +5.26MB hooks=[] cards=[Summoning Circle:18 Ingo, Investor of Evil:11 Arthor, the King of Blackport:10 Wealth:9 Legendary Sword of a Barbarian King:8 Eraser Beam:5]
t=5 ph=3 ap=1 snaps=242 hooks=12 inst=56 rollout "Pyroblast" Spell lvl0 hero2
t=5 ph=3 ap=1 snaps=248 hooks=12 inst=56 rollout "Pyroblast" Spell lvl0 hero2
t=5 ph=3 ap=1 snaps=254 hooks=12 inst=56 leakyRollout "Pyroblast" +7.54MB hooks=[] cards=[Summoning Circle:13 Arthor, the King of Blackport:11 Ingo, Investor of Evil:11 Wealth:9 Eraser Beam:6 The Great Clock Tower "Big Gwen":5]
t=5 ph=3 ap=1 snaps=254 hooks=12 inst=56 rollout "Pyroblast" Spell lvl0 hero2
t=5 ph=3 ap=1 snaps=259 hooks=12 inst=56 rollout "Pyroblast" Spell lvl0 hero2
t=5 ph=3 ap=1 snaps=266 hooks=12 inst=56 leakyRollout "Pyroblast" +7.96MB hooks=[beforeDamage:3 afterDamage:3 afterSpellResolved:3 onHeroKO:2 onAnyActionResolved:2 onPlay:2] cards=[Summoning Circle:17 Ingo, Investor of Evil:15 Eraser Beam:11 Legendary Sword of a Barbarian King:9 Wealth:6 Pollution Token:5]
t=5 ph=3 ap=1 snaps=266 hooks=12 inst=56 rollout "Pyroblast" Spell lvl0 hero2
t=5 ph=3 ap=1 snaps=269 hooks=12 inst=56 rollout "Pyroblast" Spell lvl0 hero2
t=5 ph=3 ap=1 snaps=275 hooks=12 inst=56 rollout "Pyroblast" Spell lvl0 hero2
t=5 ph=3 ap=1 snaps=278 hooks=12 inst=56 leakyRollout "Pyroblast" +2.26MB hooks=[] cards=[Summoning Circle:23 Ingo, Investor of Evil:17 Arthor, the King of Blackport:8 Wealth:8 Pollution Token:6 Eraser Beam:6]
t=5 ph=3 ap=1 snaps=278 hooks=12 inst=56 rollout "Pyroblast" Spell lvl0 hero2
t=5 ph=3 ap=1 snaps=281 hooks=12 inst=56 leakyRollout "Pyroblast" +3.05MB hooks=[beforeDamage:2 afterDamage:2] cards=[Summoning Circle:21 Ingo, Investor of Evil:15 Legendary Sword of a Barbarian King:13 Arthor, the King of Blackport:12 Wealth:8 Eraser Beam:7]
t=5 ph=3 ap=1 snaps=281 hooks=12 inst=56 rollout "Pyroblast" Spell lvl0 hero2
t=5 ph=3 ap=1 snaps=287 hooks=12 inst=56 leakyRollout "Pyroblast" +2.67MB hooks=[beforeDamage:2 afterDamage:2] cards=[Summoning Circle:26 Ingo, Investor of Evil:20 Arthor, the King of Blackport:12 Legendary Sword of a Barbarian King:9 Wealth:7 Eraser Beam:7]
t=5 ph=3 ap=1 snaps=287 hooks=12 inst=56 rollout "Pyroblast" Spell lvl0 hero2
t=5 ph=3 ap=1 snaps=289 hooks=12 inst=56 rollout "Pyroblast" Spell lvl0 hero2
t=5 ph=3 ap=1 snaps=295 hooks=12 inst=56 leakyRollout "Pyroblast" +10.30MB hooks=[beforeDamage:2 afterDamage:2] cards=[Summoning Circle:22 Ingo, Investor of Evil:19 Legendary Sword of a Barbarian King:11 Vinepire:9 Wealth:8 Fighting:7]
t=5 ph=3 ap=1 snaps=295 hooks=12 inst=56 rollout "Eraser Beam" Spell lvl2 hero1
t=5 ph=3 ap=1 snaps=296 hooks=12 inst=56 rollout "Eraser Beam" Spell lvl2 hero1
t=5 ph=3 ap=1 snaps=300 hooks=12 inst=56 leakyRollout "Eraser Beam" +11.28MB hooks=[beforeDamage:2 afterDamage:2] cards=[Ingo, Investor of Evil:15 Wealth:8 Eraser Beam:7 Pollution Token:5 Summoning Circle:4 The Great Clock Tower "Big Gwen":3]
t=5 ph=3 ap=1 snaps=300 hooks=12 inst=56 rollout "Eraser Beam" Spell lvl2 hero1
t=5 ph=3 ap=1 snaps=302 hooks=12 inst=56 rollout "Eraser Beam" Spell lvl2 hero1
t=5 ph=3 ap=1 snaps=304 hooks=12 inst=56 leakyRollout "Eraser Beam" +6.70MB hooks=[] cards=[Ingo, Investor of Evil:12 Wealth:7 Eraser Beam:5 Summoning Circle:4 The Great Clock Tower "Big Gwen":3 Pollution Token:3]
t=5 ph=3 ap=1 snaps=304 hooks=12 inst=56 rollout "Eraser Beam" Spell lvl2 hero1
t=5 ph=3 ap=1 snaps=310 hooks=12 inst=56 rollout "Eraser Beam" Spell lvl2 hero1
t=5 ph=3 ap=1 snaps=312 hooks=12 inst=56 leakyRollout "Eraser Beam" +9.54MB hooks=[beforeDamage:2 afterDamage:2] cards=[Ingo, Investor of Evil:12 Wealth:8 Eraser Beam:8 Summoning Circle:4 The Great Clock Tower "Big Gwen":3 Pollution Token:3]
t=5 ph=3 ap=1 snaps=312 hooks=12 inst=56 rollout "Eraser Beam" Spell lvl2 hero1
t=5 ph=3 ap=1 snaps=316 hooks=12 inst=56 rollout "Eraser Beam" Spell lvl2 hero1
t=5 ph=3 ap=1 snaps=320 hooks=12 inst=56 rollout "Eraser Beam" Spell lvl2 hero1
t=5 ph=3 ap=1 snaps=321 hooks=12 inst=56 leakyRollout "Eraser Beam" +5.90MB hooks=[beforeDamage:1 afterDamage:1] cards=[Summoning Circle:21 Legendary Sword of a Barbarian King:14 Ingo, Investor of Evil:13 Wealth:8 Eraser Beam:8 Fighting:4]
t=5 ph=3 ap=1 snaps=321 hooks=12 inst=56 rollout "Eraser Beam" Spell lvl2 hero1
t=5 ph=3 ap=1 snaps=323 hooks=12 inst=56 rollout "Eraser Beam" Spell lvl2 hero1
t=5 ph=3 ap=1 snaps=326 hooks=12 inst=56 leakyRollout "Eraser Beam" +4.41MB hooks=[beforeDamage:2 afterDamage:2] cards=[Summoning Circle:17 Arthor, the King of Blackport:11 Ingo, Investor of Evil:11 Eraser Beam:8 Wealth:7 Legendary Sword of a Barbarian King:5]
t=5 ph=3 ap=1 snaps=326 hooks=12 inst=56 rollout "Eraser Beam" Spell lvl2 hero1
t=5 ph=3 ap=1 snaps=329 hooks=12 inst=56 leakyRollout "Eraser Beam" +6.56MB hooks=[] cards=[Ingo, Investor of Evil:13 Wealth:7 Eraser Beam:6 Summoning Circle:4 The Great Clock Tower "Big Gwen":3 Pollution Token:3]
t=5 ph=3 ap=1 snaps=329 hooks=12 inst=56 rollout "Pyroblast" Spell lvl0 hero1
t=5 ph=3 ap=1 snaps=338 hooks=12 inst=56 leakyRollout "Pyroblast" +1.95MB hooks=[] cards=[Ingo, Investor of Evil:15 Summoning Circle:13 Wealth:10 The Great Clock Tower "Big Gwen":7 Pollution Token:6 Eraser Beam:6]
t=5 ph=3 ap=1 snaps=338 hooks=12 inst=56 rollout "Pyroblast" Spell lvl0 hero2
t=5 ph=3 ap=1 snaps=348 hooks=12 inst=56 rollout "Pyroblast" Spell lvl0 hero1
t=5 ph=3 ap=1 snaps=357 hooks=12 inst=56 rollout "Pyroblast" Spell lvl0 hero2
t=5 ph=3 ap=1 snaps=359 hooks=12 inst=56 leakyRollout "Pyroblast" +2.83MB hooks=[] cards=[Summoning Circle:17 Ingo, Investor of Evil:16 Wealth:11 Arthor, the King of Blackport:9 Pollution Token:6 Pollution Spewer:6]
t=5 ph=3 ap=1 snaps=359 hooks=12 inst=56 rollout "Pyroblast" Spell lvl0 hero2
t=5 ph=3 ap=1 snaps=368 hooks=12 inst=56 rollout "Pyroblast" Spell lvl0 hero2
t=5 ph=3 ap=1 snaps=371 hooks=12 inst=56 leakyRollout "Pyroblast" +9.45MB hooks=[] cards=[Ingo, Investor of Evil:17 Summoning Circle:14 Wealth:9 Eraser Beam:7 Pollution Token:6 Legendary Sword of a Barbarian King:6]
t=5 ph=3 ap=1 snaps=371 hooks=12 inst=56 rollout "Pyroblast" Spell lvl0 hero1
t=5 ph=3 ap=1 snaps=376 hooks=12 inst=56 rollout "Pyroblast" Spell lvl0 hero0
t=5 ph=3 ap=1 snaps=382 hooks=12 inst=56 leakyRollout "Pyroblast" +2.99MB hooks=[] cards=[Summoning Circle:28 Ingo, Investor of Evil:20 Wealth:11 Arthor, the King of Blackport:10 Pollution Token:6 Eraser Beam:6]
t=5 ph=3 ap=1 snaps=382 hooks=12 inst=56 rollout "Pyroblast" Spell lvl0 hero0
t=5 ph=3 ap=1 snaps=384 hooks=12 inst=56 rollout "Pyroblast" Spell lvl0 hero2
t=5 ph=3 ap=1 snaps=386 hooks=12 inst=56 leakyRollout "Pyroblast" +3.63MB hooks=[] cards=[Summoning Circle:26 Ingo, Investor of Evil:19 Arthor, the King of Blackport:11 Wealth:8 Legendary Sword of a Barbarian King:8 Pollution Token:7]
t=5 ph=3 ap=1 snaps=386 hooks=12 inst=56 rollout "Pyroblast" Spell lvl0 hero0
t=5 ph=3 ap=1 snaps=392 hooks=12 inst=56 rollout "Pyroblast" Spell lvl0 hero0
t=5 ph=3 ap=1 snaps=398 hooks=12 inst=56 leakyRollout "Pyroblast" +10.28MB hooks=[] cards=[Summoning Circle:24 Ingo, Investor of Evil:17 Arthor, the King of Blackport:13 Wealth:12 Eraser Beam:8 Pollution Token:5]
t=5 ph=3 ap=1 snaps=398 hooks=12 inst=56 rollout "Pyroblast" Spell lvl0 hero2
t=5 ph=3 ap=1 snaps=400 hooks=12 inst=56 rollout "Pyroblast" Spell lvl0 hero1
t=5 ph=3 ap=1 snaps=405 hooks=12 inst=56 leakyRollout "Pyroblast" +7.47MB hooks=[] cards=[Summoning Circle:23 Ingo, Investor of Evil:14 Arthor, the King of Blackport:10 Wealth:8 Eraser Beam:5 Pollution Token:4]
t=5 ph=3 ap=1 snaps=405 hooks=12 inst=56 rollout "Pyroblast" Spell lvl0 hero0
t=5 ph=3 ap=1 snaps=407 hooks=12 inst=56 rollout "Pyroblast" Spell lvl0 hero2
t=5 ph=3 ap=1 snaps=409 hooks=12 inst=56 rollout "Pyroblast" Spell lvl0 hero2
t=5 ph=3 ap=1 snaps=414 hooks=12 inst=56 leakyRollout "Pyroblast" +8.90MB hooks=[] cards=[Summoning Circle:24 Ingo, Investor of Evil:15 Wealth:10 Arthor, the King of Blackport:5 Pollution Token:4 Eraser Beam:4]
t=5 ph=3 ap=1 snaps=414 hooks=12 inst=56 rollout "Pyroblast" Spell lvl0 hero2
t=5 ph=3 ap=1 snaps=417 hooks=12 inst=56 leakyRollout "Pyroblast" +0.68MB hooks=[] cards=[Summoning Circle:23 Ingo, Investor of Evil:19 Wealth:11 Arthor, the King of Blackport:9 Pollution Token:6 Eraser Beam:6]
t=5 ph=3 ap=1 snaps=417 hooks=12 inst=56 rollout "Pyroblast" Spell lvl0 hero2
t=5 ph=3 ap=1 snaps=423 hooks=12 inst=56 rollout "Pyroblast" Spell lvl0 hero0
t=5 ph=3 ap=1 snaps=425 hooks=12 inst=56 rollout "Pyroblast" Spell lvl0 hero1
t=5 ph=3 ap=1 snaps=428 hooks=12 inst=56 leakyRollout "Pyroblast" +6.98MB hooks=[] cards=[Summoning Circle:19 Ingo, Investor of Evil:17 Legendary Sword of a Barbarian King:16 Eraser Beam:11 Wealth:10 Pollution Token:6]
t=5 ph=3 ap=1 snaps=428 hooks=12 inst=56 rollout "Pyroblast" Spell lvl0 hero0
t=5 ph=5 ap=1 snaps=440 hooks=33 inst=59 switchTurn ending p1
t=6 ph=2 ap=0 snaps=440 hooks=10 inst=60 cpuTurnStart cpu=p0 hand=8
t=6 ph=5 ap=0 snaps=449 hooks=36 inst=66 switchTurn ending p0
t=7 ph=2 ap=1 snaps=449 hooks=10 inst=67 cpuTurnStart cpu=p1 hand=5
t=7 ph=3 ap=1 snaps=469 hooks=14 inst=68 rollout "Eraser Beam" Spell lvl2 hero1
t=7 ph=3 ap=1 snaps=470 hooks=14 inst=68 leakyRollout "Eraser Beam" +4.40MB hooks=[] cards=[Ingo, Investor of Evil:14 Wealth:9 Legendary Sword of a Barbarian King:8 The Great Clock Tower "Big Gwen":5 Summoning Circle:4 Eraser Beam:4]
t=7 ph=3 ap=1 snaps=470 hooks=14 inst=68 rollout "Eraser Beam" Spell lvl2 hero1
t=7 ph=3 ap=1 snaps=474 hooks=14 inst=68 leakyRollout "Eraser Beam" +6.04MB hooks=[beforeDamage:1 afterDamage:1] cards=[Summoning Circle:20 Ingo, Investor of Evil:14 Arthor, the King of Blackport:10 Wealth:8 Pollution Token:5 Eraser Beam:5]
t=7 ph=3 ap=1 snaps=474 hooks=14 inst=68 rollout "Eraser Beam" Spell lvl2 hero1
t=7 ph=3 ap=1 snaps=476 hooks=14 inst=68 leakyRollout "Eraser Beam" +1.46MB hooks=[] cards=[Summoning Circle:17 Ingo, Investor of Evil:13 Wealth:8 Arthor, the King of Blackport:7 The Great Clock Tower "Big Gwen":4 Eraser Beam:4]
t=7 ph=3 ap=1 snaps=476 hooks=14 inst=68 rollout "Eraser Beam" Spell lvl2 hero1
t=7 ph=3 ap=1 snaps=477 hooks=14 inst=68 leakyRollout "Eraser Beam" +2.00MB hooks=[] cards=[Ingo, Investor of Evil:13 Wealth:8 Summoning Circle:4 The Great Clock Tower "Big Gwen":4 Legendary Sword of a Barbarian King:4 Pollution Token:3]
t=7 ph=3 ap=1 snaps=477 hooks=14 inst=68 rollout "Eraser Beam" Spell lvl2 hero1
t=7 ph=3 ap=1 snaps=480 hooks=14 inst=68 rollout "Eraser Beam" Spell lvl2 hero1
t=7 ph=3 ap=1 snaps=485 hooks=14 inst=68 rollout "Eraser Beam" Spell lvl2 hero1
t=7 ph=3 ap=1 snaps=486 hooks=14 inst=68 rollout "Eraser Beam" Spell lvl2 hero1
t=7 ph=3 ap=1 snaps=491 hooks=14 inst=68 leakyRollout "Eraser Beam" +1.35MB hooks=[] cards=[Summoning Circle:18 Ingo, Investor of Evil:13 Wealth:10 Arthor, the King of Blackport:9 The Great Clock Tower "Big Gwen":7 Eraser Beam:4]
t=7 ph=3 ap=1 snaps=491 hooks=14 inst=68 rollout "Eraser Beam" Spell lvl2 hero1
t=7 ph=3 ap=1 snaps=492 hooks=14 inst=68 rollout "Eraser Beam" Spell lvl2 hero1
t=7 ph=3 ap=1 snaps=505 hooks=14 inst=68 leakyRollout "Eraser Beam" +13.77MB hooks=[] cards=[Summoning Circle:18 Ingo, Investor of Evil:13 Arthor, the King of Blackport:8 Wealth:8 Pollution Token:6 The Great Clock Tower "Big Gwen":5]
t=7 ph=3 ap=1 snaps=505 hooks=14 inst=68 rollout "Eraser Beam" Spell lvl2 hero1
t=7 ph=3 ap=1 snaps=510 hooks=14 inst=68 rollout "Eraser Beam" Spell lvl2 hero1
t=7 ph=3 ap=1 snaps=514 hooks=14 inst=68 rollout "Eraser Beam" Spell lvl2 hero1
t=7 ph=3 ap=1 snaps=518 hooks=14 inst=68 leakyRollout "Eraser Beam" +6.39MB hooks=[] cards=[Ingo, Investor of Evil:15 Wealth:10 Legendary Sword of a Barbarian King:7 The Great Clock Tower "Big Gwen":5 Pollution Token:5 Summoning Circle:4]
t=7 ph=3 ap=1 snaps=518 hooks=14 inst=68 rollout "Eraser Beam" Spell lvl2 hero1
t=7 ph=3 ap=1 snaps=521 hooks=14 inst=68 leakyRollout "Eraser Beam" +2.50MB hooks=[beforeDamage:1 afterDamage:1] cards=[Summoning Circle:19 Ingo, Investor of Evil:14 Arthor, the King of Blackport:9 Wealth:9 Legendary Sword of a Barbarian King:8 The Great Clock Tower "Big Gwen":6]
t=7 ph=3 ap=1 snaps=521 hooks=14 inst=68 rollout "Eraser Beam" Spell lvl2 hero1
t=7 ph=3 ap=1 snaps=525 hooks=14 inst=68 rollout "Eraser Beam" Spell lvl2 hero1
t=7 ph=3 ap=1 snaps=532 hooks=14 inst=68 rollout "Eraser Beam" Spell lvl2 hero1
t=7 ph=3 ap=1 snaps=540 hooks=14 inst=68 leakyRollout "Eraser Beam" +5.86MB hooks=[] cards=[Summoning Circle:20 Ingo, Investor of Evil:12 Wealth:10 Arthor, the King of Blackport:7 The Great Clock Tower "Big Gwen":5 Pollution Token:3]
t=7 ph=3 ap=1 snaps=540 hooks=14 inst=68 rollout "Eraser Beam" Spell lvl2 hero1
t=7 ph=3 ap=1 snaps=547 hooks=14 inst=68 leakyRollout "Eraser Beam" +2.96MB hooks=[] cards=[Summoning Circle:14 Ingo, Investor of Evil:10 Arthor, the King of Blackport:9 Wealth:7 The Great Clock Tower "Big Gwen":4 Eraser Beam:4]
t=7 ph=3 ap=1 snaps=547 hooks=14 inst=68 rollout "Eraser Beam" Spell lvl2 hero1
t=7 ph=3 ap=1 snaps=551 hooks=14 inst=68 rollout "Eraser Beam" Spell lvl2 hero1
t=7 ph=3 ap=1 snaps=553 hooks=14 inst=68 rollout "Eraser Beam" Spell lvl2 hero1
t=7 ph=3 ap=1 snaps=555 hooks=14 inst=68 leakyRollout "Eraser Beam" +3.72MB hooks=[] cards=[Ingo, Investor of Evil:12 Wealth:8 The Great Clock Tower "Big Gwen":5 Summoning Circle:4 Eraser Beam:4 Pollution Token:3]
t=7 ph=3 ap=1 snaps=555 hooks=14 inst=68 rollout "Eraser Beam" Spell lvl2 hero1
t=7 ph=3 ap=1 snaps=561 hooks=14 inst=68 leakyRollout "Eraser Beam" +1.24MB hooks=[] cards=[Summoning Circle:15 Ingo, Investor of Evil:11 Wealth:9 Arthor, the King of Blackport:8 The Great Clock Tower "Big Gwen":4 Pollution Token:3]
t=7 ph=3 ap=1 snaps=561 hooks=14 inst=68 rollout "Eraser Beam" Spell lvl2 hero1
t=7 ph=3 ap=1 snaps=564 hooks=14 inst=68 leakyRollout "Eraser Beam" +1.89MB hooks=[onCardLeaveZone:3 beforeDamage:3 afterDamage:3 beforeDraw:1 onDraw:1 beforeDrawBatch:1] cards=[Summoning Circle:18 Ingo, Investor of Evil:14 Wealth:9 Arthor, the King of Blackport:7 Legendary Sword of a Barbarian King:7 Pollution Spewer:6]
t=7 ph=3 ap=1 snaps=564 hooks=14 inst=68 rollout "Eraser Beam" Spell lvl2 hero1
t=7 ph=3 ap=1 snaps=566 hooks=14 inst=68 rollout "Eraser Beam" Spell lvl2 hero1
t=7 ph=3 ap=1 snaps=576 hooks=14 inst=68 leakyRollout "Eraser Beam" +6.27MB hooks=[] cards=[Summoning Circle:18 Ingo, Investor of Evil:16 Wealth:9 Arthor, the King of Blackport:6 The Great Clock Tower "Big Gwen":5 Pollution Token:5]
t=7 ph=3 ap=1 snaps=576 hooks=14 inst=68 rollout "Eraser Beam" Spell lvl2 hero1
t=7 ph=3 ap=1 snaps=577 hooks=14 inst=68 leakyRollout "Eraser Beam" +2.83MB hooks=[] cards=[Ingo, Investor of Evil:14 Wealth:9 Legendary Sword of a Barbarian King:7 The Great Clock Tower "Big Gwen":6 Summoning Circle:4 Pollution Token:3]
t=7 ph=3 ap=1 snaps=577 hooks=14 inst=68 rollout "Eraser Beam" Spell lvl2 hero1
t=7 ph=3 ap=1 snaps=579 hooks=14 inst=68 leakyRollout "Eraser Beam" +4.07MB hooks=[] cards=[Summoning Circle:20 Ingo, Investor of Evil:12 Arthor, the King of Blackport:9 Wealth:9 The Great Clock Tower "Big Gwen":5 Eraser Beam:4]
t=7 ph=3 ap=1 snaps=579 hooks=14 inst=68 rollout "Eraser Beam" Spell lvl2 hero1
t=7 ph=3 ap=1 snaps=584 hooks=14 inst=68 rollout "Eraser Beam" Spell lvl2 hero1
t=7 ph=3 ap=1 snaps=586 hooks=14 inst=68 leakyRollout "Eraser Beam" +9.65MB hooks=[] cards=[Summoning Circle:21 Ingo, Investor of Evil:17 Legendary Sword of a Barbarian King:15 Wealth:12 Eraser Beam:6 Fighting:6]
t=7 ph=3 ap=1 snaps=586 hooks=14 inst=68 rollout "Eraser Beam" Spell lvl2 hero1
t=7 ph=3 ap=1 snaps=587 hooks=14 inst=68 rollout "Eraser Beam" Spell lvl2 hero1
t=7 ph=3 ap=1 snaps=589 hooks=14 inst=68 leakyRollout "Eraser Beam" +10.79MB hooks=[] cards=[Summoning Circle:18 Legendary Sword of a Barbarian King:13 Ingo, Investor of Evil:11 Wealth:8 Eraser Beam:6 The Great Clock Tower "Big Gwen":4]
t=7 ph=3 ap=1 snaps=589 hooks=14 inst=68 rollout "Eraser Beam" Spell lvl2 hero1
t=7 ph=3 ap=1 snaps=590 hooks=14 inst=68 rollout "Eraser Beam" Spell lvl2 hero1
t=7 ph=3 ap=1 snaps=591 hooks=14 inst=68 leakyRollout "Eraser Beam" +1.71MB hooks=[] cards=[Summoning Circle:19 Ingo, Investor of Evil:14 Wealth:10 Arthor, the King of Blackport:8 Legendary Sword of a Barbarian King:6 The Great Clock Tower "Big Gwen":5]
t=7 ph=3 ap=1 snaps=591 hooks=14 inst=68 rollout "Eraser Beam" Spell lvl2 hero1
t=7 ph=3 ap=1 snaps=595 hooks=14 inst=68 leakyRollout "Eraser Beam" +9.79MB hooks=[] cards=[Ingo, Investor of Evil:18 Wealth:10 Legendary Sword of a Barbarian King:7 Eraser Beam:5 Summoning Circle:4 The Great Clock Tower "Big Gwen":4]
t=7 ph=3 ap=1 snaps=595 hooks=14 inst=68 rollout "Eraser Beam" Spell lvl2 hero1
t=7 ph=3 ap=1 snaps=596 hooks=14 inst=68 leakyRollout "Eraser Beam" +0.51MB hooks=[] cards=[Ingo, Investor of Evil:11 Wealth:9 Pollution Spewer:5 Summoning Circle:4 The Great Clock Tower "Big Gwen":4 Pollution Token:3]
t=7 ph=3 ap=1 snaps=596 hooks=14 inst=68 rollout "Eraser Beam" Spell lvl2 hero1
t=7 ph=3 ap=1 snaps=602 hooks=14 inst=68 rollout "Eraser Beam" Spell lvl2 hero1
t=7 ph=3 ap=1 snaps=603 hooks=14 inst=68 rollout "Eraser Beam" Spell lvl2 hero1
t=7 ph=3 ap=1 snaps=608 hooks=14 inst=68 rollout "Eraser Beam" Spell lvl2 hero1
t=7 ph=3 ap=1 snaps=609 hooks=14 inst=68 rollout "Eraser Beam" Spell lvl2 hero1
t=7 ph=3 ap=1 snaps=610 hooks=14 inst=68 leakyRollout "Eraser Beam" +4.32MB hooks=[beforeDamage:2 afterDamage:2] cards=[Summoning Circle:21 Ingo, Investor of Evil:13 Arthor, the King of Blackport:9 Wealth:9 The Great Clock Tower "Big Gwen":5 Eraser Beam:4]
t=7 ph=3 ap=1 snaps=610 hooks=14 inst=68 rollout "Eraser Beam" Spell lvl2 hero1
t=7 ph=3 ap=1 snaps=616 hooks=14 inst=68 rollout "Eraser Beam" Spell lvl2 hero1
t=7 ph=3 ap=1 snaps=617 hooks=14 inst=68 rollout "Eraser Beam" Spell lvl2 hero1
t=7 ph=3 ap=1 snaps=619 hooks=14 inst=68 leakyRollout "Eraser Beam" +7.80MB hooks=[] cards=[Ingo, Investor of Evil:14 Legendary Sword of a Barbarian King:14 Wealth:8 The Great Clock Tower "Big Gwen":6 Eraser Beam:5 Summoning Circle:4]
t=7 ph=3 ap=1 snaps=619 hooks=14 inst=68 rollout "Eraser Beam" Spell lvl2 hero1
t=7 ph=3 ap=1 snaps=624 hooks=14 inst=68 rollout "Eraser Beam" Spell lvl2 hero1
t=7 ph=3 ap=1 snaps=632 hooks=14 inst=68 leakyRollout "Eraser Beam" +2.33MB hooks=[] cards=[Summoning Circle:20 Ingo, Investor of Evil:15 Wealth:9 Legendary Sword of a Barbarian King:9 Fighting:6 The Great Clock Tower "Big Gwen":5]
t=7 ph=3 ap=1 snaps=632 hooks=14 inst=68 rollout "Eraser Beam" Spell lvl2 hero1
t=7 ph=3 ap=1 snaps=638 hooks=14 inst=68 leakyRollout "Eraser Beam" +0.96MB hooks=[] cards=[Summoning Circle:20 Ingo, Investor of Evil:13 Arthor, the King of Blackport:11 Wealth:10 The Great Clock Tower "Big Gwen":7 Eraser Beam:6]
t=7 ph=3 ap=1 snaps=638 hooks=14 inst=68 rollout "Eraser Beam" Spell lvl2 hero1
t=7 ph=3 ap=1 snaps=639 hooks=14 inst=68 leakyRollout "Eraser Beam" +3.78MB hooks=[] cards=[Summoning Circle:21 Ingo, Investor of Evil:13 Wealth:9 Arthor, the King of Blackport:8 Legendary Sword of a Barbarian King:7 The Great Clock Tower "Big Gwen":5]
t=7 ph=3 ap=1 snaps=639 hooks=14 inst=68 rollout "Eraser Beam" Spell lvl2 hero1
t=7 ph=3 ap=1 snaps=640 hooks=14 inst=68 rollout "Eraser Beam" Spell lvl2 hero1
t=7 ph=3 ap=1 snaps=642 hooks=14 inst=68 leakyRollout "Eraser Beam" +2.00MB hooks=[] cards=[Summoning Circle:20 Ingo, Investor of Evil:13 Arthor, the King of Blackport:9 Wealth:8 The Great Clock Tower "Big Gwen":4 Eraser Beam:4]
t=7 ph=3 ap=1 snaps=642 hooks=14 inst=68 rollout "Eraser Beam" Spell lvl2 hero1
t=7 ph=3 ap=1 snaps=648 hooks=14 inst=68 leakyRollout "Eraser Beam" +2.19MB hooks=[] cards=[Summoning Circle:17 Ingo, Investor of Evil:11 Arthor, the King of Blackport:10 Wealth:10 Pollution Piranha:7 The Great Clock Tower "Big Gwen":6]
t=7 ph=3 ap=1 snaps=648 hooks=14 inst=68 rollout "Eraser Beam" Spell lvl2 hero1
t=7 ph=3 ap=1 snaps=653 hooks=14 inst=68 rollout "Eraser Beam" Spell lvl2 hero1
t=7 ph=3 ap=1 snaps=657 hooks=14 inst=68 leakyRollout "Eraser Beam" +9.99MB hooks=[] cards=[Ingo, Investor of Evil:15 Wealth:9 Legendary Sword of a Barbarian King:8 Eraser Beam:5 Summoning Circle:4 The Great Clock Tower "Big Gwen":4]
t=7 ph=3 ap=1 snaps=657 hooks=14 inst=68 rollout "Eraser Beam" Spell lvl2 hero1
t=7 ph=3 ap=1 snaps=659 hooks=14 inst=68 rollout "Eraser Beam" Spell lvl2 hero1
t=7 ph=3 ap=1 snaps=660 hooks=14 inst=68 leakyRollout "Eraser Beam" +3.20MB hooks=[beforeDamage:2 afterDamage:2] cards=[Ingo, Investor of Evil:15 Legendary Sword of a Barbarian King:12 Wealth:8 The Great Clock Tower "Big Gwen":6 Eraser Beam:5 Summoning Circle:4]
t=7 ph=3 ap=1 snaps=660 hooks=14 inst=68 rollout "Eraser Beam" Spell lvl2 hero1
t=7 ph=3 ap=1 snaps=662 hooks=14 inst=68 leakyRollout "Eraser Beam" +5.64MB hooks=[] cards=[Ingo, Investor of Evil:13 Wealth:9 The Great Clock Tower "Big Gwen":6 Legendary Sword of a Barbarian King:5 Summoning Circle:4 Eraser Beam:4]
t=7 ph=3 ap=1 snaps=662 hooks=14 inst=68 rollout "Eraser Beam" Spell lvl2 hero1
t=7 ph=3 ap=1 snaps=664 hooks=14 inst=68 rollout "Eraser Beam" Spell lvl2 hero1
t=7 ph=3 ap=1 snaps=665 hooks=14 inst=68 leakyRollout "Eraser Beam" +2.73MB hooks=[] cards=[Summoning Circle:18 Ingo, Investor of Evil:13 Wealth:8 Arthor, the King of Blackport:6 The Great Clock Tower "Big Gwen":5 Legendary Sword of a Barbarian King:4]
t=7 ph=3 ap=1 snaps=665 hooks=14 inst=68 rollout "Eraser Beam" Spell lvl2 hero1
t=7 ph=3 ap=1 snaps=669 hooks=14 inst=68 leakyRollout "Eraser Beam" +2.39MB hooks=[] cards=[Ingo, Investor of Evil:15 Wealth:8 Legendary Sword of a Barbarian King:7 The Great Clock Tower "Big Gwen":6 Pollution Token:6 Jump in the River:6]
t=7 ph=3 ap=1 snaps=669 hooks=14 inst=68 rollout "Eraser Beam" Spell lvl2 hero1
t=7 ph=3 ap=1 snaps=673 hooks=14 inst=68 leakyRollout "Eraser Beam" +0.88MB hooks=[] cards=[Summoning Circle:20 Ingo, Investor of Evil:14 Arthor, the King of Blackport:9 Wealth:9 The Great Clock Tower "Big Gwen":7 Pollution Token:6]
t=7 ph=3 ap=1 snaps=673 hooks=14 inst=68 rollout "Eraser Beam" Spell lvl2 hero1
t=7 ph=3 ap=1 snaps=676 hooks=14 inst=68 rollout "Eraser Beam" Spell lvl2 hero1
t=7 ph=3 ap=1 snaps=680 hooks=14 inst=68 leakyRollout "Eraser Beam" +1.45MB hooks=[beforeDamage:2 afterDamage:2] cards=[Summoning Circle:18 Ingo, Investor of Evil:10 Arthor, the King of Blackport:9 Wealth:8 The Great Clock Tower "Big Gwen":6 Eraser Beam:4]
t=7 ph=3 ap=1 snaps=680 hooks=14 inst=68 rollout "Eraser Beam" Spell lvl2 hero1
t=7 ph=3 ap=1 snaps=684 hooks=14 inst=68 rollout "Eraser Beam" Spell lvl2 hero1
t=7 ph=3 ap=1 snaps=685 hooks=14 inst=68 leakyRollout "Eraser Beam" +1.08MB hooks=[] cards=[Summoning Circle:19 Ingo, Investor of Evil:15 Wealth:10 Arthor, the King of Blackport:8 Legendary Sword of a Barbarian King:8 The Great Clock Tower "Big Gwen":6]
t=7 ph=3 ap=1 snaps=685 hooks=14 inst=68 rollout "Eraser Beam" Spell lvl2 hero1
t=7 ph=3 ap=1 snaps=692 hooks=14 inst=68 leakyRollout "Eraser Beam" +4.49MB hooks=[] cards=[Summoning Circle:16 Ingo, Investor of Evil:11 Wealth:10 Arthor, the King of Blackport:9 Pollution Token:5 Eraser Beam:5]
t=7 ph=3 ap=1 snaps=692 hooks=14 inst=68 rollout "Eraser Beam" Spell lvl2 hero1
t=7 ph=3 ap=1 snaps=701 hooks=14 inst=68 rollout "Eraser Beam" Spell lvl2 hero1
t=7 ph=3 ap=1 snaps=703 hooks=14 inst=68 leakyRollout "Eraser Beam" +7.27MB hooks=[] cards=[Summoning Circle:18 Ingo, Investor of Evil:13 Arthor, the King of Blackport:10 Wealth:8 The Great Clock Tower "Big Gwen":5 Eraser Beam:5]
t=7 ph=3 ap=1 snaps=703 hooks=14 inst=68 rollout "Eraser Beam" Spell lvl2 hero1
t=7 ph=3 ap=1 snaps=705 hooks=14 inst=68 rollout "Eraser Beam" Spell lvl2 hero1
t=7 ph=3 ap=1 snaps=712 hooks=14 inst=68 leakyRollout "Eraser Beam" +3.33MB hooks=[] cards=[Summoning Circle:17 Ingo, Investor of Evil:13 Arthor, the King of Blackport:9 Wealth:8 Pollution Token:6 The Great Clock Tower "Big Gwen":4]
t=7 ph=3 ap=1 snaps=712 hooks=14 inst=68 rollout "Eraser Beam" Spell lvl2 hero1
t=7 ph=3 ap=1 snaps=724 hooks=14 inst=68 rollout "Eraser Beam" Spell lvl2 hero1
t=7 ph=3 ap=1 snaps=726 hooks=14 inst=68 rollout "Eraser Beam" Spell lvl2 hero1
t=7 ph=3 ap=1 snaps=727 hooks=14 inst=68 leakyRollout "Eraser Beam" +3.37MB hooks=[] cards=[Ingo, Investor of Evil:11 Wealth:9 Summoning Circle:4 The Great Clock Tower "Big Gwen":4 Jump in the River:4 Pollution Token:3]
t=7 ph=3 ap=1 snaps=727 hooks=14 inst=68 rollout "Eraser Beam" Spell lvl2 hero1
t=7 ph=3 ap=1 snaps=728 hooks=14 inst=68 leakyRollout "Eraser Beam" +6.17MB hooks=[beforeDamage:2 afterDamage:2] cards=[Ingo, Investor of Evil:12 Wealth:7 Summoning Circle:4 The Great Clock Tower "Big Gwen":4 Eraser Beam:4 Pollution Token:3]
t=7 ph=3 ap=1 snaps=728 hooks=14 inst=68 rollout "Eraser Beam" Spell lvl2 hero1
t=7 ph=3 ap=1 snaps=733 hooks=14 inst=68 leakyRollout "Eraser Beam" +0.71MB hooks=[] cards=[Summoning Circle:15 Ingo, Investor of Evil:11 Arthor, the King of Blackport:9 Wealth:8 The Great Clock Tower "Big Gwen":4 Eraser Beam:4]
t=7 ph=3 ap=1 snaps=733 hooks=14 inst=68 rollout "Eraser Beam" Spell lvl2 hero1
t=7 ph=3 ap=1 snaps=737 hooks=14 inst=68 rollout "Eraser Beam" Spell lvl2 hero1
t=7 ph=3 ap=1 snaps=741 hooks=14 inst=68 leakyRollout "Eraser Beam" +9.28MB hooks=[] cards=[Summoning Circle:24 Ingo, Investor of Evil:13 Arthor, the King of Blackport:9 Wealth:8 The Great Clock Tower "Big Gwen":5 Pollution Token:5]
t=7 ph=3 ap=1 snaps=741 hooks=14 inst=68 rollout "Eraser Beam" Spell lvl2 hero1
t=7 ph=3 ap=1 snaps=743 hooks=14 inst=68 rollout "Eraser Beam" Spell lvl2 hero1
t=7 ph=3 ap=1 snaps=746 hooks=14 inst=68 rollout "Eraser Beam" Spell lvl2 hero1
t=7 ph=3 ap=1 snaps=759 hooks=14 inst=68 rollout "Eraser Beam" Spell lvl2 hero1
t=7 ph=3 ap=1 snaps=761 hooks=14 inst=68 leakyRollout "Eraser Beam" +3.68MB hooks=[] cards=[Ingo, Investor of Evil:11 Wealth:9 The Great Clock Tower "Big Gwen":6 Pollution Piranha:6 Summoning Circle:4 Eraser Beam:4]
t=7 ph=3 ap=1 snaps=761 hooks=14 inst=68 rollout "Eraser Beam" Spell lvl2 hero1
t=7 ph=3 ap=1 snaps=763 hooks=14 inst=68 leakyRollout "Eraser Beam" +7.85MB hooks=[] cards=[Summoning Circle:27 Ingo, Investor of Evil:18 Arthor, the King of Blackport:10 Wealth:10 The Great Clock Tower "Big Gwen":8 Pollution Token:6]
t=7 ph=5 ap=1 snaps=773 hooks=34 inst=71 switchTurn ending p1
t=8 ph=2 ap=0 snaps=773 hooks=10 inst=72 cpuTurnStart cpu=p0 hand=8
t=8 ph=3 ap=0 snaps=773 hooks=16 inst=74 rollout "Vinepire" Creature lvl1 hero0
t=8 ph=3 ap=0 snaps=777 hooks=16 inst=74 leakyRollout "Vinepire" +2.22MB hooks=[] cards=[Summoning Circle:13 Ingo, Investor of Evil:9 Arthor, the King of Blackport:8 Wealth:8 The Great Clock Tower "Big Gwen":5 Pollution Token:3]
t=8 ph=3 ap=0 snaps=777 hooks=16 inst=74 rollout "Vinepire" Creature lvl1 hero0
t=8 ph=3 ap=0 snaps=779 hooks=16 inst=74 leakyRollout "Vinepire" +9.62MB hooks=[] cards=[Summoning Circle:10 Arthor, the King of Blackport:9 Wealth:8 Ingo, Investor of Evil:7 Vinepire:4 The Great Clock Tower "Big Gwen":3]
t=8 ph=3 ap=0 snaps=779 hooks=16 inst=74 rollout "Vinepire" Creature lvl1 hero0
t=8 ph=3 ap=0 snaps=786 hooks=16 inst=74 leakyRollout "Vinepire" +5.24MB hooks=[] cards=[Summoning Circle:17 Ingo, Investor of Evil:11 Arthor, the King of Blackport:9 Wealth:8 Vinepire:6 The Great Clock Tower "Big Gwen":4]
t=8 ph=3 ap=0 snaps=786 hooks=16 inst=74 rollout "Vinepire" Creature lvl1 hero0
t=8 ph=3 ap=0 snaps=794 hooks=16 inst=74 rollout "Vinepire" Creature lvl1 hero0
t=8 ph=3 ap=0 snaps=798 hooks=16 inst=74 leakyRollout "Vinepire" +0.77MB hooks=[] cards=[Summoning Circle:13 Legendary Sword of a Barbarian King:10 Wealth:9 Ingo, Investor of Evil:9 Fighting:6 The Great Clock Tower "Big Gwen":4]
t=8 ph=3 ap=0 snaps=798 hooks=16 inst=74 rollout "Vinepire" Creature lvl1 hero0
t=8 ph=3 ap=0 snaps=801 hooks=16 inst=74 leakyRollout "Vinepire" +13.31MB hooks=[] cards=[Summoning Circle:13 Arthor, the King of Blackport:9 Wealth:8 Ingo, Investor of Evil:7 Legendary Sword of a Barbarian King:5 The Great Clock Tower "Big Gwen":3]
t=8 ph=3 ap=0 snaps=801 hooks=16 inst=74 rollout "Vinepire" Creature lvl1 hero0
t=8 ph=3 ap=0 snaps=806 hooks=16 inst=74 rollout "Vinepire" Creature lvl1 hero0
t=8 ph=3 ap=0 snaps=813 hooks=16 inst=74 leakyRollout "Vinepire" +5.52MB hooks=[] cards=[Summoning Circle:14 Arthor, the King of Blackport:10 Ingo, Investor of Evil:10 Wealth:8 The Great Clock Tower "Big Gwen":7 Pollution Token:5]
t=8 ph=3 ap=0 snaps=813 hooks=16 inst=74 rollout "Vinepire" Creature lvl1 hero0
t=8 ph=3 ap=0 snaps=816 hooks=16 inst=74 rollout "Vinepire" Creature lvl1 hero0
t=8 ph=3 ap=0 snaps=821 hooks=16 inst=74 leakyRollout "Vinepire" +1.66MB hooks=[] cards=[Summoning Circle:16 Ingo, Investor of Evil:11 Wealth:10 Arthor, the King of Blackport:6 Legendary Sword of a Barbarian King:6 The Great Clock Tower "Big Gwen":5]
t=8 ph=3 ap=0 snaps=821 hooks=16 inst=74 rollout "Vinepire" Creature lvl1 hero0
t=8 ph=3 ap=0 snaps=824 hooks=16 inst=74 leakyRollout "Vinepire" +0.51MB hooks=[] cards=[Summoning Circle:15 Ingo, Investor of Evil:11 Arthor, the King of Blackport:9 Wealth:9 The Great Clock Tower "Big Gwen":4 Pollution Token:3]
t=8 ph=3 ap=0 snaps=824 hooks=16 inst=74 rollout "Vinepire" Creature lvl1 hero0
t=8 ph=3 ap=0 snaps=826 hooks=16 inst=74 leakyRollout "Vinepire" +9.95MB hooks=[] cards=[Summoning Circle:15 Arthor, the King of Blackport:9 Ingo, Investor of Evil:9 Wealth:8 The Great Clock Tower "Big Gwen":3 Pollution Token:2]
t=8 ph=3 ap=0 snaps=826 hooks=16 inst=74 rollout "Vinepire" Creature lvl1 hero0
t=8 ph=3 ap=0 snaps=828 hooks=16 inst=74 rollout "Vinepire" Creature lvl1 hero0
t=8 ph=3 ap=0 snaps=835 hooks=16 inst=74 rollout "Vinepire" Creature lvl1 hero0
t=8 ph=3 ap=0 snaps=837 hooks=16 inst=74 rollout "Vinepire" Creature lvl1 hero0
t=8 ph=3 ap=0 snaps=842 hooks=16 inst=74 rollout "Vinepire" Creature lvl1 hero0
t=8 ph=3 ap=0 snaps=844 hooks=16 inst=74 leakyRollout "Vinepire" +13.83MB hooks=[] cards=[Summoning Circle:15 Legendary Sword of a Barbarian King:13 Ingo, Investor of Evil:10 Wealth:9 Fighting:8 The Great Clock Tower "Big Gwen":5]
t=8 ph=3 ap=0 snaps=844 hooks=16 inst=74 rollout "Vinepire" Creature lvl1 hero0
t=8 ph=3 ap=0 snaps=846 hooks=16 inst=74 rollout "Vinepire" Creature lvl1 hero0
t=8 ph=3 ap=0 snaps=853 hooks=16 inst=74 rollout "Vinepire" Creature lvl1 hero0
t=8 ph=3 ap=0 snaps=858 hooks=16 inst=74 leakyRollout "Vinepire" +1.18MB hooks=[] cards=[Summoning Circle:19 Ingo, Investor of Evil:12 Arthor, the King of Blackport:9 Wealth:8 Pollution Token:6 Fighting:5]
t=8 ph=3 ap=0 snaps=858 hooks=16 inst=74 rollout "Vinepire" Creature lvl1 hero0
t=8 ph=3 ap=0 snaps=860 hooks=16 inst=74 leakyRollout "Vinepire" +9.17MB hooks=[] cards=[Summoning Circle:11 Arthor, the King of Blackport:8 Wealth:8 Ingo, Investor of Evil:8 Jump in the River:5 The Great Clock Tower "Big Gwen":3]
t=8 ph=3 ap=0 snaps=860 hooks=16 inst=74 rollout "Vinepire" Creature lvl1 hero0
t=8 ph=3 ap=0 snaps=862 hooks=16 inst=74 rollout "Vinepire" Creature lvl1 hero0
t=8 ph=3 ap=0 snaps=864 hooks=16 inst=74 rollout "Vinepire" Creature lvl1 hero0
t=8 ph=3 ap=0 snaps=866 hooks=16 inst=74 rollout "Vinepire" Creature lvl1 hero0
t=8 ph=3 ap=0 snaps=870 hooks=16 inst=74 leakyRollout "Vinepire" +2.01MB hooks=[] cards=[Summoning Circle:11 Arthor, the King of Blackport:8 Wealth:8 The Great Clock Tower "Big Gwen":8 Ingo, Investor of Evil:4 Sleeping Beauty:2]
t=8 ph=3 ap=0 snaps=870 hooks=16 inst=74 rollout "Vinepire" Creature lvl1 hero0
t=8 ph=3 ap=0 snaps=873 hooks=16 inst=74 rollout "Vinepire" Creature lvl1 hero0
t=8 ph=3 ap=0 snaps=875 hooks=16 inst=74 leakyRollout "Vinepire" +9.65MB hooks=[] cards=[Summoning Circle:14 Arthor, the King of Blackport:9 Ingo, Investor of Evil:8 Wealth:7 The Great Clock Tower "Big Gwen":3 Pollution Token:3]
t=8 ph=3 ap=0 snaps=875 hooks=16 inst=74 rollout "Vinepire" Creature lvl1 hero0
t=8 ph=3 ap=0 snaps=879 hooks=16 inst=74 leakyRollout "Vinepire" +0.69MB hooks=[] cards=[Summoning Circle:11 Legendary Sword of a Barbarian King:11 Wealth:8 Ingo, Investor of Evil:8 Fighting:6 The Great Clock Tower "Big Gwen":5]
t=8 ph=3 ap=0 snaps=879 hooks=16 inst=74 rollout "Vinepire" Creature lvl1 hero0
t=8 ph=3 ap=0 snaps=886 hooks=16 inst=74 leakyRollout "Vinepire" +2.71MB hooks=[beforeDamage:2 afterDamage:2 onResourceGain:1 onCardLeaveZone:1 onPollutionTokenRemoved:1 onHeroKO:1] cards=[Wealth:9 Summoning Circle:9 Ingo, Investor of Evil:8 Vinepire:7 Pollution Spewer:4 Arthor, the King of Blackport:3]
t=8 ph=3 ap=0 snaps=886 hooks=16 inst=74 rollout "Vinepire" Creature lvl1 hero0
t=8 ph=3 ap=0 snaps=890 hooks=16 inst=74 rollout "Vinepire" Creature lvl1 hero0
t=8 ph=3 ap=0 snaps=893 hooks=16 inst=74 rollout "Vinepire" Creature lvl1 hero0
t=8 ph=3 ap=0 snaps=894 hooks=16 inst=74 rollout "Vinepire" Creature lvl1 hero0
t=8 ph=3 ap=0 snaps=896 hooks=16 inst=74 leakyRollout "Vinepire" +11.44MB hooks=[] cards=[Summoning Circle:11 Wealth:10 Ingo, Investor of Evil:8 Legendary Sword of a Barbarian King:7 Vinepire:6 Arthor, the King of Blackport:5]
t=8 ph=3 ap=0 snaps=896 hooks=16 inst=74 rollout "Vinepire" Creature lvl1 hero0
t=8 ph=3 ap=0 snaps=898 hooks=16 inst=74 rollout "Vinepire" Creature lvl1 hero0
t=8 ph=3 ap=0 snaps=901 hooks=16 inst=74 rollout "Vinepire" Creature lvl1 hero0
t=8 ph=3 ap=0 snaps=906 hooks=16 inst=74 rollout "Vinepire" Creature lvl1 hero0
t=8 ph=3 ap=0 snaps=910 hooks=16 inst=74 leakyRollout "Vinepire" +4.12MB hooks=[] cards=[Summoning Circle:13 Legendary Sword of a Barbarian King:12 Wealth:9 Ingo, Investor of Evil:9 Fighting:8 Vinepire:5]
t=8 ph=3 ap=0 snaps=910 hooks=16 inst=74 rollout "Vinepire" Creature lvl1 hero0
t=8 ph=3 ap=0 snaps=912 hooks=16 inst=74 rollout "Vinepire" Creature lvl1 hero0
t=8 ph=3 ap=0 snaps=914 hooks=16 inst=74 leakyRollout "Vinepire" +10.85MB hooks=[] cards=[Summoning Circle:12 Wealth:10 Arthor, the King of Blackport:7 Ingo, Investor of Evil:7 The Great Clock Tower "Big Gwen":4 Eraser Beam:4]
t=8 ph=3 ap=0 snaps=914 hooks=16 inst=74 rollout "Vinepire" Creature lvl1 hero0
t=8 ph=3 ap=0 snaps=918 hooks=16 inst=74 rollout "Vinepire" Creature lvl1 hero0
t=8 ph=3 ap=0 snaps=923 hooks=16 inst=74 leakyRollout "Vinepire" +1.06MB hooks=[] cards=[Legendary Sword of a Barbarian King:12 Summoning Circle:11 Wealth:9 Ingo, Investor of Evil:7 Fighting:6 The Great Clock Tower "Big Gwen":4]
t=8 ph=3 ap=0 snaps=923 hooks=16 inst=74 rollout "Vinepire" Creature lvl1 hero0
t=8 ph=3 ap=0 snaps=924 hooks=16 inst=74 rollout "Vinepire" Creature lvl1 hero0
t=8 ph=3 ap=0 snaps=931 hooks=16 inst=74 rollout "Vinepire" Creature lvl1 hero0
t=8 ph=3 ap=0 snaps=934 hooks=16 inst=74 leakyRollout "Vinepire" +13.92MB hooks=[] cards=[Summoning Circle:16 Ingo, Investor of Evil:11 Wealth:10 Arthor, the King of Blackport:7 Fighting:7 The Great Clock Tower "Big Gwen":5]
t=8 ph=3 ap=0 snaps=934 hooks=16 inst=74 rollout "Vinepire" Creature lvl1 hero0
t=8 ph=3 ap=0 snaps=936 hooks=16 inst=74 rollout "Vinepire" Creature lvl1 hero0
t=8 ph=3 ap=0 snaps=937 hooks=16 inst=74 rollout "Vinepire" Creature lvl1 hero0
t=8 ph=3 ap=0 snaps=940 hooks=16 inst=74 rollout "Vinepire" Creature lvl1 hero0
t=8 ph=3 ap=0 snaps=942 hooks=16 inst=74 leakyRollout "Vinepire" +9.58MB hooks=[] cards=[Summoning Circle:13 Ingo, Investor of Evil:9 Arthor, the King of Blackport:8 Wealth:8 The Great Clock Tower "Big Gwen":4 Fighting:3]
t=8 ph=3 ap=0 snaps=942 hooks=16 inst=74 rollout "Vinepire" Creature lvl1 hero0
t=8 ph=3 ap=0 snaps=945 hooks=16 inst=74 rollout "Vinepire" Creature lvl1 hero0
t=8 ph=3 ap=0 snaps=948 hooks=16 inst=74 rollout "Vinepire" Creature lvl1 hero0
t=8 ph=3 ap=0 snaps=950 hooks=16 inst=74 rollout "Vinepire" Creature lvl1 hero0
t=8 ph=3 ap=0 snaps=954 hooks=16 inst=74 leakyRollout "Vinepire" +0.67MB hooks=[] cards=[Summoning Circle:12 Wealth:8 Ingo, Investor of Evil:8 Arthor, the King of Blackport:6 The Great Clock Tower "Big Gwen":4 Sleeping Beauty:3]
t=8 ph=3 ap=0 snaps=954 hooks=16 inst=74 rollout "Vinepire" Creature lvl1 hero0
t=8 ph=3 ap=0 snaps=956 hooks=16 inst=74 rollout "Vinepire" Creature lvl1 hero0
t=8 ph=3 ap=0 snaps=964 hooks=16 inst=74 leakyRollout "Vinepire" +6.84MB hooks=[] cards=[Summoning Circle:11 Arthor, the King of Blackport:10 Wealth:8 Ingo, Investor of Evil:7 The Great Clock Tower "Big Gwen":4 Eraser Beam:3]
t=8 ph=3 ap=0 snaps=964 hooks=16 inst=74 rollout "Vinepire" Creature lvl1 hero0
t=8 ph=3 ap=0 snaps=969 hooks=16 inst=74 leakyRollout "Vinepire" +1.27MB hooks=[] cards=[Summoning Circle:12 Arthor, the King of Blackport:9 Ingo, Investor of Evil:9 Wealth:7 Pollution Token:5 The Great Clock Tower "Big Gwen":4]
t=8 ph=3 ap=0 snaps=969 hooks=16 inst=74 rollout "Vinepire" Creature lvl1 hero0
t=8 ph=3 ap=0 snaps=971 hooks=16 inst=74 rollout "Vinepire" Creature lvl1 hero0
t=8 ph=3 ap=0 snaps=981 hooks=16 inst=74 rollout "Vinepire" Creature lvl1 hero0
t=8 ph=3 ap=0 snaps=983 hooks=16 inst=74 rollout "Vinepire" Creature lvl1 hero0
t=8 ph=3 ap=0 snaps=987 hooks=16 inst=74 leakyRollout "Vinepire" +13.73MB hooks=[] cards=[Summoning Circle:13 Arthor, the King of Blackport:8 Wealth:8 Ingo, Investor of Evil:6 The Great Clock Tower "Big Gwen":4 Pollution Token:2]
t=8 ph=3 ap=0 snaps=987 hooks=16 inst=74 rollout "Vinepire" Creature lvl1 hero0
t=8 ph=3 ap=0 snaps=989 hooks=16 inst=74 rollout "Vinepire" Creature lvl1 hero0
t=8 ph=3 ap=0 snaps=992 hooks=16 inst=74 rollout "Vinepire" Creature lvl1 hero0
t=8 ph=3 ap=0 snaps=994 hooks=16 inst=74 rollout "Vinepire" Creature lvl1 hero0
t=8 ph=3 ap=0 snaps=999 hooks=16 inst=74 leakyRollout "Vinepire" +3.48MB hooks=[] cards=[Summoning Circle:14 Wealth:11 Ingo, Investor of Evil:11 Pollution Spewer:7 Arthor, the King of Blackport:6 The Great Clock Tower "Big Gwen":5]
t=8 ph=3 ap=0 snaps=999 hooks=16 inst=74 rollout "Vinepire" Creature lvl1 hero0
t=8 ph=3 ap=0 snaps=1002 hooks=16 inst=74 rollout "Vinepire" Creature lvl1 hero0
t=8 ph=3 ap=0 snaps=1004 hooks=16 inst=74 leakyRollout "Vinepire" +9.59MB hooks=[] cards=[Summoning Circle:14 Arthor, the King of Blackport:8 Wealth:8 Ingo, Investor of Evil:8 The Great Clock Tower "Big Gwen":3 Pollution Token:2]
t=8 ph=3 ap=0 snaps=1004 hooks=16 inst=74 rollout "Vinepire" Creature lvl1 hero0
t=8 ph=3 ap=0 snaps=1009 hooks=16 inst=74 rollout "Vinepire" Creature lvl1 hero0
t=8 ph=3 ap=0 snaps=1011 hooks=16 inst=74 leakyRollout "Vinepire" +10.05MB hooks=[] cards=[Summoning Circle:12 Wealth:10 Arthor, the King of Blackport:8 Ingo, Investor of Evil:8 The Great Clock Tower "Big Gwen":4 Pollution Token:2]
t=8 ph=3 ap=0 snaps=1011 hooks=16 inst=74 rollout "Vinepire" Creature lvl1 hero0
t=8 ph=3 ap=0 snaps=1012 hooks=16 inst=74 rollout "Vinepire" Creature lvl1 hero0
t=8 ph=3 ap=0 snaps=1014 hooks=16 inst=74 rollout "Vinepire" Creature lvl1 hero0
t=8 ph=3 ap=0 snaps=1016 hooks=16 inst=74 rollout "Vinepire" Creature lvl1 hero0
t=8 ph=3 ap=0 snaps=1024 hooks=16 inst=74 leakyRollout "Vinepire" +8.55MB hooks=[] cards=[Summoning Circle:15 Ingo, Investor of Evil:12 Arthor, the King of Blackport:9 Wealth:8 Pollution Token:6 The Great Clock Tower "Big Gwen":3]
t=8 ph=3 ap=0 snaps=1024 hooks=16 inst=74 rollout "Vinepire" Creature lvl1 hero0
t=8 ph=3 ap=0 snaps=1027 hooks=16 inst=74 rollout "Vinepire" Creature lvl1 hero0
t=8 ph=3 ap=0 snaps=1029 hooks=16 inst=74 rollout "Vinepire" Creature lvl1 hero0
t=8 ph=3 ap=0 snaps=1032 hooks=16 inst=74 rollout "Vinepire" Creature lvl1 hero0
t=8 ph=3 ap=0 snaps=1034 hooks=16 inst=74 leakyRollout "Vinepire" +10.89MB hooks=[] cards=[Summoning Circle:15 Arthor, the King of Blackport:9 Wealth:8 Ingo, Investor of Evil:8 Legendary Sword of a Barbarian King:6 The Great Clock Tower "Big Gwen":4]
t=8 ph=3 ap=0 snaps=1034 hooks=16 inst=74 rollout "Vinepire" Creature lvl1 hero0
t=8 ph=3 ap=0 snaps=1041 hooks=16 inst=74 rollout "Vinepire" Creature lvl1 hero0
t=8 ph=3 ap=0 snaps=1042 hooks=16 inst=74 rollout "Vinepire" Creature lvl1 hero0
t=8 ph=3 ap=0 snaps=1044 hooks=16 inst=74 rollout "Vinepire" Creature lvl1 hero0
t=8 ph=3 ap=0 snaps=1046 hooks=16 inst=74 leakyRollout "Vinepire" +12.61MB hooks=[] cards=[Summoning Circle:14 Legendary Sword of a Barbarian King:12 Wealth:11 The Great Clock Tower "Big Gwen":10 Ingo, Investor of Evil:9 Fighting:8]
t=8 ph=3 ap=0 snaps=1046 hooks=16 inst=74 rollout "Vinepire" Creature lvl1 hero0
t=8 ph=3 ap=0 snaps=1051 hooks=16 inst=74 summon "Vinepire" p0/h0
t=8 ph=5 ap=0 snaps=1051 hooks=25 inst=75 switchTurn ending p0
t=9 ph=2 ap=1 snaps=1051 hooks=10 inst=76 cpuTurnStart cpu=p1 hand=3
t=9 ph=5 ap=1 snaps=1077 hooks=17 inst=76 switchTurn ending p1
t=10 ph=2 ap=0 snaps=1077 hooks=10 inst=77 cpuTurnStart cpu=p0 hand=6
t=10 ph=5 ap=0 snaps=1083 hooks=19 inst=78 switchTurn ending p0
t=11 ph=2 ap=1 snaps=1083 hooks=10 inst=79 cpuTurnStart cpu=p1 hand=4
t=11 ph=3 ap=1 snaps=1096 hooks=12 inst=79 rollout "Pyroblast" Spell lvl0 hero0
t=11 ph=3 ap=1 snaps=1097 hooks=12 inst=79 leakyRollout "Pyroblast" +14.04MB hooks=[] cards=[Summoning Circle:16 Legendary Sword of a Barbarian King:13 Ingo, Investor of Evil:9 Wealth:8 Fighting:8 The Great Clock Tower "Big Gwen":4]
t=11 ph=3 ap=1 snaps=1097 hooks=12 inst=79 rollout "Pyroblast" Spell lvl0 hero1
t=11 ph=3 ap=1 snaps=1099 hooks=12 inst=79 leakyRollout "Pyroblast" +12.62MB hooks=[] cards=[Summoning Circle:17 Legendary Sword of a Barbarian King:15 Fighting:10 Wealth:9 Ingo, Investor of Evil:9 The Great Clock Tower "Big Gwen":5]
t=11 ph=3 ap=1 snaps=1099 hooks=12 inst=79 rollout "Pyroblast" Spell lvl0 hero2
t=11 ph=3 ap=1 snaps=1102 hooks=12 inst=79 leakyRollout "Pyroblast" +2.37MB hooks=[] cards=[Summoning Circle:16 Legendary Sword of a Barbarian King:12 Ingo, Investor of Evil:10 Wealth:8 Fighting:6 Pollution Token:5]
t=11 ph=3 ap=1 snaps=1102 hooks=12 inst=79 rollout "Pyroblast" Spell lvl0 hero0
t=11 ph=3 ap=1 snaps=1109 hooks=12 inst=79 leakyRollout "Pyroblast" +7.82MB hooks=[] cards=[Summoning Circle:15 Wealth:11 Arthor, the King of Blackport:9 Ingo, Investor of Evil:9 The Great Clock Tower "Big Gwen":6 Fighting:6]
t=11 ph=3 ap=1 snaps=1109 hooks=12 inst=79 rollout "Pyroblast" Spell lvl0 hero0
t=11 ph=3 ap=1 snaps=1110 hooks=12 inst=79 rollout "Pyroblast" Spell lvl0 hero0
t=11 ph=3 ap=1 snaps=1115 hooks=12 inst=79 leakyRollout "Pyroblast" +6.13MB hooks=[beforeDamage:1 afterDamage:1] cards=[Summoning Circle:17 Arthor, the King of Blackport:11 Ingo, Investor of Evil:11 Wealth:9 The Great Clock Tower "Big Gwen":8 Fighting:5]
t=11 ph=3 ap=1 snaps=1115 hooks=12 inst=79 rollout "Pyroblast" Spell lvl0 hero0
t=11 ph=3 ap=1 snaps=1122 hooks=12 inst=79 rollout "Pyroblast" Spell lvl0 hero0
t=11 ph=3 ap=1 snaps=1123 hooks=12 inst=79 rollout "Pyroblast" Spell lvl0 hero0
t=11 ph=3 ap=1 snaps=1127 hooks=12 inst=79 leakyRollout "Pyroblast" +5.19MB hooks=[beforeDamage:2 afterDamage:2] cards=[Arthor, the King of Blackport:10 Summoning Circle:10 Wealth:8 Ingo, Investor of Evil:6 The Great Clock Tower "Big Gwen":4 Vampiric Sword:4]
t=11 ph=3 ap=1 snaps=1127 hooks=12 inst=79 rollout "Pyroblast" Spell lvl0 hero0
t=11 ph=3 ap=1 snaps=1129 hooks=12 inst=79 rollout "Pyroblast" Spell lvl0 hero0
t=11 ph=3 ap=1 snaps=1133 hooks=12 inst=79 leakyRollout "Pyroblast" +2.18MB hooks=[] cards=[Arthor, the King of Blackport:10 Summoning Circle:9 Wealth:8 Ingo, Investor of Evil:5 Vinepire:5 The Great Clock Tower "Big Gwen":4]
t=11 ph=3 ap=1 snaps=1133 hooks=12 inst=79 rollout "Pyroblast" Spell lvl0 hero0
t=11 ph=3 ap=1 snaps=1145 hooks=12 inst=79 leakyRollout "Pyroblast" +7.94MB hooks=[] cards=[Summoning Circle:19 Legendary Sword of a Barbarian King:14 Ingo, Investor of Evil:13 Fighting:12 Wealth:9 The Great Clock Tower "Big Gwen":7]
t=11 ph=3 ap=1 snaps=1145 hooks=12 inst=79 rollout "Pyroblast" Spell lvl0 hero1
t=11 ph=3 ap=1 snaps=1147 hooks=12 inst=79 rollout "Pyroblast" Spell lvl0 hero1
t=11 ph=3 ap=1 snaps=1151 hooks=12 inst=79 leakyRollout "Pyroblast" +1.33MB hooks=[] cards=[Legendary Sword of a Barbarian King:13 Summoning Circle:11 Wealth:9 Vinepire:8 Fighting:8 Ingo, Investor of Evil:7]
t=11 ph=3 ap=1 snaps=1151 hooks=12 inst=79 rollout "Pyroblast" Spell lvl0 hero1
t=11 ph=3 ap=1 snaps=1153 hooks=12 inst=79 rollout "Pyroblast" Spell lvl0 hero1
t=11 ph=3 ap=1 snaps=1161 hooks=12 inst=79 rollout "Pyroblast" Spell lvl0 hero1
t=11 ph=3 ap=1 snaps=1163 hooks=12 inst=79 leakyRollout "Pyroblast" +11.48MB hooks=[] cards=[Summoning Circle:13 Arthor, the King of Blackport:9 Wealth:9 Ingo, Investor of Evil:8 The Great Clock Tower "Big Gwen":5 Pollution Token:3]
t=11 ph=3 ap=1 snaps=1163 hooks=12 inst=79 rollout "Pyroblast" Spell lvl0 hero1
t=11 ph=3 ap=1 snaps=1167 hooks=12 inst=79 rollout "Pyroblast" Spell lvl0 hero1
t=11 ph=3 ap=1 snaps=1168 hooks=12 inst=79 rollout "Pyroblast" Spell lvl0 hero1
t=11 ph=3 ap=1 snaps=1174 hooks=12 inst=79 leakyRollout "Pyroblast" +4.32MB hooks=[] cards=[Summoning Circle:14 Arthor, the King of Blackport:10 Ingo, Investor of Evil:10 Wealth:7 Pollution Token:7 Fighting:5]
t=11 ph=3 ap=1 snaps=1174 hooks=12 inst=79 rollout "Pyroblast" Spell lvl0 hero1
t=11 ph=3 ap=1 snaps=1178 hooks=12 inst=79 rollout "Pyroblast" Spell lvl0 hero2
t=11 ph=3 ap=1 snaps=1184 hooks=12 inst=79 leakyRollout "Pyroblast" +4.20MB hooks=[] cards=[Arthor, the King of Blackport:12 Summoning Circle:11 Wealth:7 Ingo, Investor of Evil:7 The Great Clock Tower "Big Gwen":5 Pollution Token:5]
t=11 ph=3 ap=1 snaps=1184 hooks=12 inst=79 rollout "Pyroblast" Spell lvl0 hero2
t=11 ph=3 ap=1 snaps=1185 hooks=12 inst=79 rollout "Pyroblast" Spell lvl0 hero2
t=11 ph=3 ap=1 snaps=1189 hooks=12 inst=79 leakyRollout "Pyroblast" +4.25MB hooks=[] cards=[Summoning Circle:13 Legendary Sword of a Barbarian King:10 Wealth:9 Ingo, Investor of Evil:8 Jump in the River:6 Fighting:6]
t=11 ph=3 ap=1 snaps=1189 hooks=12 inst=79 rollout "Pyroblast" Spell lvl0 hero2
t=11 ph=3 ap=1 snaps=1191 hooks=12 inst=79 rollout "Pyroblast" Spell lvl0 hero2
t=11 ph=3 ap=1 snaps=1193 hooks=12 inst=79 leakyRollout "Pyroblast" +1.14MB hooks=[] cards=[Summoning Circle:15 Ingo, Investor of Evil:11 Wealth:10 Legendary Sword of a Barbarian King:9 Fighting:6 The Great Clock Tower "Big Gwen":5]
t=11 ph=3 ap=1 snaps=1193 hooks=12 inst=79 rollout "Pyroblast" Spell lvl0 hero2
t=11 ph=3 ap=1 snaps=1198 hooks=12 inst=79 leakyRollout "Pyroblast" +8.63MB hooks=[] cards=[Summoning Circle:13 Wealth:10 Arthor, the King of Blackport:9 Ingo, Investor of Evil:7 The Great Clock Tower "Big Gwen":6 Pollution Piranha:5]
t=11 ph=3 ap=1 snaps=1198 hooks=12 inst=79 rollout "Pyroblast" Spell lvl0 hero2
t=11 ph=3 ap=1 snaps=1202 hooks=12 inst=79 leakyRollout "Pyroblast" +1.00MB hooks=[beforeDamage:1 afterDamage:1] cards=[Summoning Circle:13 Arthor, the King of Blackport:10 Wealth:8 Ingo, Investor of Evil:5 The Great Clock Tower "Big Gwen":4 Pollution Token:4]
t=11 ph=3 ap=1 snaps=1202 hooks=12 inst=79 rollout "Pyroblast" Spell lvl0 hero2
t=11 ph=3 ap=1 snaps=1204 hooks=12 inst=79 rollout "Pyroblast" Spell lvl0 hero2
t=11 ph=3 ap=1 snaps=1207 hooks=12 inst=79 leakyRollout "Pyroblast" +0.67MB hooks=[] cards=[Summoning Circle:14 Arthor, the King of Blackport:10 Wealth:9 Ingo, Investor of Evil:7 The Great Clock Tower "Big Gwen":5 Eraser Beam:5]
t=11 ph=3 ap=1 snaps=1207 hooks=12 inst=79 rollout "Pyroblast" Spell lvl0 hero1
t=11 ph=3 ap=1 snaps=1209 hooks=12 inst=79 leakyRollout "Pyroblast" +1.55MB hooks=[] cards=[Summoning Circle:19 Ingo, Investor of Evil:11 Wealth:9 Legendary Sword of a Barbarian King:8 Arthor, the King of Blackport:6 Fighting:6]
t=11 ph=3 ap=1 snaps=1209 hooks=12 inst=79 rollout "Pyroblast" Spell lvl0 hero1
t=11 ph=3 ap=1 snaps=1211 hooks=12 inst=79 leakyRollout "Pyroblast" +1.01MB hooks=[] cards=[Summoning Circle:20 Ingo, Investor of Evil:13 Wealth:11 Pollution Piranha:10 Legendary Sword of a Barbarian King:10 Fighting:10]
t=11 ph=3 ap=1 snaps=1211 hooks=12 inst=79 rollout "Pyroblast" Spell lvl0 hero1
t=11 ph=3 ap=1 snaps=1213 hooks=12 inst=79 rollout "Pyroblast" Spell lvl0 hero1
t=11 ph=3 ap=1 snaps=1215 hooks=12 inst=79 rollout "Pyroblast" Spell lvl0 hero1
t=11 ph=3 ap=1 snaps=1218 hooks=12 inst=79 rollout "Pyroblast" Spell lvl0 hero1
t=11 ph=3 ap=1 snaps=1221 hooks=12 inst=79 rollout "Pyroblast" Spell lvl0 hero1
t=11 ph=3 ap=1 snaps=1224 hooks=12 inst=79 leakyRollout "Pyroblast" +6.10MB hooks=[] cards=[Summoning Circle:18 Wealth:12 Ingo, Investor of Evil:12 Legendary Sword of a Barbarian King:10 Fighting:8 Vampiric Sword:7]
t=11 ph=3 ap=1 snaps=1224 hooks=12 inst=79 rollout "Pyroblast" Spell lvl0 hero1
t=11 ph=3 ap=1 snaps=1228 hooks=12 inst=79 leakyRollout "Pyroblast" +2.74MB hooks=[] cards=[Summoning Circle:13 Arthor, the King of Blackport:9 Wealth:9 Ingo, Investor of Evil:9 The Great Clock Tower "Big Gwen":4 Pollution Token:4]
t=11 ph=3 ap=1 snaps=1228 hooks=12 inst=79 rollout "Pyroblast" Spell lvl0 hero1
t=11 ph=3 ap=1 snaps=1230 hooks=12 inst=79 rollout "Pyroblast" Spell lvl0 hero1
t=11 ph=3 ap=1 snaps=1233 hooks=12 inst=79 rollout "Pyroblast" Spell lvl0 hero1
t=11 ph=3 ap=1 snaps=1235 hooks=12 inst=79 rollout "Pyroblast" Spell lvl0 hero1
t=11 ph=3 ap=1 snaps=1243 hooks=12 inst=79 leakyRollout "Pyroblast" +6.38MB hooks=[onCardLeaveZone:3 beforeDamage:3 afterDamage:3 beforeDraw:2 onDraw:2 onHeroKO:2] cards=[Summoning Circle:16 Wealth:10 Ingo, Investor of Evil:9 Arthor, the King of Blackport:8 Vinepire:8 The Great Clock Tower "Big Gwen":4]
t=11 ph=3 ap=1 snaps=1243 hooks=12 inst=79 rollout "Pyroblast" Spell lvl0 hero1
t=11 ph=3 ap=1 snaps=1247 hooks=12 inst=79 rollout "Pyroblast" Spell lvl0 hero1
t=11 ph=3 ap=1 snaps=1248 hooks=12 inst=79 rollout "Pyroblast" Spell lvl0 hero1
t=11 ph=3 ap=1 snaps=1252 hooks=12 inst=79 leakyRollout "Pyroblast" +3.29MB hooks=[] cards=[Ingo, Investor of Evil:12 Wealth:9 Summoning Circle:9 Arthor, the King of Blackport:5 Pollution Token:5 The Great Clock Tower "Big Gwen":4]
t=11 ph=3 ap=1 snaps=1252 hooks=12 inst=79 rollout "Pyroblast" Spell lvl0 hero1
t=11 ph=3 ap=1 snaps=1258 hooks=12 inst=79 rollout "Pyroblast" Spell lvl0 hero1
t=11 ph=3 ap=1 snaps=1260 hooks=12 inst=79 rollout "Pyroblast" Spell lvl0 hero1
t=11 ph=3 ap=1 snaps=1264 hooks=12 inst=79 leakyRollout "Pyroblast" +3.03MB hooks=[] cards=[Summoning Circle:17 Arthor, the King of Blackport:10 Ingo, Investor of Evil:10 Wealth:9 The Great Clock Tower "Big Gwen":7 Pollution Token:6]
t=11 ph=3 ap=1 snaps=1264 hooks=12 inst=79 rollout "Pyroblast" Spell lvl0 hero1
t=11 ph=3 ap=1 snaps=1269 hooks=12 inst=79 leakyRollout "Pyroblast" +8.47MB hooks=[beforeDamage:1 afterDamage:1] cards=[Summoning Circle:12 Wealth:9 Eraser Beam:9 Legendary Sword of a Barbarian King:9 Ingo, Investor of Evil:8 Arthor, the King of Blackport:6]
t=11 ph=3 ap=1 snaps=1269 hooks=12 inst=79 rollout "Pyroblast" Spell lvl0 hero1
t=11 ph=3 ap=1 snaps=1270 hooks=12 inst=79 rollout "Pyroblast" Spell lvl0 hero1
t=11 ph=3 ap=1 snaps=1272 hooks=12 inst=79 rollout "Pyroblast" Spell lvl0 hero1
t=11 ph=3 ap=1 snaps=1278 hooks=12 inst=79 rollout "Pyroblast" Spell lvl0 hero1
t=11 ph=3 ap=1 snaps=1280 hooks=12 inst=79 rollout "Pyroblast" Spell lvl0 hero1
t=11 ph=3 ap=1 snaps=1285 hooks=12 inst=79 leakyRollout "Pyroblast" +1.12MB hooks=[] cards=[Summoning Circle:17 Arthor, the King of Blackport:10 Wealth:9 Ingo, Investor of Evil:9 The Great Clock Tower "Big Gwen":5 Pollution Token:5]
t=11 ph=3 ap=1 snaps=1285 hooks=12 inst=79 rollout "Pyroblast" Spell lvl0 hero1
t=11 ph=3 ap=1 snaps=1288 hooks=12 inst=79 leakyRollout "Pyroblast" +0.50MB hooks=[] cards=[Legendary Sword of a Barbarian King:14 Summoning Circle:12 Wealth:10 Ingo, Investor of Evil:8 Fighting:8 Eraser Beam:5]
t=11 ph=3 ap=1 snaps=1288 hooks=12 inst=79 rollout "Pyroblast" Spell lvl0 hero1
t=11 ph=3 ap=1 snaps=1289 hooks=12 inst=79 rollout "Pyroblast" Spell lvl0 hero1
t=11 ph=3 ap=1 snaps=1296 hooks=12 inst=79 leakyRollout "Pyroblast" +3.94MB hooks=[onCardLeaveZone:3 beforeDamage:2 afterDamage:2 onHeroKO:2 onAnyActionResolved:2 onPlay:2] cards=[Summoning Circle:14 Ingo, Investor of Evil:10 Arthor, the King of Blackport:8 Wealth:8 Pollution Token:5 The Great Clock Tower "Big Gwen":4]
t=11 ph=3 ap=1 snaps=1296 hooks=12 inst=79 rollout "Pyroblast" Spell lvl0 hero1
t=11 ph=3 ap=1 snaps=1297 hooks=12 inst=79 rollout "Pyroblast" Spell lvl0 hero1
t=11 ph=3 ap=1 snaps=1299 hooks=12 inst=79 leakyRollout "Pyroblast" +12.02MB hooks=[] cards=[Summoning Circle:11 Arthor, the King of Blackport:9 Wealth:8 Ingo, Investor of Evil:7 The Great Clock Tower "Big Gwen":4 Pollution Token:4]
t=11 ph=3 ap=1 snaps=1299 hooks=12 inst=79 rollout "Pyroblast" Spell lvl0 hero1
t=11 ph=3 ap=1 snaps=1301 hooks=12 inst=79 rollout "Pyroblast" Spell lvl0 hero1
t=11 ph=3 ap=1 snaps=1308 hooks=12 inst=79 rollout "Pyroblast" Spell lvl0 hero1
t=11 ph=3 ap=1 snaps=1314 hooks=12 inst=79 leakyRollout "Pyroblast" +3.84MB hooks=[beforeDamage:1 afterDamage:1] cards=[Arthor, the King of Blackport:12 Summoning Circle:10 Wealth:8 Ingo, Investor of Evil:6 Eraser Beam:5 The Great Clock Tower "Big Gwen":4]
t=11 ph=3 ap=1 snaps=1314 hooks=12 inst=79 rollout "Pyroblast" Spell lvl0 hero1
t=11 ph=3 ap=1 snaps=1316 hooks=12 inst=79 leakyRollout "Pyroblast" +0.62MB hooks=[] cards=[Summoning Circle:14 Ingo, Investor of Evil:10 Arthor, the King of Blackport:9 Wealth:9 The Great Clock Tower "Big Gwen":6 Pollution Token:4]
t=11 ph=3 ap=1 snaps=1316 hooks=12 inst=79 rollout "Pyroblast" Spell lvl0 hero1
t=11 ph=3 ap=1 snaps=1324 hooks=12 inst=79 rollout "Pyroblast" Spell lvl0 hero1
t=11 ph=3 ap=1 snaps=1328 hooks=12 inst=79 leakyRollout "Pyroblast" +4.45MB hooks=[] cards=[Summoning Circle:18 Legendary Sword of a Barbarian King:14 Wealth:11 Ingo, Investor of Evil:11 Fighting:10 The Great Clock Tower "Big Gwen":6]
t=11 ph=3 ap=1 snaps=1328 hooks=12 inst=79 rollout "Pyroblast" Spell lvl0 hero1
t=11 ph=3 ap=1 snaps=1330 hooks=12 inst=79 rollout "Pyroblast" Spell lvl0 hero1
t=11 ph=3 ap=1 snaps=1331 hooks=12 inst=79 rollout "Pyroblast" Spell lvl0 hero1
t=11 ph=3 ap=1 snaps=1334 hooks=12 inst=79 leakyRollout "Pyroblast" +1.45MB hooks=[beforeDamage:2 afterDamage:2] cards=[Arthor, the King of Blackport:12 Summoning Circle:11 Wealth:9 Ingo, Investor of Evil:6 The Great Clock Tower "Big Gwen":5 Eraser Beam:5]
t=11 ph=3 ap=1 snaps=1334 hooks=12 inst=79 rollout "Pyroblast" Spell lvl0 hero1
t=11 ph=3 ap=1 snaps=1338 hooks=12 inst=79 leakyRollout "Pyroblast" +0.81MB hooks=[] cards=[Summoning Circle:18 Arthor, the King of Blackport:10 Wealth:10 Ingo, Investor of Evil:9 The Great Clock Tower "Big Gwen":6 Vinepire:6]
t=11 ph=3 ap=1 snaps=1338 hooks=12 inst=79 rollout "Pyroblast" Spell lvl0 hero1
t=11 ph=3 ap=1 snaps=1341 hooks=12 inst=79 leakyRollout "Pyroblast" +3.56MB hooks=[] cards=[Summoning Circle:14 Ingo, Investor of Evil:10 Wealth:8 Arthor, the King of Blackport:7 The Great Clock Tower "Big Gwen":7 Vinepire:7]
t=11 ph=3 ap=1 snaps=1341 hooks=12 inst=79 rollout "Pyroblast" Spell lvl0 hero1
t=11 ph=3 ap=1 snaps=1342 hooks=12 inst=79 rollout "Pyroblast" Spell lvl0 hero1
t=11 ph=3 ap=1 snaps=1344 hooks=12 inst=79 rollout "Pyroblast" Spell lvl0 hero1
t=11 ph=3 ap=1 snaps=1349 hooks=12 inst=79 leakyRollout "Pyroblast" +2.19MB hooks=[] cards=[Summoning Circle:11 Wealth:9 Arthor, the King of Blackport:8 Ingo, Investor of Evil:6 The Great Clock Tower "Big Gwen":5 Vinepire:3]
t=11 ph=3 ap=1 snaps=1349 hooks=12 inst=79 rollout "Pyroblast" Spell lvl0 hero1
t=11 ph=3 ap=1 snaps=1351 hooks=12 inst=79 rollout "Pyroblast" Spell lvl0 hero1
t=11 ph=3 ap=1 snaps=1356 hooks=12 inst=79 leakyRollout "Pyroblast" +2.53MB hooks=[] cards=[Summoning Circle:14 Arthor, the King of Blackport:10 Wealth:10 Ingo, Investor of Evil:9 Vinepire:7 The Great Clock Tower "Big Gwen":5]
t=11 ph=3 ap=1 snaps=1356 hooks=12 inst=79 rollout "Pyroblast" Spell lvl0 hero1
t=11 ph=3 ap=1 snaps=1361 hooks=12 inst=79 leakyRollout "Pyroblast" +4.24MB hooks=[] cards=[Summoning Circle:16 Arthor, the King of Blackport:10 Ingo, Investor of Evil:9 Wealth:8 Vinepire:7 Pollution Token:6]
t=11 ph=3 ap=1 snaps=1361 hooks=12 inst=79 rollout "Pyroblast" Spell lvl0 hero1
t=11 ph=3 ap=1 snaps=1363 hooks=12 inst=79 rollout "Pyroblast" Spell lvl0 hero1
t=11 ph=3 ap=1 snaps=1365 hooks=12 inst=79 rollout "Pyroblast" Spell lvl0 hero1
t=11 ph=3 ap=1 snaps=1368 hooks=12 inst=79 leakyRollout "Pyroblast" +1.87MB hooks=[] cards=[Summoning Circle:13 Wealth:9 Arthor, the King of Blackport:8 Ingo, Investor of Evil:8 Pollution Spewer:5 The Great Clock Tower "Big Gwen":4]
t=11 ph=3 ap=1 snaps=1368 hooks=12 inst=79 rollout "Pyroblast" Spell lvl0 hero1
t=11 ph=5 ap=1 snaps=1383 hooks=32 inst=81 switchTurn ending p1
t=12 ph=2 ap=0 snaps=1383 hooks=10 inst=82 cpuTurnStart cpu=p0 hand=6
t=12 ph=3 ap=0 snaps=1385 hooks=13 inst=82 rollout "Trial of Coolness" Spell lvl1 hero0
t=12 ph=3 ap=0 snaps=1386 hooks=13 inst=82 leakyRollout "Trial of Coolness" +14.27MB hooks=[] cards=[Arthor, the King of Blackport:9 Wealth:8 Summoning Circle:7 The Great Clock Tower "Big Gwen":5 Ingo, Investor of Evil:4 Vinepire:4]
t=12 ph=3 ap=0 snaps=1386 hooks=13 inst=82 rollout "Trial of Coolness" Spell lvl1 hero0
t=12 ph=3 ap=0 snaps=1389 hooks=13 inst=82 rollout "Trial of Coolness" Spell lvl1 hero0
t=12 ph=3 ap=0 snaps=1390 hooks=13 inst=82 leakyRollout "Trial of Coolness" +13.11MB hooks=[] cards=[Arthor, the King of Blackport:9 Wealth:9 Summoning Circle:9 Ingo, Investor of Evil:6 Vinepire:5 The Great Clock Tower "Big Gwen":3]
t=12 ph=3 ap=0 snaps=1390 hooks=13 inst=82 rollout "Trial of Coolness" Spell lvl1 hero0
t=12 ph=3 ap=0 snaps=1392 hooks=13 inst=82 rollout "Trial of Coolness" Spell lvl1 hero0
t=12 ph=3 ap=0 snaps=1396 hooks=13 inst=82 leakyRollout "Trial of Coolness" +5.41MB hooks=[] cards=[Arthor, the King of Blackport:10 Summoning Circle:9 Wealth:7 Ingo, Investor of Evil:6 The Great Clock Tower "Big Gwen":6 Eraser Beam:4]
t=12 ph=3 ap=0 snaps=1396 hooks=13 inst=82 rollout "Trial of Coolness" Spell lvl1 hero0
t=12 ph=3 ap=0 snaps=1398 hooks=13 inst=82 rollout "Trial of Coolness" Spell lvl1 hero0
t=12 ph=3 ap=0 snaps=1399 hooks=13 inst=82 rollout "Trial of Coolness" Spell lvl1 hero0
t=12 ph=3 ap=0 snaps=1400 hooks=13 inst=82 leakyRollout "Trial of Coolness" +11.66MB hooks=[] cards=[Summoning Circle:10 Arthor, the King of Blackport:9 Wealth:8 Ingo, Investor of Evil:4 The Great Clock Tower "Big Gwen":3 Eraser Beam:2]
t=12 ph=3 ap=0 snaps=1400 hooks=13 inst=82 rollout "Trial of Coolness" Spell lvl1 hero0
t=12 ph=3 ap=0 snaps=1406 hooks=13 inst=82 rollout "Trial of Coolness" Spell lvl1 hero0
t=12 ph=3 ap=0 snaps=1407 hooks=13 inst=82 rollout "Trial of Coolness" Spell lvl1 hero0
t=12 ph=3 ap=0 snaps=1411 hooks=13 inst=82 leakyRollout "Trial of Coolness" +4.51MB hooks=[] cards=[Wealth:9 Arthor, the King of Blackport:8 Summoning Circle:8 Ingo, Investor of Evil:7 Vinepire:7 The Great Clock Tower "Big Gwen":3]
t=12 ph=3 ap=0 snaps=1411 hooks=13 inst=82 rollout "Trial of Coolness" Spell lvl1 hero0
t=12 ph=3 ap=0 snaps=1413 hooks=13 inst=82 rollout "Trial of Coolness" Spell lvl1 hero0
t=12 ph=3 ap=0 snaps=1414 hooks=13 inst=82 rollout "Trial of Coolness" Spell lvl1 hero0
t=12 ph=3 ap=0 snaps=1417 hooks=13 inst=82 leakyRollout "Trial of Coolness" +3.59MB hooks=[] cards=[Legendary Sword of a Barbarian King:10 Wealth:7 Summoning Circle:6 Fighting:6 Arthor, the King of Blackport:4 Eraser Beam:4]
t=12 ph=3 ap=0 snaps=1417 hooks=13 inst=82 rollout "Trial of Coolness" Spell lvl1 hero0
t=12 ph=3 ap=0 snaps=1418 hooks=13 inst=82 rollout "Trial of Coolness" Spell lvl1 hero0
t=12 ph=3 ap=0 snaps=1422 hooks=13 inst=82 leakyRollout "Trial of Coolness" +4.54MB hooks=[] cards=[Summoning Circle:9 Arthor, the King of Blackport:8 Wealth:8 Ingo, Investor of Evil:6 Vinepire:4 The Great Clock Tower "Big Gwen":3]
t=12 ph=3 ap=0 snaps=1422 hooks=13 inst=82 rollout "Trial of Coolness" Spell lvl1 hero0
t=12 ph=3 ap=0 snaps=1424 hooks=13 inst=82 rollout "Trial of Coolness" Spell lvl1 hero0
t=12 ph=3 ap=0 snaps=1425 hooks=13 inst=82 rollout "Trial of Coolness" Spell lvl1 hero0
t=12 ph=3 ap=0 snaps=1427 hooks=13 inst=82 rollout "Trial of Coolness" Spell lvl1 hero0
t=12 ph=3 ap=0 snaps=1428 hooks=13 inst=82 rollout "Trial of Coolness" Spell lvl1 hero0
t=12 ph=3 ap=0 snaps=1433 hooks=13 inst=82 leakyRollout "Trial of Coolness" +5.30MB hooks=[] cards=[Summoning Circle:13 Arthor, the King of Blackport:11 Wealth:8 Ingo, Investor of Evil:6 The Great Clock Tower "Big Gwen":4 Pollution Token:4]
t=12 ph=3 ap=0 snaps=1433 hooks=13 inst=82 rollout "Trial of Coolness" Spell lvl1 hero0
t=12 ph=3 ap=0 snaps=1435 hooks=13 inst=82 rollout "Trial of Coolness" Spell lvl1 hero0
t=12 ph=3 ap=0 snaps=1439 hooks=13 inst=82 leakyRollout "Trial of Coolness" +1.98MB hooks=[] cards=[Arthor, the King of Blackport:10 Summoning Circle:9 Wealth:8 Ingo, Investor of Evil:6 Vinepire:5 The Great Clock Tower "Big Gwen":3]
t=12 ph=3 ap=0 snaps=1439 hooks=13 inst=82 rollout "Trial of Coolness" Spell lvl1 hero0
t=12 ph=3 ap=0 snaps=1443 hooks=13 inst=82 leakyRollout "Trial of Coolness" +2.44MB hooks=[] cards=[Summoning Circle:14 Arthor, the King of Blackport:10 Wealth:9 Ingo, Investor of Evil:7 Vinepire:7 The Great Clock Tower "Big Gwen":4]
t=12 ph=3 ap=0 snaps=1443 hooks=13 inst=82 rollout "Trial of Coolness" Spell lvl1 hero0
t=12 ph=3 ap=0 snaps=1445 hooks=13 inst=82 rollout "Trial of Coolness" Spell lvl1 hero0
t=12 ph=3 ap=0 snaps=1449 hooks=13 inst=82 rollout "Trial of Coolness" Spell lvl1 hero0
t=12 ph=3 ap=0 snaps=1451 hooks=13 inst=82 leakyRollout "Trial of Coolness" +2.07MB hooks=[] cards=[Summoning Circle:10 Wealth:8 Legendary Sword of a Barbarian King:8 Arthor, the King of Blackport:6 The Great Clock Tower "Big Gwen":5 Eraser Beam:5]
t=12 ph=3 ap=0 snaps=1451 hooks=13 inst=82 rollout "Trial of Coolness" Spell lvl1 hero0
t=12 ph=3 ap=0 snaps=1453 hooks=13 inst=82 rollout "Trial of Coolness" Spell lvl1 hero0
t=12 ph=3 ap=0 snaps=1457 hooks=13 inst=82 leakyRollout "Trial of Coolness" +3.01MB hooks=[] cards=[Summoning Circle:12 Ingo, Investor of Evil:11 Arthor, the King of Blackport:8 Wealth:8 The Great Clock Tower "Big Gwen":5 Eraser Beam:4]
t=12 ph=3 ap=0 snaps=1457 hooks=13 inst=82 rollout "Trial of Coolness" Spell lvl1 hero0
t=12 ph=3 ap=0 snaps=1459 hooks=13 inst=82 rollout "Trial of Coolness" Spell lvl1 hero0
t=12 ph=3 ap=0 snaps=1460 hooks=13 inst=82 rollout "Trial of Coolness" Spell lvl1 hero0
t=12 ph=3 ap=0 snaps=1462 hooks=13 inst=82 rollout "Trial of Coolness" Spell lvl1 hero0
t=12 ph=3 ap=0 snaps=1464 hooks=13 inst=82 rollout "Trial of Coolness" Spell lvl1 hero0
t=12 ph=3 ap=0 snaps=1474 hooks=13 inst=82 rollout "Trial of Coolness" Spell lvl1 hero0
t=12 ph=3 ap=0 snaps=1476 hooks=13 inst=82 rollout "Trial of Coolness" Spell lvl1 hero0
t=12 ph=3 ap=0 snaps=1481 hooks=13 inst=82 leakyRollout "Trial of Coolness" +5.68MB hooks=[] cards=[Summoning Circle:12 Arthor, the King of Blackport:10 Ingo, Investor of Evil:9 Wealth:7 Vinepire:5 Pollution Token:4]
t=12 ph=3 ap=0 snaps=1481 hooks=13 inst=82 rollout "Trial of Coolness" Spell lvl1 hero0
t=12 ph=3 ap=0 snaps=1485 hooks=13 inst=82 leakyRollout "Trial of Coolness" +4.84MB hooks=[] cards=[Arthor, the King of Blackport:11 Summoning Circle:11 Wealth:8 Ingo, Investor of Evil:7 The Great Clock Tower "Big Gwen":4 Eraser Beam:4]
t=12 ph=3 ap=0 snaps=1485 hooks=13 inst=82 rollout "Trial of Coolness" Spell lvl1 hero0
t=12 ph=3 ap=0 snaps=1486 hooks=13 inst=82 rollout "Trial of Coolness" Spell lvl1 hero0
t=12 ph=3 ap=0 snaps=1491 hooks=13 inst=82 leakyRollout "Trial of Coolness" +4.16MB hooks=[] cards=[Summoning Circle:12 Arthor, the King of Blackport:9 Wealth:8 Ingo, Investor of Evil:6 Vinepire:5 Eraser Beam:4]
t=12 ph=3 ap=0 snaps=1491 hooks=13 inst=82 rollout "Trial of Coolness" Spell lvl1 hero0
t=12 ph=3 ap=0 snaps=1492 hooks=13 inst=82 rollout "Trial of Coolness" Spell lvl1 hero0
t=12 ph=3 ap=0 snaps=1493 hooks=13 inst=82 leakyRollout "Trial of Coolness" +1.16MB hooks=[] cards=[Legendary Sword of a Barbarian King:10 Wealth:8 Fighting:6 Summoning Circle:5 Eraser Beam:5 Arthor, the King of Blackport:4]
t=12 ph=3 ap=0 snaps=1493 hooks=13 inst=82 rollout "Trial of Coolness" Spell lvl1 hero0
t=12 ph=3 ap=0 snaps=1494 hooks=13 inst=82 rollout "Trial of Coolness" Spell lvl1 hero0
t=12 ph=3 ap=0 snaps=1498 hooks=13 inst=82 leakyRollout "Trial of Coolness" +2.59MB hooks=[] cards=[Summoning Circle:12 Arthor, the King of Blackport:9 Wealth:9 Ingo, Investor of Evil:8 The Great Clock Tower "Big Gwen":7 Eraser Beam:4]
t=12 ph=3 ap=0 snaps=1498 hooks=13 inst=82 rollout "Trial of Coolness" Spell lvl1 hero0
t=12 ph=3 ap=0 snaps=1500 hooks=13 inst=82 rollout "Trial of Coolness" Spell lvl1 hero0
t=12 ph=3 ap=0 snaps=1502 hooks=13 inst=82 rollout "Trial of Coolness" Spell lvl1 hero0
t=12 ph=3 ap=0 snaps=1506 hooks=13 inst=82 rollout "Trial of Coolness" Spell lvl1 hero0
t=12 ph=3 ap=0 snaps=1511 hooks=13 inst=82 leakyRollout "Trial of Coolness" +6.97MB hooks=[] cards=[Summoning Circle:11 Arthor, the King of Blackport:9 Wealth:8 Ingo, Investor of Evil:7 The Great Clock Tower "Big Gwen":4 Vinepire:4]
t=12 ph=3 ap=0 snaps=1511 hooks=13 inst=82 rollout "Trial of Coolness" Spell lvl1 hero0
t=12 ph=3 ap=0 snaps=1518 hooks=13 inst=82 rollout "Trial of Coolness" Spell lvl1 hero0
t=12 ph=3 ap=0 snaps=1522 hooks=13 inst=82 leakyRollout "Trial of Coolness" +2.94MB hooks=[] cards=[Summoning Circle:12 Wealth:9 Arthor, the King of Blackport:8 Ingo, Investor of Evil:5 The Great Clock Tower "Big Gwen":5 Pollution Spewer:4]
t=12 ph=3 ap=0 snaps=1522 hooks=13 inst=82 rollout "Trial of Coolness" Spell lvl1 hero0
t=12 ph=3 ap=0 snaps=1526 hooks=13 inst=82 leakyRollout "Trial of Coolness" +6.81MB hooks=[] cards=[Wealth:10 Summoning Circle:8 Arthor, the King of Blackport:7 Ingo, Investor of Evil:7 Vampiric Sword:6 The Great Clock Tower "Big Gwen":5]
t=12 ph=3 ap=0 snaps=1526 hooks=13 inst=82 rollout "Trial of Coolness" Spell lvl1 hero0
t=12 ph=3 ap=0 snaps=1530 hooks=13 inst=82 leakyRollout "Trial of Coolness" +2.09MB hooks=[] cards=[Summoning Circle:12 Arthor, the King of Blackport:10 Wealth:7 Vinepire:7 Ingo, Investor of Evil:6 The Great Clock Tower "Big Gwen":3]
t=12 ph=3 ap=0 snaps=1530 hooks=13 inst=82 rollout "Trial of Coolness" Spell lvl1 hero0
t=12 ph=3 ap=0 snaps=1534 hooks=13 inst=82 leakyRollout "Trial of Coolness" +1.92MB hooks=[] cards=[Summoning Circle:16 Arthor, the King of Blackport:11 Wealth:9 Ingo, Investor of Evil:8 Legendary Sword of a Barbarian King:6 The Great Clock Tower "Big Gwen":5]
t=12 ph=3 ap=0 snaps=1534 hooks=13 inst=82 rollout "Trial of Coolness" Spell lvl1 hero0
t=12 ph=3 ap=0 snaps=1538 hooks=13 inst=82 rollout "Trial of Coolness" Spell lvl1 hero0
t=12 ph=3 ap=0 snaps=1540 hooks=13 inst=82 leakyRollout "Trial of Coolness" +1.13MB hooks=[] cards=[Summoning Circle:14 Arthor, the King of Blackport:10 Ingo, Investor of Evil:10 Wealth:9 Fighting:5 The Great Clock Tower "Big Gwen":4]
t=12 ph=3 ap=0 snaps=1540 hooks=13 inst=82 rollout "Trial of Coolness" Spell lvl1 hero0
t=12 ph=3 ap=0 snaps=1542 hooks=13 inst=82 rollout "Trial of Coolness" Spell lvl1 hero0
t=12 ph=3 ap=0 snaps=1544 hooks=13 inst=82 leakyRollout "Trial of Coolness" +3.41MB hooks=[] cards=[Wealth:9 Summoning Circle:8 Legendary Sword of a Barbarian King:7 Arthor, the King of Blackport:6 Eraser Beam:6 Ingo, Investor of Evil:5]
t=12 ph=3 ap=0 snaps=1544 hooks=13 inst=82 rollout "Trial of Coolness" Spell lvl1 hero0
t=12 ph=3 ap=0 snaps=1546 hooks=13 inst=82 rollout "Trial of Coolness" Spell lvl1 hero0
t=12 ph=3 ap=0 snaps=1548 hooks=13 inst=82 leakyRollout "Trial of Coolness" +2.09MB hooks=[] cards=[Summoning Circle:11 Arthor, the King of Blackport:10 Wealth:8 Ingo, Investor of Evil:7 The Great Clock Tower "Big Gwen":7 Eraser Beam:4]
t=12 ph=3 ap=0 snaps=1548 hooks=13 inst=82 rollout "Trial of Coolness" Spell lvl1 hero0
t=12 ph=3 ap=0 snaps=1549 hooks=13 inst=82 rollout "Trial of Coolness" Spell lvl1 hero0
t=12 ph=3 ap=0 snaps=1554 hooks=13 inst=82 leakyRollout "Trial of Coolness" +7.40MB hooks=[] cards=[Arthor, the King of Blackport:10 Wealth:8 Summoning Circle:8 Ingo, Investor of Evil:5 The Great Clock Tower "Big Gwen":5 Jump in the River:5]
t=12 ph=3 ap=0 snaps=1554 hooks=13 inst=82 rollout "Trial of Coolness" Spell lvl1 hero0
t=12 ph=3 ap=0 snaps=1560 hooks=13 inst=82 rollout "Trial of Coolness" Spell lvl1 hero0
t=12 ph=3 ap=0 snaps=1561 hooks=13 inst=82 rollout "Trial of Coolness" Spell lvl1 hero0
t=12 ph=3 ap=0 snaps=1562 hooks=13 inst=82 leakyRollout "Trial of Coolness" +13.42MB hooks=[] cards=[Wealth:10 Summoning Circle:10 Arthor, the King of Blackport:9 Ingo, Investor of Evil:6 The Great Clock Tower "Big Gwen":4 Vinepire:4]
t=12 ph=3 ap=0 snaps=1562 hooks=13 inst=82 rollout "Trial of Coolness" Spell lvl1 hero0
t=12 ph=3 ap=0 snaps=1563 hooks=13 inst=82 rollout "Trial of Coolness" Spell lvl1 hero0
t=12 ph=3 ap=0 snaps=1564 hooks=13 inst=82 rollout "Trial of Coolness" Spell lvl1 hero0
t=12 ph=3 ap=0 snaps=1566 hooks=13 inst=82 rollout "Trial of Coolness" Spell lvl1 hero0
t=12 ph=3 ap=0 snaps=1570 hooks=13 inst=82 leakyRollout "Trial of Coolness" +3.99MB hooks=[] cards=[Legendary Sword of a Barbarian King:11 Summoning Circle:9 Wealth:8 Fighting:8 The Great Clock Tower "Big Gwen":7 Vinepire:7]
t=12 ph=3 ap=0 snaps=1570 hooks=13 inst=82 rollout "Trial of Coolness" Spell lvl1 hero0
t=12 ph=3 ap=0 snaps=1574 hooks=13 inst=82 rollout "Trial of Coolness" Spell lvl1 hero0
t=12 ph=3 ap=0 snaps=1578 hooks=13 inst=82 leakyRollout "Trial of Coolness" +1.99MB hooks=[] cards=[Summoning Circle:13 Legendary Sword of a Barbarian King:11 Wealth:8 Ingo, Investor of Evil:7 Fighting:6 Eraser Beam:5]
t=12 ph=3 ap=0 snaps=1578 hooks=13 inst=82 rollout "Trial of Coolness" Spell lvl1 hero0
t=12 ph=3 ap=0 snaps=1579 hooks=13 inst=82 leakyRollout "Trial of Coolness" +1.93MB hooks=[] cards=[Summoning Circle:11 Wealth:9 Ingo, Investor of Evil:8 Arthor, the King of Blackport:6 Legendary Sword of a Barbarian King:6 Fighting:5]
t=12 ph=3 ap=0 snaps=1579 hooks=13 inst=82 rollout "Trial of Coolness" Spell lvl1 hero0
t=12 ph=3 ap=0 snaps=1581 hooks=13 inst=82 leakyRollout "Trial of Coolness" +1.83MB hooks=[] cards=[Arthor, the King of Blackport:10 Wealth:7 Summoning Circle:7 The Great Clock Tower "Big Gwen":6 Ingo, Investor of Evil:4 Vinepire:4]
t=12 ph=3 ap=0 snaps=1581 hooks=13 inst=82 rollout "Trial of Coolness" Spell lvl1 hero0
t=12 ph=3 ap=0 snaps=1585 hooks=13 inst=82 leakyRollout "Trial of Coolness" +3.27MB hooks=[] cards=[Summoning Circle:15 Legendary Sword of a Barbarian King:11 Wealth:8 Ingo, Investor of Evil:8 Eraser Beam:6 Fighting:6]
t=12 ph=3 ap=0 snaps=1585 hooks=13 inst=82 rollout "Trial of Coolness" Spell lvl1 hero0
t=12 ph=3 ap=0 snaps=1587 hooks=13 inst=82 rollout "Trial of Coolness" Spell lvl1 hero0
t=12 ph=3 ap=0 snaps=1588 hooks=13 inst=82 rollout "Trial of Coolness" Spell lvl1 hero0
t=12 ph=3 ap=0 snaps=1590 hooks=13 inst=82 leakyRollout "Trial of Coolness" +0.61MB hooks=[] cards=[Summoning Circle:12 Arthor, the King of Blackport:10 Ingo, Investor of Evil:9 Wealth:7 Jump in the River:5 Eraser Beam:4]
t=12 ph=3 ap=0 snaps=1590 hooks=13 inst=82 rollout "Trial of Coolness" Spell lvl1 hero0
t=12 ph=3 ap=0 snaps=1591 hooks=13 inst=82 rollout "Trial of Coolness" Spell lvl1 hero0
t=12 ph=3 ap=0 snaps=1592 hooks=13 inst=82 rollout "Trial of Coolness" Spell lvl1 hero0
t=12 ph=3 ap=0 snaps=1594 hooks=13 inst=82 rollout "Trial of Coolness" Spell lvl1 hero0
t=12 ph=3 ap=0 snaps=1596 hooks=13 inst=82 leakyRollout "Trial of Coolness" +1.95MB hooks=[] cards=[Arthor, the King of Blackport:10 Wealth:9 Summoning Circle:9 Ingo, Investor of Evil:5 The Great Clock Tower "Big Gwen":4 Eraser Beam:4]
t=12 ph=3 ap=0 snaps=1596 hooks=13 inst=82 rollout "Trial of Coolness" Spell lvl1 hero0
t=12 ph=5 ap=0 snaps=1598 hooks=22 inst=82 switchTurn ending p0
t=13 ph=2 ap=1 snaps=1598 hooks=10 inst=83 cpuTurnStart cpu=p1 hand=4
t=13 ph=5 ap=1 snaps=1664 hooks=34 inst=90 switchTurn ending p1
t=14 ph=2 ap=0 snaps=1664 hooks=10 inst=91 cpuTurnStart cpu=p0 hand=6
t=14 ph=5 ap=0 snaps=1677 hooks=22 inst=94 switchTurn ending p0
t=15 ph=2 ap=1 snaps=1677 hooks=10 inst=95 cpuTurnStart cpu=p1 hand=6
t=15 ph=2 ap=1 snaps=1702 hooks=24 inst=100 summon "Pollution Spewer" p1/h1
t=15 ph=5 ap=1 snaps=1742 hooks=39 inst=100 switchTurn ending p1
t=16 ph=2 ap=0 snaps=1742 hooks=10 inst=101 cpuTurnStart cpu=p0 hand=5
t=16 ph=5 ap=0 snaps=1753 hooks=21 inst=101 switchTurn ending p0
t=17 ph=2 ap=1 snaps=1753 hooks=10 inst=102 cpuTurnStart cpu=p1 hand=8
t=17 ph=5 ap=1 snaps=1797 hooks=31 inst=104 switchTurn ending p1
t=18 ph=2 ap=0 snaps=1797 hooks=10 inst=105 cpuTurnStart cpu=p0 hand=6
t=18 ph=5 ap=0 snaps=1808 hooks=21 inst=105 switchTurn ending p0
t=19 ph=2 ap=1 snaps=1808 hooks=10 inst=106 cpuTurnStart cpu=p1 hand=8
t=19 ph=3 ap=1 snaps=1840 hooks=22 inst=106 rollout "Pyroblast" Spell lvl0 hero0
t=19 ph=3 ap=1 snaps=1844 hooks=22 inst=106 leakyRollout "Pyroblast" +9.39MB hooks=[beforeDraw:4 onDraw:4 beforeDamage:2 afterDamage:2 onPlay:2 onPhaseStart:1] cards=[Ingo, Investor of Evil:10 Eraser Beam:8 Wealth:7 Legendary Sword of a Barbarian King:7 Summoning Circle:6 The Great Clock Tower "Big Gwen":6]
t=19 ph=3 ap=1 snaps=1844 hooks=22 inst=106 rollout "Pyroblast" Spell lvl0 hero1
t=19 ph=3 ap=1 snaps=1848 hooks=22 inst=106 leakyRollout "Pyroblast" +7.20MB hooks=[] cards=[Ingo, Investor of Evil:9 Eraser Beam:8 Wealth:7 Legendary Sword of a Barbarian King:7 Jump in the River:7 Summoning Circle:6]
t=19 ph=3 ap=1 snaps=1848 hooks=22 inst=106 rollout "Pyroblast" Spell lvl0 hero2
t=19 ph=3 ap=1 snaps=1850 hooks=22 inst=106 leakyRollout "Pyroblast" +4.68MB hooks=[] cards=[Ingo, Investor of Evil:12 Eraser Beam:10 Wealth:8 The Great Clock Tower "Big Gwen":8 Legendary Sword of a Barbarian King:7 Jump in the River:7]
t=19 ph=3 ap=1 snaps=1850 hooks=22 inst=106 rollout "Pyroblast" Spell lvl0 hero0
t=19 ph=3 ap=1 snaps=1855 hooks=22 inst=106 leakyRollout "Pyroblast" +9.82MB hooks=[onHeroKO:1] cards=[Wealth:8 Ingo, Investor of Evil:8 The Great Clock Tower "Big Gwen":8 Eraser Beam:8 Legendary Sword of a Barbarian King:7 Jump in the River:7]
t=19 ph=3 ap=1 snaps=1855 hooks=22 inst=106 rollout "Pyroblast" Spell lvl0 hero0
t=19 ph=3 ap=1 snaps=1857 hooks=22 inst=106 rollout "Pyroblast" Spell lvl0 hero0
t=19 ph=3 ap=1 snaps=1858 hooks=22 inst=106 leakyRollout "Pyroblast" +2.45MB hooks=[] cards=[Legendary Sword of a Barbarian King:16 Wealth:10 Eraser Beam:10 Summoning Circle:8 Jump in the River:7 Ingo, Investor of Evil:6]
t=19 ph=3 ap=1 snaps=1858 hooks=22 inst=106 rollout "Pyroblast" Spell lvl0 hero0
t=19 ph=3 ap=1 snaps=1860 hooks=22 inst=106 leakyRollout "Pyroblast" +0.69MB hooks=[] cards=[Legendary Sword of a Barbarian King:15 Eraser Beam:14 Wealth:7 Jump in the River:7 Summoning Circle:6 Ingo, Investor of Evil:5]
t=19 ph=3 ap=1 snaps=1860 hooks=22 inst=106 rollout "Pyroblast" Spell lvl0 hero0
t=19 ph=3 ap=1 snaps=1863 hooks=22 inst=106 leakyRollout "Pyroblast" +5.96MB hooks=[] cards=[Legendary Sword of a Barbarian King:16 Eraser Beam:14 Wealth:9 Summoning Circle:9 Ingo, Investor of Evil:7 Jump in the River:7]
t=19 ph=3 ap=1 snaps=1863 hooks=22 inst=106 rollout "Pyroblast" Spell lvl0 hero0
t=19 ph=3 ap=1 snaps=1864 hooks=22 inst=106 rollout "Pyroblast" Spell lvl0 hero0
t=19 ph=3 ap=1 snaps=1865 hooks=22 inst=106 rollout "Pyroblast" Spell lvl0 hero0
t=19 ph=3 ap=1 snaps=1867 hooks=22 inst=106 rollout "Pyroblast" Spell lvl0 hero0
t=19 ph=3 ap=1 snaps=1868 hooks=22 inst=106 leakyRollout "Pyroblast" +12.22MB hooks=[beforeHeroEffect:1 afterHeal:1 onHeroKO:1 afterSpellResolved:1] cards=[Legendary Sword of a Barbarian King:12 Summoning Circle:10 Eraser Beam:10 Wealth:8 Ingo, Investor of Evil:8 Jump in the River:5]
t=19 ph=3 ap=1 snaps=1868 hooks=22 inst=106 rollout "Pyroblast" Spell lvl0 hero1
t=19 ph=3 ap=1 snaps=1870 hooks=22 inst=106 leakyRollout "Pyroblast" +2.54MB hooks=[] cards=[Eraser Beam:12 Legendary Sword of a Barbarian King:11 Ingo, Investor of Evil:10 The Great Clock Tower "Big Gwen":10 Wealth:9 Summoning Circle:7]
t=19 ph=3 ap=1 snaps=1870 hooks=22 inst=106 rollout "Pyroblast" Spell lvl0 hero1
t=19 ph=3 ap=1 snaps=1872 hooks=22 inst=106 rollout "Pyroblast" Spell lvl0 hero1
t=19 ph=3 ap=1 snaps=1873 hooks=22 inst=106 rollout "Pyroblast" Spell lvl0 hero1
t=19 ph=3 ap=1 snaps=1875 hooks=22 inst=106 leakyRollout "Pyroblast" +3.50MB hooks=[] cards=[Legendary Sword of a Barbarian King:17 Eraser Beam:12 Wealth:10 Summoning Circle:10 Ingo, Investor of Evil:8 Jump in the River:7]
t=19 ph=3 ap=1 snaps=1875 hooks=22 inst=106 rollout "Pyroblast" Spell lvl0 hero1
t=19 ph=3 ap=1 snaps=1876 hooks=22 inst=106 leakyRollout "Pyroblast" +1.11MB hooks=[] cards=[Legendary Sword of a Barbarian King:16 Summoning Circle:13 Eraser Beam:12 Wealth:9 Ingo, Investor of Evil:7 Jump in the River:7]
t=19 ph=3 ap=1 snaps=1876 hooks=22 inst=106 rollout "Pyroblast" Spell lvl0 hero1
t=19 ph=3 ap=1 snaps=1878 hooks=22 inst=106 leakyRollout "Pyroblast" +2.86MB hooks=[] cards=[Eraser Beam:12 Legendary Sword of a Barbarian King:12 Ingo, Investor of Evil:10 Summoning Circle:10 The Great Clock Tower "Big Gwen":10 Wealth:8]
t=19 ph=3 ap=1 snaps=1878 hooks=22 inst=106 rollout "Pyroblast" Spell lvl0 hero1
t=19 ph=3 ap=1 snaps=1880 hooks=22 inst=106 leakyRollout "Pyroblast" +3.31MB hooks=[] cards=[Wealth:10 Ingo, Investor of Evil:10 The Great Clock Tower "Big Gwen":8 Eraser Beam:8 Legendary Sword of a Barbarian King:7 Pollution Spewer:7]
t=19 ph=3 ap=1 snaps=1880 hooks=22 inst=106 rollout "Pyroblast" Spell lvl0 hero1
t=19 ph=3 ap=1 snaps=1884 hooks=22 inst=106 rollout "Pyroblast" Spell lvl0 hero1
t=19 ph=3 ap=1 snaps=1886 hooks=22 inst=106 leakyRollout "Pyroblast" +2.43MB hooks=[] cards=[Legendary Sword of a Barbarian King:15 Eraser Beam:11 Summoning Circle:9 Wealth:7 Ingo, Investor of Evil:7 Jump in the River:7]
t=19 ph=3 ap=1 snaps=1886 hooks=22 inst=106 rollout "Pyroblast" Spell lvl0 hero2
t=19 ph=3 ap=1 snaps=1887 hooks=22 inst=106 leakyRollout "Pyroblast" +4.55MB hooks=[] cards=[Legendary Sword of a Barbarian King:15 Wealth:9 Eraser Beam:9 Summoning Circle:8 Jump in the River:7 The Great Clock Tower "Big Gwen":6]
t=19 ph=3 ap=1 snaps=1887 hooks=22 inst=106 rollout "Pyroblast" Spell lvl0 hero2
t=19 ph=3 ap=1 snaps=1892 hooks=22 inst=106 rollout "Pyroblast" Spell lvl0 hero2
t=19 ph=3 ap=1 snaps=1894 hooks=22 inst=106 rollout "Pyroblast" Spell lvl0 hero2
t=19 ph=3 ap=1 snaps=1895 hooks=22 inst=106 rollout "Pyroblast" Spell lvl0 hero2
t=19 ph=3 ap=1 snaps=1901 hooks=22 inst=106 rollout "Pyroblast" Spell lvl0 hero2
t=19 ph=3 ap=1 snaps=1903 hooks=22 inst=106 leakyRollout "Pyroblast" +1.81MB hooks=[] cards=[Legendary Sword of a Barbarian King:12 Summoning Circle:10 Eraser Beam:10 Ingo, Investor of Evil:9 Wealth:8 The Great Clock Tower "Big Gwen":8]
t=19 ph=3 ap=1 snaps=1903 hooks=22 inst=106 rollout "Pyroblast" Spell lvl0 hero2
t=19 ph=3 ap=1 snaps=1905 hooks=22 inst=106 leakyRollout "Pyroblast" +5.88MB hooks=[] cards=[Ingo, Investor of Evil:10 Wealth:8 The Great Clock Tower "Big Gwen":8 Eraser Beam:8 Legendary Sword of a Barbarian King:7 Jump in the River:7]
t=19 ph=3 ap=1 snaps=1905 hooks=22 inst=106 rollout "Pyroblast" Spell lvl0 hero2
t=19 ph=3 ap=1 snaps=1908 hooks=22 inst=106 leakyRollout "Pyroblast" +4.66MB hooks=[onHeroKO:1] cards=[Legendary Sword of a Barbarian King:13 Summoning Circle:12 Eraser Beam:12 Wealth:10 Ingo, Investor of Evil:10 The Great Clock Tower "Big Gwen":7]
t=19 ph=3 ap=1 snaps=1908 hooks=22 inst=106 rollout "Pyroblast" Spell lvl0 hero2
t=19 ph=3 ap=1 snaps=1909 hooks=22 inst=106 rollout "Pyroblast" Spell lvl0 hero0
t=19 ph=3 ap=1 snaps=1911 hooks=22 inst=106 leakyRollout "Pyroblast" +3.22MB hooks=[] cards=[Wealth:9 Ingo, Investor of Evil:9 Eraser Beam:8 Vampiric Sword:8 Legendary Sword of a Barbarian King:7 Jump in the River:7]
t=19 ph=3 ap=1 snaps=1911 hooks=22 inst=106 rollout "Pyroblast" Spell lvl0 hero0
t=19 ph=3 ap=1 snaps=1913 hooks=22 inst=106 rollout "Pyroblast" Spell lvl0 hero0
t=19 ph=3 ap=1 snaps=1915 hooks=22 inst=106 leakyRollout "Pyroblast" +3.86MB hooks=[] cards=[The Great Clock Tower "Big Gwen":14 Wealth:10 Ingo, Investor of Evil:10 Eraser Beam:10 Legendary Sword of a Barbarian King:7 Jump in the River:7]
t=19 ph=3 ap=1 snaps=1915 hooks=22 inst=106 rollout "Pyroblast" Spell lvl0 hero0
t=19 ph=3 ap=1 snaps=1920 hooks=22 inst=106 leakyRollout "Pyroblast" +8.98MB hooks=[] cards=[Eraser Beam:10 Wealth:9 Ingo, Investor of Evil:9 The Great Clock Tower "Big Gwen":8 Legendary Sword of a Barbarian King:7 Jump in the River:7]
t=19 ph=3 ap=1 snaps=1920 hooks=22 inst=106 rollout "Pyroblast" Spell lvl0 hero0
t=19 ph=3 ap=1 snaps=1924 hooks=22 inst=106 rollout "Pyroblast" Spell lvl0 hero2
t=19 ph=3 ap=1 snaps=1929 hooks=22 inst=106 rollout "Pyroblast" Spell lvl0 hero2
t=19 ph=3 ap=1 snaps=1932 hooks=22 inst=106 leakyRollout "Pyroblast" +5.12MB hooks=[] cards=[Legendary Sword of a Barbarian King:12 Wealth:11 Eraser Beam:10 Summoning Circle:9 Ingo, Investor of Evil:8 Jump in the River:7]
t=19 ph=3 ap=1 snaps=1932 hooks=22 inst=106 rollout "Pyroblast" Spell lvl0 hero0
t=19 ph=3 ap=1 snaps=1937 hooks=22 inst=106 leakyRollout "Pyroblast" +7.89MB hooks=[onPlay:1 onCardEnterZone:1 onHeroKO:1] cards=[Summoning Circle:18 Legendary Sword of a Barbarian King:13 Eraser Beam:11 Ingo, Investor of Evil:10 Wealth:8 The Great Clock Tower "Big Gwen":8]
t=19 ph=3 ap=1 snaps=1937 hooks=22 inst=106 rollout "Pyroblast" Spell lvl0 hero0
t=19 ph=3 ap=1 snaps=1939 hooks=22 inst=106 rollout "Pyroblast" Spell lvl0 hero0
t=19 ph=3 ap=1 snaps=1941 hooks=22 inst=106 leakyRollout "Pyroblast" +3.00MB hooks=[] cards=[Legendary Sword of a Barbarian King:12 Eraser Beam:10 Wealth:9 Summoning Circle:9 Ingo, Investor of Evil:8 Jump in the River:7]
t=19 ph=3 ap=1 snaps=1941 hooks=22 inst=106 rollout "Pyroblast" Spell lvl0 hero0
t=19 ph=3 ap=1 snaps=1943 hooks=22 inst=106 leakyRollout "Pyroblast" +3.01MB hooks=[] cards=[Legendary Sword of a Barbarian King:12 Eraser Beam:10 Summoning Circle:9 Wealth:8 Ingo, Investor of Evil:8 The Great Clock Tower "Big Gwen":8]
t=19 ph=3 ap=1 snaps=1943 hooks=22 inst=106 rollout "Pyroblast" Spell lvl0 hero0
t=19 ph=3 ap=1 snaps=1945 hooks=22 inst=106 leakyRollout "Pyroblast" +6.53MB hooks=[] cards=[Wealth:8 Ingo, Investor of Evil:8 The Great Clock Tower "Big Gwen":8 Eraser Beam:8 Legendary Sword of a Barbarian King:7 Jump in the River:7]
t=19 ph=3 ap=1 snaps=1945 hooks=22 inst=106 rollout "Pyroblast" Spell lvl0 hero0
t=19 ph=3 ap=1 snaps=1946 hooks=22 inst=106 rollout "Pyroblast" Spell lvl0 hero0
t=19 ph=3 ap=1 snaps=1948 hooks=22 inst=106 rollout "Pyroblast" Spell lvl0 hero0
t=19 ph=3 ap=1 snaps=1954 hooks=22 inst=106 leakyRollout "Pyroblast" +11.87MB hooks=[onHeroKO:1] cards=[Ingo, Investor of Evil:10 Eraser Beam:10 Wealth:8 The Great Clock Tower "Big Gwen":8 Legendary Sword of a Barbarian King:7 Jump in the River:7]
t=19 ph=3 ap=1 snaps=1954 hooks=22 inst=106 rollout "Pyroblast" Spell lvl0 hero0
t=19 ph=3 ap=1 snaps=1959 hooks=22 inst=106 rollout "Pyroblast" Spell lvl0 hero0
t=19 ph=3 ap=1 snaps=1962 hooks=22 inst=106 leakyRollout "Pyroblast" +5.66MB hooks=[beforeDamage:2 afterDamage:2 onPlay:2 onPhaseStart:1 onPhaseEnd:1 onResourceGain:1] cards=[Eraser Beam:10 Ingo, Investor of Evil:9 Wealth:8 The Great Clock Tower "Big Gwen":8 Legendary Sword of a Barbarian King:7 Jump in the River:6]
t=19 ph=3 ap=1 snaps=1962 hooks=22 inst=106 rollout "Pyroblast" Spell lvl0 hero0
t=19 ph=3 ap=1 snaps=1964 hooks=22 inst=106 rollout "Pyroblast" Spell lvl0 hero0
t=19 ph=3 ap=1 snaps=1965 hooks=22 inst=106 leakyRollout "Pyroblast" +14.60MB hooks=[onCardLeaveZone:2 onPlay:1 onCardEnterZone:1 beforeDamage:1 afterDamage:1 onHeroKO:1] cards=[Wealth:8 Ingo, Investor of Evil:8 The Great Clock Tower "Big Gwen":8 Legendary Sword of a Barbarian King:7 Eraser Beam:6 Pollution Spewer:6]
t=19 ph=3 ap=1 snaps=1965 hooks=22 inst=106 rollout "Pyroblast" Spell lvl0 hero0
t=19 ph=3 ap=1 snaps=1967 hooks=22 inst=106 rollout "Pyroblast" Spell lvl0 hero0
t=19 ph=3 ap=1 snaps=1971 hooks=22 inst=106 rollout "Pyroblast" Spell lvl0 hero0
t=19 ph=3 ap=1 snaps=1975 hooks=22 inst=106 leakyRollout "Pyroblast" +8.96MB hooks=[onHeroKO:1] cards=[Eraser Beam:10 Ingo, Investor of Evil:9 Wealth:8 The Great Clock Tower "Big Gwen":8 Legendary Sword of a Barbarian King:7 Jump in the River:7]
t=19 ph=3 ap=1 snaps=1975 hooks=22 inst=106 rollout "Pyroblast" Spell lvl0 hero0
t=19 ph=3 ap=1 snaps=1977 hooks=22 inst=106 leakyRollout "Pyroblast" +1.57MB hooks=[onPlay:2 onCardEnterZone:2 onCardLeaveZone:1 beforeDamage:1 afterDamage:1 onHeroKO:1] cards=[Ingo, Investor of Evil:8 Eraser Beam:8 Wealth:7 Legendary Sword of a Barbarian King:7 The Great Clock Tower "Big Gwen":6 Jump in the River:6]
t=19 ph=3 ap=1 snaps=1977 hooks=22 inst=106 rollout "Pyroblast" Spell lvl0 hero0
t=19 ph=3 ap=1 snaps=1979 hooks=22 inst=106 leakyRollout "Pyroblast" +0.84MB hooks=[onPlay:2 onCardEnterZone:2 beforeDamage:2 afterDamage:2 onResourceGain:1 onCardLeaveZone:1] cards=[Ingo, Investor of Evil:11 Wealth:8 The Great Clock Tower "Big Gwen":8 Eraser Beam:8 Legendary Sword of a Barbarian King:7 Jump in the River:6]
t=19 ph=3 ap=1 snaps=1979 hooks=22 inst=106 rollout "Pyroblast" Spell lvl0 hero0
t=19 ph=3 ap=1 snaps=1981 hooks=22 inst=106 leakyRollout "Pyroblast" +1.65MB hooks=[onPlay:1 onCardEnterZone:1 onCardLeaveZone:1 beforeDamage:1 afterDamage:1 onHeroKO:1] cards=[Wealth:8 Eraser Beam:8 Ingo, Investor of Evil:7 Legendary Sword of a Barbarian King:7 The Great Clock Tower "Big Gwen":6 Jump in the River:6]
t=19 ph=3 ap=1 snaps=1981 hooks=22 inst=106 rollout "Pyroblast" Spell lvl0 hero0
t=19 ph=3 ap=1 snaps=1983 hooks=22 inst=106 rollout "Pyroblast" Spell lvl0 hero0
t=19 ph=3 ap=1 snaps=1986 hooks=22 inst=106 leakyRollout "Pyroblast" +8.38MB hooks=[beforeDamage:2 afterDamage:2 onCardAddedFromDiscardToHand:1 onCardLeaveZone:1 onHeroKO:1] cards=[The Great Clock Tower "Big Gwen":10 Eraser Beam:10 Wealth:8 Ingo, Investor of Evil:8 Legendary Sword of a Barbarian King:7 Jump in the River:6]
t=19 ph=3 ap=1 snaps=1986 hooks=22 inst=106 rollout "Pyroblast" Spell lvl0 hero0
t=19 ph=3 ap=1 snaps=1987 hooks=22 inst=106 rollout "Pyroblast" Spell lvl0 hero0
t=19 ph=3 ap=1 snaps=1993 hooks=22 inst=106 rollout "Pyroblast" Spell lvl0 hero0
t=19 ph=3 ap=1 snaps=1995 hooks=22 inst=106 leakyRollout "Pyroblast" +1.91MB hooks=[onHeroRevive:1 afterPotionUsed:1 onCardLeaveZone:1 beforeDamage:1 afterDamage:1 onHeroKO:1] cards=[Wealth:8 Eraser Beam:8 Vampiric Sword:8 Legendary Sword of a Barbarian King:7 Ingo, Investor of Evil:6 The Great Clock Tower "Big Gwen":6]
t=19 ph=3 ap=1 snaps=1995 hooks=22 inst=106 rollout "Pyroblast" Spell lvl0 hero0
t=19 ph=3 ap=1 snaps=2000 hooks=22 inst=106 rollout "Pyroblast" Spell lvl0 hero0
t=19 ph=3 ap=1 snaps=2006 hooks=22 inst=106 rollout "Pyroblast" Spell lvl0 hero0
t=19 ph=3 ap=1 snaps=2008 hooks=22 inst=106 leakyRollout "Pyroblast" +1.62MB hooks=[onPlay:2 beforeDamage:2 afterDamage:2 onPhaseStart:1 onPhaseEnd:1 onCardEnterZone:1] cards=[The Great Clock Tower "Big Gwen":10 Ingo, Investor of Evil:9 Eraser Beam:9 Wealth:8 Legendary Sword of a Barbarian King:7 Jump in the River:6]
t=19 ph=3 ap=1 snaps=2008 hooks=22 inst=106 rollout "Pyroblast" Spell lvl0 hero0
t=19 ph=3 ap=1 snaps=2009 hooks=22 inst=106 rollout "Pyroblast" Spell lvl0 hero0
t=19 ph=3 ap=1 snaps=2011 hooks=22 inst=106 leakyRollout "Pyroblast" +2.51MB hooks=[] cards=[Ingo, Investor of Evil:10 Wealth:8 The Great Clock Tower "Big Gwen":8 Eraser Beam:8 Legendary Sword of a Barbarian King:7 Jump in the River:7]
t=19 ph=3 ap=1 snaps=2011 hooks=22 inst=106 rollout "Pyroblast" Spell lvl0 hero0
t=19 ph=3 ap=1 snaps=2013 hooks=22 inst=106 leakyRollout "Pyroblast" +1.76MB hooks=[beforeDamage:2 afterDamage:2 onCardLeaveZone:1 onHeroKO:1] cards=[Ingo, Investor of Evil:11 The Great Clock Tower "Big Gwen":10 Vampiric Sword:10 Wealth:9 Eraser Beam:8 Legendary Sword of a Barbarian King:7]
t=19 ph=3 ap=1 snaps=2013 hooks=22 inst=106 rollout "Pyroblast" Spell lvl0 hero0
t=19 ph=3 ap=1 snaps=2019 hooks=22 inst=106 rollout "Pyroblast" Spell lvl0 hero0
t=19 ph=3 ap=1 snaps=2022 hooks=22 inst=106 leakyRollout "Pyroblast" +8.90MB hooks=[] cards=[Eraser Beam:12 Ingo, Investor of Evil:11 Wealth:8 The Great Clock Tower "Big Gwen":8 Legendary Sword of a Barbarian King:7 Jump in the River:7]
t=19 ph=3 ap=1 snaps=2022 hooks=22 inst=106 rollout "Pyroblast" Spell lvl0 hero0
t=19 ph=3 ap=1 snaps=2025 hooks=22 inst=106 rollout "Pyroblast" Spell lvl0 hero0
t=19 ph=3 ap=1 snaps=2028 hooks=22 inst=106 leakyRollout "Pyroblast" +6.18MB hooks=[] cards=[Ingo, Investor of Evil:10 The Great Clock Tower "Big Gwen":10 Eraser Beam:10 Wealth:8 Legendary Sword of a Barbarian King:7 Jump in the River:7]
t=19 ph=3 ap=1 snaps=2028 hooks=22 inst=106 rollout "Pyroblast" Spell lvl0 hero0
t=19 ph=3 ap=1 snaps=2032 hooks=22 inst=106 rollout "Pyroblast" Spell lvl0 hero0
t=19 ph=3 ap=1 snaps=2036 hooks=22 inst=106 leakyRollout "Pyroblast" +2.18MB hooks=[onPlay:3 beforeDamage:3 afterDamage:3 onCardEnterZone:2 onPhaseStart:1 onPhaseEnd:1] cards=[Eraser Beam:8 Wealth:7 Ingo, Investor of Evil:7 Legendary Sword of a Barbarian King:7 Vampiric Sword:6 Summoning Circle:5]
t=19 ph=3 ap=1 snaps=2036 hooks=22 inst=106 rollout "Pyroblast" Spell lvl0 hero0
t=19 ph=3 ap=1 snaps=2038 hooks=22 inst=106 leakyRollout "Pyroblast" +4.96MB hooks=[onCardLeaveZone:2 beforeDamage:1 afterDamage:1 onHeroKO:1 beforeCreatureDamageBatch:1 onCreatureDeath:1] cards=[Wealth:8 Eraser Beam:8 Ingo, Investor of Evil:7 Legendary Sword of a Barbarian King:7 The Great Clock Tower "Big Gwen":6 Pollution Spewer:6]
t=19 ph=3 ap=1 snaps=2038 hooks=22 inst=106 rollout "Pyroblast" Spell lvl0 hero0
t=19 ph=3 ap=1 snaps=2045 hooks=22 inst=106 rollout "Pyroblast" Spell lvl0 hero0
t=19 ph=3 ap=1 snaps=2046 hooks=22 inst=106 leakyRollout "Pyroblast" +0.53MB hooks=[onHeroKO:1] cards=[Wealth:9 Ingo, Investor of Evil:7 Legendary Sword of a Barbarian King:7 Jump in the River:7 The Great Clock Tower "Big Gwen":6 Eraser Beam:6]
t=19 ph=3 ap=1 snaps=2046 hooks=22 inst=106 rollout "Pyroblast" Spell lvl0 hero0
t=19 ph=3 ap=1 snaps=2050 hooks=22 inst=106 leakyRollout "Pyroblast" +8.97MB hooks=[onHeroKO:1] cards=[Eraser Beam:12 Ingo, Investor of Evil:11 Wealth:8 Legendary Sword of a Barbarian King:7 Jump in the River:7 The Great Clock Tower "Big Gwen":6]
t=19 ph=3 ap=1 snaps=2050 hooks=22 inst=106 rollout "Pyroblast" Spell lvl0 hero0
t=19 ph=3 ap=1 snaps=2054 hooks=22 inst=106 rollout "Pyroblast" Spell lvl0 hero0
t=19 ph=3 ap=1 snaps=2057 hooks=22 inst=106 leakyRollout "Pyroblast" +5.14MB hooks=[beforeDamage:3 afterDamage:3 onResourceGain:2 onCardLeaveZone:2 onPlay:2 onCardEnterZone:2] cards=[The Great Clock Tower "Big Gwen":12 Wealth:11 Ingo, Investor of Evil:11 Eraser Beam:10 Legendary Sword of a Barbarian King:7 Pollution Spewer:7]
t=19 ph=3 ap=1 snaps=2057 hooks=22 inst=106 rollout "Pyroblast" Spell lvl0 hero0
t=19 ph=3 ap=1 snaps=2063 hooks=22 inst=106 rollout "Pyroblast" Spell lvl0 hero0
t=19 ph=3 ap=1 snaps=2065 hooks=22 inst=106 leakyRollout "Pyroblast" +7.52MB hooks=[] cards=[Ingo, Investor of Evil:10 The Great Clock Tower "Big Gwen":10 Eraser Beam:10 Wealth:9 Legendary Sword of a Barbarian King:7 Jump in the River:7]
t=19 ph=5 ap=1 snaps=2079 hooks=39 inst=108 switchTurn ending p1
t=20 ph=2 ap=0 snaps=2079 hooks=10 inst=109 cpuTurnStart cpu=p0 hand=7
t=20 ph=5 ap=0 snaps=2090 hooks=22 inst=109 switchTurn ending p0
t=21 ph=2 ap=1 snaps=2090 hooks=10 inst=110 cpuTurnStart cpu=p1 hand=9
t=21 ph=2 ap=1 snaps=2120 hooks=18 inst=110 summon "Pollution Piranha" p1/h1
t=21 ph=5 ap=1 snaps=2158 hooks=35 inst=112 switchTurn ending p1
t=22 ph=2 ap=0 snaps=2158 hooks=10 inst=113 cpuTurnStart cpu=p0 hand=8
t=22 ph=5 ap=0 snaps=2169 hooks=23 inst=113 switchTurn ending p0
t=23 ph=2 ap=1 snaps=2169 hooks=10 inst=114 cpuTurnStart cpu=p1 hand=8
t=23 ph=5 ap=1 snaps=2249 hooks=45 inst=119 switchTurn ending p1
t=24 ph=2 ap=0 snaps=2249 hooks=10 inst=120 cpuTurnStart cpu=p0 hand=8
t=24 ph=5 ap=0 snaps=2253 hooks=19 inst=121 switchTurn ending p0
t=25 ph=2 ap=1 snaps=2253 hooks=10 inst=122 cpuTurnStart cpu=p1 hand=9
t=25 ph=2 ap=1 snaps=2281 hooks=24 inst=123 summon "Pollution Spewer" p1/h2
t=25 ph=5 ap=1 snaps=2344 hooks=39 inst=126 switchTurn ending p1
t=26 ph=2 ap=0 snaps=2344 hooks=10 inst=127 cpuTurnStart cpu=p0 hand=8
t=26 ph=5 ap=0 snaps=2348 hooks=18 inst=127 switchTurn ending p0
t=27 ph=2 ap=1 snaps=2348 hooks=10 inst=128 cpuTurnStart cpu=p1 hand=8
t=27 ph=3 ap=1 snaps=2480 hooks=23 inst=132 rollout "Rain of Arrows" Spell lvl1 hero1
t=27 ph=3 ap=1 snaps=2481 hooks=23 inst=132 leakyRollout "Rain of Arrows" +15.59MB hooks=[beforeDamage:1 afterDamage:1 onHeroKO:1 onCardLeaveZone:1] cards=[Vampiric Sword:9 Wealth:8 Eraser Beam:6 Jump in the River:6 Ingo, Investor of Evil:4 The Great Clock Tower "Big Gwen":4]
t=27 ph=3 ap=1 snaps=2481 hooks=23 inst=132 rollout "Rain of Arrows" Spell lvl1 hero1
t=27 ph=3 ap=1 snaps=2482 hooks=23 inst=132 rollout "Rain of Arrows" Spell lvl1 hero1
t=27 ph=3 ap=1 snaps=2484 hooks=23 inst=132 rollout "Rain of Arrows" Spell lvl1 hero1
t=27 ph=3 ap=1 snaps=2487 hooks=23 inst=132 leakyRollout "Rain of Arrows" +3.92MB hooks=[] cards=[Vampiric Sword:9 Wealth:8 Eraser Beam:8 Jump in the River:7 The Great Clock Tower "Big Gwen":4 Ingo, Investor of Evil:3]
t=27 ph=3 ap=1 snaps=2487 hooks=23 inst=132 rollout "Rain of Arrows" Spell lvl1 hero1
t=27 ph=3 ap=1 snaps=2488 hooks=23 inst=132 rollout "Rain of Arrows" Spell lvl1 hero1
t=27 ph=3 ap=1 snaps=2489 hooks=23 inst=132 rollout "Rain of Arrows" Spell lvl1 hero1
t=27 ph=3 ap=1 snaps=2493 hooks=23 inst=132 leakyRollout "Rain of Arrows" +10.00MB hooks=[] cards=[Wealth:9 Vampiric Sword:9 The Great Clock Tower "Big Gwen":8 Eraser Beam:8 Jump in the River:7 Ingo, Investor of Evil:6]
t=27 ph=3 ap=1 snaps=2493 hooks=23 inst=132 rollout "Rain of Arrows" Spell lvl1 hero1
t=27 ph=3 ap=1 snaps=2494 hooks=23 inst=132 rollout "Rain of Arrows" Spell lvl1 hero1
t=27 ph=3 ap=1 snaps=2497 hooks=23 inst=132 leakyRollout "Rain of Arrows" +13.35MB hooks=[onPlay:3 onCardEnterZone:2 beforeDamage:2 afterDamage:2 onPhaseStart:1 onPhaseEnd:1] cards=[Eraser Beam:8 Vampiric Sword:8 Ingo, Investor of Evil:4 The Great Clock Tower "Big Gwen":4 Wealth:2 Pollution Token:2]
t=27 ph=3 ap=1 snaps=2497 hooks=23 inst=132 rollout "Rain of Arrows" Spell lvl1 hero1
t=27 ph=3 ap=1 snaps=2499 hooks=23 inst=132 rollout "Rain of Arrows" Spell lvl1 hero1
t=27 ph=3 ap=1 snaps=2500 hooks=23 inst=132 leakyRollout "Rain of Arrows" +0.52MB hooks=[beforeDamage:1 afterDamage:1 onHeroKO:1 onCardLeaveZone:1] cards=[Vampiric Sword:11 Wealth:8 The Great Clock Tower "Big Gwen":6 Eraser Beam:6 Jump in the River:6 Ingo, Investor of Evil:3]
t=27 ph=3 ap=1 snaps=2500 hooks=23 inst=132 rollout "Rain of Arrows" Spell lvl1 hero1
t=27 ph=3 ap=1 snaps=2503 hooks=23 inst=132 leakyRollout "Rain of Arrows" +7.12MB hooks=[] cards=[Wealth:9 Vampiric Sword:9 Eraser Beam:8 Jump in the River:7 Ingo, Investor of Evil:4 The Great Clock Tower "Big Gwen":4]
t=27 ph=3 ap=1 snaps=2503 hooks=23 inst=132 rollout "Rain of Arrows" Spell lvl1 hero1
t=27 ph=3 ap=1 snaps=2506 hooks=23 inst=132 leakyRollout "Rain of Arrows" +4.09MB hooks=[] cards=[Vampiric Sword:9 Wealth:8 Eraser Beam:8 Jump in the River:7 The Great Clock Tower "Big Gwen":4 Ingo, Investor of Evil:3]
t=27 ph=3 ap=1 snaps=2506 hooks=23 inst=132 rollout "Rain of Arrows" Spell lvl1 hero1
t=27 ph=3 ap=1 snaps=2507 hooks=23 inst=132 rollout "Rain of Arrows" Spell lvl1 hero1
t=27 ph=3 ap=1 snaps=2508 hooks=23 inst=132 rollout "Rain of Arrows" Spell lvl1 hero1
t=27 ph=3 ap=1 snaps=2511 hooks=23 inst=132 rollout "Rain of Arrows" Spell lvl1 hero1
t=27 ph=3 ap=1 snaps=2512 hooks=23 inst=132 rollout "Rain of Arrows" Spell lvl1 hero1
t=27 ph=3 ap=1 snaps=2514 hooks=23 inst=132 leakyRollout "Rain of Arrows" +1.57MB hooks=[] cards=[Vampiric Sword:11 Wealth:9 Eraser Beam:8 Jump in the River:7 The Great Clock Tower "Big Gwen":6 Ingo, Investor of Evil:3]
t=27 ph=3 ap=1 snaps=2514 hooks=23 inst=132 rollout "Rain of Arrows" Spell lvl1 hero1
t=27 ph=3 ap=1 snaps=2515 hooks=23 inst=132 rollout "Rain of Arrows" Spell lvl1 hero1
t=27 ph=3 ap=1 snaps=2516 hooks=23 inst=132 rollout "Rain of Arrows" Spell lvl1 hero1
t=27 ph=3 ap=1 snaps=2517 hooks=23 inst=132 leakyRollout "Rain of Arrows" +1.64MB hooks=[] cards=[Vampiric Sword:9 Wealth:8 Jump in the River:7 Eraser Beam:6 The Great Clock Tower "Big Gwen":4 Ingo, Investor of Evil:3]
t=27 ph=3 ap=1 snaps=2517 hooks=23 inst=132 rollout "Rain of Arrows" Spell lvl1 hero1
t=27 ph=3 ap=1 snaps=2520 hooks=23 inst=132 leakyRollout "Rain of Arrows" +4.30MB hooks=[] cards=[Wealth:9 Eraser Beam:8 Vampiric Sword:8 Jump in the River:7 Ingo, Investor of Evil:5 The Great Clock Tower "Big Gwen":4]
t=27 ph=3 ap=1 snaps=2520 hooks=23 inst=132 rollout "Rain of Arrows" Spell lvl1 hero1
t=27 ph=3 ap=1 snaps=2521 hooks=23 inst=132 rollout "Rain of Arrows" Spell lvl1 hero1
t=27 ph=3 ap=1 snaps=2524 hooks=23 inst=132 leakyRollout "Rain of Arrows" +3.50MB hooks=[] cards=[Wealth:9 Eraser Beam:9 Jump in the River:7 Ingo, Investor of Evil:6 The Great Clock Tower "Big Gwen":6 Vampiric Sword:5]
t=27 ph=3 ap=1 snaps=2524 hooks=23 inst=132 rollout "Rain of Arrows" Spell lvl1 hero1
t=27 ph=3 ap=1 snaps=2525 hooks=23 inst=132 rollout "Rain of Arrows" Spell lvl1 hero1
t=27 ph=3 ap=1 snaps=2528 hooks=23 inst=132 leakyRollout "Rain of Arrows" +5.57MB hooks=[] cards=[Vampiric Sword:13 Wealth:10 Eraser Beam:10 The Great Clock Tower "Big Gwen":8 Jump in the River:7 Ingo, Investor of Evil:6]
t=27 ph=3 ap=1 snaps=2528 hooks=23 inst=132 rollout "Rain of Arrows" Spell lvl1 hero1
t=27 ph=3 ap=1 snaps=2529 hooks=23 inst=132 rollout "Rain of Arrows" Spell lvl1 hero1
t=27 ph=3 ap=1 snaps=2532 hooks=23 inst=132 rollout "Rain of Arrows" Spell lvl1 hero1
t=27 ph=3 ap=1 snaps=2533 hooks=23 inst=132 rollout "Rain of Arrows" Spell lvl1 hero1
t=27 ph=3 ap=1 snaps=2534 hooks=23 inst=132 leakyRollout "Rain of Arrows" +2.14MB hooks=[] cards=[Wealth:9 Jump in the River:7 Eraser Beam:6 Ingo, Investor of Evil:4 The Great Clock Tower "Big Gwen":4 Vampiric Sword:4]
t=27 ph=3 ap=1 snaps=2534 hooks=23 inst=132 rollout "Rain of Arrows" Spell lvl1 hero1
t=27 ph=3 ap=1 snaps=2535 hooks=23 inst=132 rollout "Rain of Arrows" Spell lvl1 hero1
t=27 ph=3 ap=1 snaps=2536 hooks=23 inst=132 rollout "Rain of Arrows" Spell lvl1 hero1
t=27 ph=3 ap=1 snaps=2537 hooks=23 inst=132 rollout "Rain of Arrows" Spell lvl1 hero1
t=27 ph=3 ap=1 snaps=2538 hooks=23 inst=132 leakyRollout "Rain of Arrows" +2.45MB hooks=[] cards=[Vampiric Sword:11 Wealth:10 Jump in the River:7 The Great Clock Tower "Big Gwen":6 Eraser Beam:6 Ingo, Investor of Evil:4]
t=27 ph=3 ap=1 snaps=2538 hooks=23 inst=132 rollout "Rain of Arrows" Spell lvl1 hero1
t=27 ph=3 ap=1 snaps=2539 hooks=23 inst=132 leakyRollout "Rain of Arrows" +1.76MB hooks=[] cards=[Wealth:9 Vampiric Sword:9 Jump in the River:7 Eraser Beam:6 The Great Clock Tower "Big Gwen":4 Ingo, Investor of Evil:3]
t=27 ph=3 ap=1 snaps=2539 hooks=23 inst=132 rollout "Rain of Arrows" Spell lvl1 hero1
t=27 ph=3 ap=1 snaps=2542 hooks=23 inst=132 leakyRollout "Rain of Arrows" +8.41MB hooks=[] cards=[Wealth:9 Vampiric Sword:9 Eraser Beam:8 Jump in the River:7 Ingo, Investor of Evil:4 The Great Clock Tower "Big Gwen":4]
t=27 ph=3 ap=1 snaps=2542 hooks=23 inst=132 rollout "Rain of Arrows" Spell lvl1 hero1
t=27 ph=3 ap=1 snaps=2545 hooks=23 inst=132 rollout "Rain of Arrows" Spell lvl1 hero1
t=27 ph=3 ap=1 snaps=2548 hooks=23 inst=132 leakyRollout "Rain of Arrows" +7.48MB hooks=[] cards=[Vampiric Sword:11 The Great Clock Tower "Big Gwen":10 Eraser Beam:10 Wealth:8 Jump in the River:7 Ingo, Investor of Evil:6]
t=27 ph=3 ap=1 snaps=2548 hooks=23 inst=132 rollout "Rain of Arrows" Spell lvl1 hero1
t=27 ph=3 ap=1 snaps=2551 hooks=23 inst=132 leakyRollout "Rain of Arrows" +3.71MB hooks=[beforeDamage:1 afterDamage:1 onHeroKO:1 onCardLeaveZone:1] cards=[Vampiric Sword:9 Wealth:8 Eraser Beam:8 The Great Clock Tower "Big Gwen":6 Jump in the River:6 Ingo, Investor of Evil:5]
t=27 ph=3 ap=1 snaps=2551 hooks=23 inst=132 rollout "Rain of Arrows" Spell lvl1 hero1
t=27 ph=3 ap=1 snaps=2554 hooks=23 inst=132 leakyRollout "Rain of Arrows" +3.31MB hooks=[] cards=[Wealth:10 Eraser Beam:8 Jump in the River:7 Vampiric Sword:7 The Great Clock Tower "Big Gwen":6 Ingo, Investor of Evil:5]
t=27 ph=3 ap=1 snaps=2554 hooks=23 inst=132 rollout "Rain of Arrows" Spell lvl1 hero1
t=27 ph=3 ap=1 snaps=2557 hooks=23 inst=132 rollout "Rain of Arrows" Spell lvl1 hero1
t=27 ph=3 ap=1 snaps=2558 hooks=23 inst=132 rollout "Rain of Arrows" Spell lvl1 hero1
t=27 ph=3 ap=1 snaps=2561 hooks=23 inst=132 leakyRollout "Rain of Arrows" +5.04MB hooks=[] cards=[Wealth:9 Eraser Beam:8 Vampiric Sword:8 Jump in the River:7 The Great Clock Tower "Big Gwen":2 Pyroblast:2]
t=27 ph=3 ap=1 snaps=2561 hooks=23 inst=132 rollout "Rain of Arrows" Spell lvl1 hero1
t=27 ph=3 ap=1 snaps=2562 hooks=23 inst=132 rollout "Rain of Arrows" Spell lvl1 hero1
t=27 ph=3 ap=1 snaps=2565 hooks=23 inst=132 rollout "Rain of Arrows" Spell lvl1 hero1
t=27 ph=3 ap=1 snaps=2568 hooks=23 inst=132 leakyRollout "Rain of Arrows" +7.39MB hooks=[] cards=[Wealth:9 Eraser Beam:7 Jump in the River:7 Ingo, Investor of Evil:5 Vampiric Sword:5 The Great Clock Tower "Big Gwen":4]
t=27 ph=3 ap=1 snaps=2568 hooks=23 inst=132 rollout "Rain of Arrows" Spell lvl1 hero1
t=27 ph=3 ap=1 snaps=2569 hooks=23 inst=132 rollout "Rain of Arrows" Spell lvl1 hero1
t=27 ph=3 ap=1 snaps=2572 hooks=23 inst=132 leakyRollout "Rain of Arrows" +4.44MB hooks=[] cards=[Wealth:9 Eraser Beam:8 Jump in the River:7 Vampiric Sword:7 The Great Clock Tower "Big Gwen":6 Ingo, Investor of Evil:4]
t=27 ph=3 ap=1 snaps=2572 hooks=23 inst=132 rollout "Rain of Arrows" Spell lvl1 hero1
t=27 ph=3 ap=1 snaps=2573 hooks=23 inst=132 leakyRollout "Rain of Arrows" +2.43MB hooks=[beforeDamage:3 afterDamage:3 onCardLeaveZone:2 onHeroKO:2 onCardAddedFromDiscardToHand:1 onPollutionTokenRemoved:1] cards=[Vampiric Sword:9 Wealth:8 The Great Clock Tower "Big Gwen":6 Eraser Beam:6 Jump in the River:6 Pollution Spewer:5]
t=27 ph=3 ap=1 snaps=2573 hooks=23 inst=132 rollout "Rain of Arrows" Spell lvl1 hero1
t=27 ph=3 ap=1 snaps=2575 hooks=23 inst=132 rollout "Rain of Arrows" Spell lvl1 hero1
t=27 ph=3 ap=1 snaps=2576 hooks=23 inst=132 rollout "Rain of Arrows" Spell lvl1 hero1
t=27 ph=3 ap=1 snaps=2577 hooks=23 inst=132 rollout "Rain of Arrows" Spell lvl1 hero1
t=27 ph=3 ap=1 snaps=2580 hooks=23 inst=132 leakyRollout "Rain of Arrows" +4.22MB hooks=[] cards=[Wealth:9 Vampiric Sword:9 Eraser Beam:8 Jump in the River:7 Ingo, Investor of Evil:4 The Great Clock Tower "Big Gwen":4]
t=27 ph=3 ap=1 snaps=2580 hooks=23 inst=132 rollout "Rain of Arrows" Spell lvl1 hero1
t=27 ph=3 ap=1 snaps=2581 hooks=23 inst=132 leakyRollout "Rain of Arrows" +1.65MB hooks=[] cards=[Wealth:8 Jump in the River:7 Eraser Beam:6 The Great Clock Tower "Big Gwen":4 Vampiric Sword:4 Ingo, Investor of Evil:3]
t=27 ph=3 ap=1 snaps=2581 hooks=23 inst=132 rollout "Rain of Arrows" Spell lvl1 hero1
t=27 ph=3 ap=1 snaps=2584 hooks=23 inst=132 leakyRollout "Rain of Arrows" +5.08MB hooks=[onResourceGain:1 onPlay:1 onCardEnterZone:1 beforeDamage:1 afterDamage:1 onHeroKO:1] cards=[Wealth:9 Vampiric Sword:9 Eraser Beam:8 Ingo, Investor of Evil:6 The Great Clock Tower "Big Gwen":6 Jump in the River:6]
t=27 ph=3 ap=1 snaps=2584 hooks=23 inst=132 rollout "Rain of Arrows" Spell lvl1 hero1
t=27 ph=3 ap=1 snaps=2585 hooks=23 inst=132 rollout "Rain of Arrows" Spell lvl1 hero1
t=27 ph=3 ap=1 snaps=2586 hooks=23 inst=132 leakyRollout "Rain of Arrows" +2.40MB hooks=[beforeDamage:1 afterDamage:1 onHeroKO:1 onCardLeaveZone:1] cards=[Vampiric Sword:10 Wealth:8 The Great Clock Tower "Big Gwen":6 Eraser Beam:6 Jump in the River:6 Ingo, Investor of Evil:4]
t=27 ph=3 ap=1 snaps=2586 hooks=23 inst=132 rollout "Rain of Arrows" Spell lvl1 hero1
t=27 ph=3 ap=1 snaps=2590 hooks=23 inst=132 rollout "Rain of Arrows" Spell lvl1 hero1
t=27 ph=3 ap=1 snaps=2592 hooks=23 inst=132 leakyRollout "Rain of Arrows" +2.53MB hooks=[] cards=[Wealth:9 Eraser Beam:8 Jump in the River:7 Vampiric Sword:6 The Great Clock Tower "Big Gwen":4 Ingo, Investor of Evil:3]
t=27 ph=3 ap=1 snaps=2592 hooks=23 inst=132 rollout "Rain of Arrows" Spell lvl1 hero1
t=27 ph=3 ap=1 snaps=2593 hooks=23 inst=132 leakyRollout "Rain of Arrows" +2.73MB hooks=[] cards=[Wealth:9 Vampiric Sword:9 Jump in the River:7 Eraser Beam:6 Ingo, Investor of Evil:4 The Great Clock Tower "Big Gwen":4]
t=27 ph=3 ap=1 snaps=2593 hooks=23 inst=132 rollout "Rain of Arrows" Spell lvl1 hero1
t=27 ph=3 ap=1 snaps=2594 hooks=23 inst=132 rollout "Rain of Arrows" Spell lvl1 hero1
t=27 ph=3 ap=1 snaps=2597 hooks=23 inst=132 leakyRollout "Rain of Arrows" +4.18MB hooks=[] cards=[Wealth:9 Eraser Beam:8 Vampiric Sword:8 Jump in the River:7 Ingo, Investor of Evil:5 The Great Clock Tower "Big Gwen":4]
t=27 ph=3 ap=1 snaps=2597 hooks=23 inst=132 rollout "Rain of Arrows" Spell lvl1 hero1
t=27 ph=3 ap=1 snaps=2598 hooks=23 inst=132 rollout "Rain of Arrows" Spell lvl1 hero1
t=27 ph=3 ap=1 snaps=2603 hooks=23 inst=132 leakyRollout "Rain of Arrows" +12.20MB hooks=[] cards=[Eraser Beam:10 Wealth:9 Jump in the River:7 Ingo, Investor of Evil:5 Vampiric Sword:5 The Great Clock Tower "Big Gwen":4]
t=27 ph=3 ap=1 snaps=2603 hooks=23 inst=132 rollout "Rain of Arrows" Spell lvl1 hero1
t=27 ph=3 ap=1 snaps=2604 hooks=23 inst=132 rollout "Rain of Arrows" Spell lvl1 hero1
t=27 ph=3 ap=1 snaps=2605 hooks=23 inst=132 leakyRollout "Rain of Arrows" +2.79MB hooks=[] cards=[Vampiric Sword:10 Wealth:9 Jump in the River:7 The Great Clock Tower "Big Gwen":6 Eraser Beam:6 Ingo, Investor of Evil:3]
t=27 ph=3 ap=1 snaps=2605 hooks=23 inst=132 rollout "Rain of Arrows" Spell lvl1 hero1
t=27 ph=3 ap=1 snaps=2606 hooks=23 inst=132 rollout "Rain of Arrows" Spell lvl1 hero1
t=27 ph=3 ap=1 snaps=2609 hooks=23 inst=132 rollout "Rain of Arrows" Spell lvl1 hero1
t=27 ph=3 ap=1 snaps=2613 hooks=23 inst=132 leakyRollout "Rain of Arrows" +7.06MB hooks=[beforeDamage:3 afterDamage:3 onCardLeaveZone:2 onAnyActionResolved:2 onPhaseStart:1 onPhaseEnd:1] cards=[Eraser Beam:10 Vampiric Sword:10 Wealth:7 The Great Clock Tower "Big Gwen":6 Jump in the River:6 Pollution Spewer:4]
t=27 ph=3 ap=1 snaps=2613 hooks=23 inst=132 rollout "Rain of Arrows" Spell lvl1 hero1
t=27 ph=3 ap=1 snaps=2616 hooks=23 inst=132 leakyRollout "Rain of Arrows" +4.93MB hooks=[beforeDraw:4 beforeDamage:4 afterDamage:4 onDraw:3 onPlay:2 onCardLeaveZone:2] cards=[Vampiric Sword:12 The Great Clock Tower "Big Gwen":10 Eraser Beam:9 Wealth:7 Ingo, Investor of Evil:7 Pollution Piranha:6]
t=27 ph=3 ap=1 snaps=2616 hooks=23 inst=132 rollout "Rain of Arrows" Spell lvl1 hero1
t=27 ph=3 ap=1 snaps=2619 hooks=23 inst=132 rollout "Rain of Arrows" Spell lvl1 hero1
t=27 ph=3 ap=1 snaps=2622 hooks=23 inst=132 leakyRollout "Rain of Arrows" +6.36MB hooks=[] cards=[Wealth:10 Eraser Beam:8 Vampiric Sword:8 Jump in the River:7 Ingo, Investor of Evil:6 The Great Clock Tower "Big Gwen":6]
t=27 ph=3 ap=1 snaps=2622 hooks=23 inst=132 rollout "Rain of Arrows" Spell lvl1 hero1
t=27 ph=3 ap=1 snaps=2623 hooks=23 inst=132 rollout "Rain of Arrows" Spell lvl1 hero1
t=27 ph=3 ap=1 snaps=2626 hooks=23 inst=132 rollout "Rain of Arrows" Spell lvl1 hero1
t=27 ph=3 ap=1 snaps=2628 hooks=23 inst=132 leakyRollout "Rain of Arrows" +6.34MB hooks=[] cards=[Wealth:9 Vampiric Sword:8 Jump in the River:7 Eraser Beam:6 The Great Clock Tower "Big Gwen":2 Pollution Spewer:2]
t=27 ph=3 ap=1 snaps=2628 hooks=23 inst=132 rollout "Rain of Arrows" Spell lvl1 hero1
t=27 ph=3 ap=1 snaps=2631 hooks=23 inst=132 leakyRollout "Rain of Arrows" +3.77MB hooks=[] cards=[Wealth:9 Eraser Beam:8 Jump in the River:7 Vampiric Sword:6 Ingo, Investor of Evil:4 The Great Clock Tower "Big Gwen":4]
t=27 ph=3 ap=1 snaps=2631 hooks=23 inst=132 rollout "Rain of Arrows" Spell lvl1 hero1
t=27 ph=3 ap=1 snaps=2634 hooks=23 inst=132 leakyRollout "Rain of Arrows" +3.09MB hooks=[] cards=[Wealth:8 Eraser Beam:8 Jump in the River:7 Vampiric Sword:6 The Great Clock Tower "Big Gwen":4 Ingo, Investor of Evil:3]
t=27 ph=3 ap=1 snaps=2634 hooks=23 inst=132 rollout "Rain of Arrows" Spell lvl1 hero1
t=27 ph=3 ap=1 snaps=2637 hooks=23 inst=132 rollout "Rain of Arrows" Spell lvl1 hero1
t=27 ph=3 ap=1 snaps=2638 hooks=23 inst=132 rollout "Rain of Arrows" Spell lvl1 hero1
t=27 ph=3 ap=1 snaps=2641 hooks=23 inst=132 leakyRollout "Rain of Arrows" +6.46MB hooks=[] cards=[Wealth:9 Eraser Beam:8 Jump in the River:7 Vampiric Sword:7 Ingo, Investor of Evil:4 The Great Clock Tower "Big Gwen":4]
t=27 ph=3 ap=1 snaps=2641 hooks=23 inst=132 rollout "Rain of Arrows" Spell lvl1 hero1
t=27 ph=3 ap=1 snaps=2642 hooks=23 inst=132 leakyRollout "Rain of Arrows" +1.57MB hooks=[beforeDamage:1 afterDamage:1 onHeroKO:1 onCardLeaveZone:1] cards=[Vampiric Sword:9 Wealth:8 Eraser Beam:6 Jump in the River:6 Ingo, Investor of Evil:4 The Great Clock Tower "Big Gwen":4]
t=27 ph=3 ap=1 snaps=2642 hooks=23 inst=132 rollout "Rain of Arrows" Spell lvl1 hero1
t=27 ph=3 ap=1 snaps=2644 hooks=23 inst=132 leakyRollout "Rain of Arrows" +0.65MB hooks=[] cards=[Vampiric Sword:10 Wealth:9 Eraser Beam:8 Jump in the River:7 Ingo, Investor of Evil:4 The Great Clock Tower "Big Gwen":4]
t=27 ph=3 ap=1 snaps=2644 hooks=23 inst=132 rollout "Rain of Arrows" Spell lvl1 hero1
t=27 ph=3 ap=1 snaps=2646 hooks=23 inst=132 rollout "Rain of Arrows" Spell lvl1 hero1
t=27 ph=3 ap=1 snaps=2647 hooks=23 inst=132 leakyRollout "Rain of Arrows" +1.75MB hooks=[] cards=[Wealth:9 Jump in the River:7 Eraser Beam:6 Vampiric Sword:6 Ingo, Investor of Evil:4 The Great Clock Tower "Big Gwen":4]
t=27 ph=3 ap=1 snaps=2647 hooks=23 inst=132 rollout "Rain of Arrows" Spell lvl1 hero1
t=27 ph=3 ap=1 snaps=2652 hooks=23 inst=132 rollout "Rain of Arrows" Spell lvl1 hero1
t=27 ph=3 ap=1 snaps=2655 hooks=23 inst=132 leakyRollout "Rain of Arrows" +6.16MB hooks=[] cards=[Wealth:9 Eraser Beam:8 Jump in the River:7 Ingo, Investor of Evil:4 The Great Clock Tower "Big Gwen":4 Vampiric Sword:4]
t=27 ph=3 ap=1 snaps=2655 hooks=23 inst=132 rollout "Rain of Arrows" Spell lvl1 hero1
t=27 ph=3 ap=1 snaps=2658 hooks=23 inst=132 leakyRollout "Rain of Arrows" +5.55MB hooks=[] cards=[Wealth:9 Eraser Beam:8 Jump in the River:7 Vampiric Sword:6 Ingo, Investor of Evil:5 The Great Clock Tower "Big Gwen":4]
t=27 ph=3 ap=1 snaps=2658 hooks=23 inst=132 rollout "Rain of Arrows" Spell lvl1 hero1
t=27 ph=3 ap=1 snaps=2661 hooks=23 inst=132 rollout "Rain of Arrows" Spell lvl1 hero1
t=27 ph=3 ap=1 snaps=2664 hooks=23 inst=132 leakyRollout "Rain of Arrows" +6.79MB hooks=[] cards=[Wealth:9 Eraser Beam:8 Jump in the River:7 Vampiric Sword:6 Ingo, Investor of Evil:4 The Great Clock Tower "Big Gwen":4]
t=27 ph=3 ap=1 snaps=2664 hooks=23 inst=132 rollout "Rain of Arrows" Spell lvl1 hero1
t=27 ph=3 ap=1 snaps=2665 hooks=23 inst=132 rollout "Rain of Arrows" Spell lvl1 hero1
t=27 ph=3 ap=1 snaps=2667 hooks=23 inst=132 leakyRollout "Rain of Arrows" +5.00MB hooks=[] cards=[Vampiric Sword:9 Wealth:8 Eraser Beam:8 Jump in the River:7 The Great Clock Tower "Big Gwen":4 Ingo, Investor of Evil:2]
t=27 ph=3 ap=1 snaps=2667 hooks=23 inst=132 rollout "Rain of Arrows" Spell lvl1 hero1
t=27 ph=3 ap=1 snaps=2668 hooks=23 inst=132 rollout "Rain of Arrows" Spell lvl1 hero1
t=27 ph=3 ap=1 snaps=2669 hooks=23 inst=132 leakyRollout "Rain of Arrows" +4.23MB hooks=[] cards=[Vampiric Sword:9 Wealth:8 Jump in the River:7 Eraser Beam:6 The Great Clock Tower "Big Gwen":4 Ingo, Investor of Evil:3]
t=27 ph=3 ap=1 snaps=2669 hooks=23 inst=132 rollout "Rain of Arrows" Spell lvl1 hero1
t=27 ph=3 ap=1 snaps=2672 hooks=23 inst=132 rollout "Rain of Arrows" Spell lvl1 hero1
t=27 ph=3 ap=1 snaps=2675 hooks=23 inst=132 leakyRollout "Rain of Arrows" +4.39MB hooks=[] cards=[Wealth:9 Eraser Beam:8 Jump in the River:7 Vampiric Sword:6 Ingo, Investor of Evil:5 The Great Clock Tower "Big Gwen":4]
t=27 ph=3 ap=1 snaps=2675 hooks=23 inst=132 rollout "Rain of Arrows" Spell lvl1 hero1
t=27 ph=3 ap=1 snaps=2678 hooks=23 inst=132 leakyRollout "Rain of Arrows" +4.32MB hooks=[onPlay:3 beforeDamage:3 afterDamage:3 onCardLeaveZone:2 onCardEnterZone:2 onActionUsed:2] cards=[Vampiric Sword:12 Wealth:9 The Great Clock Tower "Big Gwen":8 Eraser Beam:8 Ingo, Investor of Evil:6 Jump in the River:6]
t=27 ph=3 ap=1 snaps=2678 hooks=23 inst=132 rollout "Rain of Arrows" Spell lvl1 hero1
t=27 ph=3 ap=1 snaps=2679 hooks=23 inst=132 rollout "Rain of Arrows" Spell lvl1 hero1
t=27 ph=3 ap=1 snaps=2682 hooks=23 inst=132 leakyRollout "Rain of Arrows" +5.48MB hooks=[] cards=[Eraser Beam:10 Vampiric Sword:10 Wealth:8 Jump in the River:7 The Great Clock Tower "Big Gwen":4 Ingo, Investor of Evil:3]
t=27 ph=3 ap=1 snaps=2682 hooks=23 inst=132 rollout "Rain of Arrows" Spell lvl1 hero1
t=27 ph=3 ap=1 snaps=2683 hooks=23 inst=132 rollout "Rain of Arrows" Spell lvl1 hero1
t=27 ph=3 ap=1 snaps=2684 hooks=23 inst=132 leakyRollout "Rain of Arrows" +3.20MB hooks=[] cards=[Vampiric Sword:9 Wealth:8 Jump in the River:7 Eraser Beam:6 The Great Clock Tower "Big Gwen":4 Ingo, Investor of Evil:3]
t=27 ph=3 ap=1 snaps=2684 hooks=23 inst=132 rollout "Rain of Arrows" Spell lvl1 hero1
t=27 ph=3 ap=1 snaps=2687 hooks=23 inst=132 leakyRollout "Rain of Arrows" +1.30MB hooks=[beforeDamage:2 afterDamage:2 onPlay:2 onPhaseStart:1 onPhaseEnd:1 onHeroKO:1] cards=[Vampiric Sword:9 Eraser Beam:8 Wealth:5 Ingo, Investor of Evil:4 The Great Clock Tower "Big Gwen":4 Jump in the River:4]
t=27 ph=3 ap=1 snaps=2687 hooks=23 inst=132 rollout "Rain of Arrows" Spell lvl1 hero1
t=27 ph=3 ap=1 snaps=2692 hooks=23 inst=132 rollout "Rain of Arrows" Spell lvl1 hero1
t=27 ph=3 ap=1 snaps=2693 hooks=23 inst=132 leakyRollout "Rain of Arrows" +1.77MB hooks=[] cards=[The Great Clock Tower "Big Gwen":12 Wealth:11 Vampiric Sword:11 Ingo, Investor of Evil:10 Eraser Beam:10 Jump in the River:7]
t=27 ph=3 ap=1 snaps=2693 hooks=23 inst=132 rollout "Rain of Arrows" Spell lvl1 hero1
t=27 ph=3 ap=1 snaps=2694 hooks=23 inst=132 rollout "Rain of Arrows" Spell lvl1 hero1
t=27 ph=3 ap=1 snaps=2695 hooks=23 inst=132 rollout "Rain of Arrows" Spell lvl1 hero1
t=27 ph=3 ap=1 snaps=2697 hooks=23 inst=132 leakyRollout "Rain of Arrows" +4.11MB hooks=[] cards=[Vampiric Sword:12 Wealth:9 Eraser Beam:8 Jump in the River:7 The Great Clock Tower "Big Gwen":6 Ingo, Investor of Evil:3]
t=27 ph=3 ap=1 snaps=2697 hooks=23 inst=132 rollout "Rain of Arrows" Spell lvl1 hero1
t=27 ph=3 ap=1 snaps=2699 hooks=23 inst=132 rollout "Rain of Arrows" Spell lvl1 hero1
t=27 ph=3 ap=1 snaps=2700 hooks=23 inst=132 rollout "Rain of Arrows" Spell lvl1 hero1
t=27 ph=3 ap=1 snaps=2703 hooks=23 inst=132 leakyRollout "Rain of Arrows" +3.60MB hooks=[] cards=[Wealth:9 Eraser Beam:8 Jump in the River:7 Vampiric Sword:6 Ingo, Investor of Evil:4 The Great Clock Tower "Big Gwen":4]
t=27 ph=3 ap=1 snaps=2703 hooks=23 inst=132 rollout "Rain of Arrows" Spell lvl1 hero1
t=27 ph=3 ap=1 snaps=2706 hooks=23 inst=132 rollout "Rain of Arrows" Spell lvl1 hero1
t=27 ph=3 ap=1 snaps=2707 hooks=23 inst=132 rollout "Rain of Arrows" Spell lvl1 hero1
t=27 ph=3 ap=1 snaps=2710 hooks=23 inst=132 leakyRollout "Rain of Arrows" +6.14MB hooks=[] cards=[Wealth:8 Eraser Beam:8 Jump in the River:7 Vampiric Sword:5 Ingo, Investor of Evil:4 The Great Clock Tower "Big Gwen":4]
t=27 ph=3 ap=1 snaps=2710 hooks=23 inst=132 rollout "Rain of Arrows" Spell lvl1 hero1
t=27 ph=3 ap=1 snaps=2711 hooks=23 inst=132 rollout "Rain of Arrows" Spell lvl1 hero1
t=27 ph=3 ap=1 snaps=2713 hooks=23 inst=132 rollout "Rain of Arrows" Spell lvl1 hero1
t=27 ph=3 ap=1 snaps=2715 hooks=23 inst=132 leakyRollout "Rain of Arrows" +1.10MB hooks=[] cards=[Wealth:8 Vampiric Sword:8 Jump in the River:7 Eraser Beam:6 The Great Clock Tower "Big Gwen":2 Pollution Spewer:2]
t=27 ph=3 ap=1 snaps=2715 hooks=23 inst=132 rollout "Rain of Arrows" Spell lvl1 hero1
t=27 ph=3 ap=1 snaps=2718 hooks=23 inst=132 leakyRollout "Rain of Arrows" +4.95MB hooks=[] cards=[Vampiric Sword:9 Wealth:8 Eraser Beam:8 Jump in the River:7 The Great Clock Tower "Big Gwen":4 Ingo, Investor of Evil:3]
t=27 ph=3 ap=1 snaps=2718 hooks=23 inst=132 rollout "Rain of Arrows" Spell lvl1 hero1
t=27 ph=3 ap=1 snaps=2719 hooks=23 inst=132 rollout "Rain of Arrows" Spell lvl1 hero1
t=27 ph=3 ap=1 snaps=2722 hooks=23 inst=132 rollout "Rain of Arrows" Spell lvl1 hero1
t=27 ph=3 ap=1 snaps=2725 hooks=23 inst=132 leakyRollout "Rain of Arrows" +4.02MB hooks=[] cards=[Wealth:8 Eraser Beam:8 Jump in the River:7 Vampiric Sword:6 Ingo, Investor of Evil:4 The Great Clock Tower "Big Gwen":4]
t=27 ph=3 ap=1 snaps=2725 hooks=23 inst=132 rollout "Rain of Arrows" Spell lvl1 hero1
t=27 ph=3 ap=1 snaps=2730 hooks=23 inst=132 leakyRollout "Rain of Arrows" +10.39MB hooks=[] cards=[Eraser Beam:10 Wealth:9 Jump in the River:7 Vampiric Sword:7 Ingo, Investor of Evil:4 The Great Clock Tower "Big Gwen":4]
t=27 ph=3 ap=1 snaps=2730 hooks=23 inst=132 rollout "Rain of Arrows" Spell lvl1 hero1
t=27 ph=3 ap=1 snaps=2731 hooks=23 inst=132 rollout "Rain of Arrows" Spell lvl1 hero1
t=27 ph=3 ap=1 snaps=2733 hooks=23 inst=132 rollout "Rain of Arrows" Spell lvl1 hero1
t=27 ph=3 ap=1 snaps=2736 hooks=23 inst=132 leakyRollout "Rain of Arrows" +6.69MB hooks=[] cards=[Wealth:9 Eraser Beam:8 Vampiric Sword:8 Jump in the River:7 The Great Clock Tower "Big Gwen":2 Pyroblast:2]
t=27 ph=3 ap=1 snaps=2736 hooks=23 inst=132 rollout "Rain of Arrows" Spell lvl1 hero1
t=27 ph=3 ap=1 snaps=2737 hooks=23 inst=132 rollout "Rain of Arrows" Spell lvl1 hero1
t=27 ph=3 ap=1 snaps=2738 hooks=23 inst=132 rollout "Rain of Arrows" Spell lvl1 hero1
t=27 ph=3 ap=1 snaps=2741 hooks=23 inst=132 leakyRollout "Rain of Arrows" +3.59MB hooks=[] cards=[Wealth:8 Eraser Beam:8 Jump in the River:7 The Great Clock Tower "Big Gwen":4 Vampiric Sword:4 Ingo, Investor of Evil:3]
t=27 ph=3 ap=1 snaps=2741 hooks=23 inst=132 rollout "Rain of Arrows" Spell lvl1 hero1
t=27 ph=3 ap=1 snaps=2744 hooks=23 inst=132 rollout "Rain of Arrows" Spell lvl1 hero1
t=27 ph=3 ap=1 snaps=2745 hooks=23 inst=132 rollout "Rain of Arrows" Spell lvl1 hero1
t=27 ph=3 ap=1 snaps=2748 hooks=23 inst=132 leakyRollout "Rain of Arrows" +0.53MB hooks=[beforeDraw:4 onDraw:3 onPlay:3 onCardEnterZone:2 beforeDamage:2 afterDamage:2] cards=[Eraser Beam:8 Vampiric Sword:8 Ingo, Investor of Evil:4 The Great Clock Tower "Big Gwen":4 Wealth:2 Pollution Token:2]
t=27 ph=3 ap=1 snaps=2748 hooks=23 inst=132 rollout "Rain of Arrows" Spell lvl1 hero1
t=27 ph=3 ap=1 snaps=2750 hooks=23 inst=132 leakyRollout "Rain of Arrows" +0.68MB hooks=[] cards=[Vampiric Sword:10 Wealth:8 Eraser Beam:8 Jump in the River:7 The Great Clock Tower "Big Gwen":4 Ingo, Investor of Evil:3]
t=27 ph=3 ap=1 snaps=2750 hooks=23 inst=132 rollout "Rain of Arrows" Spell lvl1 hero1
t=27 ph=3 ap=1 snaps=2752 hooks=23 inst=132 leakyRollout "Rain of Arrows" +3.57MB hooks=[] cards=[Wealth:9 Vampiric Sword:8 Jump in the River:7 Eraser Beam:6 The Great Clock Tower "Big Gwen":2 Pollution Spewer:2]
t=27 ph=3 ap=1 snaps=2752 hooks=23 inst=132 rollout "Rain of Arrows" Spell lvl1 hero1
t=27 ph=3 ap=1 snaps=2753 hooks=23 inst=132 leakyRollout "Rain of Arrows" +3.93MB hooks=[] cards=[Wealth:9 Vampiric Sword:9 Jump in the River:7 Eraser Beam:6 Ingo, Investor of Evil:4 The Great Clock Tower "Big Gwen":4]
t=27 ph=3 ap=1 snaps=2753 hooks=23 inst=132 rollout "Rain of Arrows" Spell lvl1 hero1
t=27 ph=3 ap=1 snaps=2756 hooks=23 inst=132 rollout "Rain of Arrows" Spell lvl1 hero1
t=27 ph=3 ap=1 snaps=2758 hooks=23 inst=132 leakyRollout "Rain of Arrows" +4.18MB hooks=[] cards=[The Great Clock Tower "Big Gwen":14 Vampiric Sword:13 Wealth:10 Pollution Piranha:10 Eraser Beam:8 Ingo, Investor of Evil:7]
t=27 ph=3 ap=1 snaps=2758 hooks=23 inst=132 rollout "Rain of Arrows" Spell lvl1 hero1
t=27 ph=3 ap=1 snaps=2761 hooks=23 inst=132 leakyRollout "Rain of Arrows" +5.89MB hooks=[] cards=[Wealth:9 Eraser Beam:8 Jump in the River:7 Vampiric Sword:6 Ingo, Investor of Evil:5 The Great Clock Tower "Big Gwen":4]
t=27 ph=3 ap=1 snaps=2761 hooks=23 inst=132 rollout "Rain of Arrows" Spell lvl1 hero1
t=27 ph=3 ap=1 snaps=2762 hooks=23 inst=132 rollout "Rain of Arrows" Spell lvl1 hero1
t=27 ph=3 ap=1 snaps=2763 hooks=23 inst=132 rollout "Rain of Arrows" Spell lvl1 hero1
t=27 ph=3 ap=1 snaps=2764 hooks=23 inst=132 rollout "Rain of Arrows" Spell lvl1 hero1
t=27 ph=3 ap=1 snaps=2765 hooks=23 inst=132 rollout "Rain of Arrows" Spell lvl1 hero1
t=27 ph=5 ap=1 snaps=2799 hooks=47 inst=131 switchTurn ending p1
t=28 ph=2 ap=0 snaps=2799 hooks=10 inst=132 cpuTurnStart cpu=p0 hand=8
t=28 ph=5 ap=0 snaps=2803 hooks=18 inst=132 switchTurn ending p0
t=29 ph=2 ap=1 snaps=2803 hooks=10 inst=133 cpuTurnStart cpu=p1 hand=8
t=29 ph=2 ap=1 snaps=2830 hooks=33 inst=138 summon "Pollution Piranha" p1/h0
t=29 ph=2 ap=1 snaps=2836 hooks=38 inst=139 summon "Pollution Spewer" p1/h2
t=29 ph=5 ap=1 snaps=2839 hooks=48 inst=140 switchTurn ending p1
t=30 ph=2 ap=0 snaps=2839 hooks=10 inst=141 cpuTurnStart cpu=p0 hand=8
t=30 ph=5 ap=0 snaps=2845 hooks=18 inst=141 switchTurn ending p0
t=31 ph=2 ap=1 snaps=2845 hooks=10 inst=142 cpuTurnStart cpu=p1 hand=10

=== GAME 14/1000: Poison Torture vs Shifting Sandlands @ 2026-05-01T11:30:05.822Z ===
t=1 ph=2 ap=1 snaps=0 hooks=11 inst=30 cpuTurnStart cpu=p1 hand=7
t=1 ph=3 ap=1 snaps=10 hooks=32 inst=39 rollout "Cosmic Skeleton" Creature lvl1 hero2
t=1 ph=3 ap=1 snaps=34 hooks=32 inst=39 leakyRollout "Cosmic Skeleton" +2.07MB hooks=[] cards=[Fighting:14 Reiza, the Chief Tormentor:12 Intrude:9 Wealth:6 Bakhm, the Desert Digger:6 Fiona, the Princess of Blackport:1]
t=1 ph=3 ap=1 snaps=34 hooks=32 inst=39 rollout "Cosmic Skeleton" Creature lvl1 hero2
t=1 ph=3 ap=1 snaps=40 hooks=32 inst=39 leakyRollout "Cosmic Skeleton" +17.93MB hooks=[modifyPoisonDamage:1 beforeCreatureDamageBatch:1 afterCreatureDamageBatch:1] cards=[Wealth:16 Reiza, the Chief Tormentor:11 Bakhm, the Desert Digger:6 Fighting:5 Medea, the Swamp Witch:3 Fiona, the Princess of Blackport:2]
t=1 ph=3 ap=1 snaps=40 hooks=32 inst=39 rollout "Cosmic Skeleton" Creature lvl1 hero2
t=1 ph=3 ap=1 snaps=53 hooks=32 inst=39 leakyRollout "Cosmic Skeleton" +0.99MB hooks=[] cards=[Wealth:16 Reiza, the Chief Tormentor:13 Fighting:6 Fiona, the Princess of Blackport:5 Medea, the Swamp Witch:4 Bakhm, the Desert Digger:3]
t=1 ph=3 ap=1 snaps=53 hooks=32 inst=39 rollout "Adventurousness" AbilityAction lvl1 hero1
t=1 ph=3 ap=1 snaps=74 hooks=32 inst=39 leakyRollout "Adventurousness" +8.53MB hooks=[] cards=[Wealth:16 Fighting:7 Reiza, the Chief Tormentor:7 Bakhm, the Desert Digger:4 Fiona, the Princess of Blackport:3 Medea, the Swamp Witch:2]
t=1 ph=3 ap=1 snaps=74 hooks=32 inst=39 rollout "Cosmic Skeleton" Creature lvl1 hero2
t=1 ph=3 ap=1 snaps=87 hooks=32 inst=39 leakyRollout "Cosmic Skeleton" +7.19MB hooks=[] cards=[Wealth:18 Fighting:15 Reiza, the Chief Tormentor:13 Bakhm, the Desert Digger:3 Fiona, the Princess of Blackport:2 Telekinesis:2]
t=1 ph=3 ap=1 snaps=87 hooks=32 inst=39 rollout "Cosmic Skeleton" Creature lvl1 hero2
t=1 ph=3 ap=1 snaps=96 hooks=32 inst=39 rollout "Cosmic Skeleton" Creature lvl1 hero2
t=1 ph=3 ap=1 snaps=109 hooks=32 inst=39 leakyRollout "Cosmic Skeleton" +11.43MB hooks=[] cards=[Reiza, the Chief Tormentor:12 Wealth:10 Fiona, the Princess of Blackport:8 Fighting:7 Medea, the Swamp Witch:4 Rain of Arrows:2]
t=1 ph=3 ap=1 snaps=109 hooks=32 inst=39 rollout "Cosmic Skeleton" Creature lvl1 hero2
t=1 ph=3 ap=1 snaps=130 hooks=32 inst=39 rollout "Cosmic Skeleton" Creature lvl1 hero2
t=1 ph=3 ap=1 snaps=143 hooks=32 inst=39 leakyRollout "Cosmic Skeleton" +2.16MB hooks=[] cards=[Reiza, the Chief Tormentor:11 Fighting:8 Wealth:6 Bakhm, the Desert Digger:6 Fiona, the Princess of Blackport:3 Medea, the Swamp Witch:3]
t=1 ph=3 ap=1 snaps=143 hooks=32 inst=39 rollout "Cosmic Skeleton" Creature lvl1 hero2
t=1 ph=3 ap=1 snaps=166 hooks=32 inst=39 leakyRollout "Cosmic Skeleton" +18.05MB hooks=[] cards=[Wealth:20 Reiza, the Chief Tormentor:12 Fighting:10 Intrude:7 Bakhm, the Desert Digger:4 Fiona, the Princess of Blackport:3]
t=1 ph=3 ap=1 snaps=166 hooks=32 inst=39 rollout "Cosmic Skeleton" Creature lvl1 hero2
t=1 ph=3 ap=1 snaps=187 hooks=32 inst=39 rollout "Cosmic Skeleton" Creature lvl1 hero2
t=1 ph=3 ap=1 snaps=207 hooks=32 inst=39 rollout "Cosmic Skeleton" Creature lvl1 hero2
t=1 ph=3 ap=1 snaps=222 hooks=32 inst=39 rollout "Cosmic Skeleton" Creature lvl1 hero2
t=1 ph=3 ap=1 snaps=233 hooks=32 inst=39 rollout "Cosmic Skeleton" Creature lvl1 hero2
t=1 ph=3 ap=1 snaps=249 hooks=32 inst=39 leakyRollout "Cosmic Skeleton" +1.49MB hooks=[] cards=[Intrude:15 Reiza, the Chief Tormentor:14 Fighting:8 Wealth:8 Bakhm, the Desert Digger:5 Telekinesis:2]
t=1 ph=3 ap=1 snaps=249 hooks=32 inst=39 rollout "Cosmic Skeleton" Creature lvl1 hero2
t=1 ph=3 ap=1 snaps=259 hooks=32 inst=39 leakyRollout "Cosmic Skeleton" +2.06MB hooks=[beforeDamage:4 afterDamage:4 modifyPoisonDamage:2 beforeCreatureDamageBatch:1 onSurpriseActivated:1 afterSpellResolved:1] cards=[Wealth:12 Reiza, the Chief Tormentor:8 Intrude:5 Bakhm, the Desert Digger:5 Medea, the Swamp Witch:5 Fiona, the Princess of Blackport:4]
t=1 ph=3 ap=1 snaps=259 hooks=32 inst=39 rollout "Cosmic Skeleton" Creature lvl1 hero2
t=1 ph=3 ap=1 snaps=270 hooks=32 inst=39 rollout "Cosmic Skeleton" Creature lvl1 hero2
t=1 ph=3 ap=1 snaps=285 hooks=32 inst=39 leakyRollout "Cosmic Skeleton" +0.54MB hooks=[] cards=[Reiza, the Chief Tormentor:9 Wealth:6 Fighting:5 Medea, the Swamp Witch:5 Fiona, the Princess of Blackport:3 Bakhm, the Desert Digger:3]
t=1 ph=3 ap=1 snaps=285 hooks=32 inst=39 rollout "Cosmic Skeleton" Creature lvl1 hero2
t=1 ph=3 ap=1 snaps=297 hooks=32 inst=39 leakyRollout "Cosmic Skeleton" +1.75MB hooks=[] cards=[Reiza, the Chief Tormentor:7 Wealth:6 Bakhm, the Desert Digger:5 Fighting:3 Telekinesis:2 Medea, the Swamp Witch:2]
t=1 ph=3 ap=1 snaps=297 hooks=32 inst=39 rollout "Cosmic Skeleton" Creature lvl1 hero2
t=1 ph=3 ap=1 snaps=309 hooks=32 inst=39 leakyRollout "Cosmic Skeleton" +6.53MB hooks=[modifyPoisonDamage:1 beforeDamage:1 afterDamage:1] cards=[Reiza, the Chief Tormentor:10 Fighting:9 Intrude:8 Wealth:6 Bakhm, the Desert Digger:3 Medea, the Swamp Witch:2]
t=1 ph=3 ap=1 snaps=309 hooks=32 inst=39 rollout "Cosmic Skeleton" Creature lvl1 hero2
t=1 ph=3 ap=1 snaps=320 hooks=32 inst=39 rollout "Cosmic Skeleton" Creature lvl1 hero2
t=1 ph=3 ap=1 snaps=350 hooks=32 inst=39 rollout "Cosmic Skeleton" Creature lvl1 hero2
t=1 ph=3 ap=1 snaps=364 hooks=32 inst=39 leakyRollout "Cosmic Skeleton" +4.80MB hooks=[] cards=[Fighting:16 Wealth:14 Reiza, the Chief Tormentor:14 Intrude:9 Fiona, the Princess of Blackport:8 Medea, the Swamp Witch:3]
t=1 ph=3 ap=1 snaps=364 hooks=32 inst=39 rollout "Cosmic Skeleton" Creature lvl1 hero2
t=1 ph=3 ap=1 snaps=384 hooks=32 inst=39 rollout "Cosmic Skeleton" Creature lvl1 hero2
t=1 ph=3 ap=1 snaps=394 hooks=32 inst=39 rollout "Cosmic Skeleton" Creature lvl1 hero2
t=1 ph=3 ap=1 snaps=406 hooks=32 inst=39 rollout "Cosmic Skeleton" Creature lvl1 hero2
t=1 ph=3 ap=1 snaps=426 hooks=32 inst=39 leakyRollout "Cosmic Skeleton" +5.97MB hooks=[] cards=[Wealth:16 Intrude:16 Reiza, the Chief Tormentor:14 Fighting:11 Fiona, the Princess of Blackport:4 Medea, the Swamp Witch:4]
t=1 ph=3 ap=1 snaps=426 hooks=32 inst=39 rollout "Cosmic Skeleton" Creature lvl1 hero2
t=1 ph=3 ap=1 snaps=438 hooks=32 inst=39 rollout "Cosmic Skeleton" Creature lvl1 hero2
t=1 ph=3 ap=1 snaps=442 hooks=32 inst=39 rollout "Cosmic Skeleton" Creature lvl1 hero2
t=1 ph=3 ap=1 snaps=468 hooks=32 inst=39 leakyRollout "Cosmic Skeleton" +1.44MB hooks=[] cards=[Reiza, the Chief Tormentor:16 Intrude:12 Wealth:6 Fighting:4 Bakhm, the Desert Digger:4 Fiona, the Princess of Blackport:1]
t=1 ph=3 ap=1 snaps=468 hooks=32 inst=39 rollout "Cosmic Skeleton" Creature lvl1 hero2
t=1 ph=3 ap=1 snaps=480 hooks=32 inst=39 leakyRollout "Cosmic Skeleton" +10.12MB hooks=[] cards=[Reiza, the Chief Tormentor:14 Wealth:13 Fighting:7 Bakhm, the Desert Digger:4 Fiona, the Princess of Blackport:3 Medea, the Swamp Witch:3]
t=1 ph=3 ap=1 snaps=480 hooks=32 inst=39 rollout "Cosmic Skeleton" Creature lvl1 hero2
t=1 ph=3 ap=1 snaps=501 hooks=32 inst=39 rollout "Cosmic Skeleton" Creature lvl1 hero2
t=1 ph=3 ap=1 snaps=515 hooks=32 inst=39 leakyRollout "Cosmic Skeleton" +12.74MB hooks=[] cards=[Reiza, the Chief Tormentor:12 Wealth:8 Fighting:7 Bakhm, the Desert Digger:5 Intrude:4 Quick Attack:2]
t=1 ph=3 ap=1 snaps=515 hooks=32 inst=39 rollout "Cosmic Skeleton" Creature lvl1 hero2
t=1 ph=3 ap=1 snaps=533 hooks=32 inst=39 rollout "Adventurousness" AbilityAction lvl1 hero1
t=1 ph=3 ap=1 snaps=557 hooks=32 inst=39 leakyRollout "Adventurousness" +9.67MB hooks=[] cards=[Wealth:16 Intrude:14 Reiza, the Chief Tormentor:12 Fighting:8 Fiona, the Princess of Blackport:3 Bakhm, the Desert Digger:2]
t=1 ph=3 ap=1 snaps=557 hooks=32 inst=39 rollout "Adventurousness" AbilityAction lvl1 hero1
t=1 ph=3 ap=1 snaps=570 hooks=32 inst=39 leakyRollout "Adventurousness" +5.76MB hooks=[beforeDamage:3 afterDamage:3 afterSpellResolved:2 onPhaseStart:1 onPhaseEnd:1 onSurpriseActivated:1] cards=[Reiza, the Chief Tormentor:11 Fighting:10 Wealth:8 Bakhm, the Desert Digger:6 Intrude:5 Telekinesis:2]
t=1 ph=3 ap=1 snaps=570 hooks=32 inst=39 rollout "Adventurousness" AbilityAction lvl1 hero1
t=1 ph=3 ap=1 snaps=597 hooks=32 inst=39 leakyRollout "Adventurousness" +8.15MB hooks=[] cards=[Reiza, the Chief Tormentor:14 Fighting:11 Wealth:10 Bakhm, the Desert Digger:2 Rain of Arrows:2 Medea, the Swamp Witch:2]
t=1 ph=3 ap=1 snaps=597 hooks=32 inst=39 rollout "Adventurousness" AbilityAction lvl1 hero1
t=1 ph=3 ap=1 snaps=601 hooks=32 inst=39 summon "Cosmic Skeleton" p1/h2

=== GAME 15/1000: Depths of the Cosmos vs Lightning Caller @ 2026-05-01T11:30:08.301Z ===
t=1 ph=2 ap=1 snaps=0 hooks=10 inst=29 cpuTurnStart cpu=p1 hand=6
t=1 ph=5 ap=1 snaps=26 hooks=23 inst=31 switchTurn ending p1
t=2 ph=2 ap=0 snaps=26 hooks=13 inst=32 cpuTurnStart cpu=p0 hand=6
t=2 ph=5 ap=0 snaps=31 hooks=22 inst=35 switchTurn ending p0
t=3 ph=2 ap=1 snaps=31 hooks=10 inst=36 cpuTurnStart cpu=p1 hand=6
t=3 ph=3 ap=1 snaps=39 hooks=21 inst=38 rollout "Butterfly Cloud" Spell lvl2 hero1
t=3 ph=3 ap=1 snaps=42 hooks=21 inst=38 leakyRollout "Butterfly Cloud" +14.19MB hooks=[] cards=[Wealth:14 Argos, the Eye of the Cosmos:7 Analyzer from the Cosmic Depths:3 Gatherer from the Cosmic Depths:2 Butterfly Cloud:1 Life-Searcher from the Cosmic Depths:1]
t=3 ph=3 ap=1 snaps=42 hooks=21 inst=38 rollout "Butterfly Cloud" Spell lvl2 hero1
t=3 ph=3 ap=1 snaps=46 hooks=21 inst=38 leakyRollout "Butterfly Cloud" +1.22MB hooks=[] cards=[Elixir of Immortality:50 Wealth:16 Analyzer from the Cosmic Depths:12 Argos, the Eye of the Cosmos:7 Butterfly Cloud:2 Life-Searcher from the Cosmic Depths:1]
t=3 ph=3 ap=1 snaps=46 hooks=21 inst=38 rollout "Butterfly Cloud" Spell lvl2 hero1
t=3 ph=3 ap=1 snaps=54 hooks=21 inst=38 rollout "Butterfly Cloud" Spell lvl2 hero1
t=3 ph=3 ap=1 snaps=60 hooks=21 inst=38 leakyRollout "Butterfly Cloud" +3.59MB hooks=[] cards=[Wealth:14 Gatherer from the Cosmic Depths:8 Argos, the Eye of the Cosmos:7 Analyzer from the Cosmic Depths:7 Butterfly Cloud:2 Life-Searcher from the Cosmic Depths:1]
t=3 ph=3 ap=1 snaps=60 hooks=21 inst=38 rollout "Butterfly Cloud" Spell lvl2 hero1
t=3 ph=3 ap=1 snaps=65 hooks=21 inst=38 leakyRollout "Butterfly Cloud" +2.00MB hooks=[] cards=[Wealth:14 Analyzer from the Cosmic Depths:11 Argos, the Eye of the Cosmos:7 Gatherer from the Cosmic Depths:7 Butterfly Cloud:1]
t=3 ph=3 ap=1 snaps=65 hooks=21 inst=38 rollout "Butterfly Cloud" Spell lvl2 hero1
t=3 ph=3 ap=1 snaps=68 hooks=21 inst=38 rollout "Butterfly Cloud" Spell lvl2 hero1
t=3 ph=3 ap=1 snaps=72 hooks=21 inst=38 leakyRollout "Butterfly Cloud" +2.51MB hooks=[] cards=[Gatherer from the Cosmic Depths:17 Wealth:14 Analyzer from the Cosmic Depths:9 Elixir of Immortality:8 Argos, the Eye of the Cosmos:7 Butterfly Cloud:1]
t=3 ph=3 ap=1 snaps=72 hooks=21 inst=38 rollout "Butterfly Cloud" Spell lvl2 hero1
t=3 ph=3 ap=1 snaps=78 hooks=21 inst=38 rollout "Butterfly Cloud" Spell lvl2 hero1
t=3 ph=3 ap=1 snaps=83 hooks=21 inst=38 leakyRollout "Butterfly Cloud" +3.07MB hooks=[] cards=[Wealth:14 Argos, the Eye of the Cosmos:7 Analyzer from the Cosmic Depths:5 Butterfly Cloud:2 Life-Searcher from the Cosmic Depths:1]
t=3 ph=3 ap=1 snaps=83 hooks=21 inst=38 rollout "Butterfly Cloud" Spell lvl2 hero1
t=3 ph=3 ap=1 snaps=94 hooks=21 inst=38 leakyRollout "Butterfly Cloud" +11.07MB hooks=[] cards=[Gatherer from the Cosmic Depths:15 Wealth:14 Analyzer from the Cosmic Depths:9 Argos, the Eye of the Cosmos:7 Chain Lightning:2 Butterfly Cloud:1]
t=3 ph=3 ap=1 snaps=94 hooks=21 inst=38 rollout "Butterfly Cloud" Spell lvl2 hero1
t=3 ph=3 ap=1 snaps=99 hooks=21 inst=38 rollout "Butterfly Cloud" Spell lvl2 hero1
t=3 ph=3 ap=1 snaps=102 hooks=21 inst=38 rollout "Butterfly Cloud" Spell lvl2 hero1
t=3 ph=3 ap=1 snaps=106 hooks=21 inst=38 rollout "Butterfly Cloud" Spell lvl2 hero1
t=3 ph=3 ap=1 snaps=113 hooks=21 inst=38 leakyRollout "Butterfly Cloud" +3.14MB hooks=[onStatusRemoved:2] cards=[Elixir of Immortality:48 Wealth:14 Argos, the Eye of the Cosmos:6 Analyzer from the Cosmic Depths:6 Fiona, the Princess of Blackport:4 Invader Token:4]
t=3 ph=3 ap=1 snaps=113 hooks=21 inst=38 rollout "Butterfly Cloud" Spell lvl2 hero1
t=3 ph=3 ap=1 snaps=120 hooks=21 inst=38 leakyRollout "Butterfly Cloud" +5.25MB hooks=[] cards=[Wealth:14 Analyzer from the Cosmic Depths:13 Argos, the Eye of the Cosmos:7 Gatherer from the Cosmic Depths:7 Butterfly Cloud:1 Chain Lightning:1]
t=3 ph=3 ap=1 snaps=120 hooks=21 inst=38 rollout "Butterfly Cloud" Spell lvl2 hero1
t=3 ph=3 ap=1 snaps=126 hooks=21 inst=38 leakyRollout "Butterfly Cloud" +4.90MB hooks=[] cards=[Wealth:14 Gatherer from the Cosmic Depths:8 Analyzer from the Cosmic Depths:8 Argos, the Eye of the Cosmos:7 Fiona, the Princess of Blackport:1 Butterfly Cloud:1]
t=3 ph=3 ap=1 snaps=126 hooks=21 inst=38 rollout "Butterfly Cloud" Spell lvl2 hero1
t=3 ph=3 ap=1 snaps=130 hooks=21 inst=38 leakyRollout "Butterfly Cloud" +0.66MB hooks=[] cards=[Wealth:14 Analyzer from the Cosmic Depths:13 Gatherer from the Cosmic Depths:8 Argos, the Eye of the Cosmos:7 Fiona, the Princess of Blackport:1 Butterfly Cloud:1]
t=3 ph=3 ap=1 snaps=130 hooks=21 inst=38 rollout "Butterfly Cloud" Spell lvl2 hero1
t=3 ph=3 ap=1 snaps=133 hooks=21 inst=38 rollout "Butterfly Cloud" Spell lvl2 hero1
t=3 ph=3 ap=1 snaps=137 hooks=21 inst=38 leakyRollout "Butterfly Cloud" +2.37MB hooks=[] cards=[Wealth:16 Argos, the Eye of the Cosmos:7 Analyzer from the Cosmic Depths:7 Invader Token:4 Fiona, the Princess of Blackport:1 Butterfly Cloud:1]
t=3 ph=3 ap=1 snaps=137 hooks=21 inst=38 rollout "Butterfly Cloud" Spell lvl2 hero1
t=3 ph=3 ap=1 snaps=140 hooks=21 inst=38 leakyRollout "Butterfly Cloud" +0.67MB hooks=[] cards=[Wealth:16 Analyzer from the Cosmic Depths:13 Gatherer from the Cosmic Depths:9 Argos, the Eye of the Cosmos:6 Fiona, the Princess of Blackport:1 Butterfly Cloud:1]
t=3 ph=3 ap=1 snaps=140 hooks=21 inst=38 rollout "Butterfly Cloud" Spell lvl2 hero1
t=3 ph=3 ap=1 snaps=146 hooks=21 inst=38 rollout "Butterfly Cloud" Spell lvl2 hero1
t=3 ph=3 ap=1 snaps=149 hooks=21 inst=38 leakyRollout "Butterfly Cloud" +2.35MB hooks=[beforeHeroEffect:1] cards=[Wealth:14 Analyzer from the Cosmic Depths:13 Gatherer from the Cosmic Depths:8 Argos, the Eye of the Cosmos:7 Elixir of Immortality:7 Invader Token:4]
t=3 ph=3 ap=1 snaps=149 hooks=21 inst=38 rollout "Butterfly Cloud" Spell lvl2 hero1
t=3 ph=3 ap=1 snaps=153 hooks=21 inst=38 rollout "Butterfly Cloud" Spell lvl2 hero1
t=3 ph=3 ap=1 snaps=158 hooks=21 inst=38 leakyRollout "Butterfly Cloud" +3.19MB hooks=[] cards=[Wealth:14 Analyzer from the Cosmic Depths:13 Gatherer from the Cosmic Depths:8 Argos, the Eye of the Cosmos:7 Butterfly Cloud:2]
t=3 ph=3 ap=1 snaps=158 hooks=21 inst=38 rollout "Butterfly Cloud" Spell lvl2 hero1
t=3 ph=3 ap=1 snaps=162 hooks=21 inst=38 rollout "Butterfly Cloud" Spell lvl2 hero1
t=3 ph=3 ap=1 snaps=165 hooks=21 inst=38 rollout "Butterfly Cloud" Spell lvl2 hero1
t=3 ph=3 ap=1 snaps=168 hooks=21 inst=38 leakyRollout "Butterfly Cloud" +0.50MB hooks=[] cards=[Wealth:16 Invader Token:8 Argos, the Eye of the Cosmos:7 Analyzer from the Cosmic Depths:7 Gatherer from the Cosmic Depths:3 Butterfly Cloud:1]
t=3 ph=3 ap=1 snaps=168 hooks=21 inst=38 rollout "Butterfly Cloud" Spell lvl2 hero1
t=3 ph=3 ap=1 snaps=172 hooks=21 inst=38 rollout "Butterfly Cloud" Spell lvl2 hero1
t=3 ph=3 ap=1 snaps=176 hooks=21 inst=38 leakyRollout "Butterfly Cloud" +3.52MB hooks=[] cards=[Wealth:14 Gatherer from the Cosmic Depths:9 Analyzer from the Cosmic Depths:9 Argos, the Eye of the Cosmos:7 Butterfly Cloud:2]
t=3 ph=3 ap=1 snaps=176 hooks=21 inst=38 rollout "Butterfly Cloud" Spell lvl2 hero1
t=3 ph=3 ap=1 snaps=183 hooks=21 inst=38 rollout "Butterfly Cloud" Spell lvl2 hero1
t=3 ph=3 ap=1 snaps=187 hooks=21 inst=38 leakyRollout "Butterfly Cloud" +1.35MB hooks=[onStatusRemoved:1] cards=[Wealth:14 Gatherer from the Cosmic Depths:8 Analyzer from the Cosmic Depths:8 Argos, the Eye of the Cosmos:6 Fiona, the Princess of Blackport:2 Invader Token:2]
t=3 ph=3 ap=1 snaps=187 hooks=21 inst=38 rollout "Butterfly Cloud" Spell lvl2 hero1
t=3 ph=3 ap=1 snaps=191 hooks=21 inst=38 leakyRollout "Butterfly Cloud" +1.49MB hooks=[] cards=[Analyzer from the Cosmic Depths:17 Wealth:14 Gatherer from the Cosmic Depths:10 Argos, the Eye of the Cosmos:7 Elixir of Immortality:7 Invader Token:4]
t=3 ph=3 ap=1 snaps=191 hooks=21 inst=38 rollout "Butterfly Cloud" Spell lvl2 hero1
t=3 ph=3 ap=1 snaps=194 hooks=21 inst=38 leakyRollout "Butterfly Cloud" +1.59MB hooks=[onStatusRemoved:1] cards=[Wealth:14 Gatherer from the Cosmic Depths:8 Analyzer from the Cosmic Depths:8 Argos, the Eye of the Cosmos:6 Fiona, the Princess of Blackport:3 Butterfly Cloud:1]
t=3 ph=3 ap=1 snaps=194 hooks=21 inst=38 rollout "Butterfly Cloud" Spell lvl2 hero1
t=3 ph=3 ap=1 snaps=197 hooks=21 inst=38 rollout "Butterfly Cloud" Spell lvl2 hero1
t=3 ph=3 ap=1 snaps=202 hooks=21 inst=38 leakyRollout "Butterfly Cloud" +2.22MB hooks=[] cards=[Elixir of Immortality:49 Wealth:16 Analyzer from the Cosmic Depths:10 Argos, the Eye of the Cosmos:7 Invader Token:2 Butterfly Cloud:1]
t=3 ph=3 ap=1 snaps=202 hooks=21 inst=38 rollout "Butterfly Cloud" Spell lvl2 hero1
t=3 ph=3 ap=1 snaps=206 hooks=21 inst=38 leakyRollout "Butterfly Cloud" +2.02MB hooks=[] cards=[Elixir of Immortality:21 Wealth:14 Analyzer from the Cosmic Depths:10 Argos, the Eye of the Cosmos:7 Invader Token:6 Butterfly Cloud:1]
t=3 ph=3 ap=1 snaps=206 hooks=21 inst=38 rollout "Butterfly Cloud" Spell lvl2 hero1
t=3 ph=3 ap=1 snaps=210 hooks=21 inst=38 leakyRollout "Butterfly Cloud" +1.36MB hooks=[] cards=[Elixir of Immortality:21 Wealth:16 Analyzer from the Cosmic Depths:12 Argos, the Eye of the Cosmos:6 Invader Token:4 Butterfly Cloud:1]
t=3 ph=3 ap=1 snaps=210 hooks=21 inst=38 rollout "Butterfly Cloud" Spell lvl2 hero1
t=3 ph=3 ap=1 snaps=213 hooks=21 inst=38 leakyRollout "Butterfly Cloud" +0.69MB hooks=[] cards=[Wealth:14 Analyzer from the Cosmic Depths:13 Gatherer from the Cosmic Depths:8 Argos, the Eye of the Cosmos:6 Fiona, the Princess of Blackport:1 Butterfly Cloud:1]
t=3 ph=3 ap=1 snaps=213 hooks=21 inst=38 rollout "Butterfly Cloud" Spell lvl2 hero1
t=3 ph=3 ap=1 snaps=216 hooks=21 inst=38 rollout "Butterfly Cloud" Spell lvl2 hero1
t=3 ph=3 ap=1 snaps=220 hooks=21 inst=38 leakyRollout "Butterfly Cloud" +1.00MB hooks=[onStatusRemoved:1] cards=[Wealth:14 Analyzer from the Cosmic Depths:11 Argos, the Eye of the Cosmos:7 Fiona, the Princess of Blackport:2 Butterfly Cloud:1 Life-Searcher from the Cosmic Depths:1]
t=3 ph=3 ap=1 snaps=220 hooks=21 inst=38 rollout "Butterfly Cloud" Spell lvl2 hero1
t=3 ph=3 ap=1 snaps=224 hooks=21 inst=38 rollout "Butterfly Cloud" Spell lvl2 hero1
t=3 ph=3 ap=1 snaps=234 hooks=21 inst=38 rollout "Butterfly Cloud" Spell lvl2 hero1
t=3 ph=3 ap=1 snaps=240 hooks=21 inst=38 leakyRollout "Butterfly Cloud" +1.27MB hooks=[onStatusRemoved:1] cards=[Wealth:14 Analyzer from the Cosmic Depths:12 Argos, the Eye of the Cosmos:7 Fiona, the Princess of Blackport:2 Butterfly Cloud:1 Life-Searcher from the Cosmic Depths:1]
t=3 ph=3 ap=1 snaps=240 hooks=21 inst=38 rollout "Butterfly Cloud" Spell lvl2 hero1
t=3 ph=3 ap=1 snaps=244 hooks=21 inst=38 rollout "Butterfly Cloud" Spell lvl2 hero1
t=3 ph=3 ap=1 snaps=252 hooks=21 inst=38 leakyRollout "Butterfly Cloud" +6.65MB hooks=[] cards=[Wealth:14 Analyzer from the Cosmic Depths:11 Gatherer from the Cosmic Depths:9 Argos, the Eye of the Cosmos:7 Chain Lightning:2 Butterfly Cloud:1]
t=3 ph=3 ap=1 snaps=252 hooks=21 inst=38 rollout "Butterfly Cloud" Spell lvl2 hero1
t=3 ph=3 ap=1 snaps=256 hooks=21 inst=38 rollout "Butterfly Cloud" Spell lvl2 hero1
t=3 ph=3 ap=1 snaps=260 hooks=21 inst=38 rollout "Butterfly Cloud" Spell lvl2 hero1
t=3 ph=3 ap=1 snaps=265 hooks=21 inst=38 leakyRollout "Butterfly Cloud" +1.76MB hooks=[] cards=[Wealth:14 Argos, the Eye of the Cosmos:7 Analyzer from the Cosmic Depths:5 Butterfly Cloud:2 Life-Searcher from the Cosmic Depths:1]
t=3 ph=3 ap=1 snaps=265 hooks=21 inst=38 rollout "Butterfly Cloud" Spell lvl2 hero1
t=3 ph=3 ap=1 snaps=269 hooks=21 inst=38 leakyRollout "Butterfly Cloud" +0.95MB hooks=[beforeHeroEffect:1] cards=[Analyzer from the Cosmic Depths:15 Wealth:14 Gatherer from the Cosmic Depths:9 Argos, the Eye of the Cosmos:7 Butterfly Cloud:1]
t=3 ph=3 ap=1 snaps=269 hooks=21 inst=38 rollout "Butterfly Cloud" Spell lvl2 hero1
t=3 ph=3 ap=1 snaps=272 hooks=21 inst=38 rollout "Butterfly Cloud" Spell lvl2 hero1
t=3 ph=3 ap=1 snaps=276 hooks=21 inst=38 rollout "Butterfly Cloud" Spell lvl2 hero1
t=3 ph=3 ap=1 snaps=280 hooks=21 inst=38 rollout "Butterfly Cloud" Spell lvl2 hero1
t=3 ph=3 ap=1 snaps=284 hooks=21 inst=38 leakyRollout "Butterfly Cloud" +1.31MB hooks=[] cards=[Wealth:16 Analyzer from the Cosmic Depths:13 Gatherer from the Cosmic Depths:8 Argos, the Eye of the Cosmos:7 Fiona, the Princess of Blackport:1 Butterfly Cloud:1]
t=3 ph=3 ap=1 snaps=284 hooks=21 inst=38 rollout "Butterfly Cloud" Spell lvl2 hero1
t=3 ph=3 ap=1 snaps=290 hooks=21 inst=38 leakyRollout "Butterfly Cloud" +1.88MB hooks=[] cards=[Elixir of Immortality:21 Wealth:16 Argos, the Eye of the Cosmos:7 Analyzer from the Cosmic Depths:6 Butterfly Cloud:1 Life-Searcher from the Cosmic Depths:1]
t=3 ph=3 ap=1 snaps=290 hooks=21 inst=38 rollout "Butterfly Cloud" Spell lvl2 hero1
t=3 ph=3 ap=1 snaps=294 hooks=21 inst=38 rollout "Butterfly Cloud" Spell lvl2 hero1
t=3 ph=3 ap=1 snaps=298 hooks=21 inst=38 rollout "Butterfly Cloud" Spell lvl2 hero1
t=3 ph=3 ap=1 snaps=302 hooks=21 inst=38 rollout "Butterfly Cloud" Spell lvl2 hero1
t=3 ph=3 ap=1 snaps=309 hooks=21 inst=38 leakyRollout "Butterfly Cloud" +3.69MB hooks=[] cards=[Elixir of Immortality:21 Wealth:14 Analyzer from the Cosmic Depths:13 Gatherer from the Cosmic Depths:8 Argos, the Eye of the Cosmos:7 Butterfly Cloud:1]
t=3 ph=3 ap=1 snaps=309 hooks=21 inst=38 rollout "Butterfly Cloud" Spell lvl2 hero1
t=3 ph=3 ap=1 snaps=313 hooks=21 inst=38 leakyRollout "Butterfly Cloud" +2.56MB hooks=[] cards=[Analyzer from the Cosmic Depths:15 Wealth:14 Gatherer from the Cosmic Depths:9 Argos, the Eye of the Cosmos:7 Butterfly Cloud:2 Fiona, the Princess of Blackport:1]
t=3 ph=3 ap=1 snaps=313 hooks=21 inst=38 rollout "Butterfly Cloud" Spell lvl2 hero1
t=3 ph=3 ap=1 snaps=317 hooks=21 inst=38 leakyRollout "Butterfly Cloud" +4.49MB hooks=[] cards=[Wealth:14 Gatherer from the Cosmic Depths:9 Argos, the Eye of the Cosmos:7 Analyzer from the Cosmic Depths:7 Butterfly Cloud:2]
t=3 ph=3 ap=1 snaps=317 hooks=21 inst=38 rollout "Butterfly Cloud" Spell lvl2 hero1
t=3 ph=3 ap=1 snaps=320 hooks=21 inst=38 rollout "Butterfly Cloud" Spell lvl2 hero1
t=3 ph=3 ap=1 snaps=324 hooks=21 inst=38 leakyRollout "Butterfly Cloud" +2.55MB hooks=[] cards=[Wealth:14 Analyzer from the Cosmic Depths:11 Invader Token:8 Argos, the Eye of the Cosmos:7 Butterfly Cloud:1 Life-Searcher from the Cosmic Depths:1]
t=3 ph=3 ap=1 snaps=324 hooks=21 inst=38 rollout "Butterfly Cloud" Spell lvl2 hero1
t=3 ph=3 ap=1 snaps=330 hooks=21 inst=38 rollout "Butterfly Cloud" Spell lvl2 hero1
t=3 ph=3 ap=1 snaps=333 hooks=21 inst=38 leakyRollout "Butterfly Cloud" +1.57MB hooks=[onStatusRemoved:1] cards=[Gatherer from the Cosmic Depths:19 Wealth:16 Analyzer from the Cosmic Depths:9 Argos, the Eye of the Cosmos:7 Fiona, the Princess of Blackport:2 Invader Token:2]
t=3 ph=3 ap=1 snaps=333 hooks=21 inst=38 rollout "Butterfly Cloud" Spell lvl2 hero1
t=3 ph=3 ap=1 snaps=336 hooks=21 inst=38 rollout "Butterfly Cloud" Spell lvl2 hero1
t=3 ph=3 ap=1 snaps=341 hooks=21 inst=38 leakyRollout "Butterfly Cloud" +4.42MB hooks=[] cards=[Wealth:14 Gatherer from the Cosmic Depths:11 Analyzer from the Cosmic Depths:8 Argos, the Eye of the Cosmos:7 Invader Token:2 Butterfly Cloud:1]
t=3 ph=3 ap=1 snaps=341 hooks=21 inst=38 rollout "Butterfly Cloud" Spell lvl2 hero1
t=3 ph=3 ap=1 snaps=344 hooks=21 inst=38 rollout "Butterfly Cloud" Spell lvl2 hero1
t=3 ph=3 ap=1 snaps=347 hooks=21 inst=38 rollout "Butterfly Cloud" Spell lvl2 hero1
t=3 ph=3 ap=1 snaps=355 hooks=21 inst=38 leakyRollout "Butterfly Cloud" +3.00MB hooks=[] cards=[Wealth:14 Analyzer from the Cosmic Depths:9 Argos, the Eye of the Cosmos:7 Butterfly Cloud:1 Life-Searcher from the Cosmic Depths:1]
t=3 ph=3 ap=1 snaps=355 hooks=21 inst=38 rollout "Butterfly Cloud" Spell lvl2 hero1
t=3 ph=3 ap=1 snaps=362 hooks=21 inst=38 leakyRollout "Butterfly Cloud" +7.76MB hooks=[beforeHeroEffect:1] cards=[Analyzer from the Cosmic Depths:17 Wealth:14 Gatherer from the Cosmic Depths:9 Argos, the Eye of the Cosmos:7 Invader Token:4 Butterfly Cloud:1]
t=3 ph=3 ap=1 snaps=362 hooks=21 inst=38 rollout "Butterfly Cloud" Spell lvl2 hero1
t=3 ph=3 ap=1 snaps=365 hooks=21 inst=38 rollout "Butterfly Cloud" Spell lvl2 hero1
t=3 ph=3 ap=1 snaps=371 hooks=21 inst=38 rollout "Butterfly Cloud" Spell lvl2 hero1
t=3 ph=3 ap=1 snaps=374 hooks=21 inst=38 rollout "Butterfly Cloud" Spell lvl2 hero1
t=3 ph=3 ap=1 snaps=377 hooks=21 inst=38 leakyRollout "Butterfly Cloud" +14.22MB hooks=[] cards=[Wealth:14 Argos, the Eye of the Cosmos:7 Gatherer from the Cosmic Depths:7 Analyzer from the Cosmic Depths:7 Butterfly Cloud:1]
t=3 ph=3 ap=1 snaps=377 hooks=21 inst=38 rollout "Butterfly Cloud" Spell lvl2 hero1
t=3 ph=3 ap=1 snaps=380 hooks=21 inst=38 rollout "Butterfly Cloud" Spell lvl2 hero1
t=3 ph=3 ap=1 snaps=385 hooks=21 inst=38 rollout "Butterfly Cloud" Spell lvl2 hero1
t=3 ph=3 ap=1 snaps=394 hooks=21 inst=38 rollout "Butterfly Cloud" Spell lvl2 hero1
t=3 ph=3 ap=1 snaps=400 hooks=21 inst=38 leakyRollout "Butterfly Cloud" +4.14MB hooks=[] cards=[Wealth:14 Gatherer from the Cosmic Depths:8 Analyzer from the Cosmic Depths:8 Argos, the Eye of the Cosmos:7 Invader Token:2 Butterfly Cloud:1]
t=3 ph=3 ap=1 snaps=400 hooks=21 inst=38 rollout "Butterfly Cloud" Spell lvl2 hero1
t=3 ph=3 ap=1 snaps=404 hooks=21 inst=38 rollout "Butterfly Cloud" Spell lvl2 hero1
t=3 ph=3 ap=1 snaps=410 hooks=21 inst=38 leakyRollout "Butterfly Cloud" +2.71MB hooks=[] cards=[Wealth:14 Analyzer from the Cosmic Depths:12 Gatherer from the Cosmic Depths:7 Argos, the Eye of the Cosmos:6 Fiona, the Princess of Blackport:1 Butterfly Cloud:1]
t=3 ph=5 ap=1 snaps=412 hooks=38 inst=38 switchTurn ending p1
t=4 ph=2 ap=0 snaps=412 hooks=10 inst=39 cpuTurnStart cpu=p0 hand=7
t=4 ph=2 ap=0 snaps=419 hooks=22 inst=44 summon "Life-Searcher from the Cosmic Depths" p0/h1
t=4 ph=3 ap=0 snaps=475 hooks=36 inst=48 rollout "Analyzer from the Cosmic Depths" Creature lvl1 hero1
t=4 ph=3 ap=0 snaps=476 hooks=36 inst=48 leakyRollout "Analyzer from the Cosmic Depths" +11.86MB hooks=[] cards=[Wealth:16 Analyzer from the Cosmic Depths:13 Argos, the Eye of the Cosmos:7]
t=4 ph=3 ap=0 snaps=476 hooks=36 inst=48 rollout "Analyzer from the Cosmic Depths" Creature lvl1 hero1
t=4 ph=3 ap=0 snaps=478 hooks=36 inst=48 leakyRollout "Analyzer from the Cosmic Depths" +13.13MB hooks=[] cards=[Wealth:14 Analyzer from the Cosmic Depths:10 Argos, the Eye of the Cosmos:7]
t=4 ph=3 ap=0 snaps=478 hooks=36 inst=48 rollout "Analyzer from the Cosmic Depths" Creature lvl1 hero1
t=4 ph=3 ap=0 snaps=480 hooks=36 inst=48 rollout "Analyzer from the Cosmic Depths" Creature lvl1 hero1
t=4 ph=3 ap=0 snaps=481 hooks=36 inst=48 rollout "Analyzer from the Cosmic Depths" Creature lvl1 hero1
t=4 ph=3 ap=0 snaps=482 hooks=36 inst=48 rollout "Analyzer from the Cosmic Depths" Creature lvl1 hero1
t=4 ph=3 ap=0 snaps=483 hooks=36 inst=48 leakyRollout "Analyzer from the Cosmic Depths" +10.49MB hooks=[] cards=[Wealth:14 Analyzer from the Cosmic Depths:8 Argos, the Eye of the Cosmos:7 Invader Token:5]
t=4 ph=3 ap=0 snaps=483 hooks=36 inst=48 rollout "Analyzer from the Cosmic Depths" Creature lvl1 hero1
t=4 ph=3 ap=0 snaps=484 hooks=36 inst=48 rollout "Analyzer from the Cosmic Depths" Creature lvl1 hero1
t=4 ph=3 ap=0 snaps=485 hooks=36 inst=48 rollout "Analyzer from the Cosmic Depths" Creature lvl1 hero1
t=4 ph=3 ap=0 snaps=488 hooks=36 inst=48 rollout "Analyzer from the Cosmic Depths" Creature lvl1 hero1
t=4 ph=3 ap=0 snaps=491 hooks=36 inst=48 rollout "Analyzer from the Cosmic Depths" Creature lvl1 hero1
t=4 ph=3 ap=0 snaps=493 hooks=36 inst=48 leakyRollout "Analyzer from the Cosmic Depths" +12.39MB hooks=[] cards=[Elixir of Immortality:44 Wealth:14 Invader Token:10 Argos, the Eye of the Cosmos:7 Analyzer from the Cosmic Depths:7 Butterfly Cloud:1]
t=4 ph=3 ap=0 snaps=493 hooks=36 inst=48 rollout "Analyzer from the Cosmic Depths" Creature lvl1 hero1
t=4 ph=3 ap=0 snaps=494 hooks=36 inst=48 rollout "Analyzer from the Cosmic Depths" Creature lvl1 hero1
t=4 ph=3 ap=0 snaps=495 hooks=36 inst=48 rollout "Analyzer from the Cosmic Depths" Creature lvl1 hero1
t=4 ph=3 ap=0 snaps=500 hooks=36 inst=48 rollout "Analyzer from the Cosmic Depths" Creature lvl1 hero1
t=4 ph=3 ap=0 snaps=504 hooks=36 inst=48 leakyRollout "Analyzer from the Cosmic Depths" +12.97MB hooks=[] cards=[Wealth:14 Argos, the Eye of the Cosmos:7 Analyzer from the Cosmic Depths:6 Fiona, the Princess of Blackport:2 Invader from the Cosmic Depths:1 Invader Token:1]
t=4 ph=3 ap=0 snaps=504 hooks=36 inst=48 rollout "Analyzer from the Cosmic Depths" Creature lvl1 hero1
t=4 ph=3 ap=0 snaps=507 hooks=36 inst=48 rollout "Analyzer from the Cosmic Depths" Creature lvl1 hero1
t=4 ph=3 ap=0 snaps=508 hooks=36 inst=48 rollout "Analyzer from the Cosmic Depths" Creature lvl1 hero1
t=4 ph=3 ap=0 snaps=512 hooks=36 inst=48 leakyRollout "Analyzer from the Cosmic Depths" +0.51MB hooks=[onPhaseEnd:3 onPhaseStart:2 beforeDamage:2 afterDamage:2 onHeroKO:2 onTurnEnd:1] cards=[Wealth:12 Analyzer from the Cosmic Depths:9 Argos, the Eye of the Cosmos:6 Invader Token:4 Chain Lightning:2]
t=4 ph=3 ap=0 snaps=512 hooks=36 inst=48 rollout "Analyzer from the Cosmic Depths" Creature lvl1 hero1
t=4 ph=3 ap=0 snaps=517 hooks=36 inst=48 leakyRollout "Analyzer from the Cosmic Depths" +3.46MB hooks=[] cards=[Elixir of Immortality:43 Analyzer from the Cosmic Depths:18 Invader Token:15 Wealth:14 Argos, the Eye of the Cosmos:7 Invader from the Cosmic Depths:1]
t=4 ph=3 ap=0 snaps=517 hooks=36 inst=48 rollout "Analyzer from the Cosmic Depths" Creature lvl1 hero1
t=4 ph=3 ap=0 snaps=521 hooks=36 inst=48 rollout "Analyzer from the Cosmic Depths" Creature lvl1 hero1
t=4 ph=3 ap=0 snaps=523 hooks=36 inst=48 rollout "Analyzer from the Cosmic Depths" Creature lvl1 hero1
t=4 ph=3 ap=0 snaps=524 hooks=36 inst=48 rollout "Analyzer from the Cosmic Depths" Creature lvl1 hero1
t=4 ph=3 ap=0 snaps=526 hooks=36 inst=48 rollout "Analyzer from the Cosmic Depths" Creature lvl1 hero1
t=4 ph=3 ap=0 snaps=527 hooks=36 inst=48 leakyRollout "Analyzer from the Cosmic Depths" +9.31MB hooks=[] cards=[Wealth:16 Analyzer from the Cosmic Depths:9 Argos, the Eye of the Cosmos:7 Invader from the Cosmic Depths:1]
t=4 ph=3 ap=0 snaps=527 hooks=36 inst=48 rollout "Analyzer from the Cosmic Depths" Creature lvl1 hero1
t=4 ph=3 ap=0 snaps=528 hooks=36 inst=48 rollout "Analyzer from the Cosmic Depths" Creature lvl1 hero1
t=4 ph=3 ap=0 snaps=531 hooks=36 inst=48 rollout "Analyzer from the Cosmic Depths" Creature lvl1 hero1
t=4 ph=3 ap=0 snaps=532 hooks=36 inst=48 leakyRollout "Analyzer from the Cosmic Depths" +9.74MB hooks=[] cards=[Wealth:14 Argos, the Eye of the Cosmos:7 Analyzer from the Cosmic Depths:5 Gatherer from the Cosmic Depths:4 Invader Token:4 Fiona, the Princess of Blackport:2]
t=4 ph=3 ap=0 snaps=532 hooks=36 inst=48 rollout "Analyzer from the Cosmic Depths" Creature lvl1 hero1
t=4 ph=3 ap=0 snaps=535 hooks=36 inst=48 rollout "Analyzer from the Cosmic Depths" Creature lvl1 hero1
t=4 ph=3 ap=0 snaps=536 hooks=36 inst=48 rollout "Analyzer from the Cosmic Depths" Creature lvl1 hero1
t=4 ph=3 ap=0 snaps=539 hooks=36 inst=48 rollout "Analyzer from the Cosmic Depths" Creature lvl1 hero1
t=4 ph=3 ap=0 snaps=540 hooks=36 inst=48 leakyRollout "Analyzer from the Cosmic Depths" +9.84MB hooks=[] cards=[Wealth:14 Analyzer from the Cosmic Depths:9 Argos, the Eye of the Cosmos:7 Fiona, the Princess of Blackport:2]
t=4 ph=3 ap=0 snaps=540 hooks=36 inst=48 rollout "Analyzer from the Cosmic Depths" Creature lvl1 hero1
t=4 ph=3 ap=0 snaps=541 hooks=36 inst=48 rollout "Analyzer from the Cosmic Depths" Creature lvl1 hero1
t=4 ph=3 ap=0 snaps=542 hooks=36 inst=48 rollout "Analyzer from the Cosmic Depths" Creature lvl1 hero1
t=4 ph=3 ap=0 snaps=543 hooks=36 inst=48 leakyRollout "Analyzer from the Cosmic Depths" +10.57MB hooks=[] cards=[Wealth:14 Invader Token:10 Argos, the Eye of the Cosmos:6 Analyzer from the Cosmic Depths:6 Fiona, the Princess of Blackport:4 Invader from the Cosmic Depths:1]
t=4 ph=3 ap=0 snaps=543 hooks=36 inst=48 rollout "Analyzer from the Cosmic Depths" Creature lvl1 hero1
t=4 ph=3 ap=0 snaps=544 hooks=36 inst=48 rollout "Analyzer from the Cosmic Depths" Creature lvl1 hero1
t=4 ph=3 ap=0 snaps=548 hooks=36 inst=48 rollout "Analyzer from the Cosmic Depths" Creature lvl1 hero1
t=4 ph=3 ap=0 snaps=550 hooks=36 inst=48 rollout "Analyzer from the Cosmic Depths" Creature lvl1 hero1
t=4 ph=3 ap=0 snaps=553 hooks=36 inst=48 rollout "Analyzer from the Cosmic Depths" Creature lvl1 hero1
t=4 ph=3 ap=0 snaps=554 hooks=36 inst=48 leakyRollout "Analyzer from the Cosmic Depths" +9.78MB hooks=[] cards=[Wealth:14 Analyzer from the Cosmic Depths:10 Argos, the Eye of the Cosmos:6 Invader Token:6 Fiona, the Princess of Blackport:2 Invader from the Cosmic Depths:1]
t=4 ph=3 ap=0 snaps=554 hooks=36 inst=48 rollout "Analyzer from the Cosmic Depths" Creature lvl1 hero1
t=4 ph=3 ap=0 snaps=560 hooks=36 inst=48 leakyRollout "Analyzer from the Cosmic Depths" +1.17MB hooks=[] cards=[Wealth:14 Analyzer from the Cosmic Depths:12 Argos, the Eye of the Cosmos:7 Invader Token:7 Fiona, the Princess of Blackport:2 Invader from the Cosmic Depths:1]
t=4 ph=3 ap=0 snaps=560 hooks=36 inst=48 rollout "Analyzer from the Cosmic Depths" Creature lvl1 hero1
t=4 ph=3 ap=0 snaps=561 hooks=36 inst=48 rollout "Analyzer from the Cosmic Depths" Creature lvl1 hero1
t=4 ph=3 ap=0 snaps=565 hooks=36 inst=48 rollout "Analyzer from the Cosmic Depths" Creature lvl1 hero1
t=4 ph=3 ap=0 snaps=567 hooks=36 inst=48 rollout "Analyzer from the Cosmic Depths" Creature lvl1 hero1
t=4 ph=3 ap=0 snaps=573 hooks=36 inst=48 leakyRollout "Analyzer from the Cosmic Depths" +2.11MB hooks=[] cards=[Wealth:14 Analyzer from the Cosmic Depths:9 Argos, the Eye of the Cosmos:7 Butterfly Cloud:1 Life-Searcher from the Cosmic Depths:1]
t=4 ph=3 ap=0 snaps=573 hooks=36 inst=48 rollout "Analyzer from the Cosmic Depths" Creature lvl1 hero1
t=4 ph=3 ap=0 snaps=574 hooks=36 inst=48 rollout "Analyzer from the Cosmic Depths" Creature lvl1 hero1
t=4 ph=3 ap=0 snaps=575 hooks=36 inst=48 leakyRollout "Analyzer from the Cosmic Depths" +10.32MB hooks=[] cards=[Wealth:14 Elixir of Immortality:14 Analyzer from the Cosmic Depths:11 Argos, the Eye of the Cosmos:7 Invader Token:3 Invader from the Cosmic Depths:1]
t=4 ph=3 ap=0 snaps=575 hooks=36 inst=48 rollout "Analyzer from the Cosmic Depths" Creature lvl1 hero1
t=4 ph=3 ap=0 snaps=577 hooks=36 inst=48 rollout "Analyzer from the Cosmic Depths" Creature lvl1 hero1
t=4 ph=3 ap=0 snaps=578 hooks=36 inst=48 rollout "Analyzer from the Cosmic Depths" Creature lvl1 hero1
t=4 ph=3 ap=0 snaps=583 hooks=36 inst=48 rollout "Analyzer from the Cosmic Depths" Creature lvl1 hero1
t=4 ph=3 ap=0 snaps=584 hooks=36 inst=48 leakyRollout "Analyzer from the Cosmic Depths" +11.69MB hooks=[] cards=[Wealth:14 Analyzer from the Cosmic Depths:13 Argos, the Eye of the Cosmos:7 Invader Token:3 Fiona, the Princess of Blackport:2 Invader from the Cosmic Depths:1]
t=4 ph=3 ap=0 snaps=584 hooks=36 inst=48 rollout "Analyzer from the Cosmic Depths" Creature lvl1 hero1
t=4 ph=3 ap=0 snaps=585 hooks=36 inst=48 rollout "Analyzer from the Cosmic Depths" Creature lvl1 hero1
t=4 ph=3 ap=0 snaps=594 hooks=36 inst=48 leakyRollout "Analyzer from the Cosmic Depths" +4.21MB hooks=[] cards=[Wealth:14 Argos, the Eye of the Cosmos:7 Analyzer from the Cosmic Depths:7 Gatherer from the Cosmic Depths:2 Butterfly Cloud:1 Chain Lightning:1]
t=4 ph=3 ap=0 snaps=594 hooks=36 inst=48 rollout "Analyzer from the Cosmic Depths" Creature lvl1 hero1
t=4 ph=3 ap=0 snaps=596 hooks=36 inst=48 rollout "Analyzer from the Cosmic Depths" Creature lvl1 hero1
t=4 ph=3 ap=0 snaps=600 hooks=36 inst=48 rollout "Analyzer from the Cosmic Depths" Creature lvl1 hero1
t=4 ph=3 ap=0 snaps=601 hooks=36 inst=48 rollout "Analyzer from the Cosmic Depths" Creature lvl1 hero1
t=4 ph=3 ap=0 snaps=602 hooks=36 inst=48 rollout "Analyzer from the Cosmic Depths" Creature lvl1 hero1
t=4 ph=3 ap=0 snaps=604 hooks=36 inst=48 leakyRollout "Analyzer from the Cosmic Depths" +11.82MB hooks=[] cards=[Wealth:16 Analyzer from the Cosmic Depths:9 Argos, the Eye of the Cosmos:7 Invader Token:3 Chain Lightning:1 Invader from the Cosmic Depths:1]
t=4 ph=3 ap=0 snaps=604 hooks=36 inst=48 rollout "Analyzer from the Cosmic Depths" Creature lvl1 hero1
t=4 ph=3 ap=0 snaps=605 hooks=36 inst=48 rollout "Analyzer from the Cosmic Depths" Creature lvl1 hero1
t=4 ph=3 ap=0 snaps=609 hooks=36 inst=48 rollout "Analyzer from the Cosmic Depths" Creature lvl1 hero1
t=4 ph=3 ap=0 snaps=610 hooks=36 inst=48 rollout "Analyzer from the Cosmic Depths" Creature lvl1 hero1
t=4 ph=3 ap=0 snaps=612 hooks=36 inst=48 leakyRollout "Analyzer from the Cosmic Depths" +11.95MB hooks=[] cards=[Wealth:14 Analyzer from the Cosmic Depths:8 Argos, the Eye of the Cosmos:7]
t=4 ph=3 ap=0 snaps=612 hooks=36 inst=48 rollout "Analyzer from the Cosmic Depths" Creature lvl1 hero1
t=4 ph=3 ap=0 snaps=619 hooks=36 inst=48 rollout "Analyzer from the Cosmic Depths" Creature lvl1 hero1
t=4 ph=3 ap=0 snaps=624 hooks=36 inst=48 rollout "Analyzer from the Cosmic Depths" Creature lvl1 hero1
t=4 ph=3 ap=0 snaps=626 hooks=36 inst=48 rollout "Analyzer from the Cosmic Depths" Creature lvl1 hero1
t=4 ph=3 ap=0 snaps=630 hooks=36 inst=48 rollout "Analyzer from the Cosmic Depths" Creature lvl1 hero1
t=4 ph=3 ap=0 snaps=634 hooks=36 inst=48 rollout "Analyzer from the Cosmic Depths" Creature lvl1 hero1
t=4 ph=3 ap=0 snaps=639 hooks=36 inst=48 leakyRollout "Analyzer from the Cosmic Depths" +2.43MB hooks=[] cards=[Wealth:14 Analyzer from the Cosmic Depths:11 Invader Token:8 Argos, the Eye of the Cosmos:7 Fiona, the Princess of Blackport:2 Butterfly Cloud:1]
t=4 ph=3 ap=0 snaps=639 hooks=36 inst=48 rollout "Analyzer from the Cosmic Depths" Creature lvl1 hero1
t=4 ph=3 ap=0 snaps=640 hooks=36 inst=48 leakyRollout "Analyzer from the Cosmic Depths" +10.48MB hooks=[] cards=[Wealth:14 Invader Token:10 Argos, the Eye of the Cosmos:6 Analyzer from the Cosmic Depths:5 Fiona, the Princess of Blackport:2 Gatherer from the Cosmic Depths:2]
t=4 ph=3 ap=0 snaps=640 hooks=36 inst=48 rollout "Analyzer from the Cosmic Depths" Creature lvl1 hero1
t=4 ph=3 ap=0 snaps=641 hooks=36 inst=48 rollout "Analyzer from the Cosmic Depths" Creature lvl1 hero1
t=4 ph=3 ap=0 snaps=642 hooks=36 inst=48 rollout "Analyzer from the Cosmic Depths" Creature lvl1 hero1
t=4 ph=3 ap=0 snaps=643 hooks=36 inst=48 leakyRollout "Analyzer from the Cosmic Depths" +9.21MB hooks=[] cards=[Wealth:14 Invader Token:10 Argos, the Eye of the Cosmos:6 Fiona, the Princess of Blackport:4 Analyzer from the Cosmic Depths:4 Invader from the Cosmic Depths:1]
t=4 ph=3 ap=0 snaps=643 hooks=36 inst=48 rollout "Analyzer from the Cosmic Depths" Creature lvl1 hero1
t=4 ph=3 ap=0 snaps=644 hooks=36 inst=48 rollout "Analyzer from the Cosmic Depths" Creature lvl1 hero1
t=4 ph=3 ap=0 snaps=646 hooks=36 inst=48 rollout "Analyzer from the Cosmic Depths" Creature lvl1 hero1
t=4 ph=3 ap=0 snaps=652 hooks=36 inst=48 leakyRollout "Analyzer from the Cosmic Depths" +3.06MB hooks=[] cards=[Wealth:14 Analyzer from the Cosmic Depths:9 Argos, the Eye of the Cosmos:7 Invader Token:3 Chain Lightning:1]
t=4 ph=3 ap=0 snaps=652 hooks=36 inst=48 rollout "Analyzer from the Cosmic Depths" Creature lvl1 hero1
t=4 ph=3 ap=0 snaps=655 hooks=36 inst=48 rollout "Analyzer from the Cosmic Depths" Creature lvl1 hero1
t=4 ph=3 ap=0 snaps=656 hooks=36 inst=48 rollout "Analyzer from the Cosmic Depths" Creature lvl1 hero1
t=4 ph=3 ap=0 snaps=658 hooks=36 inst=48 rollout "Analyzer from the Cosmic Depths" Creature lvl1 hero1
t=4 ph=3 ap=0 snaps=659 hooks=36 inst=48 leakyRollout "Analyzer from the Cosmic Depths" +9.60MB hooks=[] cards=[Wealth:16 Invader Token:10 Argos, the Eye of the Cosmos:7 Analyzer from the Cosmic Depths:4 Fiona, the Princess of Blackport:2 Invader from the Cosmic Depths:1]
t=4 ph=3 ap=0 snaps=659 hooks=36 inst=48 rollout "Analyzer from the Cosmic Depths" Creature lvl1 hero1
t=4 ph=3 ap=0 snaps=661 hooks=36 inst=48 rollout "Analyzer from the Cosmic Depths" Creature lvl1 hero1
t=4 ph=3 ap=0 snaps=662 hooks=36 inst=48 summon "Analyzer from the Cosmic Depths" p0/h1
t=4 ph=5 ap=0 snaps=663 hooks=45 inst=49 switchTurn ending p0
t=5 ph=2 ap=1 snaps=663 hooks=10 inst=50 cpuTurnStart cpu=p1 hand=3
t=5 ph=5 ap=1 snaps=680 hooks=41 inst=58 switchTurn ending p1
t=6 ph=2 ap=0 snaps=680 hooks=10 inst=59 cpuTurnStart cpu=p0 hand=7
t=6 ph=2 ap=0 snaps=686 hooks=18 inst=60 summon "Invader from the Cosmic Depths" p0/h1
t=6 ph=2 ap=0 snaps=686 hooks=19 inst=61 summon "Invader Token" p0/h0
t=6 ph=2 ap=0 snaps=686 hooks=19 inst=62 summon "Invader Token" p0/h2
t=6 ph=5 ap=0 snaps=702 hooks=29 inst=64 switchTurn ending p0
t=7 ph=2 ap=1 snaps=702 hooks=10 inst=65 cpuTurnStart cpu=p1 hand=6
t=7 ph=5 ap=1 snaps=727 hooks=31 inst=69 switchTurn ending p1
t=8 ph=2 ap=0 snaps=727 hooks=10 inst=70 cpuTurnStart cpu=p0 hand=7
t=8 ph=5 ap=0 snaps=752 hooks=24 inst=71 switchTurn ending p0
t=9 ph=2 ap=1 snaps=752 hooks=10 inst=72 cpuTurnStart cpu=p1 hand=7
t=9 ph=5 ap=1 snaps=766 hooks=46 inst=80 switchTurn ending p1
t=10 ph=2 ap=0 snaps=766 hooks=10 inst=81 cpuTurnStart cpu=p0 hand=6
t=10 ph=3 ap=0 snaps=842 hooks=21 inst=84 rollout "Gatherer from the Cosmic Depths" Creature lvl2 hero1
t=10 ph=3 ap=0 snaps=857 hooks=21 inst=84 leakyRollout "Gatherer from the Cosmic Depths" +11.72MB hooks=[] cards=[Elixir of Immortality:46 Invader Token:18 Wealth:16 Gatherer from the Cosmic Depths:10 Argos, the Eye of the Cosmos:7 Analyzer from the Cosmic Depths:5]
t=10 ph=3 ap=0 snaps=857 hooks=21 inst=84 rollout "Gerrymander" Creature lvl1 hero0
t=10 ph=3 ap=0 snaps=862 hooks=21 inst=84 leakyRollout "Gerrymander" +7.88MB hooks=[] cards=[Elixir of Immortality:47 Invader Token:24 Wealth:16 Analyzer from the Cosmic Depths:3 Argos, the Eye of the Cosmos:2 Life-Searcher from the Cosmic Depths:1]
t=10 ph=3 ap=0 snaps=862 hooks=21 inst=84 rollout "Gerrymander" Creature lvl1 hero0
t=10 ph=3 ap=0 snaps=865 hooks=21 inst=84 leakyRollout "Gerrymander" +7.80MB hooks=[] cards=[Elixir of Immortality:47 Invader Token:17 Wealth:16 Gatherer from the Cosmic Depths:5 Argos, the Eye of the Cosmos:4 Analyzer from the Cosmic Depths:2]
t=10 ph=3 ap=0 snaps=865 hooks=21 inst=84 rollout "Gatherer from the Cosmic Depths" Creature lvl2 hero1
t=10 ph=3 ap=0 snaps=872 hooks=21 inst=84 rollout "Gatherer from the Cosmic Depths" Creature lvl2 hero1
t=10 ph=3 ap=0 snaps=885 hooks=21 inst=84 leakyRollout "Gatherer from the Cosmic Depths" +6.92MB hooks=[] cards=[Elixir of Immortality:46 Wealth:16 Gatherer from the Cosmic Depths:13 Argos, the Eye of the Cosmos:6 Invader Token:5 Fiona, the Princess of Blackport:2]
t=10 ph=3 ap=0 snaps=885 hooks=21 inst=84 rollout "Gatherer from the Cosmic Depths" Creature lvl2 hero1
t=10 ph=3 ap=0 snaps=896 hooks=21 inst=84 rollout "Gerrymander" Creature lvl1 hero0
t=10 ph=3 ap=0 snaps=902 hooks=21 inst=84 leakyRollout "Gerrymander" +3.65MB hooks=[beforeCreatureDamageBatch:2 afterCreatureDamageBatch:2 beforeDamage:2 afterDamage:2 onHeroKO:2 onPhaseStart:1] cards=[Elixir of Immortality:23 Wealth:8 Invader Token:7 Analyzer from the Cosmic Depths:5 Argos, the Eye of the Cosmos:3 Chain Lightning:2]
t=10 ph=3 ap=0 snaps=902 hooks=21 inst=84 rollout "Gerrymander" Creature lvl1 hero0
t=10 ph=3 ap=0 snaps=904 hooks=21 inst=84 rollout "Gerrymander" Creature lvl1 hero0
t=10 ph=3 ap=0 snaps=907 hooks=21 inst=84 leakyRollout "Gerrymander" +2.27MB hooks=[onPhaseEnd:3 onPhaseStart:2 beforeDamage:2 afterDamage:2 onTurnEnd:1 onHeroKO:1] cards=[Elixir of Immortality:47 Invader Token:22 Wealth:14 Analyzer from the Cosmic Depths:4 Argos, the Eye of the Cosmos:2 Butterfly Cloud:1]
t=10 ph=3 ap=0 snaps=907 hooks=21 inst=84 rollout "Gerrymander" Creature lvl1 hero0
t=10 ph=3 ap=0 snaps=912 hooks=21 inst=84 leakyRollout "Gerrymander" +7.45MB hooks=[] cards=[Elixir of Immortality:45 Wealth:16 Invader Token:15 Analyzer from the Cosmic Depths:7 Argos, the Eye of the Cosmos:5 Fiona, the Princess of Blackport:2]
t=10 ph=3 ap=0 snaps=912 hooks=21 inst=84 rollout "Gerrymander" Creature lvl1 hero0
t=10 ph=3 ap=0 snaps=920 hooks=21 inst=84 rollout "Gerrymander" Creature lvl1 hero0
t=10 ph=3 ap=0 snaps=922 hooks=21 inst=84 leakyRollout "Gerrymander" +0.88MB hooks=[] cards=[Elixir of Immortality:45 Invader Token:22 Wealth:16 Argos, the Eye of the Cosmos:7 Analyzer from the Cosmic Depths:7 Gatherer from the Cosmic Depths:3]
t=10 ph=3 ap=0 snaps=922 hooks=21 inst=84 rollout "Gatherer from the Cosmic Depths" Creature lvl2 hero1
t=10 ph=3 ap=0 snaps=929 hooks=21 inst=84 leakyRollout "Gatherer from the Cosmic Depths" +1.38MB hooks=[] cards=[Invader Token:20 Elixir of Immortality:17 Wealth:16 Analyzer from the Cosmic Depths:11 Gatherer from the Cosmic Depths:11 Argos, the Eye of the Cosmos:7]
t=10 ph=3 ap=0 snaps=929 hooks=21 inst=84 rollout "Gatherer from the Cosmic Depths" Creature lvl2 hero1
t=10 ph=3 ap=0 snaps=935 hooks=21 inst=84 rollout "Gatherer from the Cosmic Depths" Creature lvl2 hero1
t=10 ph=3 ap=0 snaps=946 hooks=21 inst=84 leakyRollout "Gatherer from the Cosmic Depths" +2.91MB hooks=[onPhaseEnd:3 onPhaseStart:2 beforeDamage:2 afterDamage:2 onHeroKO:2 beforeDraw:1] cards=[Elixir of Immortality:47 Invader Token:20 Gatherer from the Cosmic Depths:15 Wealth:14 Argos, the Eye of the Cosmos:4 Analyzer from the Cosmic Depths:4]
t=10 ph=3 ap=0 snaps=946 hooks=21 inst=84 rollout "Gatherer from the Cosmic Depths" Creature lvl2 hero1
t=10 ph=3 ap=0 snaps=953 hooks=21 inst=84 rollout "Gerrymander" Creature lvl1 hero0
t=10 ph=3 ap=0 snaps=963 hooks=21 inst=84 rollout "Gatherer from the Cosmic Depths" Creature lvl2 hero1
t=10 ph=3 ap=0 snaps=972 hooks=21 inst=84 leakyRollout "Gatherer from the Cosmic Depths" +3.98MB hooks=[] cards=[Elixir of Immortality:43 Invader Token:24 Gatherer from the Cosmic Depths:18 Wealth:16 Analyzer from the Cosmic Depths:12 Argos, the Eye of the Cosmos:7]
t=10 ph=3 ap=0 snaps=972 hooks=21 inst=84 rollout "Gatherer from the Cosmic Depths" Creature lvl2 hero1
t=10 ph=3 ap=0 snaps=976 hooks=21 inst=84 rollout "Gatherer from the Cosmic Depths" Creature lvl2 hero1
t=10 ph=3 ap=0 snaps=984 hooks=21 inst=84 rollout "Gatherer from the Cosmic Depths" Creature lvl2 hero1
t=10 ph=3 ap=0 snaps=993 hooks=21 inst=84 leakyRollout "Gatherer from the Cosmic Depths" +2.86MB hooks=[] cards=[Elixir of Immortality:43 Invader Token:24 Gatherer from the Cosmic Depths:17 Wealth:16 Analyzer from the Cosmic Depths:12 Argos, the Eye of the Cosmos:7]
t=10 ph=3 ap=0 snaps=993 hooks=21 inst=84 rollout "Gatherer from the Cosmic Depths" Creature lvl2 hero1
t=10 ph=3 ap=0 snaps=1000 hooks=21 inst=84 leakyRollout "Gatherer from the Cosmic Depths" +11.32MB hooks=[] cards=[Elixir of Immortality:43 Wealth:16 Invader Token:11 Gatherer from the Cosmic Depths:9 Argos, the Eye of the Cosmos:7 Analyzer from the Cosmic Depths:2]
t=10 ph=3 ap=0 snaps=1000 hooks=21 inst=84 rollout "Gatherer from the Cosmic Depths" Creature lvl2 hero1
t=10 ph=3 ap=0 snaps=1005 hooks=21 inst=84 rollout "Gatherer from the Cosmic Depths" Creature lvl2 hero1
t=10 ph=3 ap=0 snaps=1027 hooks=21 inst=84 rollout "Gatherer from the Cosmic Depths" Creature lvl2 hero1
t=10 ph=3 ap=0 snaps=1045 hooks=21 inst=84 leakyRollout "Gatherer from the Cosmic Depths" +4.04MB hooks=[] cards=[Elixir of Immortality:47 Invader Token:27 Wealth:16 Analyzer from the Cosmic Depths:10 Gatherer from the Cosmic Depths:10 Argos, the Eye of the Cosmos:6]
t=10 ph=3 ap=0 snaps=1045 hooks=21 inst=84 rollout "Gatherer from the Cosmic Depths" Creature lvl2 hero1
t=10 ph=3 ap=0 snaps=1057 hooks=21 inst=84 leakyRollout "Gatherer from the Cosmic Depths" +5.90MB hooks=[] cards=[Elixir of Immortality:39 Invader Token:24 Wealth:16 Analyzer from the Cosmic Depths:8 Gatherer from the Cosmic Depths:8 Argos, the Eye of the Cosmos:6]
t=10 ph=3 ap=0 snaps=1057 hooks=21 inst=84 rollout "Gatherer from the Cosmic Depths" Creature lvl2 hero1
t=10 ph=3 ap=0 snaps=1067 hooks=21 inst=84 leakyRollout "Gatherer from the Cosmic Depths" +3.22MB hooks=[] cards=[Elixir of Immortality:47 Wealth:16 Invader Token:11 Gatherer from the Cosmic Depths:10 Argos, the Eye of the Cosmos:7 Analyzer from the Cosmic Depths:5]
t=10 ph=3 ap=0 snaps=1067 hooks=21 inst=84 rollout "Gatherer from the Cosmic Depths" Creature lvl2 hero1
t=10 ph=3 ap=0 snaps=1079 hooks=21 inst=84 rollout "Gatherer from the Cosmic Depths" Creature lvl2 hero1
t=10 ph=3 ap=0 snaps=1091 hooks=21 inst=84 leakyRollout "Gatherer from the Cosmic Depths" +7.88MB hooks=[] cards=[Elixir of Immortality:43 Invader Token:24 Wealth:16 Analyzer from the Cosmic Depths:11 Gatherer from the Cosmic Depths:11 Argos, the Eye of the Cosmos:7]
t=10 ph=3 ap=0 snaps=1091 hooks=21 inst=84 rollout "Gatherer from the Cosmic Depths" Creature lvl2 hero1
t=10 ph=3 ap=0 snaps=1105 hooks=21 inst=84 rollout "Gatherer from the Cosmic Depths" Creature lvl2 hero1
t=10 ph=3 ap=0 snaps=1118 hooks=21 inst=84 rollout "Gatherer from the Cosmic Depths" Creature lvl2 hero1
t=10 ph=3 ap=0 snaps=1146 hooks=21 inst=84 leakyRollout "Gatherer from the Cosmic Depths" +1.31MB hooks=[] cards=[Elixir of Immortality:47 Wealth:16 Invader Token:11 Gatherer from the Cosmic Depths:11 Argos, the Eye of the Cosmos:7 Fiona, the Princess of Blackport:2]
t=10 ph=3 ap=0 snaps=1146 hooks=21 inst=84 rollout "Gatherer from the Cosmic Depths" Creature lvl2 hero1
t=10 ph=3 ap=0 snaps=1150 hooks=21 inst=84 leakyRollout "Gatherer from the Cosmic Depths" +9.32MB hooks=[] cards=[Elixir of Immortality:43 Invader Token:27 Wealth:16 Analyzer from the Cosmic Depths:9 Gatherer from the Cosmic Depths:9 Argos, the Eye of the Cosmos:7]
t=10 ph=3 ap=0 snaps=1150 hooks=21 inst=84 rollout "Gatherer from the Cosmic Depths" Creature lvl2 hero1
t=10 ph=3 ap=0 snaps=1159 hooks=21 inst=84 leakyRollout "Gatherer from the Cosmic Depths" +1.60MB hooks=[] cards=[Elixir of Immortality:46 Wealth:16 Invader Token:16 Gatherer from the Cosmic Depths:12 Argos, the Eye of the Cosmos:7 Analyzer from the Cosmic Depths:5]
t=10 ph=3 ap=0 snaps=1159 hooks=21 inst=84 rollout "Gatherer from the Cosmic Depths" Creature lvl2 hero1
t=10 ph=3 ap=0 snaps=1165 hooks=21 inst=84 rollout "Gatherer from the Cosmic Depths" Creature lvl2 hero1
t=10 ph=3 ap=0 snaps=1173 hooks=21 inst=84 rollout "Gatherer from the Cosmic Depths" Creature lvl2 hero1
t=10 ph=3 ap=0 snaps=1178 hooks=21 inst=84 rollout "Gatherer from the Cosmic Depths" Creature lvl2 hero1
t=10 ph=3 ap=0 snaps=1182 hooks=21 inst=84 leakyRollout "Gatherer from the Cosmic Depths" +8.38MB hooks=[] cards=[Elixir of Immortality:43 Invader Token:24 Wealth:16 Analyzer from the Cosmic Depths:11 Gatherer from the Cosmic Depths:11 Argos, the Eye of the Cosmos:7]
t=10 ph=3 ap=0 snaps=1182 hooks=21 inst=84 rollout "Gatherer from the Cosmic Depths" Creature lvl2 hero1
t=10 ph=3 ap=0 snaps=1191 hooks=21 inst=84 rollout "Gatherer from the Cosmic Depths" Creature lvl2 hero1
t=10 ph=3 ap=0 snaps=1203 hooks=21 inst=84 leakyRollout "Gatherer from the Cosmic Depths" +6.28MB hooks=[] cards=[Elixir of Immortality:47 Wealth:16 Invader Token:11 Gatherer from the Cosmic Depths:11 Argos, the Eye of the Cosmos:6 Life-Searcher from the Cosmic Depths:3]
t=10 ph=3 ap=0 snaps=1203 hooks=21 inst=84 rollout "Gatherer from the Cosmic Depths" Creature lvl2 hero1
t=10 ph=3 ap=0 snaps=1219 hooks=21 inst=84 rollout "Gatherer from the Cosmic Depths" Creature lvl2 hero1
t=10 ph=3 ap=0 snaps=1231 hooks=21 inst=84 leakyRollout "Gatherer from the Cosmic Depths" +5.67MB hooks=[] cards=[Wealth:16 Invader Token:16 Gatherer from the Cosmic Depths:10 Elixir of Immortality:9 Argos, the Eye of the Cosmos:7 Analyzer from the Cosmic Depths:4]
t=10 ph=3 ap=0 snaps=1231 hooks=21 inst=84 rollout "Gatherer from the Cosmic Depths" Creature lvl2 hero1
t=10 ph=3 ap=0 snaps=1247 hooks=21 inst=84 rollout "Gatherer from the Cosmic Depths" Creature lvl2 hero1
t=10 ph=3 ap=0 snaps=1262 hooks=21 inst=84 rollout "Gatherer from the Cosmic Depths" Creature lvl2 hero1
t=10 ph=3 ap=0 snaps=1274 hooks=21 inst=84 leakyRollout "Gatherer from the Cosmic Depths" +4.47MB hooks=[] cards=[Elixir of Immortality:27 Wealth:16 Invader Token:11 Gatherer from the Cosmic Depths:10 Argos, the Eye of the Cosmos:7 Analyzer from the Cosmic Depths:2]
t=10 ph=3 ap=0 snaps=1274 hooks=21 inst=84 rollout "Gatherer from the Cosmic Depths" Creature lvl2 hero1
t=10 ph=3 ap=0 snaps=1286 hooks=21 inst=84 rollout "Gatherer from the Cosmic Depths" Creature lvl2 hero1
t=10 ph=3 ap=0 snaps=1292 hooks=21 inst=84 rollout "Gatherer from the Cosmic Depths" Creature lvl2 hero1
t=10 ph=3 ap=0 snaps=1299 hooks=21 inst=84 leakyRollout "Gatherer from the Cosmic Depths" +14.52MB hooks=[] cards=[Invader Token:27 Elixir of Immortality:25 Wealth:16 Analyzer from the Cosmic Depths:16 Gatherer from the Cosmic Depths:12 Argos, the Eye of the Cosmos:7]
t=10 ph=3 ap=0 snaps=1299 hooks=21 inst=84 rollout "Gatherer from the Cosmic Depths" Creature lvl2 hero1
t=10 ph=3 ap=0 snaps=1307 hooks=21 inst=84 rollout "Gatherer from the Cosmic Depths" Creature lvl2 hero1
t=10 ph=3 ap=0 snaps=1312 hooks=21 inst=84 rollout "Gatherer from the Cosmic Depths" Creature lvl2 hero1
t=10 ph=3 ap=0 snaps=1322 hooks=21 inst=84 leakyRollout "Gatherer from the Cosmic Depths" +2.10MB hooks=[] cards=[Elixir of Immortality:44 Invader Token:24 Wealth:16 Analyzer from the Cosmic Depths:11 Gatherer from the Cosmic Depths:9 Argos, the Eye of the Cosmos:7]
t=10 ph=3 ap=0 snaps=1322 hooks=21 inst=84 rollout "Gatherer from the Cosmic Depths" Creature lvl2 hero1
t=10 ph=3 ap=0 snaps=1333 hooks=21 inst=84 leakyRollout "Gatherer from the Cosmic Depths" +4.12MB hooks=[] cards=[Elixir of Immortality:49 Wealth:16 Invader Token:11 Gatherer from the Cosmic Depths:10 Argos, the Eye of the Cosmos:7 Butterfly Cloud:2]
t=10 ph=3 ap=0 snaps=1333 hooks=21 inst=84 rollout "Gatherer from the Cosmic Depths" Creature lvl2 hero1
t=10 ph=3 ap=0 snaps=1342 hooks=21 inst=84 rollout "Gatherer from the Cosmic Depths" Creature lvl2 hero1
t=10 ph=3 ap=0 snaps=1350 hooks=21 inst=84 rollout "Gatherer from the Cosmic Depths" Creature lvl2 hero1
t=10 ph=3 ap=0 snaps=1360 hooks=21 inst=84 leakyRollout "Gatherer from the Cosmic Depths" +1.31MB hooks=[] cards=[Elixir of Immortality:19 Wealth:16 Invader Token:11 Gatherer from the Cosmic Depths:10 Argos, the Eye of the Cosmos:7 Analyzer from the Cosmic Depths:5]
t=10 ph=3 ap=0 snaps=1360 hooks=21 inst=84 rollout "Gatherer from the Cosmic Depths" Creature lvl2 hero1
t=10 ph=3 ap=0 snaps=1367 hooks=21 inst=84 leakyRollout "Gatherer from the Cosmic Depths" +1.69MB hooks=[beforeDraw:2 onDraw:1] cards=[Invader Token:10 Elixir of Immortality:9 Wealth:4 Analyzer from the Cosmic Depths:4 Gatherer from the Cosmic Depths:4 Argos, the Eye of the Cosmos:2]
t=10 ph=3 ap=0 snaps=1367 hooks=21 inst=84 summon "Gatherer from the Cosmic Depths" p0/h1

=== GAME 16/1000: Steam Dwarf Mines vs To Attain Divinity @ 2026-05-01T11:30:13.933Z ===
t=1 ph=2 ap=1 snaps=0 hooks=10 inst=29 cpuTurnStart cpu=p1 hand=6
t=1 ph=2 ap=1 snaps=5 hooks=20 inst=33 summon "Ska Harpyformer" p1/h2
t=1 ph=3 ap=1 snaps=7 hooks=26 inst=34 rollout "Adventurousness" AbilityAction lvl1 hero2
t=1 ph=3 ap=1 snaps=27 hooks=26 inst=34 leakyRollout "Adventurousness" +1.19MB hooks=[] cards=[Layn, Defender of Deri:19 Archibald, the Archmage:15 Creativity:10 Barker, the Monster Tamer:7 Performance:4 Glass of Marbles:4]
t=1 ph=3 ap=1 snaps=27 hooks=26 inst=34 rollout "Adventurousness" AbilityAction lvl1 hero2
t=1 ph=3 ap=1 snaps=48 hooks=26 inst=34 rollout "Adventurousness" AbilityAction lvl1 hero2
t=1 ph=3 ap=1 snaps=62 hooks=26 inst=34 leakyRollout "Adventurousness" +7.43MB hooks=[] cards=[Layn, Defender of Deri:15 Archibald, the Archmage:15 Barker, the Monster Tamer:7 Creativity:4 Glass of Marbles:4 Performance:3]
t=1 ph=3 ap=1 snaps=62 hooks=26 inst=34 rollout "Adventurousness" AbilityAction lvl1 hero2
t=1 ph=3 ap=1 snaps=85 hooks=26 inst=34 rollout "Adventurousness" AbilityAction lvl1 hero2
t=1 ph=3 ap=1 snaps=114 hooks=26 inst=34 leakyRollout "Adventurousness" +7.45MB hooks=[] cards=[Layn, Defender of Deri:17 Archibald, the Archmage:14 Creativity:10 Barker, the Monster Tamer:7 Performance:3 Mystery Box:3]
t=1 ph=3 ap=1 snaps=114 hooks=26 inst=34 rollout "Adventurousness" AbilityAction lvl1 hero2
t=1 ph=3 ap=1 snaps=132 hooks=26 inst=34 rollout "Adventurousness" AbilityAction lvl1 hero2
t=1 ph=3 ap=1 snaps=141 hooks=26 inst=34 leakyRollout "Adventurousness" +4.76MB hooks=[] cards=[Layn, Defender of Deri:13 Creativity:9 Archibald, the Archmage:8 Barker, the Monster Tamer:7 Steam Dwarf Brewer:5 Performance:4]
t=1 ph=3 ap=1 snaps=141 hooks=26 inst=34 rollout "Adventurousness" AbilityAction lvl1 hero2
t=1 ph=3 ap=1 snaps=156 hooks=26 inst=34 rollout "Adventurousness" AbilityAction lvl1 hero2
t=1 ph=3 ap=1 snaps=170 hooks=26 inst=34 rollout "Adventurousness" AbilityAction lvl1 hero2
t=1 ph=3 ap=1 snaps=186 hooks=26 inst=34 leakyRollout "Adventurousness" +11.66MB hooks=[] cards=[Archibald, the Archmage:18 Layn, Defender of Deri:12 Barker, the Monster Tamer:7 Creativity:7 Mystery Box:3 Glass of Marbles:3]
t=1 ph=3 ap=1 snaps=186 hooks=26 inst=34 rollout "Adventurousness" AbilityAction lvl1 hero2
t=1 ph=3 ap=1 snaps=206 hooks=26 inst=34 rollout "Adventurousness" AbilityAction lvl1 hero2
t=1 ph=3 ap=1 snaps=223 hooks=26 inst=34 rollout "Adventurousness" AbilityAction lvl1 hero2
t=1 ph=3 ap=1 snaps=242 hooks=26 inst=34 rollout "Adventurousness" AbilityAction lvl1 hero2
t=1 ph=3 ap=1 snaps=272 hooks=26 inst=34 leakyRollout "Adventurousness" +4.39MB hooks=[] cards=[Layn, Defender of Deri:17 Archibald, the Archmage:13 Barker, the Monster Tamer:7 Toughness:4 Glass of Marbles:4 Creativity:3]
t=1 ph=3 ap=1 snaps=272 hooks=26 inst=34 rollout "Adventurousness" AbilityAction lvl1 hero2
t=1 ph=3 ap=1 snaps=292 hooks=26 inst=34 rollout "Adventurousness" AbilityAction lvl1 hero2
t=1 ph=3 ap=1 snaps=314 hooks=26 inst=34 rollout "Adventurousness" AbilityAction lvl1 hero2
t=1 ph=3 ap=1 snaps=334 hooks=26 inst=34 rollout "Adventurousness" AbilityAction lvl1 hero2
t=1 ph=3 ap=1 snaps=349 hooks=26 inst=34 leakyRollout "Adventurousness" +6.59MB hooks=[] cards=[Layn, Defender of Deri:15 Archibald, the Archmage:14 Creativity:12 Barker, the Monster Tamer:7 Performance:5 Toughness:4]
t=1 ph=3 ap=1 snaps=349 hooks=26 inst=34 rollout "Adventurousness" AbilityAction lvl1 hero2
t=1 ph=3 ap=1 snaps=379 hooks=26 inst=34 rollout "Adventurousness" AbilityAction lvl1 hero2
t=1 ph=3 ap=1 snaps=397 hooks=26 inst=34 leakyRollout "Adventurousness" +10.87MB hooks=[] cards=[Layn, Defender of Deri:17 Archibald, the Archmage:14 Creativity:10 Performance:8 Barker, the Monster Tamer:7 Glass of Marbles:6]
t=1 ph=3 ap=1 snaps=397 hooks=26 inst=34 rollout "Adventurousness" AbilityAction lvl1 hero2
t=1 ph=3 ap=1 snaps=415 hooks=26 inst=34 rollout "Adventurousness" AbilityAction lvl1 hero2
t=1 ph=3 ap=1 snaps=436 hooks=26 inst=34 rollout "Adventurousness" AbilityAction lvl1 hero2
t=1 ph=3 ap=1 snaps=458 hooks=26 inst=34 rollout "Adventurousness" AbilityAction lvl1 hero2
t=1 ph=3 ap=1 snaps=472 hooks=26 inst=34 leakyRollout "Adventurousness" +9.34MB hooks=[] cards=[Layn, Defender of Deri:19 Archibald, the Archmage:16 Barker, the Monster Tamer:7 Creativity:6 Glass of Marbles:5 Performance:2]
t=1 ph=3 ap=1 snaps=472 hooks=26 inst=34 rollout "Adventurousness" AbilityAction lvl1 hero2
t=1 ph=3 ap=1 snaps=495 hooks=26 inst=34 leakyRollout "Adventurousness" +2.68MB hooks=[] cards=[Layn, Defender of Deri:18 Archibald, the Archmage:17 Creativity:15 Barker, the Monster Tamer:7 Glass of Marbles:7 Performance:5]
t=1 ph=3 ap=1 snaps=495 hooks=26 inst=34 rollout "Adventurousness" AbilityAction lvl1 hero2
t=1 ph=3 ap=1 snaps=515 hooks=26 inst=34 rollout "Adventurousness" AbilityAction lvl1 hero2
t=1 ph=3 ap=1 snaps=535 hooks=26 inst=34 rollout "Adventurousness" AbilityAction lvl1 hero2
t=1 ph=3 ap=1 snaps=556 hooks=26 inst=34 rollout "Adventurousness" AbilityAction lvl1 hero2
t=1 ph=3 ap=1 snaps=574 hooks=26 inst=34 leakyRollout "Adventurousness" +10.16MB hooks=[] cards=[Archibald, the Archmage:11 Layn, Defender of Deri:10 Barker, the Monster Tamer:7 Glass of Marbles:6 Creativity:5 Mystery Box:3]
t=1 ph=3 ap=1 snaps=574 hooks=26 inst=34 rollout "Adventurousness" AbilityAction lvl1 hero2
t=1 ph=3 ap=1 snaps=598 hooks=26 inst=34 rollout "Adventurousness" AbilityAction lvl1 hero2
t=1 ph=3 ap=1 snaps=601 hooks=26 inst=34 leakyRollout "Adventurousness" +5.13MB hooks=[onStatusRemoved:3 beforeDamage:1 afterDamage:1 beforeDrawBatch:1 onDiscard:1 onMill:1] cards=[Layn, Defender of Deri:6 Creativity:3 Archibald, the Archmage:2 Barker, the Monster Tamer:1 Performance:1 Glass of Marbles:1]

=== GAME 17/1000: Shifting Sandlands vs Venom Swamp @ 2026-05-01T11:30:15.015Z ===
t=1 ph=2 ap=0 snaps=0 hooks=11 inst=30 cpuTurnStart cpu=p0 hand=7
t=1 ph=3 ap=0 snaps=16 hooks=46 inst=41 rollout "Cosmic Skeleton" Creature lvl1 hero2
t=1 ph=3 ap=0 snaps=57 hooks=46 inst=41 leakyRollout "Cosmic Skeleton" +7.16MB hooks=[] cards=[Wealth:18 Zsos'Ssar, the Serpent Warlord:13 Bakhm, the Desert Digger:4 Medea, the Swamp Witch:4 Fiona, the Princess of Blackport:3 Rain of Arrows:2]
t=1 ph=3 ap=0 snaps=57 hooks=46 inst=41 rollout "Cosmic Skeleton" Creature lvl1 hero2
t=1 ph=3 ap=0 snaps=93 hooks=46 inst=41 leakyRollout "Cosmic Skeleton" +1.83MB hooks=[afterDamage:3 beforeDamage:2 onHeroKO:2 onStatusRemoved:1 modifyPoisonDamage:1 onPhaseStart:1] cards=[Wealth:18 Zsos'Ssar, the Serpent Warlord:10 Fiona, the Princess of Blackport:7 Medea, the Swamp Witch:5 Bakhm, the Desert Digger:4 Rain of Arrows:2]
t=1 ph=3 ap=0 snaps=93 hooks=46 inst=41 rollout "Cosmic Skeleton" Creature lvl1 hero2
t=1 ph=3 ap=0 snaps=128 hooks=46 inst=41 leakyRollout "Cosmic Skeleton" +16.01MB hooks=[afterDamage:3 modifyPoisonDamage:2 beforeDamage:2 beforeCreatureDamageBatch:1 onCardLeaveZone:1 onCreatureDeath:1] cards=[Zsos'Ssar, the Serpent Warlord:17 Wealth:6 Medea, the Swamp Witch:6 Fiona, the Princess of Blackport:3 Bakhm, the Desert Digger:3 Rain of Arrows:3]
t=1 ph=3 ap=0 snaps=128 hooks=46 inst=41 rollout "Cosmic Skeleton" Creature lvl1 hero2
t=1 ph=3 ap=0 snaps=150 hooks=46 inst=41 leakyRollout "Cosmic Skeleton" +11.44MB hooks=[modifyPoisonDamage:2 afterDamage:2 beforeDamage:1 beforeCreatureDamageBatch:1 onHeroKO:1 afterCreatureDamageBatch:1] cards=[Wealth:14 Zsos'Ssar, the Serpent Warlord:11 Medea, the Swamp Witch:5 Fiona, the Princess of Blackport:4 Bakhm, the Desert Digger:4 Rain of Arrows:2]
t=1 ph=3 ap=0 snaps=150 hooks=46 inst=41 rollout "Cosmic Skeleton" Creature lvl1 hero2
t=1 ph=3 ap=0 snaps=178 hooks=46 inst=41 leakyRollout "Cosmic Skeleton" +5.25MB hooks=[onCreatureDeath:7 onCardLeaveZone:6 afterDamage:3 modifyPoisonDamage:2 beforeDamage:2 beforeCreatureDamageBatch:2] cards=[Wealth:14 Zsos'Ssar, the Serpent Warlord:11 Bakhm, the Desert Digger:7 Medea, the Swamp Witch:5 Fiona, the Princess of Blackport:4 Rain of Arrows:2]
t=1 ph=3 ap=0 snaps=178 hooks=46 inst=41 rollout "Cosmic Skeleton" Creature lvl1 hero2
t=1 ph=3 ap=0 snaps=207 hooks=46 inst=41 leakyRollout "Cosmic Skeleton" +3.80MB hooks=[] cards=[Wealth:14 Zsos'Ssar, the Serpent Warlord:10 Medea, the Swamp Witch:5 Bakhm, the Desert Digger:4 Fiona, the Princess of Blackport:3 Rain of Arrows:2]
t=1 ph=3 ap=0 snaps=207 hooks=46 inst=41 rollout "Adventurousness" AbilityAction lvl1 hero2
t=1 ph=3 ap=0 snaps=254 hooks=46 inst=41 leakyRollout "Adventurousness" +0.89MB hooks=[] cards=[Zsos'Ssar, the Serpent Warlord:19 Wealth:18 Medea, the Swamp Witch:6 Fiona, the Princess of Blackport:4 Bakhm, the Desert Digger:4 Rain of Arrows:2]
t=1 ph=3 ap=0 snaps=254 hooks=46 inst=41 rollout "Cosmic Skeleton" Creature lvl1 hero2
t=1 ph=3 ap=0 snaps=276 hooks=46 inst=41 leakyRollout "Cosmic Skeleton" +8.12MB hooks=[modifyPoisonDamage:2 afterDamage:2 beforeDamage:1 beforeCreatureDamageBatch:1 onHeroKO:1 afterCreatureDamageBatch:1] cards=[Wealth:14 Zsos'Ssar, the Serpent Warlord:10 Bakhm, the Desert Digger:5 Medea, the Swamp Witch:5 Fiona, the Princess of Blackport:3 Rain of Arrows:2]
t=1 ph=3 ap=0 snaps=276 hooks=46 inst=41 rollout "Cosmic Skeleton" Creature lvl1 hero2
t=1 ph=3 ap=0 snaps=310 hooks=46 inst=41 rollout "Cosmic Skeleton" Creature lvl1 hero2
t=1 ph=3 ap=0 snaps=340 hooks=46 inst=41 leakyRollout "Cosmic Skeleton" +3.99MB hooks=[modifyPoisonDamage:2 afterDamage:2 onCardLeaveZone:2 onCreatureDeath:2 beforeDamage:1 beforeCreatureDamageBatch:1] cards=[Wealth:14 Zsos'Ssar, the Serpent Warlord:11 Medea, the Swamp Witch:5 Fiona, the Princess of Blackport:4 Bakhm, the Desert Digger:4 Rain of Arrows:3]
t=1 ph=3 ap=0 snaps=340 hooks=46 inst=41 rollout "Cosmic Skeleton" Creature lvl1 hero2
t=1 ph=3 ap=0 snaps=374 hooks=46 inst=41 rollout "Cosmic Skeleton" Creature lvl1 hero2
t=1 ph=3 ap=0 snaps=396 hooks=46 inst=41 leakyRollout "Cosmic Skeleton" +5.87MB hooks=[modifyPoisonDamage:1 afterDamage:1 onHeroKO:1] cards=[Wealth:14 Zsos'Ssar, the Serpent Warlord:10 Fiona, the Princess of Blackport:3 Bakhm, the Desert Digger:3 Medea, the Swamp Witch:3 Rain of Arrows:2]
t=1 ph=3 ap=0 snaps=396 hooks=46 inst=41 rollout "Cosmic Skeleton" Creature lvl1 hero2
t=1 ph=3 ap=0 snaps=431 hooks=46 inst=41 rollout "Cosmic Skeleton" Creature lvl1 hero2
t=1 ph=3 ap=0 snaps=459 hooks=46 inst=41 leakyRollout "Cosmic Skeleton" +4.98MB hooks=[] cards=[Wealth:16 Zsos'Ssar, the Serpent Warlord:6 Bakhm, the Desert Digger:5 Medea, the Swamp Witch:5 Fiona, the Princess of Blackport:2 Rain of Arrows:2]
t=1 ph=3 ap=0 snaps=459 hooks=46 inst=41 rollout "Cosmic Skeleton" Creature lvl1 hero2
t=1 ph=3 ap=0 snaps=498 hooks=46 inst=41 leakyRollout "Cosmic Skeleton" +2.95MB hooks=[modifyPoisonDamage:1 afterDamage:1] cards=[Zsos'Ssar, the Serpent Warlord:21 Medea, the Swamp Witch:8 Wealth:6 Bakhm, the Desert Digger:3 Fiona, the Princess of Blackport:2 Rain of Arrows:2]
t=1 ph=3 ap=0 snaps=498 hooks=46 inst=41 rollout "Cosmic Skeleton" Creature lvl1 hero2
t=1 ph=3 ap=0 snaps=545 hooks=46 inst=41 leakyRollout "Cosmic Skeleton" +2.10MB hooks=[modifyPoisonDamage:1 afterDamage:1 onHeroKO:1] cards=[Zsos'Ssar, the Serpent Warlord:20 Wealth:6 Medea, the Swamp Witch:5 Bakhm, the Desert Digger:4 Rain of Arrows:3 Fiona, the Princess of Blackport:2]
t=1 ph=3 ap=0 snaps=545 hooks=46 inst=41 rollout "Cosmic Skeleton" Creature lvl1 hero2
t=1 ph=3 ap=0 snaps=571 hooks=46 inst=41 rollout "Cosmic Skeleton" Creature lvl1 hero2
t=1 ph=3 ap=0 snaps=601 hooks=46 inst=41 summon "Cosmic Skeleton" p0/h2

=== GAME 18/1000: Great Weapon Master vs Dance of the Butterflies @ 2026-05-01T11:30:16.498Z ===
t=1 ph=2 ap=1 snaps=0 hooks=10 inst=29 cpuTurnStart cpu=p1 hand=6
t=1 ph=3 ap=1 snaps=16 hooks=12 inst=29 rollout "Brilliant Idea" Spell lvl1 hero1
t=1 ph=3 ap=1 snaps=17 hooks=12 inst=29 leakyRollout "Brilliant Idea" +1.27MB hooks=[onPhaseStart:1 onPhaseEnd:1 onPlay:1 afterSpellResolved:1 onActionUsed:1 onAnyActionResolved:1] cards=[Beato, the Butterfly Witch:1 Willy, the Valiant Leprechaun:1 Arthor, the King of Blackport:1 Luck:1 Brilliant Idea:1]
t=1 ph=3 ap=1 snaps=17 hooks=12 inst=29 rollout "Brilliant Idea" Spell lvl1 hero1
t=1 ph=3 ap=1 snaps=18 hooks=12 inst=29 leakyRollout "Brilliant Idea" +0.93MB hooks=[onPhaseStart:1 onPhaseEnd:1 onPlay:1 afterSpellResolved:1 onActionUsed:1 onAnyActionResolved:1] cards=[Beato, the Butterfly Witch:1 Willy, the Valiant Leprechaun:1 Arthor, the King of Blackport:1 Luck:1 Brilliant Idea:1]
t=1 ph=3 ap=1 snaps=18 hooks=12 inst=29 rollout "Brilliant Idea" Spell lvl1 hero1
t=1 ph=3 ap=1 snaps=19 hooks=12 inst=29 leakyRollout "Brilliant Idea" +0.93MB hooks=[onPhaseStart:1 onPhaseEnd:1 onPlay:1 afterSpellResolved:1 onActionUsed:1 onAnyActionResolved:1] cards=[Beato, the Butterfly Witch:1 Willy, the Valiant Leprechaun:1 Arthor, the King of Blackport:1 Luck:1 Brilliant Idea:1]
t=1 ph=3 ap=1 snaps=19 hooks=12 inst=29 rollout "Brilliant Idea" Spell lvl1 hero1
t=1 ph=3 ap=1 snaps=20 hooks=12 inst=29 leakyRollout "Brilliant Idea" +0.93MB hooks=[onPhaseStart:1 onPhaseEnd:1 onPlay:1 afterSpellResolved:1 onActionUsed:1 onAnyActionResolved:1] cards=[Beato, the Butterfly Witch:1 Willy, the Valiant Leprechaun:1 Arthor, the King of Blackport:1 Luck:1 Brilliant Idea:1]
t=1 ph=3 ap=1 snaps=20 hooks=12 inst=29 rollout "Brilliant Idea" Spell lvl1 hero1
t=1 ph=3 ap=1 snaps=21 hooks=12 inst=29 leakyRollout "Brilliant Idea" +0.91MB hooks=[onPhaseStart:1 onPhaseEnd:1 onPlay:1 afterSpellResolved:1 onActionUsed:1 onAnyActionResolved:1] cards=[Beato, the Butterfly Witch:1 Willy, the Valiant Leprechaun:1 Arthor, the King of Blackport:1 Luck:1 Brilliant Idea:1]
t=1 ph=3 ap=1 snaps=21 hooks=12 inst=29 rollout "Brilliant Idea" Spell lvl1 hero1
t=1 ph=3 ap=1 snaps=22 hooks=12 inst=29 leakyRollout "Brilliant Idea" +0.88MB hooks=[onPhaseStart:1 onPhaseEnd:1 onPlay:1 afterSpellResolved:1 onActionUsed:1 onAnyActionResolved:1] cards=[Beato, the Butterfly Witch:1 Willy, the Valiant Leprechaun:1 Arthor, the King of Blackport:1 Luck:1 Brilliant Idea:1]
t=1 ph=3 ap=1 snaps=22 hooks=12 inst=29 rollout "Brilliant Idea" Spell lvl1 hero1
t=1 ph=3 ap=1 snaps=23 hooks=12 inst=29 leakyRollout "Brilliant Idea" +0.87MB hooks=[onPhaseStart:1 onPhaseEnd:1 onPlay:1 afterSpellResolved:1 onActionUsed:1 onAnyActionResolved:1] cards=[Beato, the Butterfly Witch:1 Willy, the Valiant Leprechaun:1 Arthor, the King of Blackport:1 Luck:1 Brilliant Idea:1]
t=1 ph=3 ap=1 snaps=23 hooks=12 inst=29 rollout "Brilliant Idea" Spell lvl1 hero1
t=1 ph=3 ap=1 snaps=24 hooks=12 inst=29 leakyRollout "Brilliant Idea" +1.06MB hooks=[onPhaseStart:1 onPhaseEnd:1 onPlay:1 afterSpellResolved:1 onActionUsed:1 onAnyActionResolved:1] cards=[Beato, the Butterfly Witch:1 Willy, the Valiant Leprechaun:1 Arthor, the King of Blackport:1 Luck:1 Brilliant Idea:1]
t=1 ph=3 ap=1 snaps=24 hooks=12 inst=29 rollout "Brilliant Idea" Spell lvl1 hero1
t=1 ph=3 ap=1 snaps=25 hooks=12 inst=29 leakyRollout "Brilliant Idea" +0.87MB hooks=[onPhaseStart:1 onPhaseEnd:1 onPlay:1 afterSpellResolved:1 onActionUsed:1 onAnyActionResolved:1] cards=[Beato, the Butterfly Witch:1 Willy, the Valiant Leprechaun:1 Arthor, the King of Blackport:1 Luck:1 Brilliant Idea:1]
t=1 ph=3 ap=1 snaps=25 hooks=12 inst=29 rollout "Brilliant Idea" Spell lvl1 hero1
t=1 ph=3 ap=1 snaps=26 hooks=12 inst=29 leakyRollout "Brilliant Idea" +0.87MB hooks=[onPhaseStart:1 onPhaseEnd:1 onPlay:1 afterSpellResolved:1 onActionUsed:1 onAnyActionResolved:1] cards=[Beato, the Butterfly Witch:1 Willy, the Valiant Leprechaun:1 Arthor, the King of Blackport:1 Luck:1 Brilliant Idea:1]
t=1 ph=3 ap=1 snaps=26 hooks=12 inst=29 rollout "Brilliant Idea" Spell lvl1 hero1
t=1 ph=3 ap=1 snaps=27 hooks=12 inst=29 leakyRollout "Brilliant Idea" +0.87MB hooks=[onPhaseStart:1 onPhaseEnd:1 onPlay:1 afterSpellResolved:1 onActionUsed:1 onAnyActionResolved:1] cards=[Beato, the Butterfly Witch:1 Willy, the Valiant Leprechaun:1 Arthor, the King of Blackport:1 Luck:1 Brilliant Idea:1]
t=1 ph=3 ap=1 snaps=27 hooks=12 inst=29 rollout "Brilliant Idea" Spell lvl1 hero1
t=1 ph=3 ap=1 snaps=28 hooks=12 inst=29 leakyRollout "Brilliant Idea" +0.87MB hooks=[onPhaseStart:1 onPhaseEnd:1 onPlay:1 afterSpellResolved:1 onActionUsed:1 onAnyActionResolved:1] cards=[Beato, the Butterfly Witch:1 Willy, the Valiant Leprechaun:1 Arthor, the King of Blackport:1 Luck:1 Brilliant Idea:1]
t=1 ph=3 ap=1 snaps=28 hooks=12 inst=29 rollout "Brilliant Idea" Spell lvl1 hero1
t=1 ph=3 ap=1 snaps=29 hooks=12 inst=29 leakyRollout "Brilliant Idea" +0.87MB hooks=[onPhaseStart:1 onPhaseEnd:1 onPlay:1 afterSpellResolved:1 onActionUsed:1 onAnyActionResolved:1] cards=[Beato, the Butterfly Witch:1 Willy, the Valiant Leprechaun:1 Arthor, the King of Blackport:1 Luck:1 Brilliant Idea:1]
t=1 ph=3 ap=1 snaps=29 hooks=12 inst=29 rollout "Brilliant Idea" Spell lvl1 hero1
t=1 ph=3 ap=1 snaps=30 hooks=12 inst=29 leakyRollout "Brilliant Idea" +1.07MB hooks=[onPhaseStart:1 onPhaseEnd:1 onPlay:1 afterSpellResolved:1 onActionUsed:1 onAnyActionResolved:1] cards=[Beato, the Butterfly Witch:1 Willy, the Valiant Leprechaun:1 Arthor, the King of Blackport:1 Luck:1 Brilliant Idea:1]
t=1 ph=3 ap=1 snaps=30 hooks=12 inst=29 rollout "Brilliant Idea" Spell lvl1 hero1
t=1 ph=3 ap=1 snaps=31 hooks=12 inst=29 leakyRollout "Brilliant Idea" +0.87MB hooks=[onPhaseStart:1 onPhaseEnd:1 onPlay:1 afterSpellResolved:1 onActionUsed:1 onAnyActionResolved:1] cards=[Beato, the Butterfly Witch:1 Willy, the Valiant Leprechaun:1 Arthor, the King of Blackport:1 Luck:1 Brilliant Idea:1]
t=1 ph=3 ap=1 snaps=31 hooks=12 inst=29 rollout "Brilliant Idea" Spell lvl1 hero1
t=1 ph=3 ap=1 snaps=32 hooks=12 inst=29 leakyRollout "Brilliant Idea" +0.87MB hooks=[onPhaseStart:1 onPhaseEnd:1 onPlay:1 afterSpellResolved:1 onActionUsed:1 onAnyActionResolved:1] cards=[Beato, the Butterfly Witch:1 Willy, the Valiant Leprechaun:1 Arthor, the King of Blackport:1 Luck:1 Brilliant Idea:1]
t=1 ph=3 ap=1 snaps=32 hooks=12 inst=29 rollout "Brilliant Idea" Spell lvl1 hero1
t=1 ph=3 ap=1 snaps=33 hooks=12 inst=29 rollout "Brilliant Idea" Spell lvl1 hero1
t=1 ph=3 ap=1 snaps=34 hooks=12 inst=29 leakyRollout "Brilliant Idea" +0.87MB hooks=[onPhaseStart:1 onPhaseEnd:1 onPlay:1 afterSpellResolved:1 onActionUsed:1 onAnyActionResolved:1] cards=[Beato, the Butterfly Witch:1 Willy, the Valiant Leprechaun:1 Arthor, the King of Blackport:1 Luck:1 Brilliant Idea:1]
t=1 ph=3 ap=1 snaps=34 hooks=12 inst=29 rollout "Brilliant Idea" Spell lvl1 hero1
t=1 ph=3 ap=1 snaps=35 hooks=12 inst=29 leakyRollout "Brilliant Idea" +0.87MB hooks=[onPhaseStart:1 onPhaseEnd:1 onPlay:1 afterSpellResolved:1 onActionUsed:1 onAnyActionResolved:1] cards=[Beato, the Butterfly Witch:1 Willy, the Valiant Leprechaun:1 Arthor, the King of Blackport:1 Luck:1 Brilliant Idea:1]
t=1 ph=3 ap=1 snaps=35 hooks=12 inst=29 rollout "Brilliant Idea" Spell lvl1 hero1
t=1 ph=3 ap=1 snaps=36 hooks=12 inst=29 leakyRollout "Brilliant Idea" +1.06MB hooks=[onPhaseStart:1 onPhaseEnd:1 onPlay:1 afterSpellResolved:1 onActionUsed:1 onAnyActionResolved:1] cards=[Beato, the Butterfly Witch:1 Willy, the Valiant Leprechaun:1 Arthor, the King of Blackport:1 Luck:1 Brilliant Idea:1]
t=1 ph=3 ap=1 snaps=36 hooks=12 inst=29 rollout "Brilliant Idea" Spell lvl1 hero1
t=1 ph=3 ap=1 snaps=37 hooks=12 inst=29 leakyRollout "Brilliant Idea" +0.87MB hooks=[onPhaseStart:1 onPhaseEnd:1 onPlay:1 afterSpellResolved:1 onActionUsed:1 onAnyActionResolved:1] cards=[Beato, the Butterfly Witch:1 Willy, the Valiant Leprechaun:1 Arthor, the King of Blackport:1 Luck:1 Brilliant Idea:1]
t=1 ph=3 ap=1 snaps=37 hooks=12 inst=29 rollout "Brilliant Idea" Spell lvl1 hero1
t=1 ph=3 ap=1 snaps=38 hooks=12 inst=29 leakyRollout "Brilliant Idea" +0.87MB hooks=[onPhaseStart:1 onPhaseEnd:1 onPlay:1 afterSpellResolved:1 onActionUsed:1 onAnyActionResolved:1] cards=[Beato, the Butterfly Witch:1 Willy, the Valiant Leprechaun:1 Arthor, the King of Blackport:1 Luck:1 Brilliant Idea:1]
t=1 ph=3 ap=1 snaps=38 hooks=12 inst=29 rollout "Brilliant Idea" Spell lvl1 hero1
t=1 ph=3 ap=1 snaps=39 hooks=12 inst=29 leakyRollout "Brilliant Idea" +0.87MB hooks=[onPhaseStart:1 onPhaseEnd:1 onPlay:1 afterSpellResolved:1 onActionUsed:1 onAnyActionResolved:1] cards=[Beato, the Butterfly Witch:1 Willy, the Valiant Leprechaun:1 Arthor, the King of Blackport:1 Luck:1 Brilliant Idea:1]
t=1 ph=3 ap=1 snaps=39 hooks=12 inst=29 rollout "Brilliant Idea" Spell lvl1 hero1
t=1 ph=3 ap=1 snaps=40 hooks=12 inst=29 leakyRollout "Brilliant Idea" +0.87MB hooks=[onPhaseStart:1 onPhaseEnd:1 onPlay:1 afterSpellResolved:1 onActionUsed:1 onAnyActionResolved:1] cards=[Beato, the Butterfly Witch:1 Willy, the Valiant Leprechaun:1 Arthor, the King of Blackport:1 Luck:1 Brilliant Idea:1]
t=1 ph=3 ap=1 snaps=40 hooks=12 inst=29 rollout "Brilliant Idea" Spell lvl1 hero1
t=1 ph=3 ap=1 snaps=41 hooks=12 inst=29 leakyRollout "Brilliant Idea" +0.87MB hooks=[onPhaseStart:1 onPhaseEnd:1 onPlay:1 afterSpellResolved:1 onActionUsed:1 onAnyActionResolved:1] cards=[Beato, the Butterfly Witch:1 Willy, the Valiant Leprechaun:1 Arthor, the King of Blackport:1 Luck:1 Brilliant Idea:1]
t=1 ph=3 ap=1 snaps=41 hooks=12 inst=29 rollout "Brilliant Idea" Spell lvl1 hero1
t=1 ph=3 ap=1 snaps=42 hooks=12 inst=29 leakyRollout "Brilliant Idea" +1.07MB hooks=[onPhaseStart:1 onPhaseEnd:1 onPlay:1 afterSpellResolved:1 onActionUsed:1 onAnyActionResolved:1] cards=[Beato, the Butterfly Witch:1 Willy, the Valiant Leprechaun:1 Arthor, the King of Blackport:1 Luck:1 Brilliant Idea:1]
t=1 ph=3 ap=1 snaps=42 hooks=12 inst=29 rollout "Brilliant Idea" Spell lvl1 hero1
t=1 ph=3 ap=1 snaps=43 hooks=12 inst=29 leakyRollout "Brilliant Idea" +0.86MB hooks=[onPhaseStart:1 onPhaseEnd:1 onPlay:1 afterSpellResolved:1 onActionUsed:1 onAnyActionResolved:1] cards=[Beato, the Butterfly Witch:1 Willy, the Valiant Leprechaun:1 Arthor, the King of Blackport:1 Luck:1 Brilliant Idea:1]
t=1 ph=3 ap=1 snaps=43 hooks=12 inst=29 rollout "Brilliant Idea" Spell lvl1 hero1
t=1 ph=3 ap=1 snaps=44 hooks=12 inst=29 leakyRollout "Brilliant Idea" +0.87MB hooks=[onPhaseStart:1 onPhaseEnd:1 onPlay:1 afterSpellResolved:1 onActionUsed:1 onAnyActionResolved:1] cards=[Beato, the Butterfly Witch:1 Willy, the Valiant Leprechaun:1 Arthor, the King of Blackport:1 Luck:1 Brilliant Idea:1]
t=1 ph=3 ap=1 snaps=44 hooks=12 inst=29 rollout "Brilliant Idea" Spell lvl1 hero1
t=1 ph=3 ap=1 snaps=45 hooks=12 inst=29 leakyRollout "Brilliant Idea" +0.87MB hooks=[onPhaseStart:1 onPhaseEnd:1 onPlay:1 afterSpellResolved:1 onActionUsed:1 onAnyActionResolved:1] cards=[Beato, the Butterfly Witch:1 Willy, the Valiant Leprechaun:1 Arthor, the King of Blackport:1 Luck:1 Brilliant Idea:1]
t=1 ph=3 ap=1 snaps=45 hooks=12 inst=29 rollout "Brilliant Idea" Spell lvl1 hero1
t=1 ph=3 ap=1 snaps=46 hooks=12 inst=29 leakyRollout "Brilliant Idea" +0.87MB hooks=[onPhaseStart:1 onPhaseEnd:1 onPlay:1 afterSpellResolved:1 onActionUsed:1 onAnyActionResolved:1] cards=[Beato, the Butterfly Witch:1 Willy, the Valiant Leprechaun:1 Arthor, the King of Blackport:1 Luck:1 Brilliant Idea:1]
t=1 ph=3 ap=1 snaps=46 hooks=12 inst=29 rollout "Brilliant Idea" Spell lvl1 hero1
t=1 ph=3 ap=1 snaps=47 hooks=12 inst=29 leakyRollout "Brilliant Idea" +0.87MB hooks=[onPhaseStart:1 onPhaseEnd:1 onPlay:1 afterSpellResolved:1 onActionUsed:1 onAnyActionResolved:1] cards=[Beato, the Butterfly Witch:1 Willy, the Valiant Leprechaun:1 Arthor, the King of Blackport:1 Luck:1 Brilliant Idea:1]
t=1 ph=3 ap=1 snaps=47 hooks=12 inst=29 rollout "Brilliant Idea" Spell lvl1 hero1
t=1 ph=3 ap=1 snaps=48 hooks=12 inst=29 leakyRollout "Brilliant Idea" +1.06MB hooks=[onPhaseStart:1 onPhaseEnd:1 onPlay:1 afterSpellResolved:1 onActionUsed:1 onAnyActionResolved:1] cards=[Beato, the Butterfly Witch:1 Willy, the Valiant Leprechaun:1 Arthor, the King of Blackport:1 Luck:1 Brilliant Idea:1]
t=1 ph=3 ap=1 snaps=48 hooks=12 inst=29 rollout "Brilliant Idea" Spell lvl1 hero1
t=1 ph=3 ap=1 snaps=49 hooks=12 inst=29 leakyRollout "Brilliant Idea" +0.86MB hooks=[onPhaseStart:1 onPhaseEnd:1 onPlay:1 afterSpellResolved:1 onActionUsed:1 onAnyActionResolved:1] cards=[Beato, the Butterfly Witch:1 Willy, the Valiant Leprechaun:1 Arthor, the King of Blackport:1 Luck:1 Brilliant Idea:1]
t=1 ph=3 ap=1 snaps=49 hooks=12 inst=29 rollout "Brilliant Idea" Spell lvl1 hero1
t=1 ph=3 ap=1 snaps=50 hooks=12 inst=29 rollout "Brilliant Idea" Spell lvl1 hero1
t=1 ph=3 ap=1 snaps=51 hooks=12 inst=29 leakyRollout "Brilliant Idea" +0.87MB hooks=[onPhaseStart:1 onPhaseEnd:1 onPlay:1 afterSpellResolved:1 onActionUsed:1 onAnyActionResolved:1] cards=[Beato, the Butterfly Witch:1 Willy, the Valiant Leprechaun:1 Arthor, the King of Blackport:1 Luck:1 Brilliant Idea:1]
t=1 ph=3 ap=1 snaps=51 hooks=12 inst=29 rollout "Brilliant Idea" Spell lvl1 hero1
t=1 ph=3 ap=1 snaps=52 hooks=12 inst=29 leakyRollout "Brilliant Idea" +0.86MB hooks=[onPhaseStart:1 onPhaseEnd:1 onPlay:1 afterSpellResolved:1 onActionUsed:1 onAnyActionResolved:1] cards=[Beato, the Butterfly Witch:1 Willy, the Valiant Leprechaun:1 Arthor, the King of Blackport:1 Luck:1 Brilliant Idea:1]
t=1 ph=3 ap=1 snaps=52 hooks=12 inst=29 rollout "Brilliant Idea" Spell lvl1 hero1
t=1 ph=3 ap=1 snaps=53 hooks=12 inst=29 leakyRollout "Brilliant Idea" +0.86MB hooks=[onPhaseStart:1 onPhaseEnd:1 onPlay:1 afterSpellResolved:1 onActionUsed:1 onAnyActionResolved:1] cards=[Beato, the Butterfly Witch:1 Willy, the Valiant Leprechaun:1 Arthor, the King of Blackport:1 Luck:1 Brilliant Idea:1]
t=1 ph=3 ap=1 snaps=53 hooks=12 inst=29 rollout "Brilliant Idea" Spell lvl1 hero1
t=1 ph=3 ap=1 snaps=54 hooks=12 inst=29 leakyRollout "Brilliant Idea" +0.86MB hooks=[onPhaseStart:1 onPhaseEnd:1 onPlay:1 afterSpellResolved:1 onActionUsed:1 onAnyActionResolved:1] cards=[Beato, the Butterfly Witch:1 Willy, the Valiant Leprechaun:1 Arthor, the King of Blackport:1 Luck:1 Brilliant Idea:1]
t=1 ph=3 ap=1 snaps=54 hooks=12 inst=29 rollout "Brilliant Idea" Spell lvl1 hero1
t=1 ph=3 ap=1 snaps=55 hooks=12 inst=29 leakyRollout "Brilliant Idea" +0.87MB hooks=[onPhaseStart:1 onPhaseEnd:1 onPlay:1 afterSpellResolved:1 onActionUsed:1 onAnyActionResolved:1] cards=[Beato, the Butterfly Witch:1 Willy, the Valiant Leprechaun:1 Arthor, the King of Blackport:1 Luck:1 Brilliant Idea:1]
t=1 ph=3 ap=1 snaps=55 hooks=12 inst=29 rollout "Brilliant Idea" Spell lvl1 hero1
t=1 ph=3 ap=1 snaps=56 hooks=12 inst=29 leakyRollout "Brilliant Idea" +0.88MB hooks=[onPhaseStart:1 onPhaseEnd:1 onPlay:1 afterSpellResolved:1 onActionUsed:1 onAnyActionResolved:1] cards=[Beato, the Butterfly Witch:1 Willy, the Valiant Leprechaun:1 Arthor, the King of Blackport:1 Luck:1 Brilliant Idea:1]
t=1 ph=3 ap=1 snaps=56 hooks=12 inst=29 rollout "Brilliant Idea" Spell lvl1 hero1
t=1 ph=3 ap=1 snaps=57 hooks=12 inst=29 leakyRollout "Brilliant Idea" +0.86MB hooks=[onPhaseStart:1 onPhaseEnd:1 onPlay:1 afterSpellResolved:1 onActionUsed:1 onAnyActionResolved:1] cards=[Beato, the Butterfly Witch:1 Willy, the Valiant Leprechaun:1 Arthor, the King of Blackport:1 Luck:1 Brilliant Idea:1]
t=1 ph=3 ap=1 snaps=57 hooks=12 inst=29 rollout "Brilliant Idea" Spell lvl1 hero1
t=1 ph=3 ap=1 snaps=58 hooks=12 inst=29 leakyRollout "Brilliant Idea" +0.86MB hooks=[onPhaseStart:1 onPhaseEnd:1 onPlay:1 afterSpellResolved:1 onActionUsed:1 onAnyActionResolved:1] cards=[Beato, the Butterfly Witch:1 Willy, the Valiant Leprechaun:1 Arthor, the King of Blackport:1 Luck:1 Brilliant Idea:1]
t=1 ph=3 ap=1 snaps=58 hooks=12 inst=29 rollout "Brilliant Idea" Spell lvl1 hero1
t=1 ph=3 ap=1 snaps=59 hooks=12 inst=29 leakyRollout "Brilliant Idea" +0.86MB hooks=[onPhaseStart:1 onPhaseEnd:1 onPlay:1 afterSpellResolved:1 onActionUsed:1 onAnyActionResolved:1] cards=[Beato, the Butterfly Witch:1 Willy, the Valiant Leprechaun:1 Arthor, the King of Blackport:1 Luck:1 Brilliant Idea:1]
t=1 ph=3 ap=1 snaps=59 hooks=12 inst=29 rollout "Brilliant Idea" Spell lvl1 hero1
t=1 ph=3 ap=1 snaps=60 hooks=12 inst=29 leakyRollout "Brilliant Idea" +0.86MB hooks=[onPhaseStart:1 onPhaseEnd:1 onPlay:1 afterSpellResolved:1 onActionUsed:1 onAnyActionResolved:1] cards=[Beato, the Butterfly Witch:1 Willy, the Valiant Leprechaun:1 Arthor, the King of Blackport:1 Luck:1 Brilliant Idea:1]
t=1 ph=3 ap=1 snaps=60 hooks=12 inst=29 rollout "Brilliant Idea" Spell lvl1 hero1
t=1 ph=3 ap=1 snaps=61 hooks=12 inst=29 leakyRollout "Brilliant Idea" +0.86MB hooks=[onPhaseStart:1 onPhaseEnd:1 onPlay:1 afterSpellResolved:1 onActionUsed:1 onAnyActionResolved:1] cards=[Beato, the Butterfly Witch:1 Willy, the Valiant Leprechaun:1 Arthor, the King of Blackport:1 Luck:1 Brilliant Idea:1]
t=1 ph=3 ap=1 snaps=61 hooks=12 inst=29 rollout "Brilliant Idea" Spell lvl1 hero1
t=1 ph=3 ap=1 snaps=62 hooks=12 inst=29 leakyRollout "Brilliant Idea" +0.86MB hooks=[onPhaseStart:1 onPhaseEnd:1 onPlay:1 afterSpellResolved:1 onActionUsed:1 onAnyActionResolved:1] cards=[Beato, the Butterfly Witch:1 Willy, the Valiant Leprechaun:1 Arthor, the King of Blackport:1 Luck:1 Brilliant Idea:1]
t=1 ph=3 ap=1 snaps=62 hooks=12 inst=29 rollout "Brilliant Idea" Spell lvl1 hero1
t=1 ph=3 ap=1 snaps=63 hooks=12 inst=29 leakyRollout "Brilliant Idea" +0.87MB hooks=[onPhaseStart:1 onPhaseEnd:1 onPlay:1 afterSpellResolved:1 onActionUsed:1 onAnyActionResolved:1] cards=[Beato, the Butterfly Witch:1 Willy, the Valiant Leprechaun:1 Arthor, the King of Blackport:1 Luck:1 Brilliant Idea:1]
t=1 ph=3 ap=1 snaps=63 hooks=12 inst=29 rollout "Brilliant Idea" Spell lvl1 hero1
t=1 ph=3 ap=1 snaps=64 hooks=12 inst=29 leakyRollout "Brilliant Idea" +0.86MB hooks=[onPhaseStart:1 onPhaseEnd:1 onPlay:1 afterSpellResolved:1 onActionUsed:1 onAnyActionResolved:1] cards=[Beato, the Butterfly Witch:1 Willy, the Valiant Leprechaun:1 Arthor, the King of Blackport:1 Luck:1 Brilliant Idea:1]
t=1 ph=3 ap=1 snaps=64 hooks=12 inst=29 rollout "Brilliant Idea" Spell lvl1 hero1
t=1 ph=3 ap=1 snaps=65 hooks=12 inst=29 leakyRollout "Brilliant Idea" +0.86MB hooks=[onPhaseStart:1 onPhaseEnd:1 onPlay:1 afterSpellResolved:1 onActionUsed:1 onAnyActionResolved:1] cards=[Beato, the Butterfly Witch:1 Willy, the Valiant Leprechaun:1 Arthor, the King of Blackport:1 Luck:1 Brilliant Idea:1]
t=1 ph=3 ap=1 snaps=65 hooks=12 inst=29 rollout "Brilliant Idea" Spell lvl1 hero1
t=1 ph=3 ap=1 snaps=66 hooks=12 inst=29 leakyRollout "Brilliant Idea" +0.86MB hooks=[onPhaseStart:1 onPhaseEnd:1 onPlay:1 afterSpellResolved:1 onActionUsed:1 onAnyActionResolved:1] cards=[Beato, the Butterfly Witch:1 Willy, the Valiant Leprechaun:1 Arthor, the King of Blackport:1 Luck:1 Brilliant Idea:1]
t=1 ph=3 ap=1 snaps=66 hooks=12 inst=29 rollout "Brilliant Idea" Spell lvl1 hero1
t=1 ph=3 ap=1 snaps=67 hooks=12 inst=29 leakyRollout "Brilliant Idea" +0.86MB hooks=[onPhaseStart:1 onPhaseEnd:1 onPlay:1 afterSpellResolved:1 onActionUsed:1 onAnyActionResolved:1] cards=[Beato, the Butterfly Witch:1 Willy, the Valiant Leprechaun:1 Arthor, the King of Blackport:1 Luck:1 Brilliant Idea:1]
t=1 ph=3 ap=1 snaps=67 hooks=12 inst=29 rollout "Brilliant Idea" Spell lvl1 hero1
t=1 ph=3 ap=1 snaps=68 hooks=12 inst=29 rollout "Brilliant Idea" Spell lvl1 hero1
t=1 ph=3 ap=1 snaps=69 hooks=12 inst=29 leakyRollout "Brilliant Idea" +0.86MB hooks=[onPhaseStart:1 onPhaseEnd:1 onPlay:1 afterSpellResolved:1 onActionUsed:1 onAnyActionResolved:1] cards=[Beato, the Butterfly Witch:1 Willy, the Valiant Leprechaun:1 Arthor, the King of Blackport:1 Luck:1 Brilliant Idea:1]
t=1 ph=3 ap=1 snaps=69 hooks=12 inst=29 rollout "Brilliant Idea" Spell lvl1 hero1
t=1 ph=3 ap=1 snaps=70 hooks=12 inst=29 leakyRollout "Brilliant Idea" +0.86MB hooks=[onPhaseStart:1 onPhaseEnd:1 onPlay:1 afterSpellResolved:1 onActionUsed:1 onAnyActionResolved:1] cards=[Beato, the Butterfly Witch:1 Willy, the Valiant Leprechaun:1 Arthor, the King of Blackport:1 Luck:1 Brilliant Idea:1]
t=1 ph=3 ap=1 snaps=70 hooks=12 inst=29 rollout "Brilliant Idea" Spell lvl1 hero1
t=1 ph=3 ap=1 snaps=71 hooks=12 inst=29 leakyRollout "Brilliant Idea" +0.86MB hooks=[onPhaseStart:1 onPhaseEnd:1 onPlay:1 afterSpellResolved:1 onActionUsed:1 onAnyActionResolved:1] cards=[Beato, the Butterfly Witch:1 Willy, the Valiant Leprechaun:1 Arthor, the King of Blackport:1 Luck:1 Brilliant Idea:1]
t=1 ph=3 ap=1 snaps=71 hooks=12 inst=29 rollout "Brilliant Idea" Spell lvl1 hero1
t=1 ph=3 ap=1 snaps=72 hooks=12 inst=29 leakyRollout "Brilliant Idea" +0.86MB hooks=[onPhaseStart:1 onPhaseEnd:1 onPlay:1 afterSpellResolved:1 onActionUsed:1 onAnyActionResolved:1] cards=[Beato, the Butterfly Witch:1 Willy, the Valiant Leprechaun:1 Arthor, the King of Blackport:1 Luck:1 Brilliant Idea:1]
t=1 ph=3 ap=1 snaps=72 hooks=12 inst=29 rollout "Brilliant Idea" Spell lvl1 hero1
t=1 ph=3 ap=1 snaps=73 hooks=12 inst=29 leakyRollout "Brilliant Idea" +0.86MB hooks=[onPhaseStart:1 onPhaseEnd:1 onPlay:1 afterSpellResolved:1 onActionUsed:1 onAnyActionResolved:1] cards=[Beato, the Butterfly Witch:1 Willy, the Valiant Leprechaun:1 Arthor, the King of Blackport:1 Luck:1 Brilliant Idea:1]
t=1 ph=3 ap=1 snaps=73 hooks=12 inst=29 rollout "Brilliant Idea" Spell lvl1 hero1
t=1 ph=3 ap=1 snaps=74 hooks=12 inst=29 leakyRollout "Brilliant Idea" +0.86MB hooks=[onPhaseStart:1 onPhaseEnd:1 onPlay:1 afterSpellResolved:1 onActionUsed:1 onAnyActionResolved:1] cards=[Beato, the Butterfly Witch:1 Willy, the Valiant Leprechaun:1 Arthor, the King of Blackport:1 Luck:1 Brilliant Idea:1]
t=1 ph=3 ap=1 snaps=74 hooks=12 inst=29 rollout "Brilliant Idea" Spell lvl1 hero1
t=1 ph=3 ap=1 snaps=75 hooks=12 inst=29 leakyRollout "Brilliant Idea" +0.87MB hooks=[onPhaseStart:1 onPhaseEnd:1 onPlay:1 afterSpellResolved:1 onActionUsed:1 onAnyActionResolved:1] cards=[Beato, the Butterfly Witch:1 Willy, the Valiant Leprechaun:1 Arthor, the King of Blackport:1 Luck:1 Brilliant Idea:1]
t=1 ph=3 ap=1 snaps=75 hooks=12 inst=29 rollout "Brilliant Idea" Spell lvl1 hero1
t=1 ph=3 ap=1 snaps=76 hooks=12 inst=29 leakyRollout "Brilliant Idea" +0.86MB hooks=[onPhaseStart:1 onPhaseEnd:1 onPlay:1 afterSpellResolved:1 onActionUsed:1 onAnyActionResolved:1] cards=[Beato, the Butterfly Witch:1 Willy, the Valiant Leprechaun:1 Arthor, the King of Blackport:1 Luck:1 Brilliant Idea:1]
t=1 ph=3 ap=1 snaps=76 hooks=12 inst=29 rollout "Brilliant Idea" Spell lvl1 hero1
t=1 ph=3 ap=1 snaps=77 hooks=12 inst=29 leakyRollout "Brilliant Idea" +0.89MB hooks=[onPhaseStart:1 onPhaseEnd:1 onPlay:1 afterSpellResolved:1 onActionUsed:1 onAnyActionResolved:1] cards=[Beato, the Butterfly Witch:1 Willy, the Valiant Leprechaun:1 Arthor, the King of Blackport:1 Luck:1 Brilliant Idea:1]
t=1 ph=3 ap=1 snaps=77 hooks=12 inst=29 rollout "Brilliant Idea" Spell lvl1 hero1
t=1 ph=3 ap=1 snaps=78 hooks=12 inst=29 leakyRollout "Brilliant Idea" +0.86MB hooks=[onPhaseStart:1 onPhaseEnd:1 onPlay:1 afterSpellResolved:1 onActionUsed:1 onAnyActionResolved:1] cards=[Beato, the Butterfly Witch:1 Willy, the Valiant Leprechaun:1 Arthor, the King of Blackport:1 Luck:1 Brilliant Idea:1]
t=1 ph=3 ap=1 snaps=78 hooks=12 inst=29 rollout "Brilliant Idea" Spell lvl1 hero1
t=1 ph=3 ap=1 snaps=79 hooks=12 inst=29 leakyRollout "Brilliant Idea" +0.85MB hooks=[onPhaseStart:1 onPhaseEnd:1 onPlay:1 afterSpellResolved:1 onActionUsed:1 onAnyActionResolved:1] cards=[Beato, the Butterfly Witch:1 Willy, the Valiant Leprechaun:1 Arthor, the King of Blackport:1 Luck:1 Brilliant Idea:1]
t=1 ph=3 ap=1 snaps=79 hooks=12 inst=29 rollout "Brilliant Idea" Spell lvl1 hero1
t=1 ph=3 ap=1 snaps=80 hooks=12 inst=29 leakyRollout "Brilliant Idea" +0.86MB hooks=[onPhaseStart:1 onPhaseEnd:1 onPlay:1 afterSpellResolved:1 onActionUsed:1 onAnyActionResolved:1] cards=[Beato, the Butterfly Witch:1 Willy, the Valiant Leprechaun:1 Arthor, the King of Blackport:1 Luck:1 Brilliant Idea:1]
t=1 ph=3 ap=1 snaps=80 hooks=12 inst=29 rollout "Brilliant Idea" Spell lvl1 hero1
t=1 ph=3 ap=1 snaps=81 hooks=12 inst=29 leakyRollout "Brilliant Idea" +0.85MB hooks=[onPhaseStart:1 onPhaseEnd:1 onPlay:1 afterSpellResolved:1 onActionUsed:1 onAnyActionResolved:1] cards=[Beato, the Butterfly Witch:1 Willy, the Valiant Leprechaun:1 Arthor, the King of Blackport:1 Luck:1 Brilliant Idea:1]
t=1 ph=3 ap=1 snaps=81 hooks=12 inst=29 rollout "Brilliant Idea" Spell lvl1 hero1
t=1 ph=3 ap=1 snaps=82 hooks=12 inst=29 leakyRollout "Brilliant Idea" +0.85MB hooks=[onPhaseStart:1 onPhaseEnd:1 onPlay:1 afterSpellResolved:1 onActionUsed:1 onAnyActionResolved:1] cards=[Beato, the Butterfly Witch:1 Willy, the Valiant Leprechaun:1 Arthor, the King of Blackport:1 Luck:1 Brilliant Idea:1]
t=1 ph=3 ap=1 snaps=82 hooks=12 inst=29 rollout "Brilliant Idea" Spell lvl1 hero1
t=1 ph=3 ap=1 snaps=83 hooks=12 inst=29 leakyRollout "Brilliant Idea" +0.85MB hooks=[onPhaseStart:1 onPhaseEnd:1 onPlay:1 afterSpellResolved:1 onActionUsed:1 onAnyActionResolved:1] cards=[Beato, the Butterfly Witch:1 Willy, the Valiant Leprechaun:1 Arthor, the King of Blackport:1 Luck:1 Brilliant Idea:1]
t=1 ph=3 ap=1 snaps=83 hooks=12 inst=29 rollout "Brilliant Idea" Spell lvl1 hero1
t=1 ph=3 ap=1 snaps=84 hooks=12 inst=29 leakyRollout "Brilliant Idea" +0.85MB hooks=[onPhaseStart:1 onPhaseEnd:1 onPlay:1 afterSpellResolved:1 onActionUsed:1 onAnyActionResolved:1] cards=[Beato, the Butterfly Witch:1 Willy, the Valiant Leprechaun:1 Arthor, the King of Blackport:1 Luck:1 Brilliant Idea:1]
t=1 ph=3 ap=1 snaps=84 hooks=12 inst=29 rollout "Brilliant Idea" Spell lvl1 hero1
t=1 ph=3 ap=1 snaps=85 hooks=12 inst=29 leakyRollout "Brilliant Idea" +0.85MB hooks=[onPhaseStart:1 onPhaseEnd:1 onPlay:1 afterSpellResolved:1 onActionUsed:1 onAnyActionResolved:1] cards=[Beato, the Butterfly Witch:1 Willy, the Valiant Leprechaun:1 Arthor, the King of Blackport:1 Luck:1 Brilliant Idea:1]
t=1 ph=3 ap=1 snaps=85 hooks=12 inst=29 rollout "Brilliant Idea" Spell lvl1 hero1
t=1 ph=3 ap=1 snaps=86 hooks=12 inst=29 rollout "Brilliant Idea" Spell lvl1 hero1
t=1 ph=3 ap=1 snaps=87 hooks=12 inst=29 leakyRollout "Brilliant Idea" +0.85MB hooks=[onPhaseStart:1 onPhaseEnd:1 onPlay:1 afterSpellResolved:1 onActionUsed:1 onAnyActionResolved:1] cards=[Beato, the Butterfly Witch:1 Willy, the Valiant Leprechaun:1 Arthor, the King of Blackport:1 Luck:1 Brilliant Idea:1]
t=1 ph=3 ap=1 snaps=87 hooks=12 inst=29 rollout "Brilliant Idea" Spell lvl1 hero1
t=1 ph=3 ap=1 snaps=88 hooks=12 inst=29 leakyRollout "Brilliant Idea" +0.85MB hooks=[onPhaseStart:1 onPhaseEnd:1 onPlay:1 afterSpellResolved:1 onActionUsed:1 onAnyActionResolved:1] cards=[Beato, the Butterfly Witch:1 Willy, the Valiant Leprechaun:1 Arthor, the King of Blackport:1 Luck:1 Brilliant Idea:1]
t=1 ph=3 ap=1 snaps=88 hooks=12 inst=29 rollout "Brilliant Idea" Spell lvl1 hero1
t=1 ph=3 ap=1 snaps=89 hooks=12 inst=29 leakyRollout "Brilliant Idea" +0.85MB hooks=[onPhaseStart:1 onPhaseEnd:1 onPlay:1 afterSpellResolved:1 onActionUsed:1 onAnyActionResolved:1] cards=[Beato, the Butterfly Witch:1 Willy, the Valiant Leprechaun:1 Arthor, the King of Blackport:1 Luck:1 Brilliant Idea:1]
t=1 ph=3 ap=1 snaps=89 hooks=12 inst=29 rollout "Brilliant Idea" Spell lvl1 hero1
t=1 ph=3 ap=1 snaps=90 hooks=12 inst=29 leakyRollout "Brilliant Idea" +0.85MB hooks=[onPhaseStart:1 onPhaseEnd:1 onPlay:1 afterSpellResolved:1 onActionUsed:1 onAnyActionResolved:1] cards=[Beato, the Butterfly Witch:1 Willy, the Valiant Leprechaun:1 Arthor, the King of Blackport:1 Luck:1 Brilliant Idea:1]
t=1 ph=3 ap=1 snaps=90 hooks=12 inst=29 rollout "Brilliant Idea" Spell lvl1 hero1
t=1 ph=3 ap=1 snaps=91 hooks=12 inst=29 leakyRollout "Brilliant Idea" +0.88MB hooks=[onPhaseStart:1 onPhaseEnd:1 onPlay:1 afterSpellResolved:1 onActionUsed:1 onAnyActionResolved:1] cards=[Beato, the Butterfly Witch:1 Willy, the Valiant Leprechaun:1 Arthor, the King of Blackport:1 Luck:1 Brilliant Idea:1]
t=1 ph=3 ap=1 snaps=91 hooks=12 inst=29 rollout "Brilliant Idea" Spell lvl1 hero1
t=1 ph=3 ap=1 snaps=92 hooks=12 inst=29 leakyRollout "Brilliant Idea" +0.85MB hooks=[onPhaseStart:1 onPhaseEnd:1 onPlay:1 afterSpellResolved:1 onActionUsed:1 onAnyActionResolved:1] cards=[Beato, the Butterfly Witch:1 Willy, the Valiant Leprechaun:1 Arthor, the King of Blackport:1 Luck:1 Brilliant Idea:1]
t=1 ph=3 ap=1 snaps=92 hooks=12 inst=29 rollout "Brilliant Idea" Spell lvl1 hero1
t=1 ph=3 ap=1 snaps=93 hooks=12 inst=29 leakyRollout "Brilliant Idea" +0.84MB hooks=[onPhaseStart:1 onPhaseEnd:1 onPlay:1 afterSpellResolved:1 onActionUsed:1 onAnyActionResolved:1] cards=[Beato, the Butterfly Witch:1 Willy, the Valiant Leprechaun:1 Arthor, the King of Blackport:1 Luck:1 Brilliant Idea:1]
t=1 ph=3 ap=1 snaps=93 hooks=12 inst=29 rollout "Brilliant Idea" Spell lvl1 hero1
t=1 ph=3 ap=1 snaps=94 hooks=12 inst=29 leakyRollout "Brilliant Idea" +0.84MB hooks=[onPhaseStart:1 onPhaseEnd:1 onPlay:1 afterSpellResolved:1 onActionUsed:1 onAnyActionResolved:1] cards=[Beato, the Butterfly Witch:1 Willy, the Valiant Leprechaun:1 Arthor, the King of Blackport:1 Luck:1 Brilliant Idea:1]
t=1 ph=3 ap=1 snaps=94 hooks=12 inst=29 rollout "Brilliant Idea" Spell lvl1 hero1
t=1 ph=3 ap=1 snaps=95 hooks=12 inst=29 leakyRollout "Brilliant Idea" +0.85MB hooks=[onPhaseStart:1 onPhaseEnd:1 onPlay:1 afterSpellResolved:1 onActionUsed:1 onAnyActionResolved:1] cards=[Beato, the Butterfly Witch:1 Willy, the Valiant Leprechaun:1 Arthor, the King of Blackport:1 Luck:1 Brilliant Idea:1]
t=1 ph=3 ap=1 snaps=95 hooks=12 inst=29 rollout "Brilliant Idea" Spell lvl1 hero1
t=1 ph=3 ap=1 snaps=96 hooks=12 inst=29 leakyRollout "Brilliant Idea" +0.85MB hooks=[onPhaseStart:1 onPhaseEnd:1 onPlay:1 afterSpellResolved:1 onActionUsed:1 onAnyActionResolved:1] cards=[Beato, the Butterfly Witch:1 Willy, the Valiant Leprechaun:1 Arthor, the King of Blackport:1 Luck:1 Brilliant Idea:1]
t=1 ph=3 ap=1 snaps=96 hooks=12 inst=29 rollout "Brilliant Idea" Spell lvl1 hero1
t=1 ph=3 ap=1 snaps=97 hooks=12 inst=29 leakyRollout "Brilliant Idea" +1.04MB hooks=[onPhaseStart:1 onPhaseEnd:1 onPlay:1 afterSpellResolved:1 onActionUsed:1 onAnyActionResolved:1] cards=[Beato, the Butterfly Witch:1 Willy, the Valiant Leprechaun:1 Arthor, the King of Blackport:1 Luck:1 Brilliant Idea:1]
t=1 ph=3 ap=1 snaps=97 hooks=12 inst=29 rollout "Brilliant Idea" Spell lvl1 hero1
t=1 ph=3 ap=1 snaps=98 hooks=12 inst=29 leakyRollout "Brilliant Idea" +1.04MB hooks=[onPhaseStart:1 onPhaseEnd:1 onPlay:1 afterSpellResolved:1 onActionUsed:1 onAnyActionResolved:1] cards=[Beato, the Butterfly Witch:1 Willy, the Valiant Leprechaun:1 Arthor, the King of Blackport:1 Luck:1 Brilliant Idea:1]
t=1 ph=3 ap=1 snaps=98 hooks=12 inst=29 rollout "Brilliant Idea" Spell lvl1 hero1
t=1 ph=3 ap=1 snaps=99 hooks=12 inst=29 leakyRollout "Brilliant Idea" +0.84MB hooks=[onPhaseStart:1 onPhaseEnd:1 onPlay:1 afterSpellResolved:1 onActionUsed:1 onAnyActionResolved:1] cards=[Beato, the Butterfly Witch:1 Willy, the Valiant Leprechaun:1 Arthor, the King of Blackport:1 Luck:1 Brilliant Idea:1]
t=1 ph=3 ap=1 snaps=99 hooks=12 inst=29 rollout "Brilliant Idea" Spell lvl1 hero1
t=1 ph=3 ap=1 snaps=100 hooks=12 inst=29 leakyRollout "Brilliant Idea" +0.84MB hooks=[onPhaseStart:1 onPhaseEnd:1 onPlay:1 afterSpellResolved:1 onActionUsed:1 onAnyActionResolved:1] cards=[Beato, the Butterfly Witch:1 Willy, the Valiant Leprechaun:1 Arthor, the King of Blackport:1 Luck:1 Brilliant Idea:1]
t=1 ph=3 ap=1 snaps=100 hooks=12 inst=29 rollout "Brilliant Idea" Spell lvl1 hero1
t=1 ph=3 ap=1 snaps=101 hooks=12 inst=29 leakyRollout "Brilliant Idea" +0.84MB hooks=[onPhaseStart:1 onPhaseEnd:1 onPlay:1 afterSpellResolved:1 onActionUsed:1 onAnyActionResolved:1] cards=[Beato, the Butterfly Witch:1 Willy, the Valiant Leprechaun:1 Arthor, the King of Blackport:1 Luck:1 Brilliant Idea:1]
t=1 ph=3 ap=1 snaps=101 hooks=12 inst=29 rollout "Brilliant Idea" Spell lvl1 hero1
t=1 ph=3 ap=1 snaps=102 hooks=12 inst=29 leakyRollout "Brilliant Idea" +0.84MB hooks=[onPhaseStart:1 onPhaseEnd:1 onPlay:1 afterSpellResolved:1 onActionUsed:1 onAnyActionResolved:1] cards=[Beato, the Butterfly Witch:1 Willy, the Valiant Leprechaun:1 Arthor, the King of Blackport:1 Luck:1 Brilliant Idea:1]
t=1 ph=3 ap=1 snaps=102 hooks=12 inst=29 rollout "Brilliant Idea" Spell lvl1 hero1
t=1 ph=3 ap=1 snaps=103 hooks=12 inst=29 leakyRollout "Brilliant Idea" +0.84MB hooks=[onPhaseStart:1 onPhaseEnd:1 onPlay:1 afterSpellResolved:1 onActionUsed:1 onAnyActionResolved:1] cards=[Beato, the Butterfly Witch:1 Willy, the Valiant Leprechaun:1 Arthor, the King of Blackport:1 Luck:1 Brilliant Idea:1]
t=1 ph=3 ap=1 snaps=103 hooks=12 inst=29 rollout "Brilliant Idea" Spell lvl1 hero1
t=1 ph=3 ap=1 snaps=104 hooks=12 inst=29 rollout "Brilliant Idea" Spell lvl1 hero1
t=1 ph=3 ap=1 snaps=105 hooks=12 inst=29 leakyRollout "Brilliant Idea" +0.84MB hooks=[onPhaseStart:1 onPhaseEnd:1 onPlay:1 afterSpellResolved:1 onActionUsed:1 onAnyActionResolved:1] cards=[Beato, the Butterfly Witch:1 Willy, the Valiant Leprechaun:1 Arthor, the King of Blackport:1 Luck:1 Brilliant Idea:1]
t=1 ph=3 ap=1 snaps=105 hooks=12 inst=29 rollout "Brilliant Idea" Spell lvl1 hero1
t=1 ph=3 ap=1 snaps=106 hooks=12 inst=29 leakyRollout "Brilliant Idea" +0.84MB hooks=[onPhaseStart:1 onPhaseEnd:1 onPlay:1 afterSpellResolved:1 onActionUsed:1 onAnyActionResolved:1] cards=[Beato, the Butterfly Witch:1 Willy, the Valiant Leprechaun:1 Arthor, the King of Blackport:1 Luck:1 Brilliant Idea:1]
t=1 ph=3 ap=1 snaps=106 hooks=12 inst=29 rollout "Brilliant Idea" Spell lvl1 hero1
t=1 ph=3 ap=1 snaps=107 hooks=12 inst=29 leakyRollout "Brilliant Idea" +0.84MB hooks=[onPhaseStart:1 onPhaseEnd:1 onPlay:1 afterSpellResolved:1 onActionUsed:1 onAnyActionResolved:1] cards=[Beato, the Butterfly Witch:1 Willy, the Valiant Leprechaun:1 Arthor, the King of Blackport:1 Luck:1 Brilliant Idea:1]
t=1 ph=3 ap=1 snaps=107 hooks=12 inst=29 rollout "Brilliant Idea" Spell lvl1 hero1
t=1 ph=3 ap=1 snaps=108 hooks=12 inst=29 leakyRollout "Brilliant Idea" +0.84MB hooks=[onPhaseStart:1 onPhaseEnd:1 onPlay:1 afterSpellResolved:1 onActionUsed:1 onAnyActionResolved:1] cards=[Beato, the Butterfly Witch:1 Willy, the Valiant Leprechaun:1 Arthor, the King of Blackport:1 Luck:1 Brilliant Idea:1]
t=1 ph=3 ap=1 snaps=108 hooks=12 inst=29 rollout "Brilliant Idea" Spell lvl1 hero1
t=1 ph=3 ap=1 snaps=109 hooks=12 inst=29 leakyRollout "Brilliant Idea" +0.84MB hooks=[onPhaseStart:1 onPhaseEnd:1 onPlay:1 afterSpellResolved:1 onActionUsed:1 onAnyActionResolved:1] cards=[Beato, the Butterfly Witch:1 Willy, the Valiant Leprechaun:1 Arthor, the King of Blackport:1 Luck:1 Brilliant Idea:1]
t=1 ph=3 ap=1 snaps=109 hooks=12 inst=29 rollout "Brilliant Idea" Spell lvl1 hero1
t=1 ph=3 ap=1 snaps=110 hooks=12 inst=29 leakyRollout "Brilliant Idea" +0.85MB hooks=[onPhaseStart:1 onPhaseEnd:1 onPlay:1 afterSpellResolved:1 onActionUsed:1 onAnyActionResolved:1] cards=[Beato, the Butterfly Witch:1 Willy, the Valiant Leprechaun:1 Arthor, the King of Blackport:1 Luck:1 Brilliant Idea:1]
t=1 ph=3 ap=1 snaps=110 hooks=12 inst=29 rollout "Brilliant Idea" Spell lvl1 hero1
t=1 ph=3 ap=1 snaps=111 hooks=12 inst=29 leakyRollout "Brilliant Idea" +0.84MB hooks=[onPhaseStart:1 onPhaseEnd:1 onPlay:1 afterSpellResolved:1 onActionUsed:1 onAnyActionResolved:1] cards=[Beato, the Butterfly Witch:1 Willy, the Valiant Leprechaun:1 Arthor, the King of Blackport:1 Luck:1 Brilliant Idea:1]
t=1 ph=3 ap=1 snaps=111 hooks=12 inst=29 rollout "Brilliant Idea" Spell lvl1 hero1
t=1 ph=3 ap=1 snaps=112 hooks=12 inst=29 leakyRollout "Brilliant Idea" +0.84MB hooks=[onPhaseStart:1 onPhaseEnd:1 onPlay:1 afterSpellResolved:1 onActionUsed:1 onAnyActionResolved:1] cards=[Beato, the Butterfly Witch:1 Willy, the Valiant Leprechaun:1 Arthor, the King of Blackport:1 Luck:1 Brilliant Idea:1]
t=1 ph=3 ap=1 snaps=112 hooks=12 inst=29 rollout "Brilliant Idea" Spell lvl1 hero1
t=1 ph=3 ap=1 snaps=113 hooks=12 inst=29 leakyRollout "Brilliant Idea" +0.84MB hooks=[onPhaseStart:1 onPhaseEnd:1 onPlay:1 afterSpellResolved:1 onActionUsed:1 onAnyActionResolved:1] cards=[Beato, the Butterfly Witch:1 Willy, the Valiant Leprechaun:1 Arthor, the King of Blackport:1 Luck:1 Brilliant Idea:1]
t=1 ph=3 ap=1 snaps=113 hooks=12 inst=29 rollout "Brilliant Idea" Spell lvl1 hero1
t=1 ph=3 ap=1 snaps=114 hooks=12 inst=29 leakyRollout "Brilliant Idea" +0.84MB hooks=[onPhaseStart:1 onPhaseEnd:1 onPlay:1 afterSpellResolved:1 onActionUsed:1 onAnyActionResolved:1] cards=[Beato, the Butterfly Witch:1 Willy, the Valiant Leprechaun:1 Arthor, the King of Blackport:1 Luck:1 Brilliant Idea:1]
t=1 ph=3 ap=1 snaps=114 hooks=12 inst=29 rollout "Brilliant Idea" Spell lvl1 hero1
t=1 ph=3 ap=1 snaps=115 hooks=12 inst=29 leakyRollout "Brilliant Idea" +0.84MB hooks=[onPhaseStart:1 onPhaseEnd:1 onPlay:1 afterSpellResolved:1 onActionUsed:1 onAnyActionResolved:1] cards=[Beato, the Butterfly Witch:1 Willy, the Valiant Leprechaun:1 Arthor, the King of Blackport:1 Luck:1 Brilliant Idea:1]
t=1 ph=3 ap=1 snaps=115 hooks=12 inst=29 rollout "Brilliant Idea" Spell lvl1 hero1
t=1 ph=3 ap=1 snaps=116 hooks=12 inst=29 leakyRollout "Brilliant Idea" +0.84MB hooks=[onPhaseStart:1 onPhaseEnd:1 onPlay:1 afterSpellResolved:1 onActionUsed:1 onAnyActionResolved:1] cards=[Beato, the Butterfly Witch:1 Willy, the Valiant Leprechaun:1 Arthor, the King of Blackport:1 Luck:1 Brilliant Idea:1]
t=1 ph=3 ap=1 snaps=116 hooks=12 inst=29 rollout "Brilliant Idea" Spell lvl1 hero1
t=1 ph=3 ap=1 snaps=117 hooks=12 inst=29 leakyRollout "Brilliant Idea" +0.84MB hooks=[onPhaseStart:1 onPhaseEnd:1 onPlay:1 afterSpellResolved:1 onActionUsed:1 onAnyActionResolved:1] cards=[Beato, the Butterfly Witch:1 Willy, the Valiant Leprechaun:1 Arthor, the King of Blackport:1 Luck:1 Brilliant Idea:1]
t=1 ph=3 ap=1 snaps=117 hooks=12 inst=29 rollout "Brilliant Idea" Spell lvl1 hero1
t=1 ph=3 ap=1 snaps=118 hooks=12 inst=29 leakyRollout "Brilliant Idea" +0.84MB hooks=[onPhaseStart:1 onPhaseEnd:1 onPlay:1 afterSpellResolved:1 onActionUsed:1 onAnyActionResolved:1] cards=[Beato, the Butterfly Witch:1 Willy, the Valiant Leprechaun:1 Arthor, the King of Blackport:1 Luck:1 Brilliant Idea:1]
t=1 ph=3 ap=1 snaps=118 hooks=12 inst=29 rollout "Brilliant Idea" Spell lvl1 hero1
t=1 ph=3 ap=1 snaps=119 hooks=12 inst=29 leakyRollout "Brilliant Idea" +0.84MB hooks=[onPhaseStart:1 onPhaseEnd:1 onPlay:1 afterSpellResolved:1 onActionUsed:1 onAnyActionResolved:1] cards=[Beato, the Butterfly Witch:1 Willy, the Valiant Leprechaun:1 Arthor, the King of Blackport:1 Luck:1 Brilliant Idea:1]
t=1 ph=3 ap=1 snaps=119 hooks=12 inst=29 rollout "Brilliant Idea" Spell lvl1 hero1
t=1 ph=3 ap=1 snaps=120 hooks=12 inst=29 leakyRollout "Brilliant Idea" +0.84MB hooks=[onPhaseStart:1 onPhaseEnd:1 onPlay:1 afterSpellResolved:1 onActionUsed:1 onAnyActionResolved:1] cards=[Beato, the Butterfly Witch:1 Willy, the Valiant Leprechaun:1 Arthor, the King of Blackport:1 Luck:1 Brilliant Idea:1]
t=1 ph=3 ap=1 snaps=120 hooks=12 inst=29 rollout "Brilliant Idea" Spell lvl1 hero1
t=1 ph=3 ap=1 snaps=121 hooks=12 inst=29 leakyRollout "Brilliant Idea" +0.84MB hooks=[onPhaseStart:1 onPhaseEnd:1 onPlay:1 afterSpellResolved:1 onActionUsed:1 onAnyActionResolved:1] cards=[Beato, the Butterfly Witch:1 Willy, the Valiant Leprechaun:1 Arthor, the King of Blackport:1 Luck:1 Brilliant Idea:1]
t=1 ph=3 ap=1 snaps=121 hooks=12 inst=29 rollout "Brilliant Idea" Spell lvl1 hero1
t=1 ph=3 ap=1 snaps=122 hooks=12 inst=29 rollout "Brilliant Idea" Spell lvl1 hero1
t=1 ph=3 ap=1 snaps=123 hooks=12 inst=29 leakyRollout "Brilliant Idea" +0.84MB hooks=[onPhaseStart:1 onPhaseEnd:1 onPlay:1 afterSpellResolved:1 onActionUsed:1 onAnyActionResolved:1] cards=[Beato, the Butterfly Witch:1 Willy, the Valiant Leprechaun:1 Arthor, the King of Blackport:1 Luck:1 Brilliant Idea:1]
t=1 ph=3 ap=1 snaps=123 hooks=12 inst=29 rollout "Brilliant Idea" Spell lvl1 hero1
t=1 ph=3 ap=1 snaps=124 hooks=12 inst=29 leakyRollout "Brilliant Idea" +0.84MB hooks=[onPhaseStart:1 onPhaseEnd:1 onPlay:1 afterSpellResolved:1 onActionUsed:1 onAnyActionResolved:1] cards=[Beato, the Butterfly Witch:1 Willy, the Valiant Leprechaun:1 Arthor, the King of Blackport:1 Luck:1 Brilliant Idea:1]
t=1 ph=3 ap=1 snaps=124 hooks=12 inst=29 rollout "Brilliant Idea" Spell lvl1 hero1
t=1 ph=3 ap=1 snaps=125 hooks=12 inst=29 leakyRollout "Brilliant Idea" +0.84MB hooks=[onPhaseStart:1 onPhaseEnd:1 onPlay:1 afterSpellResolved:1 onActionUsed:1 onAnyActionResolved:1] cards=[Beato, the Butterfly Witch:1 Willy, the Valiant Leprechaun:1 Arthor, the King of Blackport:1 Luck:1 Brilliant Idea:1]
t=1 ph=3 ap=1 snaps=125 hooks=12 inst=29 rollout "Brilliant Idea" Spell lvl1 hero1
t=1 ph=3 ap=1 snaps=126 hooks=12 inst=29 leakyRollout "Brilliant Idea" +0.84MB hooks=[onPhaseStart:1 onPhaseEnd:1 onPlay:1 afterSpellResolved:1 onActionUsed:1 onAnyActionResolved:1] cards=[Beato, the Butterfly Witch:1 Willy, the Valiant Leprechaun:1 Arthor, the King of Blackport:1 Luck:1 Brilliant Idea:1]
t=1 ph=3 ap=1 snaps=126 hooks=12 inst=29 rollout "Brilliant Idea" Spell lvl1 hero1
t=1 ph=3 ap=1 snaps=127 hooks=12 inst=29 leakyRollout "Brilliant Idea" +0.85MB hooks=[onPhaseStart:1 onPhaseEnd:1 onPlay:1 afterSpellResolved:1 onActionUsed:1 onAnyActionResolved:1] cards=[Beato, the Butterfly Witch:1 Willy, the Valiant Leprechaun:1 Arthor, the King of Blackport:1 Luck:1 Brilliant Idea:1]
t=1 ph=3 ap=1 snaps=127 hooks=12 inst=29 rollout "Brilliant Idea" Spell lvl1 hero1
t=1 ph=3 ap=1 snaps=128 hooks=12 inst=29 leakyRollout "Brilliant Idea" +0.84MB hooks=[onPhaseStart:1 onPhaseEnd:1 onPlay:1 afterSpellResolved:1 onActionUsed:1 onAnyActionResolved:1] cards=[Beato, the Butterfly Witch:1 Willy, the Valiant Leprechaun:1 Arthor, the King of Blackport:1 Luck:1 Brilliant Idea:1]
t=1 ph=3 ap=1 snaps=128 hooks=12 inst=29 rollout "Brilliant Idea" Spell lvl1 hero1
t=1 ph=3 ap=1 snaps=129 hooks=12 inst=29 leakyRollout "Brilliant Idea" +0.84MB hooks=[onPhaseStart:1 onPhaseEnd:1 onPlay:1 afterSpellResolved:1 onActionUsed:1 onAnyActionResolved:1] cards=[Beato, the Butterfly Witch:1 Willy, the Valiant Leprechaun:1 Arthor, the King of Blackport:1 Luck:1 Brilliant Idea:1]
t=1 ph=3 ap=1 snaps=129 hooks=12 inst=29 rollout "Brilliant Idea" Spell lvl1 hero1
t=1 ph=3 ap=1 snaps=130 hooks=12 inst=29 leakyRollout "Brilliant Idea" +0.84MB hooks=[onPhaseStart:1 onPhaseEnd:1 onPlay:1 afterSpellResolved:1 onActionUsed:1 onAnyActionResolved:1] cards=[Beato, the Butterfly Witch:1 Willy, the Valiant Leprechaun:1 Arthor, the King of Blackport:1 Luck:1 Brilliant Idea:1]
t=1 ph=3 ap=1 snaps=130 hooks=12 inst=29 rollout "Brilliant Idea" Spell lvl1 hero1
t=1 ph=3 ap=1 snaps=131 hooks=12 inst=29 leakyRollout "Brilliant Idea" +0.84MB hooks=[onPhaseStart:1 onPhaseEnd:1 onPlay:1 afterSpellResolved:1 onActionUsed:1 onAnyActionResolved:1] cards=[Beato, the Butterfly Witch:1 Willy, the Valiant Leprechaun:1 Arthor, the King of Blackport:1 Luck:1 Brilliant Idea:1]
t=1 ph=3 ap=1 snaps=131 hooks=12 inst=29 rollout "Brilliant Idea" Spell lvl1 hero1
t=1 ph=3 ap=1 snaps=132 hooks=12 inst=29 leakyRollout "Brilliant Idea" +0.84MB hooks=[onPhaseStart:1 onPhaseEnd:1 onPlay:1 afterSpellResolved:1 onActionUsed:1 onAnyActionResolved:1] cards=[Beato, the Butterfly Witch:1 Willy, the Valiant Leprechaun:1 Arthor, the King of Blackport:1 Luck:1 Brilliant Idea:1]
t=1 ph=3 ap=1 snaps=132 hooks=12 inst=29 rollout "Brilliant Idea" Spell lvl1 hero1
t=1 ph=3 ap=1 snaps=133 hooks=12 inst=29 leakyRollout "Brilliant Idea" +0.84MB hooks=[onPhaseStart:1 onPhaseEnd:1 onPlay:1 afterSpellResolved:1 onActionUsed:1 onAnyActionResolved:1] cards=[Beato, the Butterfly Witch:1 Willy, the Valiant Leprechaun:1 Arthor, the King of Blackport:1 Luck:1 Brilliant Idea:1]
t=1 ph=3 ap=1 snaps=133 hooks=12 inst=29 rollout "Brilliant Idea" Spell lvl1 hero1
t=1 ph=3 ap=1 snaps=134 hooks=12 inst=29 leakyRollout "Brilliant Idea" +0.84MB hooks=[onPhaseStart:1 onPhaseEnd:1 onPlay:1 afterSpellResolved:1 onActionUsed:1 onAnyActionResolved:1] cards=[Beato, the Butterfly Witch:1 Willy, the Valiant Leprechaun:1 Arthor, the King of Blackport:1 Luck:1 Brilliant Idea:1]
t=1 ph=3 ap=1 snaps=134 hooks=12 inst=29 rollout "Brilliant Idea" Spell lvl1 hero1
t=1 ph=3 ap=1 snaps=135 hooks=12 inst=29 leakyRollout "Brilliant Idea" +0.84MB hooks=[onPhaseStart:1 onPhaseEnd:1 onPlay:1 afterSpellResolved:1 onActionUsed:1 onAnyActionResolved:1] cards=[Beato, the Butterfly Witch:1 Willy, the Valiant Leprechaun:1 Arthor, the King of Blackport:1 Luck:1 Brilliant Idea:1]
t=1 ph=3 ap=1 snaps=135 hooks=12 inst=29 rollout "Brilliant Idea" Spell lvl1 hero1
t=1 ph=3 ap=1 snaps=136 hooks=12 inst=29 leakyRollout "Brilliant Idea" +0.84MB hooks=[onPhaseStart:1 onPhaseEnd:1 onPlay:1 afterSpellResolved:1 onActionUsed:1 onAnyActionResolved:1] cards=[Beato, the Butterfly Witch:1 Willy, the Valiant Leprechaun:1 Arthor, the King of Blackport:1 Luck:1 Brilliant Idea:1]
t=1 ph=3 ap=1 snaps=136 hooks=12 inst=29 rollout "Brilliant Idea" Spell lvl1 hero1
t=1 ph=3 ap=1 snaps=137 hooks=12 inst=29 leakyRollout "Brilliant Idea" +0.84MB hooks=[onPhaseStart:1 onPhaseEnd:1 onPlay:1 afterSpellResolved:1 onActionUsed:1 onAnyActionResolved:1] cards=[Beato, the Butterfly Witch:1 Willy, the Valiant Leprechaun:1 Arthor, the King of Blackport:1 Luck:1 Brilliant Idea:1]
t=1 ph=3 ap=1 snaps=137 hooks=12 inst=29 rollout "Brilliant Idea" Spell lvl1 hero1
t=1 ph=3 ap=1 snaps=138 hooks=12 inst=29 leakyRollout "Brilliant Idea" +0.85MB hooks=[onPhaseStart:1 onPhaseEnd:1 onPlay:1 afterSpellResolved:1 onActionUsed:1 onAnyActionResolved:1] cards=[Beato, the Butterfly Witch:1 Willy, the Valiant Leprechaun:1 Arthor, the King of Blackport:1 Luck:1 Brilliant Idea:1]
t=1 ph=3 ap=1 snaps=138 hooks=12 inst=29 rollout "Brilliant Idea" Spell lvl1 hero1
t=1 ph=3 ap=1 snaps=139 hooks=12 inst=29 leakyRollout "Brilliant Idea" +0.84MB hooks=[onPhaseStart:1 onPhaseEnd:1 onPlay:1 afterSpellResolved:1 onActionUsed:1 onAnyActionResolved:1] cards=[Beato, the Butterfly Witch:1 Willy, the Valiant Leprechaun:1 Arthor, the King of Blackport:1 Luck:1 Brilliant Idea:1]
t=1 ph=3 ap=1 snaps=139 hooks=12 inst=29 rollout "Brilliant Idea" Spell lvl1 hero1
t=1 ph=3 ap=1 snaps=140 hooks=12 inst=29 leakyRollout "Brilliant Idea" +0.84MB hooks=[onPhaseStart:1 onPhaseEnd:1 onPlay:1 afterSpellResolved:1 onActionUsed:1 onAnyActionResolved:1] cards=[Beato, the Butterfly Witch:1 Willy, the Valiant Leprechaun:1 Arthor, the King of Blackport:1 Luck:1 Brilliant Idea:1]
t=1 ph=3 ap=1 snaps=140 hooks=12 inst=29 rollout "Brilliant Idea" Spell lvl1 hero1
t=1 ph=3 ap=1 snaps=141 hooks=12 inst=29 rollout "Brilliant Idea" Spell lvl1 hero1
t=1 ph=3 ap=1 snaps=142 hooks=12 inst=29 leakyRollout "Brilliant Idea" +0.84MB hooks=[onPhaseStart:1 onPhaseEnd:1 onPlay:1 afterSpellResolved:1 onActionUsed:1 onAnyActionResolved:1] cards=[Beato, the Butterfly Witch:1 Willy, the Valiant Leprechaun:1 Arthor, the King of Blackport:1 Luck:1 Brilliant Idea:1]
t=1 ph=3 ap=1 snaps=142 hooks=12 inst=29 rollout "Brilliant Idea" Spell lvl1 hero1
t=1 ph=3 ap=1 snaps=143 hooks=12 inst=29 leakyRollout "Brilliant Idea" +0.84MB hooks=[onPhaseStart:1 onPhaseEnd:1 onPlay:1 afterSpellResolved:1 onActionUsed:1 onAnyActionResolved:1] cards=[Beato, the Butterfly Witch:1 Willy, the Valiant Leprechaun:1 Arthor, the King of Blackport:1 Luck:1 Brilliant Idea:1]
t=1 ph=3 ap=1 snaps=143 hooks=12 inst=29 rollout "Brilliant Idea" Spell lvl1 hero1
t=1 ph=3 ap=1 snaps=144 hooks=12 inst=29 leakyRollout "Brilliant Idea" +0.84MB hooks=[onPhaseStart:1 onPhaseEnd:1 onPlay:1 afterSpellResolved:1 onActionUsed:1 onAnyActionResolved:1] cards=[Beato, the Butterfly Witch:1 Willy, the Valiant Leprechaun:1 Arthor, the King of Blackport:1 Luck:1 Brilliant Idea:1]
t=1 ph=3 ap=1 snaps=144 hooks=12 inst=29 rollout "Brilliant Idea" Spell lvl1 hero1
t=1 ph=3 ap=1 snaps=145 hooks=12 inst=29 leakyRollout "Brilliant Idea" +0.84MB hooks=[onPhaseStart:1 onPhaseEnd:1 onPlay:1 afterSpellResolved:1 onActionUsed:1 onAnyActionResolved:1] cards=[Beato, the Butterfly Witch:1 Willy, the Valiant Leprechaun:1 Arthor, the King of Blackport:1 Luck:1 Brilliant Idea:1]
t=1 ph=3 ap=1 snaps=145 hooks=12 inst=29 rollout "Brilliant Idea" Spell lvl1 hero1
t=1 ph=3 ap=1 snaps=146 hooks=12 inst=29 leakyRollout "Brilliant Idea" +0.83MB hooks=[onPhaseStart:1 onPhaseEnd:1 onPlay:1 afterSpellResolved:1 onActionUsed:1 onAnyActionResolved:1] cards=[Beato, the Butterfly Witch:1 Willy, the Valiant Leprechaun:1 Arthor, the King of Blackport:1 Luck:1 Brilliant Idea:1]
t=1 ph=3 ap=1 snaps=146 hooks=12 inst=29 rollout "Brilliant Idea" Spell lvl1 hero1
t=1 ph=3 ap=1 snaps=147 hooks=12 inst=29 leakyRollout "Brilliant Idea" +0.84MB hooks=[onPhaseStart:1 onPhaseEnd:1 onPlay:1 afterSpellResolved:1 onActionUsed:1 onAnyActionResolved:1] cards=[Beato, the Butterfly Witch:1 Willy, the Valiant Leprechaun:1 Arthor, the King of Blackport:1 Luck:1 Brilliant Idea:1]
t=1 ph=3 ap=1 snaps=147 hooks=12 inst=29 rollout "Brilliant Idea" Spell lvl1 hero1
t=1 ph=3 ap=1 snaps=148 hooks=12 inst=29 leakyRollout "Brilliant Idea" +0.84MB hooks=[onPhaseStart:1 onPhaseEnd:1 onPlay:1 afterSpellResolved:1 onActionUsed:1 onAnyActionResolved:1] cards=[Beato, the Butterfly Witch:1 Willy, the Valiant Leprechaun:1 Arthor, the King of Blackport:1 Luck:1 Brilliant Idea:1]
t=1 ph=3 ap=1 snaps=148 hooks=12 inst=29 rollout "Brilliant Idea" Spell lvl1 hero1
t=1 ph=3 ap=1 snaps=149 hooks=12 inst=29 leakyRollout "Brilliant Idea" +0.84MB hooks=[onPhaseStart:1 onPhaseEnd:1 onPlay:1 afterSpellResolved:1 onActionUsed:1 onAnyActionResolved:1] cards=[Beato, the Butterfly Witch:1 Willy, the Valiant Leprechaun:1 Arthor, the King of Blackport:1 Luck:1 Brilliant Idea:1]
t=1 ph=3 ap=1 snaps=149 hooks=12 inst=29 rollout "Brilliant Idea" Spell lvl1 hero1
t=1 ph=3 ap=1 snaps=150 hooks=12 inst=29 leakyRollout "Brilliant Idea" +0.84MB hooks=[onPhaseStart:1 onPhaseEnd:1 onPlay:1 afterSpellResolved:1 onActionUsed:1 onAnyActionResolved:1] cards=[Beato, the Butterfly Witch:1 Willy, the Valiant Leprechaun:1 Arthor, the King of Blackport:1 Luck:1 Brilliant Idea:1]
t=1 ph=3 ap=1 snaps=150 hooks=12 inst=29 rollout "Brilliant Idea" Spell lvl1 hero1
t=1 ph=3 ap=1 snaps=151 hooks=12 inst=29 leakyRollout "Brilliant Idea" +0.86MB hooks=[onPhaseStart:1 onPhaseEnd:1 onPlay:1 afterSpellResolved:1 onActionUsed:1 onAnyActionResolved:1] cards=[Beato, the Butterfly Witch:1 Willy, the Valiant Leprechaun:1 Arthor, the King of Blackport:1 Luck:1 Brilliant Idea:1]
t=1 ph=3 ap=1 snaps=151 hooks=12 inst=29 rollout "Brilliant Idea" Spell lvl1 hero1
t=1 ph=3 ap=1 snaps=152 hooks=12 inst=29 leakyRollout "Brilliant Idea" +0.84MB hooks=[onPhaseStart:1 onPhaseEnd:1 onPlay:1 afterSpellResolved:1 onActionUsed:1 onAnyActionResolved:1] cards=[Beato, the Butterfly Witch:1 Willy, the Valiant Leprechaun:1 Arthor, the King of Blackport:1 Luck:1 Brilliant Idea:1]
t=1 ph=3 ap=1 snaps=152 hooks=12 inst=29 rollout "Brilliant Idea" Spell lvl1 hero1
t=1 ph=3 ap=1 snaps=153 hooks=12 inst=29 leakyRollout "Brilliant Idea" +0.85MB hooks=[onPhaseStart:1 onPhaseEnd:1 onPlay:1 afterSpellResolved:1 onActionUsed:1 onAnyActionResolved:1] cards=[Beato, the Butterfly Witch:1 Willy, the Valiant Leprechaun:1 Arthor, the King of Blackport:1 Luck:1 Brilliant Idea:1]
t=1 ph=3 ap=1 snaps=153 hooks=12 inst=29 rollout "Brilliant Idea" Spell lvl1 hero1
t=1 ph=3 ap=1 snaps=154 hooks=12 inst=29 leakyRollout "Brilliant Idea" +0.84MB hooks=[onPhaseStart:1 onPhaseEnd:1 onPlay:1 afterSpellResolved:1 onActionUsed:1 onAnyActionResolved:1] cards=[Beato, the Butterfly Witch:1 Willy, the Valiant Leprechaun:1 Arthor, the King of Blackport:1 Luck:1 Brilliant Idea:1]
t=1 ph=3 ap=1 snaps=154 hooks=12 inst=29 rollout "Brilliant Idea" Spell lvl1 hero1
t=1 ph=3 ap=1 snaps=155 hooks=12 inst=29 leakyRollout "Brilliant Idea" +0.84MB hooks=[onPhaseStart:1 onPhaseEnd:1 onPlay:1 afterSpellResolved:1 onActionUsed:1 onAnyActionResolved:1] cards=[Beato, the Butterfly Witch:1 Willy, the Valiant Leprechaun:1 Arthor, the King of Blackport:1 Luck:1 Brilliant Idea:1]
t=1 ph=3 ap=1 snaps=155 hooks=12 inst=29 rollout "Brilliant Idea" Spell lvl1 hero1
t=1 ph=3 ap=1 snaps=156 hooks=12 inst=29 leakyRollout "Brilliant Idea" +0.83MB hooks=[onPhaseStart:1 onPhaseEnd:1 onPlay:1 afterSpellResolved:1 onActionUsed:1 onAnyActionResolved:1] cards=[Beato, the Butterfly Witch:1 Willy, the Valiant Leprechaun:1 Arthor, the King of Blackport:1 Luck:1 Brilliant Idea:1]
t=1 ph=4 ap=1 snaps=158 hooks=18 inst=29 summon "Aggressive Town Guard" p1/h1
t=1 ph=5 ap=1 snaps=167 hooks=36 inst=35 switchTurn ending p1
t=2 ph=2 ap=0 snaps=167 hooks=13 inst=36 cpuTurnStart cpu=p0 hand=6
t=2 ph=3 ap=0 snaps=293 hooks=25 inst=40 rollout "Thieving Strike" Attack lvl2 hero1
t=2 ph=3 ap=0 snaps=294 hooks=25 inst=40 leakyRollout "Thieving Strike" +1.71MB hooks=[beforeDamage:2 afterDamage:2 afterSpellResolved:2 onPhaseStart:1 onPhaseEnd:1 onStatusApplied:1] cards=[Beato, the Butterfly Witch:3 Fighting:3 Luck:3 Blade of the Swamp Witch:3 Earth-Shattering Hammer, Relic of Deri:3 Arthor, the King of Blackport:2]
t=2 ph=3 ap=0 snaps=294 hooks=25 inst=40 rollout "Thieving Strike" Attack lvl2 hero1
t=2 ph=3 ap=0 snaps=295 hooks=25 inst=40 leakyRollout "Thieving Strike" +1.20MB hooks=[onPhaseStart:1 onPhaseEnd:1 onStatusApplied:1 onPlay:1 beforeDamage:1 afterDamage:1] cards=[Fiona, the Princess of Blackport:1 Beato, the Butterfly Witch:1 Willy, the Valiant Leprechaun:1 Arthor, the King of Blackport:1 Luck:1 Blade of the Swamp Witch:1]
t=2 ph=3 ap=0 snaps=295 hooks=25 inst=40 rollout "Thieving Strike" Attack lvl2 hero1
t=2 ph=3 ap=0 snaps=296 hooks=25 inst=40 leakyRollout "Thieving Strike" +1.20MB hooks=[onPhaseStart:1 onPhaseEnd:1 onStatusApplied:1 onPlay:1 beforeDamage:1 afterDamage:1] cards=[Fiona, the Princess of Blackport:1 Beato, the Butterfly Witch:1 Willy, the Valiant Leprechaun:1 Arthor, the King of Blackport:1 Luck:1 Blade of the Swamp Witch:1]
t=2 ph=3 ap=0 snaps=296 hooks=25 inst=40 rollout "Thieving Strike" Attack lvl2 hero1
t=2 ph=3 ap=0 snaps=298 hooks=25 inst=40 leakyRollout "Thieving Strike" +7.28MB hooks=[] cards=[Willy, the Valiant Leprechaun:41 Luck:23 Beato, the Butterfly Witch:16 Arthor, the King of Blackport:12 Wealth:12 Shield of Life:12]
t=2 ph=3 ap=0 snaps=298 hooks=25 inst=40 rollout "Thieving Strike" Attack lvl2 hero1
t=2 ph=3 ap=0 snaps=300 hooks=25 inst=40 rollout "Thieving Strike" Attack lvl2 hero1
t=2 ph=3 ap=0 snaps=301 hooks=25 inst=40 leakyRollout "Thieving Strike" +1.09MB hooks=[onPhaseStart:1 onPhaseEnd:1 onPlay:1 beforeCreatureDamageBatch:1 onCardLeaveZone:1 onCreatureDeath:1] cards=[Beato, the Butterfly Witch:1 Willy, the Valiant Leprechaun:1 Arthor, the King of Blackport:1 Luck:1 Blade of the Swamp Witch:1 Earth-Shattering Hammer, Relic of Deri:1]
t=2 ph=3 ap=0 snaps=301 hooks=25 inst=40 rollout "Thieving Strike" Attack lvl2 hero1
t=2 ph=3 ap=0 snaps=302 hooks=25 inst=40 leakyRollout "Thieving Strike" +1.45MB hooks=[beforeDamage:2 afterDamage:2 afterSpellResolved:2 onPhaseStart:1 onPhaseEnd:1 onStatusApplied:1] cards=[Beato, the Butterfly Witch:3 Fighting:3 Luck:3 Blade of the Swamp Witch:3 Earth-Shattering Hammer, Relic of Deri:3 Arthor, the King of Blackport:2]
t=2 ph=3 ap=0 snaps=302 hooks=25 inst=40 rollout "Thieving Strike" Attack lvl2 hero1
t=2 ph=3 ap=0 snaps=303 hooks=25 inst=40 leakyRollout "Thieving Strike" +1.12MB hooks=[onPhaseStart:1 onPhaseEnd:1 onStatusApplied:1 onPlay:1 beforeDamage:1 afterDamage:1] cards=[Fiona, the Princess of Blackport:1 Beato, the Butterfly Witch:1 Willy, the Valiant Leprechaun:1 Arthor, the King of Blackport:1 Luck:1 Blade of the Swamp Witch:1]
t=2 ph=3 ap=0 snaps=303 hooks=25 inst=40 rollout "Thieving Strike" Attack lvl2 hero1
t=2 ph=3 ap=0 snaps=304 hooks=25 inst=40 leakyRollout "Thieving Strike" +1.44MB hooks=[beforeDamage:2 afterDamage:2 afterSpellResolved:2 onPhaseStart:1 onPhaseEnd:1 onStatusApplied:1] cards=[Beato, the Butterfly Witch:3 Fighting:3 Luck:3 Blade of the Swamp Witch:3 Earth-Shattering Hammer, Relic of Deri:3 Arthor, the King of Blackport:2]
t=2 ph=3 ap=0 snaps=304 hooks=25 inst=40 rollout "Thieving Strike" Attack lvl2 hero1
t=2 ph=3 ap=0 snaps=305 hooks=25 inst=40 leakyRollout "Thieving Strike" +1.44MB hooks=[beforeDamage:2 afterDamage:2 afterSpellResolved:2 onPhaseStart:1 onPhaseEnd:1 onStatusApplied:1] cards=[Beato, the Butterfly Witch:3 Fighting:3 Luck:3 Blade of the Swamp Witch:3 Earth-Shattering Hammer, Relic of Deri:3 Arthor, the King of Blackport:2]
t=2 ph=3 ap=0 snaps=305 hooks=25 inst=40 rollout "Thieving Strike" Attack lvl2 hero1
t=2 ph=3 ap=0 snaps=306 hooks=25 inst=40 leakyRollout "Thieving Strike" +1.45MB hooks=[beforeDamage:2 afterDamage:2 afterSpellResolved:2 onPhaseStart:1 onPhaseEnd:1 onStatusApplied:1] cards=[Beato, the Butterfly Witch:3 Fighting:3 Luck:3 Blade of the Swamp Witch:3 Earth-Shattering Hammer, Relic of Deri:3 Arthor, the King of Blackport:2]
t=2 ph=3 ap=0 snaps=306 hooks=25 inst=40 rollout "Thieving Strike" Attack lvl2 hero1
t=2 ph=3 ap=0 snaps=307 hooks=25 inst=40 leakyRollout "Thieving Strike" +1.46MB hooks=[beforeDamage:2 afterDamage:2 afterSpellResolved:2 onPhaseStart:1 onPhaseEnd:1 onStatusApplied:1] cards=[Beato, the Butterfly Witch:3 Fighting:3 Luck:3 Blade of the Swamp Witch:3 Earth-Shattering Hammer, Relic of Deri:3 Arthor, the King of Blackport:2]
t=2 ph=3 ap=0 snaps=307 hooks=25 inst=40 rollout "Thieving Strike" Attack lvl2 hero1
t=2 ph=3 ap=0 snaps=308 hooks=25 inst=40 leakyRollout "Thieving Strike" +1.46MB hooks=[beforeDamage:2 afterDamage:2 afterSpellResolved:2 onPhaseStart:1 onPhaseEnd:1 onStatusApplied:1] cards=[Beato, the Butterfly Witch:3 Fighting:3 Luck:3 Blade of the Swamp Witch:3 Earth-Shattering Hammer, Relic of Deri:3 Arthor, the King of Blackport:2]
t=2 ph=3 ap=0 snaps=308 hooks=25 inst=40 rollout "Thieving Strike" Attack lvl2 hero1
t=2 ph=3 ap=0 snaps=309 hooks=25 inst=40 rollout "Thieving Strike" Attack lvl2 hero1
t=2 ph=3 ap=0 snaps=310 hooks=25 inst=40 leakyRollout "Thieving Strike" +1.44MB hooks=[beforeDamage:2 afterDamage:2 afterSpellResolved:2 onPhaseStart:1 onPhaseEnd:1 onStatusApplied:1] cards=[Beato, the Butterfly Witch:3 Fighting:3 Luck:3 Blade of the Swamp Witch:3 Earth-Shattering Hammer, Relic of Deri:3 Arthor, the King of Blackport:2]
t=2 ph=3 ap=0 snaps=310 hooks=25 inst=40 rollout "Thieving Strike" Attack lvl2 hero1
t=2 ph=3 ap=0 snaps=311 hooks=25 inst=40 leakyRollout "Thieving Strike" +1.44MB hooks=[beforeDamage:2 afterDamage:2 afterSpellResolved:2 onPhaseStart:1 onPhaseEnd:1 onStatusApplied:1] cards=[Beato, the Butterfly Witch:3 Fighting:3 Luck:3 Blade of the Swamp Witch:3 Earth-Shattering Hammer, Relic of Deri:3 Arthor, the King of Blackport:2]
t=2 ph=3 ap=0 snaps=311 hooks=25 inst=40 rollout "Thieving Strike" Attack lvl2 hero1
t=2 ph=3 ap=0 snaps=312 hooks=25 inst=40 leakyRollout "Thieving Strike" +1.47MB hooks=[beforeDamage:2 afterDamage:2 afterSpellResolved:2 onPhaseStart:1 onPhaseEnd:1 onStatusApplied:1] cards=[Beato, the Butterfly Witch:3 Fighting:3 Luck:3 Blade of the Swamp Witch:3 Earth-Shattering Hammer, Relic of Deri:3 Arthor, the King of Blackport:2]
t=2 ph=3 ap=0 snaps=312 hooks=25 inst=40 rollout "Thieving Strike" Attack lvl2 hero1
t=2 ph=3 ap=0 snaps=313 hooks=25 inst=40 leakyRollout "Thieving Strike" +1.44MB hooks=[beforeDamage:2 afterDamage:2 afterSpellResolved:2 onPhaseStart:1 onPhaseEnd:1 onStatusApplied:1] cards=[Beato, the Butterfly Witch:3 Fighting:3 Luck:3 Blade of the Swamp Witch:3 Earth-Shattering Hammer, Relic of Deri:3 Arthor, the King of Blackport:2]
t=2 ph=3 ap=0 snaps=313 hooks=25 inst=40 rollout "Thieving Strike" Attack lvl2 hero1
t=2 ph=3 ap=0 snaps=314 hooks=25 inst=40 leakyRollout "Thieving Strike" +1.44MB hooks=[beforeDamage:2 afterDamage:2 afterSpellResolved:2 onPhaseStart:1 onPhaseEnd:1 onStatusApplied:1] cards=[Beato, the Butterfly Witch:3 Fighting:3 Luck:3 Blade of the Swamp Witch:3 Earth-Shattering Hammer, Relic of Deri:3 Arthor, the King of Blackport:2]
t=2 ph=3 ap=0 snaps=314 hooks=25 inst=40 rollout "Thieving Strike" Attack lvl2 hero1
t=2 ph=3 ap=0 snaps=315 hooks=25 inst=40 leakyRollout "Thieving Strike" +1.42MB hooks=[beforeDamage:2 afterDamage:2 afterSpellResolved:2 onPhaseStart:1 onPhaseEnd:1 onStatusApplied:1] cards=[Beato, the Butterfly Witch:3 Fighting:3 Luck:3 Blade of the Swamp Witch:3 Earth-Shattering Hammer, Relic of Deri:3 Arthor, the King of Blackport:2]
t=2 ph=3 ap=0 snaps=315 hooks=25 inst=40 rollout "Thieving Strike" Attack lvl2 hero1
t=2 ph=3 ap=0 snaps=316 hooks=25 inst=40 leakyRollout "Thieving Strike" +1.42MB hooks=[beforeDamage:2 afterDamage:2 afterSpellResolved:2 onPhaseStart:1 onPhaseEnd:1 onStatusApplied:1] cards=[Beato, the Butterfly Witch:3 Fighting:3 Luck:3 Blade of the Swamp Witch:3 Earth-Shattering Hammer, Relic of Deri:3 Arthor, the King of Blackport:2]
t=2 ph=3 ap=0 snaps=316 hooks=25 inst=40 rollout "Thieving Strike" Attack lvl2 hero1
t=2 ph=3 ap=0 snaps=317 hooks=25 inst=40 leakyRollout "Thieving Strike" +1.47MB hooks=[beforeDamage:2 afterDamage:2 afterSpellResolved:2 onPhaseStart:1 onPhaseEnd:1 onStatusApplied:1] cards=[Beato, the Butterfly Witch:3 Fighting:3 Luck:3 Blade of the Swamp Witch:3 Earth-Shattering Hammer, Relic of Deri:3 Arthor, the King of Blackport:2]
t=2 ph=3 ap=0 snaps=317 hooks=25 inst=40 rollout "Thieving Strike" Attack lvl2 hero1
t=2 ph=3 ap=0 snaps=318 hooks=25 inst=40 leakyRollout "Thieving Strike" +1.41MB hooks=[beforeDamage:2 afterDamage:2 afterSpellResolved:2 onPhaseStart:1 onPhaseEnd:1 onStatusApplied:1] cards=[Beato, the Butterfly Witch:3 Fighting:3 Luck:3 Blade of the Swamp Witch:3 Earth-Shattering Hammer, Relic of Deri:3 Arthor, the King of Blackport:2]
t=2 ph=3 ap=0 snaps=318 hooks=25 inst=40 rollout "Thieving Strike" Attack lvl2 hero1
t=2 ph=3 ap=0 snaps=319 hooks=25 inst=40 leakyRollout "Thieving Strike" +1.42MB hooks=[beforeDamage:2 afterDamage:2 afterSpellResolved:2 onPhaseStart:1 onPhaseEnd:1 onStatusApplied:1] cards=[Beato, the Butterfly Witch:3 Fighting:3 Luck:3 Blade of the Swamp Witch:3 Earth-Shattering Hammer, Relic of Deri:3 Arthor, the King of Blackport:2]
t=2 ph=3 ap=0 snaps=319 hooks=25 inst=40 rollout "Thieving Strike" Attack lvl2 hero1
t=2 ph=3 ap=0 snaps=320 hooks=25 inst=40 rollout "Thieving Strike" Attack lvl2 hero1
t=2 ph=3 ap=0 snaps=321 hooks=25 inst=40 leakyRollout "Thieving Strike" +1.42MB hooks=[beforeDamage:2 afterDamage:2 afterSpellResolved:2 onPhaseStart:1 onPhaseEnd:1 onStatusApplied:1] cards=[Beato, the Butterfly Witch:3 Fighting:3 Luck:3 Blade of the Swamp Witch:3 Earth-Shattering Hammer, Relic of Deri:3 Arthor, the King of Blackport:2]
t=2 ph=3 ap=0 snaps=321 hooks=25 inst=40 rollout "Thieving Strike" Attack lvl2 hero1
t=2 ph=3 ap=0 snaps=322 hooks=25 inst=40 leakyRollout "Thieving Strike" +1.42MB hooks=[beforeDamage:2 afterDamage:2 afterSpellResolved:2 onPhaseStart:1 onPhaseEnd:1 onStatusApplied:1] cards=[Beato, the Butterfly Witch:3 Fighting:3 Luck:3 Blade of the Swamp Witch:3 Earth-Shattering Hammer, Relic of Deri:3 Arthor, the King of Blackport:2]
t=2 ph=3 ap=0 snaps=322 hooks=25 inst=40 rollout "Thieving Strike" Attack lvl2 hero1
t=2 ph=3 ap=0 snaps=323 hooks=25 inst=40 leakyRollout "Thieving Strike" +1.41MB hooks=[beforeDamage:2 afterDamage:2 afterSpellResolved:2 onPhaseStart:1 onPhaseEnd:1 onStatusApplied:1] cards=[Beato, the Butterfly Witch:3 Fighting:3 Luck:3 Blade of the Swamp Witch:3 Earth-Shattering Hammer, Relic of Deri:3 Arthor, the King of Blackport:2]
t=2 ph=3 ap=0 snaps=323 hooks=25 inst=40 rollout "Thieving Strike" Attack lvl2 hero1
t=2 ph=3 ap=0 snaps=324 hooks=25 inst=40 leakyRollout "Thieving Strike" +1.41MB hooks=[beforeDamage:2 afterDamage:2 afterSpellResolved:2 onPhaseStart:1 onPhaseEnd:1 onStatusApplied:1] cards=[Beato, the Butterfly Witch:3 Fighting:3 Luck:3 Blade of the Swamp Witch:3 Earth-Shattering Hammer, Relic of Deri:3 Arthor, the King of Blackport:2]
t=2 ph=3 ap=0 snaps=324 hooks=25 inst=40 rollout "Thieving Strike" Attack lvl2 hero1
t=2 ph=3 ap=0 snaps=325 hooks=25 inst=40 leakyRollout "Thieving Strike" +1.41MB hooks=[beforeDamage:2 afterDamage:2 afterSpellResolved:2 onPhaseStart:1 onPhaseEnd:1 onStatusApplied:1] cards=[Beato, the Butterfly Witch:3 Fighting:3 Luck:3 Blade of the Swamp Witch:3 Earth-Shattering Hammer, Relic of Deri:3 Arthor, the King of Blackport:2]
t=2 ph=3 ap=0 snaps=325 hooks=25 inst=40 rollout "Thieving Strike" Attack lvl2 hero1
t=2 ph=3 ap=0 snaps=326 hooks=25 inst=40 leakyRollout "Thieving Strike" +1.41MB hooks=[beforeDamage:2 afterDamage:2 afterSpellResolved:2 onPhaseStart:1 onPhaseEnd:1 onStatusApplied:1] cards=[Beato, the Butterfly Witch:3 Fighting:3 Luck:3 Blade of the Swamp Witch:3 Earth-Shattering Hammer, Relic of Deri:3 Arthor, the King of Blackport:2]
t=2 ph=3 ap=0 snaps=326 hooks=25 inst=40 rollout "Thieving Strike" Attack lvl2 hero1
t=2 ph=3 ap=0 snaps=327 hooks=25 inst=40 leakyRollout "Thieving Strike" +1.41MB hooks=[beforeDamage:2 afterDamage:2 afterSpellResolved:2 onPhaseStart:1 onPhaseEnd:1 onStatusApplied:1] cards=[Beato, the Butterfly Witch:3 Fighting:3 Luck:3 Blade of the Swamp Witch:3 Earth-Shattering Hammer, Relic of Deri:3 Arthor, the King of Blackport:2]
t=2 ph=3 ap=0 snaps=327 hooks=25 inst=40 rollout "Thieving Strike" Attack lvl2 hero1
t=2 ph=3 ap=0 snaps=328 hooks=25 inst=40 leakyRollout "Thieving Strike" +1.42MB hooks=[beforeDamage:2 afterDamage:2 afterSpellResolved:2 onPhaseStart:1 onPhaseEnd:1 onStatusApplied:1] cards=[Beato, the Butterfly Witch:3 Fighting:3 Luck:3 Blade of the Swamp Witch:3 Earth-Shattering Hammer, Relic of Deri:3 Arthor, the King of Blackport:2]
t=2 ph=3 ap=0 snaps=328 hooks=25 inst=40 rollout "Thieving Strike" Attack lvl2 hero1
t=2 ph=3 ap=0 snaps=329 hooks=25 inst=40 leakyRollout "Thieving Strike" +1.42MB hooks=[beforeDamage:2 afterDamage:2 afterSpellResolved:2 onPhaseStart:1 onPhaseEnd:1 onStatusApplied:1] cards=[Beato, the Butterfly Witch:3 Fighting:3 Luck:3 Blade of the Swamp Witch:3 Earth-Shattering Hammer, Relic of Deri:3 Arthor, the King of Blackport:2]
t=2 ph=3 ap=0 snaps=329 hooks=25 inst=40 rollout "Thieving Strike" Attack lvl2 hero1
t=2 ph=3 ap=0 snaps=330 hooks=25 inst=40 leakyRollout "Thieving Strike" +1.41MB hooks=[beforeDamage:2 afterDamage:2 afterSpellResolved:2 onPhaseStart:1 onPhaseEnd:1 onStatusApplied:1] cards=[Beato, the Butterfly Witch:3 Fighting:3 Luck:3 Blade of the Swamp Witch:3 Earth-Shattering Hammer, Relic of Deri:3 Arthor, the King of Blackport:2]
t=2 ph=3 ap=0 snaps=330 hooks=25 inst=40 rollout "Thieving Strike" Attack lvl2 hero1
t=2 ph=3 ap=0 snaps=331 hooks=25 inst=40 rollout "Thieving Strike" Attack lvl2 hero1
t=2 ph=3 ap=0 snaps=332 hooks=25 inst=40 leakyRollout "Thieving Strike" +1.41MB hooks=[beforeDamage:2 afterDamage:2 afterSpellResolved:2 onPhaseStart:1 onPhaseEnd:1 onStatusApplied:1] cards=[Beato, the Butterfly Witch:3 Fighting:3 Luck:3 Blade of the Swamp Witch:3 Earth-Shattering Hammer, Relic of Deri:3 Arthor, the King of Blackport:2]
t=2 ph=3 ap=0 snaps=332 hooks=25 inst=40 rollout "Thieving Strike" Attack lvl2 hero1
t=2 ph=3 ap=0 snaps=333 hooks=25 inst=40 leakyRollout "Thieving Strike" +1.42MB hooks=[beforeDamage:2 afterDamage:2 afterSpellResolved:2 onPhaseStart:1 onPhaseEnd:1 onStatusApplied:1] cards=[Beato, the Butterfly Witch:3 Fighting:3 Luck:3 Blade of the Swamp Witch:3 Earth-Shattering Hammer, Relic of Deri:3 Arthor, the King of Blackport:2]
t=2 ph=3 ap=0 snaps=333 hooks=25 inst=40 rollout "Thieving Strike" Attack lvl2 hero1
t=2 ph=3 ap=0 snaps=334 hooks=25 inst=40 leakyRollout "Thieving Strike" +1.41MB hooks=[beforeDamage:2 afterDamage:2 afterSpellResolved:2 onPhaseStart:1 onPhaseEnd:1 onStatusApplied:1] cards=[Beato, the Butterfly Witch:3 Fighting:3 Luck:3 Blade of the Swamp Witch:3 Earth-Shattering Hammer, Relic of Deri:3 Arthor, the King of Blackport:2]
t=2 ph=3 ap=0 snaps=334 hooks=25 inst=40 rollout "Thieving Strike" Attack lvl2 hero1
t=2 ph=3 ap=0 snaps=335 hooks=25 inst=40 leakyRollout "Thieving Strike" +1.41MB hooks=[beforeDamage:2 afterDamage:2 afterSpellResolved:2 onPhaseStart:1 onPhaseEnd:1 onStatusApplied:1] cards=[Beato, the Butterfly Witch:3 Fighting:3 Luck:3 Blade of the Swamp Witch:3 Earth-Shattering Hammer, Relic of Deri:3 Arthor, the King of Blackport:2]
t=2 ph=3 ap=0 snaps=335 hooks=25 inst=40 rollout "Thieving Strike" Attack lvl2 hero1
t=2 ph=3 ap=0 snaps=336 hooks=25 inst=40 leakyRollout "Thieving Strike" +1.41MB hooks=[beforeDamage:2 afterDamage:2 afterSpellResolved:2 onPhaseStart:1 onPhaseEnd:1 onStatusApplied:1] cards=[Beato, the Butterfly Witch:3 Fighting:3 Luck:3 Blade of the Swamp Witch:3 Earth-Shattering Hammer, Relic of Deri:3 Arthor, the King of Blackport:2]
t=2 ph=3 ap=0 snaps=336 hooks=25 inst=40 rollout "Thieving Strike" Attack lvl2 hero1
t=2 ph=3 ap=0 snaps=337 hooks=25 inst=40 leakyRollout "Thieving Strike" +1.41MB hooks=[beforeDamage:2 afterDamage:2 afterSpellResolved:2 onPhaseStart:1 onPhaseEnd:1 onStatusApplied:1] cards=[Beato, the Butterfly Witch:3 Fighting:3 Luck:3 Blade of the Swamp Witch:3 Earth-Shattering Hammer, Relic of Deri:3 Arthor, the King of Blackport:2]
t=2 ph=3 ap=0 snaps=337 hooks=25 inst=40 rollout "Thieving Strike" Attack lvl2 hero1
t=2 ph=3 ap=0 snaps=338 hooks=25 inst=40 leakyRollout "Thieving Strike" +1.41MB hooks=[beforeDamage:2 afterDamage:2 afterSpellResolved:2 onPhaseStart:1 onPhaseEnd:1 onStatusApplied:1] cards=[Beato, the Butterfly Witch:3 Fighting:3 Luck:3 Blade of the Swamp Witch:3 Earth-Shattering Hammer, Relic of Deri:3 Arthor, the King of Blackport:2]
t=2 ph=3 ap=0 snaps=338 hooks=25 inst=40 rollout "Thieving Strike" Attack lvl2 hero1
t=2 ph=3 ap=0 snaps=339 hooks=25 inst=40 leakyRollout "Thieving Strike" +1.41MB hooks=[beforeDamage:2 afterDamage:2 afterSpellResolved:2 onPhaseStart:1 onPhaseEnd:1 onStatusApplied:1] cards=[Beato, the Butterfly Witch:3 Fighting:3 Luck:3 Blade of the Swamp Witch:3 Earth-Shattering Hammer, Relic of Deri:3 Arthor, the King of Blackport:2]
t=2 ph=3 ap=0 snaps=339 hooks=25 inst=40 rollout "Thieving Strike" Attack lvl2 hero1
t=2 ph=3 ap=0 snaps=340 hooks=25 inst=40 leakyRollout "Thieving Strike" +1.41MB hooks=[beforeDamage:2 afterDamage:2 afterSpellResolved:2 onPhaseStart:1 onPhaseEnd:1 onStatusApplied:1] cards=[Beato, the Butterfly Witch:3 Fighting:3 Luck:3 Blade of the Swamp Witch:3 Earth-Shattering Hammer, Relic of Deri:3 Arthor, the King of Blackport:2]
t=2 ph=3 ap=0 snaps=340 hooks=25 inst=40 rollout "Thieving Strike" Attack lvl2 hero1
t=2 ph=3 ap=0 snaps=341 hooks=25 inst=40 leakyRollout "Thieving Strike" +1.41MB hooks=[beforeDamage:2 afterDamage:2 afterSpellResolved:2 onPhaseStart:1 onPhaseEnd:1 onStatusApplied:1] cards=[Beato, the Butterfly Witch:3 Fighting:3 Luck:3 Blade of the Swamp Witch:3 Earth-Shattering Hammer, Relic of Deri:3 Arthor, the King of Blackport:2]
t=2 ph=3 ap=0 snaps=341 hooks=25 inst=40 rollout "Thieving Strike" Attack lvl2 hero1
t=2 ph=3 ap=0 snaps=342 hooks=25 inst=40 rollout "Thieving Strike" Attack lvl2 hero1
t=2 ph=3 ap=0 snaps=343 hooks=25 inst=40 leakyRollout "Thieving Strike" +1.42MB hooks=[beforeDamage:2 afterDamage:2 afterSpellResolved:2 onPhaseStart:1 onPhaseEnd:1 onStatusApplied:1] cards=[Beato, the Butterfly Witch:3 Fighting:3 Luck:3 Blade of the Swamp Witch:3 Earth-Shattering Hammer, Relic of Deri:3 Arthor, the King of Blackport:2]
t=2 ph=3 ap=0 snaps=343 hooks=25 inst=40 rollout "Thieving Strike" Attack lvl2 hero1
t=2 ph=3 ap=0 snaps=344 hooks=25 inst=40 leakyRollout "Thieving Strike" +1.41MB hooks=[beforeDamage:2 afterDamage:2 afterSpellResolved:2 onPhaseStart:1 onPhaseEnd:1 onStatusApplied:1] cards=[Beato, the Butterfly Witch:3 Fighting:3 Luck:3 Blade of the Swamp Witch:3 Earth-Shattering Hammer, Relic of Deri:3 Arthor, the King of Blackport:2]
t=2 ph=3 ap=0 snaps=344 hooks=25 inst=40 rollout "Thieving Strike" Attack lvl2 hero1
t=2 ph=3 ap=0 snaps=345 hooks=25 inst=40 leakyRollout "Thieving Strike" +1.41MB hooks=[beforeDamage:2 afterDamage:2 afterSpellResolved:2 onPhaseStart:1 onPhaseEnd:1 onStatusApplied:1] cards=[Beato, the Butterfly Witch:3 Fighting:3 Luck:3 Blade of the Swamp Witch:3 Earth-Shattering Hammer, Relic of Deri:3 Arthor, the King of Blackport:2]
t=2 ph=3 ap=0 snaps=345 hooks=25 inst=40 rollout "Thieving Strike" Attack lvl2 hero1
t=2 ph=3 ap=0 snaps=346 hooks=25 inst=40 leakyRollout "Thieving Strike" +1.42MB hooks=[beforeDamage:2 afterDamage:2 afterSpellResolved:2 onPhaseStart:1 onPhaseEnd:1 onStatusApplied:1] cards=[Beato, the Butterfly Witch:3 Fighting:3 Luck:3 Blade of the Swamp Witch:3 Earth-Shattering Hammer, Relic of Deri:3 Arthor, the King of Blackport:2]
t=2 ph=3 ap=0 snaps=346 hooks=25 inst=40 rollout "Thieving Strike" Attack lvl2 hero1
t=2 ph=3 ap=0 snaps=347 hooks=25 inst=40 leakyRollout "Thieving Strike" +1.41MB hooks=[beforeDamage:2 afterDamage:2 afterSpellResolved:2 onPhaseStart:1 onPhaseEnd:1 onStatusApplied:1] cards=[Beato, the Butterfly Witch:3 Fighting:3 Luck:3 Blade of the Swamp Witch:3 Earth-Shattering Hammer, Relic of Deri:3 Arthor, the King of Blackport:2]
t=2 ph=3 ap=0 snaps=347 hooks=25 inst=40 rollout "Thieving Strike" Attack lvl2 hero1
t=2 ph=3 ap=0 snaps=348 hooks=25 inst=40 leakyRollout "Thieving Strike" +1.41MB hooks=[beforeDamage:2 afterDamage:2 afterSpellResolved:2 onPhaseStart:1 onPhaseEnd:1 onStatusApplied:1] cards=[Beato, the Butterfly Witch:3 Fighting:3 Luck:3 Blade of the Swamp Witch:3 Earth-Shattering Hammer, Relic of Deri:3 Arthor, the King of Blackport:2]
t=2 ph=3 ap=0 snaps=348 hooks=25 inst=40 rollout "Thieving Strike" Attack lvl2 hero1
t=2 ph=3 ap=0 snaps=349 hooks=25 inst=40 leakyRollout "Thieving Strike" +1.42MB hooks=[beforeDamage:2 afterDamage:2 afterSpellResolved:2 onPhaseStart:1 onPhaseEnd:1 onStatusApplied:1] cards=[Beato, the Butterfly Witch:3 Fighting:3 Luck:3 Blade of the Swamp Witch:3 Earth-Shattering Hammer, Relic of Deri:3 Arthor, the King of Blackport:2]
t=2 ph=3 ap=0 snaps=349 hooks=25 inst=40 rollout "Thieving Strike" Attack lvl2 hero1
t=2 ph=3 ap=0 snaps=350 hooks=25 inst=40 leakyRollout "Thieving Strike" +1.41MB hooks=[beforeDamage:2 afterDamage:2 afterSpellResolved:2 onPhaseStart:1 onPhaseEnd:1 onStatusApplied:1] cards=[Beato, the Butterfly Witch:3 Fighting:3 Luck:3 Blade of the Swamp Witch:3 Earth-Shattering Hammer, Relic of Deri:3 Arthor, the King of Blackport:2]
t=2 ph=3 ap=0 snaps=350 hooks=25 inst=40 rollout "Thieving Strike" Attack lvl2 hero1
t=2 ph=3 ap=0 snaps=351 hooks=25 inst=40 leakyRollout "Thieving Strike" +1.41MB hooks=[beforeDamage:2 afterDamage:2 afterSpellResolved:2 onPhaseStart:1 onPhaseEnd:1 onStatusApplied:1] cards=[Beato, the Butterfly Witch:3 Fighting:3 Luck:3 Blade of the Swamp Witch:3 Earth-Shattering Hammer, Relic of Deri:3 Arthor, the King of Blackport:2]
t=2 ph=3 ap=0 snaps=351 hooks=25 inst=40 rollout "Thieving Strike" Attack lvl2 hero1
t=2 ph=3 ap=0 snaps=352 hooks=25 inst=40 leakyRollout "Thieving Strike" +1.41MB hooks=[beforeDamage:2 afterDamage:2 afterSpellResolved:2 onPhaseStart:1 onPhaseEnd:1 onStatusApplied:1] cards=[Beato, the Butterfly Witch:3 Fighting:3 Luck:3 Blade of the Swamp Witch:3 Earth-Shattering Hammer, Relic of Deri:3 Arthor, the King of Blackport:2]
t=2 ph=3 ap=0 snaps=352 hooks=25 inst=40 rollout "Thieving Strike" Attack lvl2 hero1
t=2 ph=3 ap=0 snaps=353 hooks=25 inst=40 rollout "Thieving Strike" Attack lvl2 hero1
t=2 ph=3 ap=0 snaps=354 hooks=25 inst=40 leakyRollout "Thieving Strike" +1.42MB hooks=[beforeDamage:2 afterDamage:2 afterSpellResolved:2 onPhaseStart:1 onPhaseEnd:1 onStatusApplied:1] cards=[Beato, the Butterfly Witch:3 Fighting:3 Luck:3 Blade of the Swamp Witch:3 Earth-Shattering Hammer, Relic of Deri:3 Arthor, the King of Blackport:2]
t=2 ph=3 ap=0 snaps=354 hooks=25 inst=40 rollout "Thieving Strike" Attack lvl2 hero1
t=2 ph=3 ap=0 snaps=355 hooks=25 inst=40 leakyRollout "Thieving Strike" +1.41MB hooks=[beforeDamage:2 afterDamage:2 afterSpellResolved:2 onPhaseStart:1 onPhaseEnd:1 onStatusApplied:1] cards=[Beato, the Butterfly Witch:3 Fighting:3 Luck:3 Blade of the Swamp Witch:3 Earth-Shattering Hammer, Relic of Deri:3 Arthor, the King of Blackport:2]
t=2 ph=3 ap=0 snaps=355 hooks=25 inst=40 rollout "Thieving Strike" Attack lvl2 hero1
t=2 ph=3 ap=0 snaps=356 hooks=25 inst=40 leakyRollout "Thieving Strike" +1.41MB hooks=[beforeDamage:2 afterDamage:2 afterSpellResolved:2 onPhaseStart:1 onPhaseEnd:1 onStatusApplied:1] cards=[Beato, the Butterfly Witch:3 Fighting:3 Luck:3 Blade of the Swamp Witch:3 Earth-Shattering Hammer, Relic of Deri:3 Arthor, the King of Blackport:2]
t=2 ph=3 ap=0 snaps=356 hooks=25 inst=40 rollout "Thieving Strike" Attack lvl2 hero1
t=2 ph=3 ap=0 snaps=357 hooks=25 inst=40 leakyRollout "Thieving Strike" +1.41MB hooks=[beforeDamage:2 afterDamage:2 afterSpellResolved:2 onPhaseStart:1 onPhaseEnd:1 onStatusApplied:1] cards=[Beato, the Butterfly Witch:3 Fighting:3 Luck:3 Blade of the Swamp Witch:3 Earth-Shattering Hammer, Relic of Deri:3 Arthor, the King of Blackport:2]
t=2 ph=3 ap=0 snaps=357 hooks=25 inst=40 rollout "Thieving Strike" Attack lvl2 hero1
t=2 ph=3 ap=0 snaps=358 hooks=25 inst=40 leakyRollout "Thieving Strike" +1.41MB hooks=[beforeDamage:2 afterDamage:2 afterSpellResolved:2 onPhaseStart:1 onPhaseEnd:1 onStatusApplied:1] cards=[Beato, the Butterfly Witch:3 Fighting:3 Luck:3 Blade of the Swamp Witch:3 Earth-Shattering Hammer, Relic of Deri:3 Arthor, the King of Blackport:2]
t=2 ph=3 ap=0 snaps=358 hooks=25 inst=40 rollout "Thieving Strike" Attack lvl2 hero1
t=2 ph=3 ap=0 snaps=359 hooks=25 inst=40 leakyRollout "Thieving Strike" +1.41MB hooks=[beforeDamage:2 afterDamage:2 afterSpellResolved:2 onPhaseStart:1 onPhaseEnd:1 onStatusApplied:1] cards=[Beato, the Butterfly Witch:3 Fighting:3 Luck:3 Blade of the Swamp Witch:3 Earth-Shattering Hammer, Relic of Deri:3 Arthor, the King of Blackport:2]
t=2 ph=3 ap=0 snaps=359 hooks=25 inst=40 rollout "Thieving Strike" Attack lvl2 hero1
t=2 ph=3 ap=0 snaps=360 hooks=25 inst=40 leakyRollout "Thieving Strike" +1.41MB hooks=[beforeDamage:2 afterDamage:2 afterSpellResolved:2 onPhaseStart:1 onPhaseEnd:1 onStatusApplied:1] cards=[Beato, the Butterfly Witch:3 Fighting:3 Luck:3 Blade of the Swamp Witch:3 Earth-Shattering Hammer, Relic of Deri:3 Arthor, the King of Blackport:2]
t=2 ph=3 ap=0 snaps=360 hooks=25 inst=40 rollout "Thieving Strike" Attack lvl2 hero1
t=2 ph=3 ap=0 snaps=361 hooks=25 inst=40 leakyRollout "Thieving Strike" +1.41MB hooks=[beforeDamage:2 afterDamage:2 afterSpellResolved:2 onPhaseStart:1 onPhaseEnd:1 onStatusApplied:1] cards=[Beato, the Butterfly Witch:3 Fighting:3 Luck:3 Blade of the Swamp Witch:3 Earth-Shattering Hammer, Relic of Deri:3 Arthor, the King of Blackport:2]
t=2 ph=3 ap=0 snaps=361 hooks=25 inst=40 rollout "Thieving Strike" Attack lvl2 hero1
t=2 ph=3 ap=0 snaps=362 hooks=25 inst=40 leakyRollout "Thieving Strike" +1.42MB hooks=[beforeDamage:2 afterDamage:2 afterSpellResolved:2 onPhaseStart:1 onPhaseEnd:1 onStatusApplied:1] cards=[Beato, the Butterfly Witch:3 Fighting:3 Luck:3 Blade of the Swamp Witch:3 Earth-Shattering Hammer, Relic of Deri:3 Arthor, the King of Blackport:2]
t=2 ph=3 ap=0 snaps=362 hooks=25 inst=40 rollout "Thieving Strike" Attack lvl2 hero1
t=2 ph=3 ap=0 snaps=363 hooks=25 inst=40 leakyRollout "Thieving Strike" +1.42MB hooks=[beforeDamage:2 afterDamage:2 afterSpellResolved:2 onPhaseStart:1 onPhaseEnd:1 onStatusApplied:1] cards=[Beato, the Butterfly Witch:3 Fighting:3 Luck:3 Blade of the Swamp Witch:3 Earth-Shattering Hammer, Relic of Deri:3 Arthor, the King of Blackport:2]
t=2 ph=3 ap=0 snaps=363 hooks=25 inst=40 rollout "Thieving Strike" Attack lvl2 hero1
t=2 ph=3 ap=0 snaps=364 hooks=25 inst=40 rollout "Thieving Strike" Attack lvl2 hero1
t=2 ph=3 ap=0 snaps=365 hooks=25 inst=40 leakyRollout "Thieving Strike" +1.41MB hooks=[beforeDamage:2 afterDamage:2 afterSpellResolved:2 onPhaseStart:1 onPhaseEnd:1 onStatusApplied:1] cards=[Beato, the Butterfly Witch:3 Fighting:3 Luck:3 Blade of the Swamp Witch:3 Earth-Shattering Hammer, Relic of Deri:3 Arthor, the King of Blackport:2]
t=2 ph=3 ap=0 snaps=365 hooks=25 inst=40 rollout "Thieving Strike" Attack lvl2 hero1
t=2 ph=3 ap=0 snaps=366 hooks=25 inst=40 leakyRollout "Thieving Strike" +1.41MB hooks=[beforeDamage:2 afterDamage:2 afterSpellResolved:2 onPhaseStart:1 onPhaseEnd:1 onStatusApplied:1] cards=[Beato, the Butterfly Witch:3 Fighting:3 Luck:3 Blade of the Swamp Witch:3 Earth-Shattering Hammer, Relic of Deri:3 Arthor, the King of Blackport:2]
t=2 ph=3 ap=0 snaps=366 hooks=25 inst=40 rollout "Thieving Strike" Attack lvl2 hero1
t=2 ph=3 ap=0 snaps=367 hooks=25 inst=40 leakyRollout "Thieving Strike" +1.41MB hooks=[beforeDamage:2 afterDamage:2 afterSpellResolved:2 onPhaseStart:1 onPhaseEnd:1 onStatusApplied:1] cards=[Beato, the Butterfly Witch:3 Fighting:3 Luck:3 Blade of the Swamp Witch:3 Earth-Shattering Hammer, Relic of Deri:3 Arthor, the King of Blackport:2]
t=2 ph=3 ap=0 snaps=367 hooks=25 inst=40 rollout "Thieving Strike" Attack lvl2 hero1
t=2 ph=3 ap=0 snaps=368 hooks=25 inst=40 leakyRollout "Thieving Strike" +1.41MB hooks=[beforeDamage:2 afterDamage:2 afterSpellResolved:2 onPhaseStart:1 onPhaseEnd:1 onStatusApplied:1] cards=[Beato, the Butterfly Witch:3 Fighting:3 Luck:3 Blade of the Swamp Witch:3 Earth-Shattering Hammer, Relic of Deri:3 Arthor, the King of Blackport:2]
t=2 ph=3 ap=0 snaps=368 hooks=25 inst=40 rollout "Thieving Strike" Attack lvl2 hero1
t=2 ph=3 ap=0 snaps=369 hooks=25 inst=40 leakyRollout "Thieving Strike" +1.41MB hooks=[beforeDamage:2 afterDamage:2 afterSpellResolved:2 onPhaseStart:1 onPhaseEnd:1 onStatusApplied:1] cards=[Beato, the Butterfly Witch:3 Fighting:3 Luck:3 Blade of the Swamp Witch:3 Earth-Shattering Hammer, Relic of Deri:3 Arthor, the King of Blackport:2]
t=2 ph=3 ap=0 snaps=369 hooks=25 inst=40 rollout "Thieving Strike" Attack lvl2 hero1
t=2 ph=3 ap=0 snaps=370 hooks=25 inst=40 leakyRollout "Thieving Strike" +1.41MB hooks=[beforeDamage:2 afterDamage:2 afterSpellResolved:2 onPhaseStart:1 onPhaseEnd:1 onStatusApplied:1] cards=[Beato, the Butterfly Witch:3 Fighting:3 Luck:3 Blade of the Swamp Witch:3 Earth-Shattering Hammer, Relic of Deri:3 Arthor, the King of Blackport:2]
t=2 ph=3 ap=0 snaps=370 hooks=25 inst=40 rollout "Thieving Strike" Attack lvl2 hero1
t=2 ph=3 ap=0 snaps=371 hooks=25 inst=40 leakyRollout "Thieving Strike" +1.41MB hooks=[beforeDamage:2 afterDamage:2 afterSpellResolved:2 onPhaseStart:1 onPhaseEnd:1 onStatusApplied:1] cards=[Beato, the Butterfly Witch:3 Fighting:3 Luck:3 Blade of the Swamp Witch:3 Earth-Shattering Hammer, Relic of Deri:3 Arthor, the King of Blackport:2]
t=2 ph=3 ap=0 snaps=371 hooks=25 inst=40 rollout "Thieving Strike" Attack lvl2 hero1
t=2 ph=3 ap=0 snaps=372 hooks=25 inst=40 leakyRollout "Thieving Strike" +1.41MB hooks=[beforeDamage:2 afterDamage:2 afterSpellResolved:2 onPhaseStart:1 onPhaseEnd:1 onStatusApplied:1] cards=[Beato, the Butterfly Witch:3 Fighting:3 Luck:3 Blade of the Swamp Witch:3 Earth-Shattering Hammer, Relic of Deri:3 Arthor, the King of Blackport:2]
t=2 ph=3 ap=0 snaps=372 hooks=25 inst=40 rollout "Thieving Strike" Attack lvl2 hero1
t=2 ph=3 ap=0 snaps=373 hooks=25 inst=40 leakyRollout "Thieving Strike" +1.41MB hooks=[beforeDamage:2 afterDamage:2 afterSpellResolved:2 onPhaseStart:1 onPhaseEnd:1 onStatusApplied:1] cards=[Beato, the Butterfly Witch:3 Fighting:3 Luck:3 Blade of the Swamp Witch:3 Earth-Shattering Hammer, Relic of Deri:3 Arthor, the King of Blackport:2]
t=2 ph=3 ap=0 snaps=373 hooks=25 inst=40 rollout "Thieving Strike" Attack lvl2 hero1
t=2 ph=3 ap=0 snaps=374 hooks=25 inst=40 leakyRollout "Thieving Strike" +1.41MB hooks=[beforeDamage:2 afterDamage:2 afterSpellResolved:2 onPhaseStart:1 onPhaseEnd:1 onStatusApplied:1] cards=[Beato, the Butterfly Witch:3 Fighting:3 Luck:3 Blade of the Swamp Witch:3 Earth-Shattering Hammer, Relic of Deri:3 Arthor, the King of Blackport:2]
t=2 ph=3 ap=0 snaps=374 hooks=25 inst=40 rollout "Thieving Strike" Attack lvl2 hero1
t=2 ph=5 ap=0 snaps=379 hooks=44 inst=40 switchTurn ending p0
t=3 ph=2 ap=1 snaps=379 hooks=13 inst=41 cpuTurnStart cpu=p1 hand=8
t=3 ph=3 ap=1 snaps=395 hooks=23 inst=45 rollout "Brilliant Idea" Spell lvl1 hero1
t=3 ph=3 ap=1 snaps=396 hooks=23 inst=45 leakyRollout "Brilliant Idea" +1.55MB hooks=[onPhaseStart:1 onPhaseEnd:1 onPlay:1 afterSpellResolved:1 onActionUsed:1 onAnyActionResolved:1] cards=[Beato, the Butterfly Witch:1 Willy, the Valiant Leprechaun:1 Arthor, the King of Blackport:1 Luck:1 Brilliant Idea:1 Earth-Shattering Hammer, Relic of Deri:1]
t=3 ph=3 ap=1 snaps=396 hooks=23 inst=45 rollout "Brilliant Idea" Spell lvl1 hero1
t=3 ph=3 ap=1 snaps=397 hooks=23 inst=45 leakyRollout "Brilliant Idea" +1.24MB hooks=[onPhaseStart:1 onPhaseEnd:1 onPlay:1 afterSpellResolved:1 onActionUsed:1 onAnyActionResolved:1] cards=[Beato, the Butterfly Witch:1 Willy, the Valiant Leprechaun:1 Arthor, the King of Blackport:1 Luck:1 Brilliant Idea:1 Earth-Shattering Hammer, Relic of Deri:1]
t=3 ph=3 ap=1 snaps=397 hooks=23 inst=45 rollout "Brilliant Idea" Spell lvl1 hero1
t=3 ph=3 ap=1 snaps=398 hooks=23 inst=45 leakyRollout "Brilliant Idea" +1.24MB hooks=[onPhaseStart:1 onPhaseEnd:1 onPlay:1 afterSpellResolved:1 onActionUsed:1 onAnyActionResolved:1] cards=[Beato, the Butterfly Witch:1 Willy, the Valiant Leprechaun:1 Arthor, the King of Blackport:1 Luck:1 Brilliant Idea:1 Earth-Shattering Hammer, Relic of Deri:1]
t=3 ph=3 ap=1 snaps=398 hooks=23 inst=45 rollout "Brilliant Idea" Spell lvl1 hero1
t=3 ph=3 ap=1 snaps=399 hooks=23 inst=45 leakyRollout "Brilliant Idea" +1.21MB hooks=[onPhaseStart:1 onPhaseEnd:1 onPlay:1 afterSpellResolved:1 onActionUsed:1 onAnyActionResolved:1] cards=[Beato, the Butterfly Witch:1 Willy, the Valiant Leprechaun:1 Arthor, the King of Blackport:1 Luck:1 Brilliant Idea:1 Earth-Shattering Hammer, Relic of Deri:1]
t=3 ph=3 ap=1 snaps=399 hooks=23 inst=45 rollout "Brilliant Idea" Spell lvl1 hero1
t=3 ph=3 ap=1 snaps=400 hooks=23 inst=45 leakyRollout "Brilliant Idea" +1.20MB hooks=[onPhaseStart:1 onPhaseEnd:1 onPlay:1 afterSpellResolved:1 onActionUsed:1 onAnyActionResolved:1] cards=[Beato, the Butterfly Witch:1 Willy, the Valiant Leprechaun:1 Arthor, the King of Blackport:1 Luck:1 Brilliant Idea:1 Earth-Shattering Hammer, Relic of Deri:1]
t=3 ph=3 ap=1 snaps=400 hooks=23 inst=45 rollout "Brilliant Idea" Spell lvl1 hero1
t=3 ph=3 ap=1 snaps=401 hooks=23 inst=45 leakyRollout "Brilliant Idea" +1.18MB hooks=[onPhaseStart:1 onPhaseEnd:1 onPlay:1 afterSpellResolved:1 onActionUsed:1 onAnyActionResolved:1] cards=[Beato, the Butterfly Witch:1 Willy, the Valiant Leprechaun:1 Arthor, the King of Blackport:1 Luck:1 Brilliant Idea:1 Earth-Shattering Hammer, Relic of Deri:1]
t=3 ph=3 ap=1 snaps=401 hooks=23 inst=45 rollout "Brilliant Idea" Spell lvl1 hero1
t=3 ph=3 ap=1 snaps=402 hooks=23 inst=45 leakyRollout "Brilliant Idea" +1.16MB hooks=[onPhaseStart:1 onPhaseEnd:1 onPlay:1 afterSpellResolved:1 onActionUsed:1 onAnyActionResolved:1] cards=[Beato, the Butterfly Witch:1 Willy, the Valiant Leprechaun:1 Arthor, the King of Blackport:1 Luck:1 Brilliant Idea:1 Earth-Shattering Hammer, Relic of Deri:1]
t=3 ph=3 ap=1 snaps=402 hooks=23 inst=45 rollout "Brilliant Idea" Spell lvl1 hero1
t=3 ph=3 ap=1 snaps=403 hooks=23 inst=45 leakyRollout "Brilliant Idea" +1.33MB hooks=[onPhaseStart:1 onPhaseEnd:1 onPlay:1 afterSpellResolved:1 onActionUsed:1 onAnyActionResolved:1] cards=[Beato, the Butterfly Witch:1 Willy, the Valiant Leprechaun:1 Arthor, the King of Blackport:1 Luck:1 Brilliant Idea:1 Earth-Shattering Hammer, Relic of Deri:1]
t=3 ph=3 ap=1 snaps=403 hooks=23 inst=45 rollout "Brilliant Idea" Spell lvl1 hero1
t=3 ph=3 ap=1 snaps=404 hooks=23 inst=45 leakyRollout "Brilliant Idea" +1.34MB hooks=[onPhaseStart:1 onPhaseEnd:1 onPlay:1 afterSpellResolved:1 onActionUsed:1 onAnyActionResolved:1] cards=[Beato, the Butterfly Witch:1 Willy, the Valiant Leprechaun:1 Arthor, the King of Blackport:1 Luck:1 Brilliant Idea:1 Earth-Shattering Hammer, Relic of Deri:1]
t=3 ph=3 ap=1 snaps=404 hooks=23 inst=45 rollout "Brilliant Idea" Spell lvl1 hero1
t=3 ph=3 ap=1 snaps=405 hooks=23 inst=45 leakyRollout "Brilliant Idea" +1.33MB hooks=[onPhaseStart:1 onPhaseEnd:1 onPlay:1 afterSpellResolved:1 onActionUsed:1 onAnyActionResolved:1] cards=[Beato, the Butterfly Witch:1 Willy, the Valiant Leprechaun:1 Arthor, the King of Blackport:1 Luck:1 Brilliant Idea:1 Earth-Shattering Hammer, Relic of Deri:1]
t=3 ph=3 ap=1 snaps=405 hooks=23 inst=45 rollout "Brilliant Idea" Spell lvl1 hero1
t=3 ph=3 ap=1 snaps=406 hooks=23 inst=45 leakyRollout "Brilliant Idea" +1.37MB hooks=[onPhaseStart:1 onPhaseEnd:1 onPlay:1 afterSpellResolved:1 onActionUsed:1 onAnyActionResolved:1] cards=[Beato, the Butterfly Witch:1 Willy, the Valiant Leprechaun:1 Arthor, the King of Blackport:1 Luck:1 Brilliant Idea:1 Earth-Shattering Hammer, Relic of Deri:1]
t=3 ph=3 ap=1 snaps=406 hooks=23 inst=45 rollout "Brilliant Idea" Spell lvl1 hero1
t=3 ph=3 ap=1 snaps=407 hooks=23 inst=45 leakyRollout "Brilliant Idea" +1.31MB hooks=[onPhaseStart:1 onPhaseEnd:1 onPlay:1 afterSpellResolved:1 onActionUsed:1 onAnyActionResolved:1] cards=[Beato, the Butterfly Witch:1 Willy, the Valiant Leprechaun:1 Arthor, the King of Blackport:1 Luck:1 Brilliant Idea:1 Earth-Shattering Hammer, Relic of Deri:1]
t=3 ph=3 ap=1 snaps=407 hooks=23 inst=45 rollout "Brilliant Idea" Spell lvl1 hero1
t=3 ph=3 ap=1 snaps=408 hooks=23 inst=45 rollout "Brilliant Idea" Spell lvl1 hero1
t=3 ph=3 ap=1 snaps=409 hooks=23 inst=45 leakyRollout "Brilliant Idea" +1.32MB hooks=[onPhaseStart:1 onPhaseEnd:1 onPlay:1 afterSpellResolved:1 onActionUsed:1 onAnyActionResolved:1] cards=[Beato, the Butterfly Witch:1 Willy, the Valiant Leprechaun:1 Arthor, the King of Blackport:1 Luck:1 Brilliant Idea:1 Earth-Shattering Hammer, Relic of Deri:1]
t=3 ph=3 ap=1 snaps=409 hooks=23 inst=45 rollout "Brilliant Idea" Spell lvl1 hero1
t=3 ph=3 ap=1 snaps=410 hooks=23 inst=45 leakyRollout "Brilliant Idea" +1.31MB hooks=[onPhaseStart:1 onPhaseEnd:1 onPlay:1 afterSpellResolved:1 onActionUsed:1 onAnyActionResolved:1] cards=[Beato, the Butterfly Witch:1 Willy, the Valiant Leprechaun:1 Arthor, the King of Blackport:1 Luck:1 Brilliant Idea:1 Earth-Shattering Hammer, Relic of Deri:1]
t=3 ph=3 ap=1 snaps=410 hooks=23 inst=45 rollout "Brilliant Idea" Spell lvl1 hero1
t=3 ph=3 ap=1 snaps=411 hooks=23 inst=45 leakyRollout "Brilliant Idea" +1.31MB hooks=[onPhaseStart:1 onPhaseEnd:1 onPlay:1 afterSpellResolved:1 onActionUsed:1 onAnyActionResolved:1] cards=[Beato, the Butterfly Witch:1 Willy, the Valiant Leprechaun:1 Arthor, the King of Blackport:1 Luck:1 Brilliant Idea:1 Earth-Shattering Hammer, Relic of Deri:1]
t=3 ph=3 ap=1 snaps=411 hooks=23 inst=45 rollout "Brilliant Idea" Spell lvl1 hero1
t=3 ph=3 ap=1 snaps=412 hooks=23 inst=45 leakyRollout "Brilliant Idea" +1.31MB hooks=[onPhaseStart:1 onPhaseEnd:1 onPlay:1 afterSpellResolved:1 onActionUsed:1 onAnyActionResolved:1] cards=[Beato, the Butterfly Witch:1 Willy, the Valiant Leprechaun:1 Arthor, the King of Blackport:1 Luck:1 Brilliant Idea:1 Earth-Shattering Hammer, Relic of Deri:1]
t=3 ph=3 ap=1 snaps=412 hooks=23 inst=45 rollout "Brilliant Idea" Spell lvl1 hero1
t=3 ph=3 ap=1 snaps=413 hooks=23 inst=45 leakyRollout "Brilliant Idea" +1.31MB hooks=[onPhaseStart:1 onPhaseEnd:1 onPlay:1 afterSpellResolved:1 onActionUsed:1 onAnyActionResolved:1] cards=[Beato, the Butterfly Witch:1 Willy, the Valiant Leprechaun:1 Arthor, the King of Blackport:1 Luck:1 Brilliant Idea:1 Earth-Shattering Hammer, Relic of Deri:1]
t=3 ph=3 ap=1 snaps=413 hooks=23 inst=45 rollout "Brilliant Idea" Spell lvl1 hero1
t=3 ph=3 ap=1 snaps=414 hooks=23 inst=45 leakyRollout "Brilliant Idea" +1.31MB hooks=[onPhaseStart:1 onPhaseEnd:1 onPlay:1 afterSpellResolved:1 onActionUsed:1 onAnyActionResolved:1] cards=[Beato, the Butterfly Witch:1 Willy, the Valiant Leprechaun:1 Arthor, the King of Blackport:1 Luck:1 Brilliant Idea:1 Earth-Shattering Hammer, Relic of Deri:1]
t=3 ph=3 ap=1 snaps=414 hooks=23 inst=45 rollout "Brilliant Idea" Spell lvl1 hero1
t=3 ph=3 ap=1 snaps=415 hooks=23 inst=45 leakyRollout "Brilliant Idea" +1.31MB hooks=[onPhaseStart:1 onPhaseEnd:1 onPlay:1 afterSpellResolved:1 onActionUsed:1 onAnyActionResolved:1] cards=[Beato, the Butterfly Witch:1 Willy, the Valiant Leprechaun:1 Arthor, the King of Blackport:1 Luck:1 Brilliant Idea:1 Earth-Shattering Hammer, Relic of Deri:1]
t=3 ph=3 ap=1 snaps=415 hooks=23 inst=45 rollout "Brilliant Idea" Spell lvl1 hero1
t=3 ph=3 ap=1 snaps=416 hooks=23 inst=45 leakyRollout "Brilliant Idea" +1.32MB hooks=[onPhaseStart:1 onPhaseEnd:1 onPlay:1 afterSpellResolved:1 onActionUsed:1 onAnyActionResolved:1] cards=[Beato, the Butterfly Witch:1 Willy, the Valiant Leprechaun:1 Arthor, the King of Blackport:1 Luck:1 Brilliant Idea:1 Earth-Shattering Hammer, Relic of Deri:1]
t=3 ph=3 ap=1 snaps=416 hooks=23 inst=45 rollout "Brilliant Idea" Spell lvl1 hero1
t=3 ph=3 ap=1 snaps=417 hooks=23 inst=45 leakyRollout "Brilliant Idea" +1.31MB hooks=[onPhaseStart:1 onPhaseEnd:1 onPlay:1 afterSpellResolved:1 onActionUsed:1 onAnyActionResolved:1] cards=[Beato, the Butterfly Witch:1 Willy, the Valiant Leprechaun:1 Arthor, the King of Blackport:1 Luck:1 Brilliant Idea:1 Earth-Shattering Hammer, Relic of Deri:1]
t=3 ph=3 ap=1 snaps=417 hooks=23 inst=45 rollout "Brilliant Idea" Spell lvl1 hero1
t=3 ph=3 ap=1 snaps=418 hooks=23 inst=45 leakyRollout "Brilliant Idea" +1.30MB hooks=[onPhaseStart:1 onPhaseEnd:1 onPlay:1 afterSpellResolved:1 onActionUsed:1 onAnyActionResolved:1] cards=[Beato, the Butterfly Witch:1 Willy, the Valiant Leprechaun:1 Arthor, the King of Blackport:1 Luck:1 Brilliant Idea:1 Earth-Shattering Hammer, Relic of Deri:1]
t=3 ph=3 ap=1 snaps=418 hooks=23 inst=45 rollout "Brilliant Idea" Spell lvl1 hero1
t=3 ph=3 ap=1 snaps=419 hooks=23 inst=45 leakyRollout "Brilliant Idea" +1.31MB hooks=[onPhaseStart:1 onPhaseEnd:1 onPlay:1 afterSpellResolved:1 onActionUsed:1 onAnyActionResolved:1] cards=[Beato, the Butterfly Witch:1 Willy, the Valiant Leprechaun:1 Arthor, the King of Blackport:1 Luck:1 Brilliant Idea:1 Earth-Shattering Hammer, Relic of Deri:1]
t=3 ph=3 ap=1 snaps=419 hooks=23 inst=45 rollout "Brilliant Idea" Spell lvl1 hero1
t=3 ph=3 ap=1 snaps=420 hooks=23 inst=45 rollout "Brilliant Idea" Spell lvl1 hero1
t=3 ph=3 ap=1 snaps=421 hooks=23 inst=45 leakyRollout "Brilliant Idea" +1.30MB hooks=[onPhaseStart:1 onPhaseEnd:1 onPlay:1 afterSpellResolved:1 onActionUsed:1 onAnyActionResolved:1] cards=[Beato, the Butterfly Witch:1 Willy, the Valiant Leprechaun:1 Arthor, the King of Blackport:1 Luck:1 Brilliant Idea:1 Earth-Shattering Hammer, Relic of Deri:1]
t=3 ph=3 ap=1 snaps=421 hooks=23 inst=45 rollout "Brilliant Idea" Spell lvl1 hero1
t=3 ph=3 ap=1 snaps=422 hooks=23 inst=45 leakyRollout "Brilliant Idea" +1.30MB hooks=[onPhaseStart:1 onPhaseEnd:1 onPlay:1 afterSpellResolved:1 onActionUsed:1 onAnyActionResolved:1] cards=[Beato, the Butterfly Witch:1 Willy, the Valiant Leprechaun:1 Arthor, the King of Blackport:1 Luck:1 Brilliant Idea:1 Earth-Shattering Hammer, Relic of Deri:1]
t=3 ph=3 ap=1 snaps=422 hooks=23 inst=45 rollout "Brilliant Idea" Spell lvl1 hero1
t=3 ph=3 ap=1 snaps=423 hooks=23 inst=45 leakyRollout "Brilliant Idea" +1.30MB hooks=[onPhaseStart:1 onPhaseEnd:1 onPlay:1 afterSpellResolved:1 onActionUsed:1 onAnyActionResolved:1] cards=[Beato, the Butterfly Witch:1 Willy, the Valiant Leprechaun:1 Arthor, the King of Blackport:1 Luck:1 Brilliant Idea:1 Earth-Shattering Hammer, Relic of Deri:1]
t=3 ph=3 ap=1 snaps=423 hooks=23 inst=45 rollout "Brilliant Idea" Spell lvl1 hero1
t=3 ph=3 ap=1 snaps=424 hooks=23 inst=45 leakyRollout "Brilliant Idea" +1.30MB hooks=[onPhaseStart:1 onPhaseEnd:1 onPlay:1 afterSpellResolved:1 onActionUsed:1 onAnyActionResolved:1] cards=[Beato, the Butterfly Witch:1 Willy, the Valiant Leprechaun:1 Arthor, the King of Blackport:1 Luck:1 Brilliant Idea:1 Earth-Shattering Hammer, Relic of Deri:1]
t=3 ph=3 ap=1 snaps=424 hooks=23 inst=45 rollout "Brilliant Idea" Spell lvl1 hero1
t=3 ph=3 ap=1 snaps=425 hooks=23 inst=45 leakyRollout "Brilliant Idea" +1.30MB hooks=[onPhaseStart:1 onPhaseEnd:1 onPlay:1 afterSpellResolved:1 onActionUsed:1 onAnyActionResolved:1] cards=[Beato, the Butterfly Witch:1 Willy, the Valiant Leprechaun:1 Arthor, the King of Blackport:1 Luck:1 Brilliant Idea:1 Earth-Shattering Hammer, Relic of Deri:1]
t=3 ph=3 ap=1 snaps=425 hooks=23 inst=45 rollout "Brilliant Idea" Spell lvl1 hero1
t=3 ph=3 ap=1 snaps=426 hooks=23 inst=45 leakyRollout "Brilliant Idea" +1.40MB hooks=[onPhaseStart:1 onPhaseEnd:1 onPlay:1 afterSpellResolved:1 onActionUsed:1 onAnyActionResolved:1] cards=[Beato, the Butterfly Witch:1 Willy, the Valiant Leprechaun:1 Arthor, the King of Blackport:1 Luck:1 Brilliant Idea:1 Earth-Shattering Hammer, Relic of Deri:1]
t=3 ph=3 ap=1 snaps=426 hooks=23 inst=45 rollout "Brilliant Idea" Spell lvl1 hero1
t=3 ph=3 ap=1 snaps=427 hooks=23 inst=45 leakyRollout "Brilliant Idea" +1.32MB hooks=[onPhaseStart:1 onPhaseEnd:1 onPlay:1 afterSpellResolved:1 onActionUsed:1 onAnyActionResolved:1] cards=[Beato, the Butterfly Witch:1 Willy, the Valiant Leprechaun:1 Arthor, the King of Blackport:1 Luck:1 Brilliant Idea:1 Earth-Shattering Hammer, Relic of Deri:1]
t=3 ph=3 ap=1 snaps=427 hooks=23 inst=45 rollout "Brilliant Idea" Spell lvl1 hero1
t=3 ph=3 ap=1 snaps=428 hooks=23 inst=45 leakyRollout "Brilliant Idea" +1.30MB hooks=[onPhaseStart:1 onPhaseEnd:1 onPlay:1 afterSpellResolved:1 onActionUsed:1 onAnyActionResolved:1] cards=[Beato, the Butterfly Witch:1 Willy, the Valiant Leprechaun:1 Arthor, the King of Blackport:1 Luck:1 Brilliant Idea:1 Earth-Shattering Hammer, Relic of Deri:1]
t=3 ph=3 ap=1 snaps=428 hooks=23 inst=45 rollout "Brilliant Idea" Spell lvl1 hero1
t=3 ph=3 ap=1 snaps=429 hooks=23 inst=45 leakyRollout "Brilliant Idea" +1.30MB hooks=[onPhaseStart:1 onPhaseEnd:1 onPlay:1 afterSpellResolved:1 onActionUsed:1 onAnyActionResolved:1] cards=[Beato, the Butterfly Witch:1 Willy, the Valiant Leprechaun:1 Arthor, the King of Blackport:1 Luck:1 Brilliant Idea:1 Earth-Shattering Hammer, Relic of Deri:1]
t=3 ph=3 ap=1 snaps=429 hooks=23 inst=45 rollout "Brilliant Idea" Spell lvl1 hero1
t=3 ph=3 ap=1 snaps=430 hooks=23 inst=45 leakyRollout "Brilliant Idea" +1.29MB hooks=[onPhaseStart:1 onPhaseEnd:1 onPlay:1 afterSpellResolved:1 onActionUsed:1 onAnyActionResolved:1] cards=[Beato, the Butterfly Witch:1 Willy, the Valiant Leprechaun:1 Arthor, the King of Blackport:1 Luck:1 Brilliant Idea:1 Earth-Shattering Hammer, Relic of Deri:1]
t=3 ph=3 ap=1 snaps=430 hooks=23 inst=45 rollout "Brilliant Idea" Spell lvl1 hero1
t=3 ph=3 ap=1 snaps=431 hooks=23 inst=45 rollout "Brilliant Idea" Spell lvl1 hero1
t=3 ph=3 ap=1 snaps=432 hooks=23 inst=45 leakyRollout "Brilliant Idea" +1.29MB hooks=[onPhaseStart:1 onPhaseEnd:1 onPlay:1 afterSpellResolved:1 onActionUsed:1 onAnyActionResolved:1] cards=[Beato, the Butterfly Witch:1 Willy, the Valiant Leprechaun:1 Arthor, the King of Blackport:1 Luck:1 Brilliant Idea:1 Earth-Shattering Hammer, Relic of Deri:1]
t=3 ph=3 ap=1 snaps=432 hooks=23 inst=45 rollout "Brilliant Idea" Spell lvl1 hero1
t=3 ph=3 ap=1 snaps=433 hooks=23 inst=45 leakyRollout "Brilliant Idea" +1.31MB hooks=[onPhaseStart:1 onPhaseEnd:1 onPlay:1 afterSpellResolved:1 onActionUsed:1 onAnyActionResolved:1] cards=[Beato, the Butterfly Witch:1 Willy, the Valiant Leprechaun:1 Arthor, the King of Blackport:1 Luck:1 Brilliant Idea:1 Earth-Shattering Hammer, Relic of Deri:1]
t=3 ph=3 ap=1 snaps=433 hooks=23 inst=45 rollout "Brilliant Idea" Spell lvl1 hero1
t=3 ph=3 ap=1 snaps=434 hooks=23 inst=45 leakyRollout "Brilliant Idea" +1.29MB hooks=[onPhaseStart:1 onPhaseEnd:1 onPlay:1 afterSpellResolved:1 onActionUsed:1 onAnyActionResolved:1] cards=[Beato, the Butterfly Witch:1 Willy, the Valiant Leprechaun:1 Arthor, the King of Blackport:1 Luck:1 Brilliant Idea:1 Earth-Shattering Hammer, Relic of Deri:1]
t=3 ph=3 ap=1 snaps=434 hooks=23 inst=45 rollout "Brilliant Idea" Spell lvl1 hero1
t=3 ph=3 ap=1 snaps=435 hooks=23 inst=45 leakyRollout "Brilliant Idea" +1.28MB hooks=[onPhaseStart:1 onPhaseEnd:1 onPlay:1 afterSpellResolved:1 onActionUsed:1 onAnyActionResolved:1] cards=[Beato, the Butterfly Witch:1 Willy, the Valiant Leprechaun:1 Arthor, the King of Blackport:1 Luck:1 Brilliant Idea:1 Earth-Shattering Hammer, Relic of Deri:1]
t=3 ph=3 ap=1 snaps=435 hooks=23 inst=45 rollout "Brilliant Idea" Spell lvl1 hero1
t=3 ph=3 ap=1 snaps=436 hooks=23 inst=45 leakyRollout "Brilliant Idea" +1.28MB hooks=[onPhaseStart:1 onPhaseEnd:1 onPlay:1 afterSpellResolved:1 onActionUsed:1 onAnyActionResolved:1] cards=[Beato, the Butterfly Witch:1 Willy, the Valiant Leprechaun:1 Arthor, the King of Blackport:1 Luck:1 Brilliant Idea:1 Earth-Shattering Hammer, Relic of Deri:1]
t=3 ph=3 ap=1 snaps=436 hooks=23 inst=45 rollout "Brilliant Idea" Spell lvl1 hero1
t=3 ph=3 ap=1 snaps=437 hooks=23 inst=45 leakyRollout "Brilliant Idea" +1.28MB hooks=[onPhaseStart:1 onPhaseEnd:1 onPlay:1 afterSpellResolved:1 onActionUsed:1 onAnyActionResolved:1] cards=[Beato, the Butterfly Witch:1 Willy, the Valiant Leprechaun:1 Arthor, the King of Blackport:1 Luck:1 Brilliant Idea:1 Earth-Shattering Hammer, Relic of Deri:1]
t=3 ph=3 ap=1 snaps=437 hooks=23 inst=45 rollout "Brilliant Idea" Spell lvl1 hero1
t=3 ph=3 ap=1 snaps=438 hooks=23 inst=45 leakyRollout "Brilliant Idea" +1.28MB hooks=[onPhaseStart:1 onPhaseEnd:1 onPlay:1 afterSpellResolved:1 onActionUsed:1 onAnyActionResolved:1] cards=[Beato, the Butterfly Witch:1 Willy, the Valiant Leprechaun:1 Arthor, the King of Blackport:1 Luck:1 Brilliant Idea:1 Earth-Shattering Hammer, Relic of Deri:1]
t=3 ph=3 ap=1 snaps=438 hooks=23 inst=45 rollout "Brilliant Idea" Spell lvl1 hero1
t=3 ph=3 ap=1 snaps=439 hooks=23 inst=45 leakyRollout "Brilliant Idea" +1.28MB hooks=[onPhaseStart:1 onPhaseEnd:1 onPlay:1 afterSpellResolved:1 onActionUsed:1 onAnyActionResolved:1] cards=[Beato, the Butterfly Witch:1 Willy, the Valiant Leprechaun:1 Arthor, the King of Blackport:1 Luck:1 Brilliant Idea:1 Earth-Shattering Hammer, Relic of Deri:1]
t=3 ph=3 ap=1 snaps=439 hooks=23 inst=45 rollout "Brilliant Idea" Spell lvl1 hero1
t=3 ph=3 ap=1 snaps=440 hooks=23 inst=45 leakyRollout "Brilliant Idea" +1.28MB hooks=[onPhaseStart:1 onPhaseEnd:1 onPlay:1 afterSpellResolved:1 onActionUsed:1 onAnyActionResolved:1] cards=[Beato, the Butterfly Witch:1 Willy, the Valiant Leprechaun:1 Arthor, the King of Blackport:1 Luck:1 Brilliant Idea:1 Earth-Shattering Hammer, Relic of Deri:1]
t=3 ph=3 ap=1 snaps=440 hooks=23 inst=45 rollout "Brilliant Idea" Spell lvl1 hero1
t=3 ph=3 ap=1 snaps=441 hooks=23 inst=45 leakyRollout "Brilliant Idea" +1.28MB hooks=[onPhaseStart:1 onPhaseEnd:1 onPlay:1 afterSpellResolved:1 onActionUsed:1 onAnyActionResolved:1] cards=[Beato, the Butterfly Witch:1 Willy, the Valiant Leprechaun:1 Arthor, the King of Blackport:1 Luck:1 Brilliant Idea:1 Earth-Shattering Hammer, Relic of Deri:1]
t=3 ph=3 ap=1 snaps=441 hooks=23 inst=45 rollout "Brilliant Idea" Spell lvl1 hero1
t=3 ph=3 ap=1 snaps=442 hooks=23 inst=45 leakyRollout "Brilliant Idea" +1.28MB hooks=[onPhaseStart:1 onPhaseEnd:1 onPlay:1 afterSpellResolved:1 onActionUsed:1 onAnyActionResolved:1] cards=[Beato, the Butterfly Witch:1 Willy, the Valiant Leprechaun:1 Arthor, the King of Blackport:1 Luck:1 Brilliant Idea:1 Earth-Shattering Hammer, Relic of Deri:1]
t=3 ph=3 ap=1 snaps=442 hooks=23 inst=45 rollout "Brilliant Idea" Spell lvl1 hero1
t=3 ph=3 ap=1 snaps=443 hooks=23 inst=45 leakyRollout "Brilliant Idea" +1.28MB hooks=[onPhaseStart:1 onPhaseEnd:1 onPlay:1 afterSpellResolved:1 onActionUsed:1 onAnyActionResolved:1] cards=[Beato, the Butterfly Witch:1 Willy, the Valiant Leprechaun:1 Arthor, the King of Blackport:1 Luck:1 Brilliant Idea:1 Earth-Shattering Hammer, Relic of Deri:1]
t=3 ph=3 ap=1 snaps=443 hooks=23 inst=45 rollout "Brilliant Idea" Spell lvl1 hero1
t=3 ph=3 ap=1 snaps=444 hooks=23 inst=45 rollout "Brilliant Idea" Spell lvl1 hero1
t=3 ph=3 ap=1 snaps=445 hooks=23 inst=45 leakyRollout "Brilliant Idea" +1.28MB hooks=[onPhaseStart:1 onPhaseEnd:1 onPlay:1 afterSpellResolved:1 onActionUsed:1 onAnyActionResolved:1] cards=[Beato, the Butterfly Witch:1 Willy, the Valiant Leprechaun:1 Arthor, the King of Blackport:1 Luck:1 Brilliant Idea:1 Earth-Shattering Hammer, Relic of Deri:1]
t=3 ph=3 ap=1 snaps=445 hooks=23 inst=45 rollout "Brilliant Idea" Spell lvl1 hero1
t=3 ph=3 ap=1 snaps=446 hooks=23 inst=45 leakyRollout "Brilliant Idea" +1.28MB hooks=[onPhaseStart:1 onPhaseEnd:1 onPlay:1 afterSpellResolved:1 onActionUsed:1 onAnyActionResolved:1] cards=[Beato, the Butterfly Witch:1 Willy, the Valiant Leprechaun:1 Arthor, the King of Blackport:1 Luck:1 Brilliant Idea:1 Earth-Shattering Hammer, Relic of Deri:1]
t=3 ph=3 ap=1 snaps=446 hooks=23 inst=45 rollout "Brilliant Idea" Spell lvl1 hero1
t=3 ph=3 ap=1 snaps=447 hooks=23 inst=45 leakyRollout "Brilliant Idea" +1.28MB hooks=[onPhaseStart:1 onPhaseEnd:1 onPlay:1 afterSpellResolved:1 onActionUsed:1 onAnyActionResolved:1] cards=[Beato, the Butterfly Witch:1 Willy, the Valiant Leprechaun:1 Arthor, the King of Blackport:1 Luck:1 Brilliant Idea:1 Earth-Shattering Hammer, Relic of Deri:1]
t=3 ph=3 ap=1 snaps=447 hooks=23 inst=45 rollout "Brilliant Idea" Spell lvl1 hero1
t=3 ph=3 ap=1 snaps=448 hooks=23 inst=45 leakyRollout "Brilliant Idea" +1.28MB hooks=[onPhaseStart:1 onPhaseEnd:1 onPlay:1 afterSpellResolved:1 onActionUsed:1 onAnyActionResolved:1] cards=[Beato, the Butterfly Witch:1 Willy, the Valiant Leprechaun:1 Arthor, the King of Blackport:1 Luck:1 Brilliant Idea:1 Earth-Shattering Hammer, Relic of Deri:1]
t=3 ph=3 ap=1 snaps=448 hooks=23 inst=45 rollout "Brilliant Idea" Spell lvl1 hero1
t=3 ph=3 ap=1 snaps=449 hooks=23 inst=45 leakyRollout "Brilliant Idea" +1.28MB hooks=[onPhaseStart:1 onPhaseEnd:1 onPlay:1 afterSpellResolved:1 onActionUsed:1 onAnyActionResolved:1] cards=[Beato, the Butterfly Witch:1 Willy, the Valiant Leprechaun:1 Arthor, the King of Blackport:1 Luck:1 Brilliant Idea:1 Earth-Shattering Hammer, Relic of Deri:1]
t=3 ph=3 ap=1 snaps=449 hooks=23 inst=45 rollout "Brilliant Idea" Spell lvl1 hero1
t=3 ph=3 ap=1 snaps=450 hooks=23 inst=45 leakyRollout "Brilliant Idea" +1.28MB hooks=[onPhaseStart:1 onPhaseEnd:1 onPlay:1 afterSpellResolved:1 onActionUsed:1 onAnyActionResolved:1] cards=[Beato, the Butterfly Witch:1 Willy, the Valiant Leprechaun:1 Arthor, the King of Blackport:1 Luck:1 Brilliant Idea:1 Earth-Shattering Hammer, Relic of Deri:1]
t=3 ph=3 ap=1 snaps=450 hooks=23 inst=45 rollout "Brilliant Idea" Spell lvl1 hero1
t=3 ph=3 ap=1 snaps=451 hooks=23 inst=45 leakyRollout "Brilliant Idea" +1.28MB hooks=[onPhaseStart:1 onPhaseEnd:1 onPlay:1 afterSpellResolved:1 onActionUsed:1 onAnyActionResolved:1] cards=[Beato, the Butterfly Witch:1 Willy, the Valiant Leprechaun:1 Arthor, the King of Blackport:1 Luck:1 Brilliant Idea:1 Earth-Shattering Hammer, Relic of Deri:1]
t=3 ph=3 ap=1 snaps=451 hooks=23 inst=45 rollout "Brilliant Idea" Spell lvl1 hero1
t=3 ph=3 ap=1 snaps=452 hooks=23 inst=45 leakyRollout "Brilliant Idea" +1.28MB hooks=[onPhaseStart:1 onPhaseEnd:1 onPlay:1 afterSpellResolved:1 onActionUsed:1 onAnyActionResolved:1] cards=[Beato, the Butterfly Witch:1 Willy, the Valiant Leprechaun:1 Arthor, the King of Blackport:1 Luck:1 Brilliant Idea:1 Earth-Shattering Hammer, Relic of Deri:1]
t=3 ph=3 ap=1 snaps=452 hooks=23 inst=45 rollout "Brilliant Idea" Spell lvl1 hero1
t=3 ph=3 ap=1 snaps=453 hooks=23 inst=45 leakyRollout "Brilliant Idea" +1.28MB hooks=[onPhaseStart:1 onPhaseEnd:1 onPlay:1 afterSpellResolved:1 onActionUsed:1 onAnyActionResolved:1] cards=[Beato, the Butterfly Witch:1 Willy, the Valiant Leprechaun:1 Arthor, the King of Blackport:1 Luck:1 Brilliant Idea:1 Earth-Shattering Hammer, Relic of Deri:1]
t=3 ph=3 ap=1 snaps=453 hooks=23 inst=45 rollout "Brilliant Idea" Spell lvl1 hero1
t=3 ph=3 ap=1 snaps=454 hooks=23 inst=45 leakyRollout "Brilliant Idea" +1.28MB hooks=[onPhaseStart:1 onPhaseEnd:1 onPlay:1 afterSpellResolved:1 onActionUsed:1 onAnyActionResolved:1] cards=[Beato, the Butterfly Witch:1 Willy, the Valiant Leprechaun:1 Arthor, the King of Blackport:1 Luck:1 Brilliant Idea:1 Earth-Shattering Hammer, Relic of Deri:1]
t=3 ph=3 ap=1 snaps=454 hooks=23 inst=45 rollout "Brilliant Idea" Spell lvl1 hero1
t=3 ph=3 ap=1 snaps=455 hooks=23 inst=45 leakyRollout "Brilliant Idea" +1.28MB hooks=[onPhaseStart:1 onPhaseEnd:1 onPlay:1 afterSpellResolved:1 onActionUsed:1 onAnyActionResolved:1] cards=[Beato, the Butterfly Witch:1 Willy, the Valiant Leprechaun:1 Arthor, the King of Blackport:1 Luck:1 Brilliant Idea:1 Earth-Shattering Hammer, Relic of Deri:1]
t=3 ph=3 ap=1 snaps=455 hooks=23 inst=45 rollout "Brilliant Idea" Spell lvl1 hero1
t=3 ph=3 ap=1 snaps=456 hooks=23 inst=45 rollout "Brilliant Idea" Spell lvl1 hero1
t=3 ph=3 ap=1 snaps=457 hooks=23 inst=45 leakyRollout "Brilliant Idea" +1.31MB hooks=[onPhaseStart:1 onPhaseEnd:1 onPlay:1 afterSpellResolved:1 onActionUsed:1 onAnyActionResolved:1] cards=[Beato, the Butterfly Witch:1 Willy, the Valiant Leprechaun:1 Arthor, the King of Blackport:1 Luck:1 Brilliant Idea:1 Earth-Shattering Hammer, Relic of Deri:1]
t=3 ph=3 ap=1 snaps=457 hooks=23 inst=45 rollout "Brilliant Idea" Spell lvl1 hero1
t=3 ph=3 ap=1 snaps=458 hooks=23 inst=45 leakyRollout "Brilliant Idea" +1.27MB hooks=[onPhaseStart:1 onPhaseEnd:1 onPlay:1 afterSpellResolved:1 onActionUsed:1 onAnyActionResolved:1] cards=[Beato, the Butterfly Witch:1 Willy, the Valiant Leprechaun:1 Arthor, the King of Blackport:1 Luck:1 Brilliant Idea:1 Earth-Shattering Hammer, Relic of Deri:1]
t=3 ph=3 ap=1 snaps=458 hooks=23 inst=45 rollout "Brilliant Idea" Spell lvl1 hero1
t=3 ph=3 ap=1 snaps=459 hooks=23 inst=45 leakyRollout "Brilliant Idea" +1.27MB hooks=[onPhaseStart:1 onPhaseEnd:1 onPlay:1 afterSpellResolved:1 onActionUsed:1 onAnyActionResolved:1] cards=[Beato, the Butterfly Witch:1 Willy, the Valiant Leprechaun:1 Arthor, the King of Blackport:1 Luck:1 Brilliant Idea:1 Earth-Shattering Hammer, Relic of Deri:1]
t=3 ph=3 ap=1 snaps=459 hooks=23 inst=45 rollout "Brilliant Idea" Spell lvl1 hero1
t=3 ph=3 ap=1 snaps=460 hooks=23 inst=45 leakyRollout "Brilliant Idea" +1.27MB hooks=[onPhaseStart:1 onPhaseEnd:1 onPlay:1 afterSpellResolved:1 onActionUsed:1 onAnyActionResolved:1] cards=[Beato, the Butterfly Witch:1 Willy, the Valiant Leprechaun:1 Arthor, the King of Blackport:1 Luck:1 Brilliant Idea:1 Earth-Shattering Hammer, Relic of Deri:1]
t=3 ph=3 ap=1 snaps=460 hooks=23 inst=45 rollout "Brilliant Idea" Spell lvl1 hero1
t=3 ph=3 ap=1 snaps=461 hooks=23 inst=45 leakyRollout "Brilliant Idea" +1.27MB hooks=[onPhaseStart:1 onPhaseEnd:1 onPlay:1 afterSpellResolved:1 onActionUsed:1 onAnyActionResolved:1] cards=[Beato, the Butterfly Witch:1 Willy, the Valiant Leprechaun:1 Arthor, the King of Blackport:1 Luck:1 Brilliant Idea:1 Earth-Shattering Hammer, Relic of Deri:1]
t=3 ph=3 ap=1 snaps=461 hooks=23 inst=45 rollout "Brilliant Idea" Spell lvl1 hero1
t=3 ph=3 ap=1 snaps=462 hooks=23 inst=45 leakyRollout "Brilliant Idea" +1.27MB hooks=[onPhaseStart:1 onPhaseEnd:1 onPlay:1 afterSpellResolved:1 onActionUsed:1 onAnyActionResolved:1] cards=[Beato, the Butterfly Witch:1 Willy, the Valiant Leprechaun:1 Arthor, the King of Blackport:1 Luck:1 Brilliant Idea:1 Earth-Shattering Hammer, Relic of Deri:1]
t=3 ph=3 ap=1 snaps=462 hooks=23 inst=45 rollout "Brilliant Idea" Spell lvl1 hero1
t=3 ph=3 ap=1 snaps=463 hooks=23 inst=45 leakyRollout "Brilliant Idea" +1.27MB hooks=[onPhaseStart:1 onPhaseEnd:1 onPlay:1 afterSpellResolved:1 onActionUsed:1 onAnyActionResolved:1] cards=[Beato, the Butterfly Witch:1 Willy, the Valiant Leprechaun:1 Arthor, the King of Blackport:1 Luck:1 Brilliant Idea:1 Earth-Shattering Hammer, Relic of Deri:1]
t=3 ph=3 ap=1 snaps=463 hooks=23 inst=45 rollout "Brilliant Idea" Spell lvl1 hero1
t=3 ph=3 ap=1 snaps=464 hooks=23 inst=45 leakyRollout "Brilliant Idea" +1.27MB hooks=[onPhaseStart:1 onPhaseEnd:1 onPlay:1 afterSpellResolved:1 onActionUsed:1 onAnyActionResolved:1] cards=[Beato, the Butterfly Witch:1 Willy, the Valiant Leprechaun:1 Arthor, the King of Blackport:1 Luck:1 Brilliant Idea:1 Earth-Shattering Hammer, Relic of Deri:1]
t=3 ph=3 ap=1 snaps=464 hooks=23 inst=45 rollout "Brilliant Idea" Spell lvl1 hero1
t=3 ph=3 ap=1 snaps=465 hooks=23 inst=45 leakyRollout "Brilliant Idea" +1.27MB hooks=[onPhaseStart:1 onPhaseEnd:1 onPlay:1 afterSpellResolved:1 onActionUsed:1 onAnyActionResolved:1] cards=[Beato, the Butterfly Witch:1 Willy, the Valiant Leprechaun:1 Arthor, the King of Blackport:1 Luck:1 Brilliant Idea:1 Earth-Shattering Hammer, Relic of Deri:1]
t=3 ph=3 ap=1 snaps=465 hooks=23 inst=45 rollout "Brilliant Idea" Spell lvl1 hero1
t=3 ph=3 ap=1 snaps=466 hooks=23 inst=45 leakyRollout "Brilliant Idea" +1.27MB hooks=[onPhaseStart:1 onPhaseEnd:1 onPlay:1 afterSpellResolved:1 onActionUsed:1 onAnyActionResolved:1] cards=[Beato, the Butterfly Witch:1 Willy, the Valiant Leprechaun:1 Arthor, the King of Blackport:1 Luck:1 Brilliant Idea:1 Earth-Shattering Hammer, Relic of Deri:1]
t=3 ph=3 ap=1 snaps=466 hooks=23 inst=45 rollout "Brilliant Idea" Spell lvl1 hero1
t=3 ph=3 ap=1 snaps=467 hooks=23 inst=45 leakyRollout "Brilliant Idea" +1.27MB hooks=[onPhaseStart:1 onPhaseEnd:1 onPlay:1 afterSpellResolved:1 onActionUsed:1 onAnyActionResolved:1] cards=[Beato, the Butterfly Witch:1 Willy, the Valiant Leprechaun:1 Arthor, the King of Blackport:1 Luck:1 Brilliant Idea:1 Earth-Shattering Hammer, Relic of Deri:1]
t=3 ph=3 ap=1 snaps=467 hooks=23 inst=45 rollout "Brilliant Idea" Spell lvl1 hero1
t=3 ph=3 ap=1 snaps=468 hooks=23 inst=45 rollout "Brilliant Idea" Spell lvl1 hero1
t=3 ph=3 ap=1 snaps=469 hooks=23 inst=45 leakyRollout "Brilliant Idea" +1.27MB hooks=[onPhaseStart:1 onPhaseEnd:1 onPlay:1 afterSpellResolved:1 onActionUsed:1 onAnyActionResolved:1] cards=[Beato, the Butterfly Witch:1 Willy, the Valiant Leprechaun:1 Arthor, the King of Blackport:1 Luck:1 Brilliant Idea:1 Earth-Shattering Hammer, Relic of Deri:1]
t=3 ph=3 ap=1 snaps=469 hooks=23 inst=45 rollout "Brilliant Idea" Spell lvl1 hero1
t=3 ph=3 ap=1 snaps=470 hooks=23 inst=45 leakyRollout "Brilliant Idea" +1.27MB hooks=[onPhaseStart:1 onPhaseEnd:1 onPlay:1 afterSpellResolved:1 onActionUsed:1 onAnyActionResolved:1] cards=[Beato, the Butterfly Witch:1 Willy, the Valiant Leprechaun:1 Arthor, the King of Blackport:1 Luck:1 Brilliant Idea:1 Earth-Shattering Hammer, Relic of Deri:1]
t=3 ph=3 ap=1 snaps=470 hooks=23 inst=45 rollout "Brilliant Idea" Spell lvl1 hero1
t=3 ph=3 ap=1 snaps=471 hooks=23 inst=45 leakyRollout "Brilliant Idea" +1.27MB hooks=[onPhaseStart:1 onPhaseEnd:1 onPlay:1 afterSpellResolved:1 onActionUsed:1 onAnyActionResolved:1] cards=[Beato, the Butterfly Witch:1 Willy, the Valiant Leprechaun:1 Arthor, the King of Blackport:1 Luck:1 Brilliant Idea:1 Earth-Shattering Hammer, Relic of Deri:1]
t=3 ph=3 ap=1 snaps=471 hooks=23 inst=45 rollout "Brilliant Idea" Spell lvl1 hero1
t=3 ph=3 ap=1 snaps=472 hooks=23 inst=45 leakyRollout "Brilliant Idea" +1.27MB hooks=[onPhaseStart:1 onPhaseEnd:1 onPlay:1 afterSpellResolved:1 onActionUsed:1 onAnyActionResolved:1] cards=[Beato, the Butterfly Witch:1 Willy, the Valiant Leprechaun:1 Arthor, the King of Blackport:1 Luck:1 Brilliant Idea:1 Earth-Shattering Hammer, Relic of Deri:1]
t=3 ph=3 ap=1 snaps=472 hooks=23 inst=45 rollout "Brilliant Idea" Spell lvl1 hero1
t=3 ph=3 ap=1 snaps=473 hooks=23 inst=45 leakyRollout "Brilliant Idea" +1.27MB hooks=[onPhaseStart:1 onPhaseEnd:1 onPlay:1 afterSpellResolved:1 onActionUsed:1 onAnyActionResolved:1] cards=[Beato, the Butterfly Witch:1 Willy, the Valiant Leprechaun:1 Arthor, the King of Blackport:1 Luck:1 Brilliant Idea:1 Earth-Shattering Hammer, Relic of Deri:1]
t=3 ph=3 ap=1 snaps=473 hooks=23 inst=45 rollout "Brilliant Idea" Spell lvl1 hero1
t=3 ph=3 ap=1 snaps=474 hooks=23 inst=45 leakyRollout "Brilliant Idea" +1.28MB hooks=[onPhaseStart:1 onPhaseEnd:1 onPlay:1 afterSpellResolved:1 onActionUsed:1 onAnyActionResolved:1] cards=[Beato, the Butterfly Witch:1 Willy, the Valiant Leprechaun:1 Arthor, the King of Blackport:1 Luck:1 Brilliant Idea:1 Earth-Shattering Hammer, Relic of Deri:1]
t=3 ph=3 ap=1 snaps=474 hooks=23 inst=45 rollout "Brilliant Idea" Spell lvl1 hero1
t=3 ph=3 ap=1 snaps=475 hooks=23 inst=45 leakyRollout "Brilliant Idea" +1.27MB hooks=[onPhaseStart:1 onPhaseEnd:1 onPlay:1 afterSpellResolved:1 onActionUsed:1 onAnyActionResolved:1] cards=[Beato, the Butterfly Witch:1 Willy, the Valiant Leprechaun:1 Arthor, the King of Blackport:1 Luck:1 Brilliant Idea:1 Earth-Shattering Hammer, Relic of Deri:1]
t=3 ph=3 ap=1 snaps=475 hooks=23 inst=45 rollout "Brilliant Idea" Spell lvl1 hero1
t=3 ph=3 ap=1 snaps=476 hooks=23 inst=45 leakyRollout "Brilliant Idea" +1.09MB hooks=[onPhaseStart:1 onPhaseEnd:1 onPlay:1 afterSpellResolved:1 onActionUsed:1 onAnyActionResolved:1] cards=[Beato, the Butterfly Witch:1 Willy, the Valiant Leprechaun:1 Arthor, the King of Blackport:1 Luck:1 Brilliant Idea:1 Earth-Shattering Hammer, Relic of Deri:1]
t=3 ph=3 ap=1 snaps=476 hooks=23 inst=45 rollout "Brilliant Idea" Spell lvl1 hero1
t=3 ph=3 ap=1 snaps=477 hooks=23 inst=45 leakyRollout "Brilliant Idea" +1.09MB hooks=[onPhaseStart:1 onPhaseEnd:1 onPlay:1 afterSpellResolved:1 onActionUsed:1 onAnyActionResolved:1] cards=[Beato, the Butterfly Witch:1 Willy, the Valiant Leprechaun:1 Arthor, the King of Blackport:1 Luck:1 Brilliant Idea:1 Earth-Shattering Hammer, Relic of Deri:1]
t=3 ph=3 ap=1 snaps=477 hooks=23 inst=45 rollout "Brilliant Idea" Spell lvl1 hero1
t=3 ph=3 ap=1 snaps=478 hooks=23 inst=45 leakyRollout "Brilliant Idea" +1.08MB hooks=[onPhaseStart:1 onPhaseEnd:1 onPlay:1 afterSpellResolved:1 onActionUsed:1 onAnyActionResolved:1] cards=[Beato, the Butterfly Witch:1 Willy, the Valiant Leprechaun:1 Arthor, the King of Blackport:1 Luck:1 Brilliant Idea:1 Earth-Shattering Hammer, Relic of Deri:1]
t=3 ph=3 ap=1 snaps=478 hooks=23 inst=45 rollout "Brilliant Idea" Spell lvl1 hero1
t=3 ph=3 ap=1 snaps=479 hooks=23 inst=45 leakyRollout "Brilliant Idea" +1.09MB hooks=[onPhaseStart:1 onPhaseEnd:1 onPlay:1 afterSpellResolved:1 onActionUsed:1 onAnyActionResolved:1] cards=[Beato, the Butterfly Witch:1 Willy, the Valiant Leprechaun:1 Arthor, the King of Blackport:1 Luck:1 Brilliant Idea:1 Earth-Shattering Hammer, Relic of Deri:1]
t=3 ph=3 ap=1 snaps=479 hooks=23 inst=45 rollout "Brilliant Idea" Spell lvl1 hero1
t=3 ph=3 ap=1 snaps=480 hooks=23 inst=45 leakyRollout "Brilliant Idea" +1.09MB hooks=[onPhaseStart:1 onPhaseEnd:1 onPlay:1 afterSpellResolved:1 onActionUsed:1 onAnyActionResolved:1] cards=[Beato, the Butterfly Witch:1 Willy, the Valiant Leprechaun:1 Arthor, the King of Blackport:1 Luck:1 Brilliant Idea:1 Earth-Shattering Hammer, Relic of Deri:1]
t=3 ph=3 ap=1 snaps=480 hooks=23 inst=45 rollout "Brilliant Idea" Spell lvl1 hero1
t=3 ph=3 ap=1 snaps=481 hooks=23 inst=45 rollout "Brilliant Idea" Spell lvl1 hero1
t=3 ph=3 ap=1 snaps=482 hooks=23 inst=45 leakyRollout "Brilliant Idea" +1.08MB hooks=[onPhaseStart:1 onPhaseEnd:1 onPlay:1 afterSpellResolved:1 onActionUsed:1 onAnyActionResolved:1] cards=[Beato, the Butterfly Witch:1 Willy, the Valiant Leprechaun:1 Arthor, the King of Blackport:1 Luck:1 Brilliant Idea:1 Earth-Shattering Hammer, Relic of Deri:1]
t=3 ph=3 ap=1 snaps=482 hooks=23 inst=45 rollout "Brilliant Idea" Spell lvl1 hero1
t=3 ph=3 ap=1 snaps=483 hooks=23 inst=45 leakyRollout "Brilliant Idea" +1.09MB hooks=[onPhaseStart:1 onPhaseEnd:1 onPlay:1 afterSpellResolved:1 onActionUsed:1 onAnyActionResolved:1] cards=[Beato, the Butterfly Witch:1 Willy, the Valiant Leprechaun:1 Arthor, the King of Blackport:1 Luck:1 Brilliant Idea:1 Earth-Shattering Hammer, Relic of Deri:1]
t=3 ph=3 ap=1 snaps=483 hooks=23 inst=45 rollout "Brilliant Idea" Spell lvl1 hero1
t=3 ph=3 ap=1 snaps=484 hooks=23 inst=45 leakyRollout "Brilliant Idea" +1.09MB hooks=[onPhaseStart:1 onPhaseEnd:1 onPlay:1 afterSpellResolved:1 onActionUsed:1 onAnyActionResolved:1] cards=[Beato, the Butterfly Witch:1 Willy, the Valiant Leprechaun:1 Arthor, the King of Blackport:1 Luck:1 Brilliant Idea:1 Earth-Shattering Hammer, Relic of Deri:1]
t=3 ph=3 ap=1 snaps=484 hooks=23 inst=45 rollout "Brilliant Idea" Spell lvl1 hero1
t=3 ph=3 ap=1 snaps=485 hooks=23 inst=45 leakyRollout "Brilliant Idea" +1.08MB hooks=[onPhaseStart:1 onPhaseEnd:1 onPlay:1 afterSpellResolved:1 onActionUsed:1 onAnyActionResolved:1] cards=[Beato, the Butterfly Witch:1 Willy, the Valiant Leprechaun:1 Arthor, the King of Blackport:1 Luck:1 Brilliant Idea:1 Earth-Shattering Hammer, Relic of Deri:1]
t=3 ph=3 ap=1 snaps=485 hooks=23 inst=45 rollout "Brilliant Idea" Spell lvl1 hero1
t=3 ph=3 ap=1 snaps=486 hooks=23 inst=45 leakyRollout "Brilliant Idea" +1.08MB hooks=[onPhaseStart:1 onPhaseEnd:1 onPlay:1 afterSpellResolved:1 onActionUsed:1 onAnyActionResolved:1] cards=[Beato, the Butterfly Witch:1 Willy, the Valiant Leprechaun:1 Arthor, the King of Blackport:1 Luck:1 Brilliant Idea:1 Earth-Shattering Hammer, Relic of Deri:1]
t=3 ph=3 ap=1 snaps=486 hooks=23 inst=45 rollout "Brilliant Idea" Spell lvl1 hero1
t=3 ph=3 ap=1 snaps=487 hooks=23 inst=45 leakyRollout "Brilliant Idea" +1.08MB hooks=[onPhaseStart:1 onPhaseEnd:1 onPlay:1 afterSpellResolved:1 onActionUsed:1 onAnyActionResolved:1] cards=[Beato, the Butterfly Witch:1 Willy, the Valiant Leprechaun:1 Arthor, the King of Blackport:1 Luck:1 Brilliant Idea:1 Earth-Shattering Hammer, Relic of Deri:1]
t=3 ph=3 ap=1 snaps=487 hooks=23 inst=45 rollout "Brilliant Idea" Spell lvl1 hero1
t=3 ph=3 ap=1 snaps=488 hooks=23 inst=45 leakyRollout "Brilliant Idea" +1.09MB hooks=[onPhaseStart:1 onPhaseEnd:1 onPlay:1 afterSpellResolved:1 onActionUsed:1 onAnyActionResolved:1] cards=[Beato, the Butterfly Witch:1 Willy, the Valiant Leprechaun:1 Arthor, the King of Blackport:1 Luck:1 Brilliant Idea:1 Earth-Shattering Hammer, Relic of Deri:1]
t=3 ph=3 ap=1 snaps=488 hooks=23 inst=45 rollout "Brilliant Idea" Spell lvl1 hero1
t=3 ph=3 ap=1 snaps=489 hooks=23 inst=45 leakyRollout "Brilliant Idea" +1.08MB hooks=[onPhaseStart:1 onPhaseEnd:1 onPlay:1 afterSpellResolved:1 onActionUsed:1 onAnyActionResolved:1] cards=[Beato, the Butterfly Witch:1 Willy, the Valiant Leprechaun:1 Arthor, the King of Blackport:1 Luck:1 Brilliant Idea:1 Earth-Shattering Hammer, Relic of Deri:1]
t=3 ph=3 ap=1 snaps=489 hooks=23 inst=45 rollout "Brilliant Idea" Spell lvl1 hero1
t=3 ph=3 ap=1 snaps=490 hooks=23 inst=45 leakyRollout "Brilliant Idea" +1.08MB hooks=[onPhaseStart:1 onPhaseEnd:1 onPlay:1 afterSpellResolved:1 onActionUsed:1 onAnyActionResolved:1] cards=[Beato, the Butterfly Witch:1 Willy, the Valiant Leprechaun:1 Arthor, the King of Blackport:1 Luck:1 Brilliant Idea:1 Earth-Shattering Hammer, Relic of Deri:1]
t=3 ph=3 ap=1 snaps=490 hooks=23 inst=45 rollout "Brilliant Idea" Spell lvl1 hero1
t=3 ph=3 ap=1 snaps=491 hooks=23 inst=45 leakyRollout "Brilliant Idea" +1.09MB hooks=[onPhaseStart:1 onPhaseEnd:1 onPlay:1 afterSpellResolved:1 onActionUsed:1 onAnyActionResolved:1] cards=[Beato, the Butterfly Witch:1 Willy, the Valiant Leprechaun:1 Arthor, the King of Blackport:1 Luck:1 Brilliant Idea:1 Earth-Shattering Hammer, Relic of Deri:1]
t=3 ph=3 ap=1 snaps=491 hooks=23 inst=45 rollout "Brilliant Idea" Spell lvl1 hero1
t=3 ph=3 ap=1 snaps=492 hooks=23 inst=45 leakyRollout "Brilliant Idea" +1.09MB hooks=[onPhaseStart:1 onPhaseEnd:1 onPlay:1 afterSpellResolved:1 onActionUsed:1 onAnyActionResolved:1] cards=[Beato, the Butterfly Witch:1 Willy, the Valiant Leprechaun:1 Arthor, the King of Blackport:1 Luck:1 Brilliant Idea:1 Earth-Shattering Hammer, Relic of Deri:1]
t=3 ph=3 ap=1 snaps=492 hooks=23 inst=45 rollout "Brilliant Idea" Spell lvl1 hero1
t=3 ph=3 ap=1 snaps=493 hooks=23 inst=45 leakyRollout "Brilliant Idea" +1.08MB hooks=[onPhaseStart:1 onPhaseEnd:1 onPlay:1 afterSpellResolved:1 onActionUsed:1 onAnyActionResolved:1] cards=[Beato, the Butterfly Witch:1 Willy, the Valiant Leprechaun:1 Arthor, the King of Blackport:1 Luck:1 Brilliant Idea:1 Earth-Shattering Hammer, Relic of Deri:1]
t=3 ph=3 ap=1 snaps=493 hooks=23 inst=45 rollout "Brilliant Idea" Spell lvl1 hero1
t=3 ph=3 ap=1 snaps=494 hooks=23 inst=45 leakyRollout "Brilliant Idea" +1.08MB hooks=[onPhaseStart:1 onPhaseEnd:1 onPlay:1 afterSpellResolved:1 onActionUsed:1 onAnyActionResolved:1] cards=[Beato, the Butterfly Witch:1 Willy, the Valiant Leprechaun:1 Arthor, the King of Blackport:1 Luck:1 Brilliant Idea:1 Earth-Shattering Hammer, Relic of Deri:1]
t=3 ph=3 ap=1 snaps=494 hooks=23 inst=45 rollout "Brilliant Idea" Spell lvl1 hero1
t=3 ph=3 ap=1 snaps=495 hooks=23 inst=45 rollout "Brilliant Idea" Spell lvl1 hero1
t=3 ph=3 ap=1 snaps=496 hooks=23 inst=45 leakyRollout "Brilliant Idea" +1.09MB hooks=[onPhaseStart:1 onPhaseEnd:1 onPlay:1 afterSpellResolved:1 onActionUsed:1 onAnyActionResolved:1] cards=[Beato, the Butterfly Witch:1 Willy, the Valiant Leprechaun:1 Arthor, the King of Blackport:1 Luck:1 Brilliant Idea:1 Earth-Shattering Hammer, Relic of Deri:1]
t=3 ph=3 ap=1 snaps=496 hooks=23 inst=45 rollout "Brilliant Idea" Spell lvl1 hero1
t=3 ph=3 ap=1 snaps=497 hooks=23 inst=45 leakyRollout "Brilliant Idea" +1.08MB hooks=[onPhaseStart:1 onPhaseEnd:1 onPlay:1 afterSpellResolved:1 onActionUsed:1 onAnyActionResolved:1] cards=[Beato, the Butterfly Witch:1 Willy, the Valiant Leprechaun:1 Arthor, the King of Blackport:1 Luck:1 Brilliant Idea:1 Earth-Shattering Hammer, Relic of Deri:1]
t=3 ph=3 ap=1 snaps=497 hooks=23 inst=45 rollout "Brilliant Idea" Spell lvl1 hero1
t=3 ph=3 ap=1 snaps=498 hooks=23 inst=45 leakyRollout "Brilliant Idea" +1.08MB hooks=[onPhaseStart:1 onPhaseEnd:1 onPlay:1 afterSpellResolved:1 onActionUsed:1 onAnyActionResolved:1] cards=[Beato, the Butterfly Witch:1 Willy, the Valiant Leprechaun:1 Arthor, the King of Blackport:1 Luck:1 Brilliant Idea:1 Earth-Shattering Hammer, Relic of Deri:1]
t=3 ph=3 ap=1 snaps=498 hooks=23 inst=45 rollout "Brilliant Idea" Spell lvl1 hero1
t=3 ph=3 ap=1 snaps=499 hooks=23 inst=45 leakyRollout "Brilliant Idea" +1.08MB hooks=[onPhaseStart:1 onPhaseEnd:1 onPlay:1 afterSpellResolved:1 onActionUsed:1 onAnyActionResolved:1] cards=[Beato, the Butterfly Witch:1 Willy, the Valiant Leprechaun:1 Arthor, the King of Blackport:1 Luck:1 Brilliant Idea:1 Earth-Shattering Hammer, Relic of Deri:1]
t=3 ph=3 ap=1 snaps=499 hooks=23 inst=45 rollout "Brilliant Idea" Spell lvl1 hero1
t=3 ph=3 ap=1 snaps=500 hooks=23 inst=45 leakyRollout "Brilliant Idea" +1.09MB hooks=[onPhaseStart:1 onPhaseEnd:1 onPlay:1 afterSpellResolved:1 onActionUsed:1 onAnyActionResolved:1] cards=[Beato, the Butterfly Witch:1 Willy, the Valiant Leprechaun:1 Arthor, the King of Blackport:1 Luck:1 Brilliant Idea:1 Earth-Shattering Hammer, Relic of Deri:1]
t=3 ph=3 ap=1 snaps=500 hooks=23 inst=45 rollout "Brilliant Idea" Spell lvl1 hero1
t=3 ph=3 ap=1 snaps=501 hooks=23 inst=45 leakyRollout "Brilliant Idea" +1.08MB hooks=[onPhaseStart:1 onPhaseEnd:1 onPlay:1 afterSpellResolved:1 onActionUsed:1 onAnyActionResolved:1] cards=[Beato, the Butterfly Witch:1 Willy, the Valiant Leprechaun:1 Arthor, the King of Blackport:1 Luck:1 Brilliant Idea:1 Earth-Shattering Hammer, Relic of Deri:1]
t=3 ph=3 ap=1 snaps=501 hooks=23 inst=45 rollout "Brilliant Idea" Spell lvl1 hero1
t=3 ph=3 ap=1 snaps=502 hooks=23 inst=45 leakyRollout "Brilliant Idea" +1.09MB hooks=[onPhaseStart:1 onPhaseEnd:1 onPlay:1 afterSpellResolved:1 onActionUsed:1 onAnyActionResolved:1] cards=[Beato, the Butterfly Witch:1 Willy, the Valiant Leprechaun:1 Arthor, the King of Blackport:1 Luck:1 Brilliant Idea:1 Earth-Shattering Hammer, Relic of Deri:1]
t=3 ph=3 ap=1 snaps=502 hooks=23 inst=45 rollout "Brilliant Idea" Spell lvl1 hero1
t=3 ph=3 ap=1 snaps=503 hooks=23 inst=45 leakyRollout "Brilliant Idea" +1.08MB hooks=[onPhaseStart:1 onPhaseEnd:1 onPlay:1 afterSpellResolved:1 onActionUsed:1 onAnyActionResolved:1] cards=[Beato, the Butterfly Witch:1 Willy, the Valiant Leprechaun:1 Arthor, the King of Blackport:1 Luck:1 Brilliant Idea:1 Earth-Shattering Hammer, Relic of Deri:1]
t=3 ph=3 ap=1 snaps=503 hooks=23 inst=45 rollout "Brilliant Idea" Spell lvl1 hero1
t=3 ph=3 ap=1 snaps=504 hooks=23 inst=45 leakyRollout "Brilliant Idea" +1.09MB hooks=[onPhaseStart:1 onPhaseEnd:1 onPlay:1 afterSpellResolved:1 onActionUsed:1 onAnyActionResolved:1] cards=[Beato, the Butterfly Witch:1 Willy, the Valiant Leprechaun:1 Arthor, the King of Blackport:1 Luck:1 Brilliant Idea:1 Earth-Shattering Hammer, Relic of Deri:1]
t=3 ph=3 ap=1 snaps=504 hooks=23 inst=45 rollout "Brilliant Idea" Spell lvl1 hero1
t=3 ph=3 ap=1 snaps=505 hooks=23 inst=45 leakyRollout "Brilliant Idea" +1.08MB hooks=[onPhaseStart:1 onPhaseEnd:1 onPlay:1 afterSpellResolved:1 onActionUsed:1 onAnyActionResolved:1] cards=[Beato, the Butterfly Witch:1 Willy, the Valiant Leprechaun:1 Arthor, the King of Blackport:1 Luck:1 Brilliant Idea:1 Earth-Shattering Hammer, Relic of Deri:1]
t=3 ph=3 ap=1 snaps=505 hooks=23 inst=45 rollout "Brilliant Idea" Spell lvl1 hero1
t=3 ph=3 ap=1 snaps=506 hooks=23 inst=45 leakyRollout "Brilliant Idea" +1.08MB hooks=[onPhaseStart:1 onPhaseEnd:1 onPlay:1 afterSpellResolved:1 onActionUsed:1 onAnyActionResolved:1] cards=[Beato, the Butterfly Witch:1 Willy, the Valiant Leprechaun:1 Arthor, the King of Blackport:1 Luck:1 Brilliant Idea:1 Earth-Shattering Hammer, Relic of Deri:1]
t=3 ph=3 ap=1 snaps=506 hooks=23 inst=45 rollout "Brilliant Idea" Spell lvl1 hero1
t=3 ph=3 ap=1 snaps=507 hooks=23 inst=45 leakyRollout "Brilliant Idea" +1.11MB hooks=[onPhaseStart:1 onPhaseEnd:1 onPlay:1 afterSpellResolved:1 onActionUsed:1 onAnyActionResolved:1] cards=[Beato, the Butterfly Witch:1 Willy, the Valiant Leprechaun:1 Arthor, the King of Blackport:1 Luck:1 Brilliant Idea:1 Earth-Shattering Hammer, Relic of Deri:1]
t=3 ph=3 ap=1 snaps=507 hooks=23 inst=45 rollout "Brilliant Idea" Spell lvl1 hero1
t=3 ph=3 ap=1 snaps=508 hooks=23 inst=45 leakyRollout "Brilliant Idea" +1.09MB hooks=[onPhaseStart:1 onPhaseEnd:1 onPlay:1 afterSpellResolved:1 onActionUsed:1 onAnyActionResolved:1] cards=[Beato, the Butterfly Witch:1 Willy, the Valiant Leprechaun:1 Arthor, the King of Blackport:1 Luck:1 Brilliant Idea:1 Earth-Shattering Hammer, Relic of Deri:1]
t=3 ph=3 ap=1 snaps=508 hooks=23 inst=45 rollout "Brilliant Idea" Spell lvl1 hero1
t=3 ph=3 ap=1 snaps=509 hooks=23 inst=45 rollout "Brilliant Idea" Spell lvl1 hero1
t=3 ph=3 ap=1 snaps=510 hooks=23 inst=45 leakyRollout "Brilliant Idea" +1.08MB hooks=[onPhaseStart:1 onPhaseEnd:1 onPlay:1 afterSpellResolved:1 onActionUsed:1 onAnyActionResolved:1] cards=[Beato, the Butterfly Witch:1 Willy, the Valiant Leprechaun:1 Arthor, the King of Blackport:1 Luck:1 Brilliant Idea:1 Earth-Shattering Hammer, Relic of Deri:1]
t=3 ph=3 ap=1 snaps=510 hooks=23 inst=45 rollout "Brilliant Idea" Spell lvl1 hero1
t=3 ph=3 ap=1 snaps=511 hooks=23 inst=45 leakyRollout "Brilliant Idea" +1.08MB hooks=[onPhaseStart:1 onPhaseEnd:1 onPlay:1 afterSpellResolved:1 onActionUsed:1 onAnyActionResolved:1] cards=[Beato, the Butterfly Witch:1 Willy, the Valiant Leprechaun:1 Arthor, the King of Blackport:1 Luck:1 Brilliant Idea:1 Earth-Shattering Hammer, Relic of Deri:1]
t=3 ph=3 ap=1 snaps=511 hooks=23 inst=45 rollout "Brilliant Idea" Spell lvl1 hero1
t=3 ph=3 ap=1 snaps=512 hooks=23 inst=45 leakyRollout "Brilliant Idea" +1.09MB hooks=[onPhaseStart:1 onPhaseEnd:1 onPlay:1 afterSpellResolved:1 onActionUsed:1 onAnyActionResolved:1] cards=[Beato, the Butterfly Witch:1 Willy, the Valiant Leprechaun:1 Arthor, the King of Blackport:1 Luck:1 Brilliant Idea:1 Earth-Shattering Hammer, Relic of Deri:1]
t=3 ph=3 ap=1 snaps=512 hooks=23 inst=45 rollout "Brilliant Idea" Spell lvl1 hero1
t=3 ph=3 ap=1 snaps=513 hooks=23 inst=45 leakyRollout "Brilliant Idea" +1.08MB hooks=[onPhaseStart:1 onPhaseEnd:1 onPlay:1 afterSpellResolved:1 onActionUsed:1 onAnyActionResolved:1] cards=[Beato, the Butterfly Witch:1 Willy, the Valiant Leprechaun:1 Arthor, the King of Blackport:1 Luck:1 Brilliant Idea:1 Earth-Shattering Hammer, Relic of Deri:1]
t=3 ph=3 ap=1 snaps=513 hooks=23 inst=45 rollout "Brilliant Idea" Spell lvl1 hero1
t=3 ph=3 ap=1 snaps=514 hooks=23 inst=45 leakyRollout "Brilliant Idea" +1.08MB hooks=[onPhaseStart:1 onPhaseEnd:1 onPlay:1 afterSpellResolved:1 onActionUsed:1 onAnyActionResolved:1] cards=[Beato, the Butterfly Witch:1 Willy, the Valiant Leprechaun:1 Arthor, the King of Blackport:1 Luck:1 Brilliant Idea:1 Earth-Shattering Hammer, Relic of Deri:1]
t=3 ph=3 ap=1 snaps=514 hooks=23 inst=45 rollout "Brilliant Idea" Spell lvl1 hero1
t=3 ph=3 ap=1 snaps=515 hooks=23 inst=45 leakyRollout "Brilliant Idea" +1.09MB hooks=[onPhaseStart:1 onPhaseEnd:1 onPlay:1 afterSpellResolved:1 onActionUsed:1 onAnyActionResolved:1] cards=[Beato, the Butterfly Witch:1 Willy, the Valiant Leprechaun:1 Arthor, the King of Blackport:1 Luck:1 Brilliant Idea:1 Earth-Shattering Hammer, Relic of Deri:1]
t=3 ph=3 ap=1 snaps=515 hooks=23 inst=45 rollout "Brilliant Idea" Spell lvl1 hero1
t=3 ph=3 ap=1 snaps=516 hooks=23 inst=45 leakyRollout "Brilliant Idea" +1.09MB hooks=[onPhaseStart:1 onPhaseEnd:1 onPlay:1 afterSpellResolved:1 onActionUsed:1 onAnyActionResolved:1] cards=[Beato, the Butterfly Witch:1 Willy, the Valiant Leprechaun:1 Arthor, the King of Blackport:1 Luck:1 Brilliant Idea:1 Earth-Shattering Hammer, Relic of Deri:1]
t=3 ph=3 ap=1 snaps=516 hooks=23 inst=45 rollout "Brilliant Idea" Spell lvl1 hero1
t=3 ph=3 ap=1 snaps=517 hooks=23 inst=45 leakyRollout "Brilliant Idea" +1.09MB hooks=[onPhaseStart:1 onPhaseEnd:1 onPlay:1 afterSpellResolved:1 onActionUsed:1 onAnyActionResolved:1] cards=[Beato, the Butterfly Witch:1 Willy, the Valiant Leprechaun:1 Arthor, the King of Blackport:1 Luck:1 Brilliant Idea:1 Earth-Shattering Hammer, Relic of Deri:1]
t=3 ph=3 ap=1 snaps=517 hooks=23 inst=45 rollout "Brilliant Idea" Spell lvl1 hero1
t=3 ph=3 ap=1 snaps=518 hooks=23 inst=45 leakyRollout "Brilliant Idea" +1.08MB hooks=[onPhaseStart:1 onPhaseEnd:1 onPlay:1 afterSpellResolved:1 onActionUsed:1 onAnyActionResolved:1] cards=[Beato, the Butterfly Witch:1 Willy, the Valiant Leprechaun:1 Arthor, the King of Blackport:1 Luck:1 Brilliant Idea:1 Earth-Shattering Hammer, Relic of Deri:1]
t=3 ph=3 ap=1 snaps=518 hooks=23 inst=45 rollout "Brilliant Idea" Spell lvl1 hero1
t=3 ph=3 ap=1 snaps=519 hooks=23 inst=45 leakyRollout "Brilliant Idea" +1.08MB hooks=[onPhaseStart:1 onPhaseEnd:1 onPlay:1 afterSpellResolved:1 onActionUsed:1 onAnyActionResolved:1] cards=[Beato, the Butterfly Witch:1 Willy, the Valiant Leprechaun:1 Arthor, the King of Blackport:1 Luck:1 Brilliant Idea:1 Earth-Shattering Hammer, Relic of Deri:1]
t=3 ph=3 ap=1 snaps=519 hooks=23 inst=45 rollout "Brilliant Idea" Spell lvl1 hero1
t=3 ph=3 ap=1 snaps=520 hooks=23 inst=45 leakyRollout "Brilliant Idea" +1.09MB hooks=[onPhaseStart:1 onPhaseEnd:1 onPlay:1 afterSpellResolved:1 onActionUsed:1 onAnyActionResolved:1] cards=[Beato, the Butterfly Witch:1 Willy, the Valiant Leprechaun:1 Arthor, the King of Blackport:1 Luck:1 Brilliant Idea:1 Earth-Shattering Hammer, Relic of Deri:1]
t=3 ph=3 ap=1 snaps=520 hooks=23 inst=45 rollout "Brilliant Idea" Spell lvl1 hero1
t=3 ph=3 ap=1 snaps=521 hooks=23 inst=45 leakyRollout "Brilliant Idea" +1.08MB hooks=[onPhaseStart:1 onPhaseEnd:1 onPlay:1 afterSpellResolved:1 onActionUsed:1 onAnyActionResolved:1] cards=[Beato, the Butterfly Witch:1 Willy, the Valiant Leprechaun:1 Arthor, the King of Blackport:1 Luck:1 Brilliant Idea:1 Earth-Shattering Hammer, Relic of Deri:1]
t=3 ph=3 ap=1 snaps=521 hooks=23 inst=45 rollout "Brilliant Idea" Spell lvl1 hero1
t=3 ph=3 ap=1 snaps=522 hooks=23 inst=45 leakyRollout "Brilliant Idea" +1.08MB hooks=[onPhaseStart:1 onPhaseEnd:1 onPlay:1 afterSpellResolved:1 onActionUsed:1 onAnyActionResolved:1] cards=[Beato, the Butterfly Witch:1 Willy, the Valiant Leprechaun:1 Arthor, the King of Blackport:1 Luck:1 Brilliant Idea:1 Earth-Shattering Hammer, Relic of Deri:1]
t=3 ph=3 ap=1 snaps=522 hooks=23 inst=45 rollout "Brilliant Idea" Spell lvl1 hero1
t=3 ph=3 ap=1 snaps=523 hooks=23 inst=45 rollout "Brilliant Idea" Spell lvl1 hero1
t=3 ph=3 ap=1 snaps=524 hooks=23 inst=45 leakyRollout "Brilliant Idea" +1.09MB hooks=[onPhaseStart:1 onPhaseEnd:1 onPlay:1 afterSpellResolved:1 onActionUsed:1 onAnyActionResolved:1] cards=[Beato, the Butterfly Witch:1 Willy, the Valiant Leprechaun:1 Arthor, the King of Blackport:1 Luck:1 Brilliant Idea:1 Earth-Shattering Hammer, Relic of Deri:1]
t=3 ph=3 ap=1 snaps=524 hooks=23 inst=45 rollout "Brilliant Idea" Spell lvl1 hero1
t=3 ph=3 ap=1 snaps=525 hooks=23 inst=45 leakyRollout "Brilliant Idea" +1.08MB hooks=[onPhaseStart:1 onPhaseEnd:1 onPlay:1 afterSpellResolved:1 onActionUsed:1 onAnyActionResolved:1] cards=[Beato, the Butterfly Witch:1 Willy, the Valiant Leprechaun:1 Arthor, the King of Blackport:1 Luck:1 Brilliant Idea:1 Earth-Shattering Hammer, Relic of Deri:1]
t=3 ph=3 ap=1 snaps=525 hooks=23 inst=45 rollout "Brilliant Idea" Spell lvl1 hero1
t=3 ph=3 ap=1 snaps=526 hooks=23 inst=45 leakyRollout "Brilliant Idea" +1.08MB hooks=[onPhaseStart:1 onPhaseEnd:1 onPlay:1 afterSpellResolved:1 onActionUsed:1 onAnyActionResolved:1] cards=[Beato, the Butterfly Witch:1 Willy, the Valiant Leprechaun:1 Arthor, the King of Blackport:1 Luck:1 Brilliant Idea:1 Earth-Shattering Hammer, Relic of Deri:1]
t=3 ph=3 ap=1 snaps=526 hooks=23 inst=45 rollout "Brilliant Idea" Spell lvl1 hero1
t=3 ph=3 ap=1 snaps=527 hooks=23 inst=45 leakyRollout "Brilliant Idea" +1.08MB hooks=[onPhaseStart:1 onPhaseEnd:1 onPlay:1 afterSpellResolved:1 onActionUsed:1 onAnyActionResolved:1] cards=[Beato, the Butterfly Witch:1 Willy, the Valiant Leprechaun:1 Arthor, the King of Blackport:1 Luck:1 Brilliant Idea:1 Earth-Shattering Hammer, Relic of Deri:1]
t=3 ph=3 ap=1 snaps=527 hooks=23 inst=45 rollout "Brilliant Idea" Spell lvl1 hero1
t=3 ph=3 ap=1 snaps=528 hooks=23 inst=45 leakyRollout "Brilliant Idea" +1.09MB hooks=[onPhaseStart:1 onPhaseEnd:1 onPlay:1 afterSpellResolved:1 onActionUsed:1 onAnyActionResolved:1] cards=[Beato, the Butterfly Witch:1 Willy, the Valiant Leprechaun:1 Arthor, the King of Blackport:1 Luck:1 Brilliant Idea:1 Earth-Shattering Hammer, Relic of Deri:1]
t=3 ph=3 ap=1 snaps=528 hooks=23 inst=45 rollout "Brilliant Idea" Spell lvl1 hero1
t=3 ph=3 ap=1 snaps=529 hooks=23 inst=45 leakyRollout "Brilliant Idea" +1.08MB hooks=[onPhaseStart:1 onPhaseEnd:1 onPlay:1 afterSpellResolved:1 onActionUsed:1 onAnyActionResolved:1] cards=[Beato, the Butterfly Witch:1 Willy, the Valiant Leprechaun:1 Arthor, the King of Blackport:1 Luck:1 Brilliant Idea:1 Earth-Shattering Hammer, Relic of Deri:1]
t=3 ph=3 ap=1 snaps=529 hooks=23 inst=45 rollout "Brilliant Idea" Spell lvl1 hero1
t=3 ph=3 ap=1 snaps=530 hooks=23 inst=45 leakyRollout "Brilliant Idea" +1.08MB hooks=[onPhaseStart:1 onPhaseEnd:1 onPlay:1 afterSpellResolved:1 onActionUsed:1 onAnyActionResolved:1] cards=[Beato, the Butterfly Witch:1 Willy, the Valiant Leprechaun:1 Arthor, the King of Blackport:1 Luck:1 Brilliant Idea:1 Earth-Shattering Hammer, Relic of Deri:1]
t=3 ph=3 ap=1 snaps=530 hooks=23 inst=45 rollout "Brilliant Idea" Spell lvl1 hero1
t=3 ph=3 ap=1 snaps=531 hooks=23 inst=45 leakyRollout "Brilliant Idea" +1.08MB hooks=[onPhaseStart:1 onPhaseEnd:1 onPlay:1 afterSpellResolved:1 onActionUsed:1 onAnyActionResolved:1] cards=[Beato, the Butterfly Witch:1 Willy, the Valiant Leprechaun:1 Arthor, the King of Blackport:1 Luck:1 Brilliant Idea:1 Earth-Shattering Hammer, Relic of Deri:1]
t=3 ph=3 ap=1 snaps=531 hooks=23 inst=45 rollout "Brilliant Idea" Spell lvl1 hero1
t=3 ph=3 ap=1 snaps=532 hooks=23 inst=45 leakyRollout "Brilliant Idea" +1.09MB hooks=[onPhaseStart:1 onPhaseEnd:1 onPlay:1 afterSpellResolved:1 onActionUsed:1 onAnyActionResolved:1] cards=[Beato, the Butterfly Witch:1 Willy, the Valiant Leprechaun:1 Arthor, the King of Blackport:1 Luck:1 Brilliant Idea:1 Earth-Shattering Hammer, Relic of Deri:1]
t=3 ph=3 ap=1 snaps=532 hooks=23 inst=45 rollout "Brilliant Idea" Spell lvl1 hero1
t=3 ph=3 ap=1 snaps=533 hooks=23 inst=45 leakyRollout "Brilliant Idea" +1.08MB hooks=[onPhaseStart:1 onPhaseEnd:1 onPlay:1 afterSpellResolved:1 onActionUsed:1 onAnyActionResolved:1] cards=[Beato, the Butterfly Witch:1 Willy, the Valiant Leprechaun:1 Arthor, the King of Blackport:1 Luck:1 Brilliant Idea:1 Earth-Shattering Hammer, Relic of Deri:1]
t=3 ph=3 ap=1 snaps=533 hooks=23 inst=45 rollout "Brilliant Idea" Spell lvl1 hero1
t=3 ph=3 ap=1 snaps=534 hooks=23 inst=45 leakyRollout "Brilliant Idea" +1.08MB hooks=[onPhaseStart:1 onPhaseEnd:1 onPlay:1 afterSpellResolved:1 onActionUsed:1 onAnyActionResolved:1] cards=[Beato, the Butterfly Witch:1 Willy, the Valiant Leprechaun:1 Arthor, the King of Blackport:1 Luck:1 Brilliant Idea:1 Earth-Shattering Hammer, Relic of Deri:1]
t=3 ph=3 ap=1 snaps=534 hooks=23 inst=45 rollout "Brilliant Idea" Spell lvl1 hero1
t=3 ph=3 ap=1 snaps=535 hooks=23 inst=45 leakyRollout "Brilliant Idea" +1.08MB hooks=[onPhaseStart:1 onPhaseEnd:1 onPlay:1 afterSpellResolved:1 onActionUsed:1 onAnyActionResolved:1] cards=[Beato, the Butterfly Witch:1 Willy, the Valiant Leprechaun:1 Arthor, the King of Blackport:1 Luck:1 Brilliant Idea:1 Earth-Shattering Hammer, Relic of Deri:1]
t=3 ph=5 ap=1 snaps=547 hooks=33 inst=46 switchTurn ending p1
t=4 ph=2 ap=0 snaps=547 hooks=13 inst=47 cpuTurnStart cpu=p0 hand=4
t=4 ph=3 ap=0 snaps=575 hooks=16 inst=48 rollout "Thieving Strike" Attack lvl2 hero1
t=4 ph=3 ap=0 snaps=576 hooks=16 inst=48 leakyRollout "Thieving Strike" +1.83MB hooks=[afterSpellResolved:2 onStatusApplied:2 beforeDamage:1 afterDamage:1 onPhaseStart:1 onPhaseEnd:1] cards=[Fiona, the Princess of Blackport:2 Beato, the Butterfly Witch:2 Arthor, the King of Blackport:2 Luck:2 Earth-Shattering Hammer, Relic of Deri:2 Willy, the Valiant Leprechaun:1]
t=4 ph=3 ap=0 snaps=576 hooks=16 inst=48 rollout "Critical Strike" Attack lvl3 hero1
t=4 ph=3 ap=0 snaps=578 hooks=16 inst=48 leakyRollout "Critical Strike" +15.22MB hooks=[] cards=[Willy, the Valiant Leprechaun:41 Luck:17 Wealth:14 Arthor, the King of Blackport:12 Blade of the Swamp Witch:6 Earth-Shattering Hammer, Relic of Deri:6]
t=4 ph=3 ap=0 snaps=578 hooks=16 inst=48 rollout "Thieving Strike" Attack lvl2 hero1
t=4 ph=3 ap=0 snaps=579 hooks=16 inst=48 rollout "Thieving Strike" Attack lvl2 hero1
t=4 ph=3 ap=0 snaps=580 hooks=16 inst=48 leakyRollout "Thieving Strike" +1.59MB hooks=[afterSpellResolved:2 onStatusApplied:2 beforeDamage:1 afterDamage:1 onPhaseStart:1 onPhaseEnd:1] cards=[Fiona, the Princess of Blackport:2 Beato, the Butterfly Witch:2 Arthor, the King of Blackport:2 Luck:2 Wealth:2 Earth-Shattering Hammer, Relic of Deri:2]
t=4 ph=3 ap=0 snaps=580 hooks=16 inst=48 rollout "Thieving Strike" Attack lvl2 hero1
t=4 ph=3 ap=0 snaps=582 hooks=16 inst=48 rollout "Thieving Strike" Attack lvl2 hero1
t=4 ph=3 ap=0 snaps=584 hooks=16 inst=48 leakyRollout "Thieving Strike" +13.22MB hooks=[] cards=[Willy, the Valiant Leprechaun:41 Luck:16 Wealth:16 Arthor, the King of Blackport:10 Toras, Master of all Weapons:7 Earth-Shattering Hammer, Relic of Deri:5]
t=4 ph=3 ap=0 snaps=584 hooks=16 inst=48 rollout "Thieving Strike" Attack lvl2 hero1
t=4 ph=3 ap=0 snaps=585 hooks=16 inst=48 leakyRollout "Thieving Strike" +1.51MB hooks=[afterSpellResolved:2 onStatusApplied:2 beforeDamage:1 afterDamage:1 onPhaseStart:1 onPhaseEnd:1] cards=[Fiona, the Princess of Blackport:2 Beato, the Butterfly Witch:2 Arthor, the King of Blackport:2 Luck:2 Earth-Shattering Hammer, Relic of Deri:2 Willy, the Valiant Leprechaun:1]
t=4 ph=3 ap=0 snaps=585 hooks=16 inst=48 rollout "Critical Strike" Attack lvl3 hero1
t=4 ph=3 ap=0 snaps=587 hooks=16 inst=48 rollout "Critical Strike" Attack lvl3 hero1
t=4 ph=3 ap=0 snaps=589 hooks=16 inst=48 rollout "Critical Strike" Attack lvl3 hero1
t=4 ph=3 ap=0 snaps=591 hooks=16 inst=48 rollout "Critical Strike" Attack lvl3 hero1
t=4 ph=3 ap=0 snaps=593 hooks=16 inst=48 rollout "Critical Strike" Attack lvl3 hero1
t=4 ph=3 ap=0 snaps=595 hooks=16 inst=48 rollout "Critical Strike" Attack lvl3 hero1
t=4 ph=3 ap=0 snaps=597 hooks=16 inst=48 leakyRollout "Critical Strike" +3.49MB hooks=[] cards=[Willy, the Valiant Leprechaun:41 Wealth:20 Luck:17 Arthor, the King of Blackport:8 Toras, Master of all Weapons:8 Blade of the Swamp Witch:8]
t=4 ph=3 ap=0 snaps=597 hooks=16 inst=48 rollout "Critical Strike" Attack lvl3 hero1
t=4 ph=3 ap=0 snaps=599 hooks=16 inst=48 leakyRollout "Critical Strike" +3.47MB hooks=[] cards=[Willy, the Valiant Leprechaun:41 Wealth:20 Luck:17 Arthor, the King of Blackport:8 Toras, Master of all Weapons:8 Blade of the Swamp Witch:8]
t=4 ph=3 ap=0 snaps=599 hooks=16 inst=48 rollout "Critical Strike" Attack lvl3 hero1
t=4 ph=3 ap=0 snaps=601 hooks=16 inst=48 rollout "Critical Strike" Attack lvl3 hero1
t=4 ph=3 ap=0 snaps=603 hooks=16 inst=48 rollout "Critical Strike" Attack lvl3 hero1
t=4 ph=3 ap=0 snaps=605 hooks=16 inst=48 leakyRollout "Critical Strike" +3.53MB hooks=[] cards=[Willy, the Valiant Leprechaun:41 Wealth:20 Luck:17 Arthor, the King of Blackport:8 Toras, Master of all Weapons:8 Blade of the Swamp Witch:8]
t=4 ph=3 ap=0 snaps=605 hooks=16 inst=48 rollout "Critical Strike" Attack lvl3 hero1
t=4 ph=3 ap=0 snaps=607 hooks=16 inst=48 rollout "Critical Strike" Attack lvl3 hero1
t=4 ph=3 ap=0 snaps=609 hooks=16 inst=48 rollout "Critical Strike" Attack lvl3 hero1
t=4 ph=3 ap=0 snaps=611 hooks=16 inst=48 leakyRollout "Critical Strike" +3.20MB hooks=[] cards=[Willy, the Valiant Leprechaun:41 Wealth:20 Luck:17 Arthor, the King of Blackport:8 Toras, Master of all Weapons:8 Blade of the Swamp Witch:8]
t=4 ph=3 ap=0 snaps=611 hooks=16 inst=48 rollout "Critical Strike" Attack lvl3 hero1
t=4 ph=3 ap=0 snaps=613 hooks=16 inst=48 leakyRollout "Critical Strike" +3.29MB hooks=[] cards=[Willy, the Valiant Leprechaun:41 Wealth:20 Luck:17 Arthor, the King of Blackport:8 Toras, Master of all Weapons:8 Blade of the Swamp Witch:8]
t=4 ph=3 ap=0 snaps=613 hooks=16 inst=48 rollout "Critical Strike" Attack lvl3 hero1
t=4 ph=3 ap=0 snaps=615 hooks=16 inst=48 rollout "Critical Strike" Attack lvl3 hero1
t=4 ph=3 ap=0 snaps=617 hooks=16 inst=48 rollout "Critical Strike" Attack lvl3 hero1
t=4 ph=3 ap=0 snaps=619 hooks=16 inst=48 rollout "Critical Strike" Attack lvl3 hero1
t=4 ph=3 ap=0 snaps=621 hooks=16 inst=48 leakyRollout "Critical Strike" +13.28MB hooks=[] cards=[Willy, the Valiant Leprechaun:41 Luck:16 Wealth:14 Arthor, the King of Blackport:11 Blade of the Swamp Witch:6 Toras, Master of all Weapons:5]
t=4 ph=3 ap=0 snaps=621 hooks=16 inst=48 rollout "Critical Strike" Attack lvl3 hero1
t=4 ph=3 ap=0 snaps=623 hooks=16 inst=48 rollout "Critical Strike" Attack lvl3 hero1
t=4 ph=3 ap=0 snaps=625 hooks=16 inst=48 rollout "Critical Strike" Attack lvl3 hero1
t=4 ph=3 ap=0 snaps=627 hooks=16 inst=48 rollout "Critical Strike" Attack lvl3 hero1
t=4 ph=3 ap=0 snaps=629 hooks=16 inst=48 rollout "Critical Strike" Attack lvl3 hero1
t=4 ph=3 ap=0 snaps=631 hooks=16 inst=48 rollout "Critical Strike" Attack lvl3 hero1
t=4 ph=3 ap=0 snaps=633 hooks=16 inst=48 leakyRollout "Critical Strike" +3.28MB hooks=[] cards=[Willy, the Valiant Leprechaun:41 Wealth:20 Luck:17 Arthor, the King of Blackport:8 Toras, Master of all Weapons:8 Blade of the Swamp Witch:8]
t=4 ph=3 ap=0 snaps=633 hooks=16 inst=48 rollout "Critical Strike" Attack lvl3 hero1
t=4 ph=3 ap=0 snaps=635 hooks=16 inst=48 leakyRollout "Critical Strike" +2.17MB hooks=[] cards=[Willy, the Valiant Leprechaun:41 Wealth:20 Luck:17 Arthor, the King of Blackport:8 Toras, Master of all Weapons:8 Blade of the Swamp Witch:7]
t=4 ph=3 ap=0 snaps=635 hooks=16 inst=48 rollout "Critical Strike" Attack lvl3 hero1
t=4 ph=3 ap=0 snaps=637 hooks=16 inst=48 leakyRollout "Critical Strike" +3.23MB hooks=[] cards=[Willy, the Valiant Leprechaun:41 Wealth:20 Luck:17 Arthor, the King of Blackport:8 Toras, Master of all Weapons:8 Blade of the Swamp Witch:8]
t=4 ph=3 ap=0 snaps=637 hooks=16 inst=48 rollout "Critical Strike" Attack lvl3 hero1
t=4 ph=3 ap=0 snaps=639 hooks=16 inst=48 leakyRollout "Critical Strike" +2.18MB hooks=[] cards=[Willy, the Valiant Leprechaun:41 Wealth:20 Luck:18 Toras, Master of all Weapons:9 Arthor, the King of Blackport:8 Blade of the Swamp Witch:7]
t=4 ph=3 ap=0 snaps=639 hooks=16 inst=48 rollout "Critical Strike" Attack lvl3 hero1
t=4 ph=3 ap=0 snaps=641 hooks=16 inst=48 rollout "Critical Strike" Attack lvl3 hero1
t=4 ph=3 ap=0 snaps=643 hooks=16 inst=48 leakyRollout "Critical Strike" +3.31MB hooks=[] cards=[Willy, the Valiant Leprechaun:41 Wealth:20 Luck:17 Arthor, the King of Blackport:8 Toras, Master of all Weapons:8 Blade of the Swamp Witch:8]
t=4 ph=3 ap=0 snaps=643 hooks=16 inst=48 rollout "Critical Strike" Attack lvl3 hero1
t=4 ph=3 ap=0 snaps=645 hooks=16 inst=48 rollout "Critical Strike" Attack lvl3 hero1
t=4 ph=3 ap=0 snaps=647 hooks=16 inst=48 rollout "Critical Strike" Attack lvl3 hero1
t=4 ph=3 ap=0 snaps=649 hooks=16 inst=48 leakyRollout "Critical Strike" +3.68MB hooks=[] cards=[Willy, the Valiant Leprechaun:41 Wealth:20 Luck:18 Toras, Master of all Weapons:9 Arthor, the King of Blackport:8 Blade of the Swamp Witch:8]
t=4 ph=3 ap=0 snaps=649 hooks=16 inst=48 rollout "Critical Strike" Attack lvl3 hero1
t=4 ph=3 ap=0 snaps=651 hooks=16 inst=48 rollout "Critical Strike" Attack lvl3 hero1
t=4 ph=3 ap=0 snaps=653 hooks=16 inst=48 leakyRollout "Critical Strike" +3.34MB hooks=[] cards=[Willy, the Valiant Leprechaun:41 Wealth:20 Luck:17 Arthor, the King of Blackport:8 Toras, Master of all Weapons:8 Blade of the Swamp Witch:8]
t=4 ph=3 ap=0 snaps=653 hooks=16 inst=48 rollout "Critical Strike" Attack lvl3 hero1
t=4 ph=3 ap=0 snaps=655 hooks=16 inst=48 rollout "Critical Strike" Attack lvl3 hero1
t=4 ph=3 ap=0 snaps=657 hooks=16 inst=48 leakyRollout "Critical Strike" +13.22MB hooks=[] cards=[Willy, the Valiant Leprechaun:41 Luck:17 Wealth:14 Arthor, the King of Blackport:12 Blade of the Swamp Witch:6 Earth-Shattering Hammer, Relic of Deri:6]
t=4 ph=3 ap=0 snaps=657 hooks=16 inst=48 rollout "Critical Strike" Attack lvl3 hero1
t=4 ph=3 ap=0 snaps=659 hooks=16 inst=48 rollout "Critical Strike" Attack lvl3 hero1
t=4 ph=3 ap=0 snaps=661 hooks=16 inst=48 leakyRollout "Critical Strike" +3.20MB hooks=[] cards=[Willy, the Valiant Leprechaun:41 Wealth:20 Luck:17 Arthor, the King of Blackport:8 Toras, Master of all Weapons:8 Blade of the Swamp Witch:8]
t=4 ph=3 ap=0 snaps=661 hooks=16 inst=48 rollout "Critical Strike" Attack lvl3 hero1
t=4 ph=3 ap=0 snaps=663 hooks=16 inst=48 leakyRollout "Critical Strike" +2.34MB hooks=[] cards=[Willy, the Valiant Leprechaun:41 Wealth:20 Luck:19 Toras, Master of all Weapons:10 Arthor, the King of Blackport:8 Blade of the Swamp Witch:8]
t=4 ph=3 ap=0 snaps=663 hooks=16 inst=48 rollout "Critical Strike" Attack lvl3 hero1
t=4 ph=3 ap=0 snaps=665 hooks=16 inst=48 leakyRollout "Critical Strike" +3.41MB hooks=[] cards=[Willy, the Valiant Leprechaun:41 Wealth:20 Luck:18 Arthor, the King of Blackport:9 Toras, Master of all Weapons:8 Blade of the Swamp Witch:8]
t=4 ph=3 ap=0 snaps=665 hooks=16 inst=48 rollout "Critical Strike" Attack lvl3 hero1
t=4 ph=3 ap=0 snaps=667 hooks=16 inst=48 rollout "Critical Strike" Attack lvl3 hero1
t=4 ph=3 ap=0 snaps=669 hooks=16 inst=48 leakyRollout "Critical Strike" +3.42MB hooks=[] cards=[Willy, the Valiant Leprechaun:41 Wealth:20 Luck:17 Arthor, the King of Blackport:8 Toras, Master of all Weapons:8 Blade of the Swamp Witch:8]
t=4 ph=3 ap=0 snaps=669 hooks=16 inst=48 rollout "Critical Strike" Attack lvl3 hero1
t=4 ph=3 ap=0 snaps=671 hooks=16 inst=48 leakyRollout "Critical Strike" +3.23MB hooks=[] cards=[Willy, the Valiant Leprechaun:41 Wealth:20 Luck:17 Arthor, the King of Blackport:8 Toras, Master of all Weapons:8 Blade of the Swamp Witch:8]
t=4 ph=3 ap=0 snaps=671 hooks=16 inst=48 rollout "Critical Strike" Attack lvl3 hero1
t=4 ph=3 ap=0 snaps=673 hooks=16 inst=48 rollout "Critical Strike" Attack lvl3 hero1
t=4 ph=3 ap=0 snaps=675 hooks=16 inst=48 rollout "Critical Strike" Attack lvl3 hero1
t=4 ph=3 ap=0 snaps=677 hooks=16 inst=48 rollout "Critical Strike" Attack lvl3 hero1
t=4 ph=3 ap=0 snaps=679 hooks=16 inst=48 rollout "Critical Strike" Attack lvl3 hero1
t=4 ph=3 ap=0 snaps=681 hooks=16 inst=48 rollout "Critical Strike" Attack lvl3 hero1
t=4 ph=3 ap=0 snaps=683 hooks=16 inst=48 leakyRollout "Critical Strike" +3.38MB hooks=[] cards=[Willy, the Valiant Leprechaun:41 Wealth:20 Luck:17 Arthor, the King of Blackport:8 Toras, Master of all Weapons:8 Blade of the Swamp Witch:8]
t=4 ph=3 ap=0 snaps=683 hooks=16 inst=48 rollout "Critical Strike" Attack lvl3 hero1
t=4 ph=3 ap=0 snaps=685 hooks=16 inst=48 rollout "Critical Strike" Attack lvl3 hero1
t=4 ph=3 ap=0 snaps=687 hooks=16 inst=48 rollout "Critical Strike" Attack lvl3 hero1
t=4 ph=3 ap=0 snaps=689 hooks=16 inst=48 leakyRollout "Critical Strike" +3.24MB hooks=[] cards=[Willy, the Valiant Leprechaun:41 Wealth:20 Luck:17 Arthor, the King of Blackport:8 Toras, Master of all Weapons:8 Blade of the Swamp Witch:8]
t=4 ph=3 ap=0 snaps=689 hooks=16 inst=48 rollout "Critical Strike" Attack lvl3 hero1
t=4 ph=3 ap=0 snaps=691 hooks=16 inst=48 leakyRollout "Critical Strike" +3.37MB hooks=[] cards=[Willy, the Valiant Leprechaun:41 Wealth:20 Luck:17 Arthor, the King of Blackport:8 Toras, Master of all Weapons:8 Blade of the Swamp Witch:8]
t=4 ph=3 ap=0 snaps=691 hooks=16 inst=48 rollout "Critical Strike" Attack lvl3 hero1
t=4 ph=3 ap=0 snaps=693 hooks=16 inst=48 leakyRollout "Critical Strike" +2.34MB hooks=[] cards=[Willy, the Valiant Leprechaun:41 Wealth:20 Luck:19 Toras, Master of all Weapons:10 Arthor, the King of Blackport:8 Blade of the Swamp Witch:8]
t=4 ph=3 ap=0 snaps=693 hooks=16 inst=48 rollout "Critical Strike" Attack lvl3 hero1
t=4 ph=3 ap=0 snaps=695 hooks=16 inst=48 rollout "Critical Strike" Attack lvl3 hero1
t=4 ph=3 ap=0 snaps=697 hooks=16 inst=48 leakyRollout "Critical Strike" +3.40MB hooks=[] cards=[Willy, the Valiant Leprechaun:41 Wealth:20 Luck:18 Arthor, the King of Blackport:9 Toras, Master of all Weapons:8 Blade of the Swamp Witch:8]
t=4 ph=3 ap=0 snaps=697 hooks=16 inst=48 rollout "Critical Strike" Attack lvl3 hero1
t=4 ph=3 ap=0 snaps=699 hooks=16 inst=48 rollout "Critical Strike" Attack lvl3 hero1
t=4 ph=3 ap=0 snaps=701 hooks=16 inst=48 leakyRollout "Critical Strike" +3.37MB hooks=[] cards=[Willy, the Valiant Leprechaun:41 Wealth:20 Luck:18 Arthor, the King of Blackport:9 Toras, Master of all Weapons:8 Blade of the Swamp Witch:8]
t=4 ph=3 ap=0 snaps=701 hooks=16 inst=48 rollout "Critical Strike" Attack lvl3 hero1
t=4 ph=3 ap=0 snaps=703 hooks=16 inst=48 rollout "Critical Strike" Attack lvl3 hero1
t=4 ph=3 ap=0 snaps=705 hooks=16 inst=48 rollout "Critical Strike" Attack lvl3 hero1
t=4 ph=3 ap=0 snaps=707 hooks=16 inst=48 leakyRollout "Critical Strike" +3.20MB hooks=[] cards=[Willy, the Valiant Leprechaun:41 Wealth:20 Luck:17 Arthor, the King of Blackport:8 Toras, Master of all Weapons:8 Blade of the Swamp Witch:8]
t=4 ph=3 ap=0 snaps=707 hooks=16 inst=48 rollout "Critical Strike" Attack lvl3 hero1
t=4 ph=3 ap=0 snaps=709 hooks=16 inst=48 rollout "Critical Strike" Attack lvl3 hero1
t=4 ph=3 ap=0 snaps=711 hooks=16 inst=48 rollout "Critical Strike" Attack lvl3 hero1
t=4 ph=3 ap=0 snaps=713 hooks=16 inst=48 rollout "Critical Strike" Attack lvl3 hero1
t=4 ph=3 ap=0 snaps=715 hooks=16 inst=48 rollout "Critical Strike" Attack lvl3 hero1
t=4 ph=3 ap=0 snaps=717 hooks=16 inst=48 leakyRollout "Critical Strike" +13.30MB hooks=[] cards=[Willy, the Valiant Leprechaun:41 Luck:16 Wealth:16 Arthor, the King of Blackport:11 Toras, Master of all Weapons:9 Blade of the Swamp Witch:7]
t=4 ph=3 ap=0 snaps=717 hooks=16 inst=48 rollout "Critical Strike" Attack lvl3 hero1
t=4 ph=3 ap=0 snaps=719 hooks=16 inst=48 rollout "Critical Strike" Attack lvl3 hero1
t=4 ph=3 ap=0 snaps=721 hooks=16 inst=48 rollout "Critical Strike" Attack lvl3 hero1
t=4 ph=3 ap=0 snaps=723 hooks=16 inst=48 rollout "Critical Strike" Attack lvl3 hero1
t=4 ph=3 ap=0 snaps=725 hooks=16 inst=48 rollout "Critical Strike" Attack lvl3 hero1
t=4 ph=3 ap=0 snaps=727 hooks=16 inst=48 rollout "Critical Strike" Attack lvl3 hero1
t=4 ph=3 ap=0 snaps=729 hooks=16 inst=48 rollout "Critical Strike" Attack lvl3 hero1
t=4 ph=3 ap=0 snaps=731 hooks=16 inst=48 leakyRollout "Critical Strike" +2.08MB hooks=[] cards=[Willy, the Valiant Leprechaun:41 Wealth:20 Luck:17 Arthor, the King of Blackport:8 Toras, Master of all Weapons:8 Blade of the Swamp Witch:7]
t=4 ph=3 ap=0 snaps=731 hooks=16 inst=48 rollout "Critical Strike" Attack lvl3 hero1
t=4 ph=3 ap=0 snaps=733 hooks=16 inst=48 rollout "Critical Strike" Attack lvl3 hero1
t=4 ph=3 ap=0 snaps=735 hooks=16 inst=48 leakyRollout "Critical Strike" +13.19MB hooks=[] cards=[Willy, the Valiant Leprechaun:41 Luck:16 Wealth:14 Arthor, the King of Blackport:11 Blade of the Swamp Witch:6 Toras, Master of all Weapons:5]
t=4 ph=3 ap=0 snaps=735 hooks=16 inst=48 rollout "Critical Strike" Attack lvl3 hero1
t=4 ph=3 ap=0 snaps=737 hooks=16 inst=48 rollout "Critical Strike" Attack lvl3 hero1
t=4 ph=3 ap=0 snaps=739 hooks=16 inst=48 leakyRollout "Critical Strike" +13.19MB hooks=[] cards=[Willy, the Valiant Leprechaun:41 Luck:16 Wealth:14 Arthor, the King of Blackport:11 Blade of the Swamp Witch:6 Toras, Master of all Weapons:5]
t=4 ph=3 ap=0 snaps=739 hooks=16 inst=48 rollout "Critical Strike" Attack lvl3 hero1
t=4 ph=3 ap=0 snaps=741 hooks=16 inst=48 rollout "Critical Strike" Attack lvl3 hero1
t=4 ph=3 ap=0 snaps=743 hooks=16 inst=48 rollout "Critical Strike" Attack lvl3 hero1
t=4 ph=3 ap=0 snaps=745 hooks=16 inst=48 leakyRollout "Critical Strike" +2.31MB hooks=[] cards=[Willy, the Valiant Leprechaun:41 Wealth:20 Luck:19 Toras, Master of all Weapons:10 Arthor, the King of Blackport:8 Blade of the Swamp Witch:8]
t=4 ph=3 ap=0 snaps=745 hooks=16 inst=48 rollout "Critical Strike" Attack lvl3 hero1
t=4 ph=3 ap=0 snaps=747 hooks=16 inst=48 rollout "Critical Strike" Attack lvl3 hero1
t=4 ph=3 ap=0 snaps=749 hooks=16 inst=48 leakyRollout "Critical Strike" +3.35MB hooks=[] cards=[Willy, the Valiant Leprechaun:41 Wealth:20 Luck:18 Arthor, the King of Blackport:9 Toras, Master of all Weapons:8 Blade of the Swamp Witch:8]
t=4 ph=3 ap=0 snaps=749 hooks=16 inst=48 rollout "Critical Strike" Attack lvl3 hero1
t=4 ph=3 ap=0 snaps=751 hooks=16 inst=48 rollout "Critical Strike" Attack lvl3 hero1
t=4 ph=3 ap=0 snaps=753 hooks=16 inst=48 rollout "Critical Strike" Attack lvl3 hero1
t=4 ph=3 ap=0 snaps=755 hooks=16 inst=48 rollout "Critical Strike" Attack lvl3 hero1
t=4 ph=3 ap=0 snaps=757 hooks=16 inst=48 leakyRollout "Critical Strike" +3.32MB hooks=[] cards=[Willy, the Valiant Leprechaun:41 Wealth:20 Luck:17 Arthor, the King of Blackport:8 Toras, Master of all Weapons:8 Blade of the Swamp Witch:8]
t=4 ph=3 ap=0 snaps=757 hooks=16 inst=48 rollout "Critical Strike" Attack lvl3 hero1
t=4 ph=3 ap=0 snaps=759 hooks=16 inst=48 leakyRollout "Critical Strike" +3.14MB hooks=[] cards=[Willy, the Valiant Leprechaun:41 Wealth:20 Luck:17 Arthor, the King of Blackport:8 Toras, Master of all Weapons:8 Blade of the Swamp Witch:8]
t=4 ph=3 ap=0 snaps=759 hooks=16 inst=48 rollout "Critical Strike" Attack lvl3 hero1
t=4 ph=3 ap=0 snaps=761 hooks=16 inst=48 rollout "Critical Strike" Attack lvl3 hero1
t=4 ph=3 ap=0 snaps=763 hooks=16 inst=48 rollout "Critical Strike" Attack lvl3 hero1
t=4 ph=3 ap=0 snaps=765 hooks=16 inst=48 rollout "Critical Strike" Attack lvl3 hero1
t=4 ph=3 ap=0 snaps=767 hooks=16 inst=48 rollout "Critical Strike" Attack lvl3 hero1
t=4 ph=3 ap=0 snaps=769 hooks=16 inst=48 leakyRollout "Critical Strike" +13.08MB hooks=[] cards=[Willy, the Valiant Leprechaun:41 Luck:17 Wealth:16 Arthor, the King of Blackport:12 Toras, Master of all Weapons:9 Blade of the Swamp Witch:7]
t=4 ph=3 ap=0 snaps=769 hooks=16 inst=48 rollout "Critical Strike" Attack lvl3 hero1
t=4 ph=3 ap=0 snaps=771 hooks=16 inst=48 rollout "Critical Strike" Attack lvl3 hero1
t=4 ph=3 ap=0 snaps=773 hooks=16 inst=48 leakyRollout "Critical Strike" +13.22MB hooks=[] cards=[Willy, the Valiant Leprechaun:41 Luck:16 Wealth:16 Arthor, the King of Blackport:11 Toras, Master of all Weapons:9 Blade of the Swamp Witch:7]
t=4 ph=3 ap=0 snaps=773 hooks=16 inst=48 rollout "Critical Strike" Attack lvl3 hero1
t=4 ph=3 ap=0 snaps=775 hooks=16 inst=48 rollout "Critical Strike" Attack lvl3 hero1
t=4 ph=3 ap=0 snaps=777 hooks=16 inst=48 rollout "Critical Strike" Attack lvl3 hero1
t=4 ph=3 ap=0 snaps=779 hooks=16 inst=48 rollout "Critical Strike" Attack lvl3 hero1
t=4 ph=3 ap=0 snaps=781 hooks=16 inst=48 rollout "Critical Strike" Attack lvl3 hero1
t=4 ph=3 ap=0 snaps=783 hooks=16 inst=48 leakyRollout "Critical Strike" +3.20MB hooks=[] cards=[Willy, the Valiant Leprechaun:41 Wealth:20 Luck:17 Arthor, the King of Blackport:8 Toras, Master of all Weapons:8 Blade of the Swamp Witch:8]
t=4 ph=3 ap=0 snaps=783 hooks=16 inst=48 rollout "Critical Strike" Attack lvl3 hero1
t=4 ph=3 ap=0 snaps=785 hooks=16 inst=48 leakyRollout "Critical Strike" +3.10MB hooks=[] cards=[Willy, the Valiant Leprechaun:41 Wealth:20 Luck:17 Arthor, the King of Blackport:8 Toras, Master of all Weapons:8 Blade of the Swamp Witch:8]
t=4 ph=3 ap=0 snaps=785 hooks=16 inst=48 rollout "Critical Strike" Attack lvl3 hero1
t=4 ph=3 ap=0 snaps=787 hooks=16 inst=48 leakyRollout "Critical Strike" +3.20MB hooks=[] cards=[Willy, the Valiant Leprechaun:41 Wealth:20 Luck:17 Arthor, the King of Blackport:8 Toras, Master of all Weapons:8 Blade of the Swamp Witch:8]
t=4 ph=3 ap=0 snaps=787 hooks=16 inst=48 rollout "Critical Strike" Attack lvl3 hero1
t=4 ph=3 ap=0 snaps=789 hooks=16 inst=48 rollout "Critical Strike" Attack lvl3 hero1
t=4 ph=3 ap=0 snaps=791 hooks=16 inst=48 leakyRollout "Critical Strike" +3.21MB hooks=[] cards=[Willy, the Valiant Leprechaun:41 Wealth:20 Luck:17 Arthor, the King of Blackport:8 Toras, Master of all Weapons:8 Blade of the Swamp Witch:8]
t=4 ph=3 ap=0 snaps=791 hooks=16 inst=48 rollout "Critical Strike" Attack lvl3 hero1
t=4 ph=3 ap=0 snaps=793 hooks=16 inst=48 rollout "Critical Strike" Attack lvl3 hero1
t=4 ph=3 ap=0 snaps=795 hooks=16 inst=48 leakyRollout "Critical Strike" +3.33MB hooks=[] cards=[Willy, the Valiant Leprechaun:41 Wealth:20 Luck:17 Arthor, the King of Blackport:8 Toras, Master of all Weapons:8 Blade of the Swamp Witch:8]
t=4 ph=3 ap=0 snaps=795 hooks=16 inst=48 rollout "Critical Strike" Attack lvl3 hero1
t=4 ph=3 ap=0 snaps=797 hooks=16 inst=48 rollout "Critical Strike" Attack lvl3 hero1
t=4 ph=3 ap=0 snaps=799 hooks=16 inst=48 rollout "Critical Strike" Attack lvl3 hero1
t=4 ph=3 ap=0 snaps=801 hooks=16 inst=48 leakyRollout "Critical Strike" +13.25MB hooks=[] cards=[Willy, the Valiant Leprechaun:41 Luck:16 Wealth:16 Arthor, the King of Blackport:11 Toras, Master of all Weapons:9 Blade of the Swamp Witch:7]
t=4 ph=3 ap=0 snaps=801 hooks=16 inst=48 rollout "Critical Strike" Attack lvl3 hero1
t=4 ph=3 ap=0 snaps=803 hooks=16 inst=48 rollout "Critical Strike" Attack lvl3 hero1
t=4 ph=3 ap=0 snaps=805 hooks=16 inst=48 rollout "Critical Strike" Attack lvl3 hero1
t=4 ph=3 ap=0 snaps=807 hooks=16 inst=48 rollout "Critical Strike" Attack lvl3 hero1
t=4 ph=3 ap=0 snaps=809 hooks=16 inst=48 leakyRollout "Critical Strike" +3.15MB hooks=[] cards=[Willy, the Valiant Leprechaun:41 Wealth:20 Luck:17 Arthor, the King of Blackport:8 Toras, Master of all Weapons:8 Blade of the Swamp Witch:8]
t=4 ph=3 ap=0 snaps=809 hooks=16 inst=48 rollout "Critical Strike" Attack lvl3 hero1
t=4 ph=3 ap=0 snaps=811 hooks=16 inst=48 leakyRollout "Critical Strike" +3.35MB hooks=[] cards=[Willy, the Valiant Leprechaun:41 Wealth:20 Luck:17 Arthor, the King of Blackport:8 Toras, Master of all Weapons:8 Blade of the Swamp Witch:8]
t=4 ph=3 ap=0 snaps=811 hooks=16 inst=48 rollout "Critical Strike" Attack lvl3 hero1
t=4 ph=3 ap=0 snaps=813 hooks=16 inst=48 rollout "Critical Strike" Attack lvl3 hero1
t=4 ph=3 ap=0 snaps=815 hooks=16 inst=48 rollout "Critical Strike" Attack lvl3 hero1
t=4 ph=3 ap=0 snaps=817 hooks=16 inst=48 rollout "Critical Strike" Attack lvl3 hero1
t=4 ph=3 ap=0 snaps=819 hooks=16 inst=48 rollout "Critical Strike" Attack lvl3 hero1
t=4 ph=3 ap=0 snaps=821 hooks=16 inst=48 leakyRollout "Critical Strike" +3.34MB hooks=[] cards=[Willy, the Valiant Leprechaun:41 Wealth:20 Luck:18 Arthor, the King of Blackport:9 Toras, Master of all Weapons:8 Blade of the Swamp Witch:8]
t=4 ph=3 ap=0 snaps=821 hooks=16 inst=48 rollout "Critical Strike" Attack lvl3 hero1
t=4 ph=3 ap=0 snaps=823 hooks=16 inst=48 rollout "Critical Strike" Attack lvl3 hero1
t=4 ph=3 ap=0 snaps=825 hooks=16 inst=48 leakyRollout "Critical Strike" +3.15MB hooks=[] cards=[Willy, the Valiant Leprechaun:41 Wealth:20 Luck:17 Arthor, the King of Blackport:8 Toras, Master of all Weapons:8 Blade of the Swamp Witch:8]
t=4 ph=3 ap=0 snaps=825 hooks=16 inst=48 rollout "Critical Strike" Attack lvl3 hero1
t=4 ph=3 ap=0 snaps=827 hooks=16 inst=48 leakyRollout "Critical Strike" +3.39MB hooks=[] cards=[Willy, the Valiant Leprechaun:41 Wealth:20 Luck:18 Arthor, the King of Blackport:9 Toras, Master of all Weapons:8 Blade of the Swamp Witch:8]
t=4 ph=3 ap=0 snaps=827 hooks=16 inst=48 rollout "Critical Strike" Attack lvl3 hero1
t=4 ph=3 ap=0 snaps=829 hooks=16 inst=48 rollout "Critical Strike" Attack lvl3 hero1
t=4 ph=3 ap=0 snaps=831 hooks=16 inst=48 leakyRollout "Critical Strike" +2.33MB hooks=[] cards=[Willy, the Valiant Leprechaun:41 Wealth:20 Luck:19 Toras, Master of all Weapons:10 Arthor, the King of Blackport:8 Blade of the Swamp Witch:8]
t=4 ph=3 ap=0 snaps=831 hooks=16 inst=48 rollout "Critical Strike" Attack lvl3 hero1
t=4 ph=3 ap=0 snaps=833 hooks=16 inst=48 rollout "Critical Strike" Attack lvl3 hero1
t=4 ph=3 ap=0 snaps=835 hooks=16 inst=48 rollout "Critical Strike" Attack lvl3 hero1
t=4 ph=3 ap=0 snaps=837 hooks=16 inst=48 rollout "Critical Strike" Attack lvl3 hero1
t=4 ph=3 ap=0 snaps=839 hooks=16 inst=48 rollout "Critical Strike" Attack lvl3 hero1
t=4 ph=3 ap=0 snaps=841 hooks=16 inst=48 leakyRollout "Critical Strike" +3.19MB hooks=[] cards=[Willy, the Valiant Leprechaun:41 Wealth:20 Luck:17 Arthor, the King of Blackport:8 Toras, Master of all Weapons:8 Blade of the Swamp Witch:8]
t=4 ph=3 ap=0 snaps=841 hooks=16 inst=48 rollout "Critical Strike" Attack lvl3 hero1
t=4 ph=3 ap=0 snaps=843 hooks=16 inst=48 leakyRollout "Critical Strike" +3.16MB hooks=[] cards=[Willy, the Valiant Leprechaun:41 Wealth:20 Luck:17 Arthor, the King of Blackport:8 Toras, Master of all Weapons:8 Blade of the Swamp Witch:8]
t=4 ph=3 ap=0 snaps=843 hooks=16 inst=48 rollout "Critical Strike" Attack lvl3 hero1
t=4 ph=3 ap=0 snaps=845 hooks=16 inst=48 rollout "Critical Strike" Attack lvl3 hero1
t=4 ph=3 ap=0 snaps=847 hooks=16 inst=48 leakyRollout "Critical Strike" +2.39MB hooks=[] cards=[Willy, the Valiant Leprechaun:41 Wealth:20 Luck:19 Toras, Master of all Weapons:10 Arthor, the King of Blackport:8 Blade of the Swamp Witch:8]
t=4 ph=3 ap=0 snaps=847 hooks=16 inst=48 rollout "Critical Strike" Attack lvl3 hero1
t=4 ph=3 ap=0 snaps=849 hooks=16 inst=48 leakyRollout "Critical Strike" +3.12MB hooks=[] cards=[Willy, the Valiant Leprechaun:41 Wealth:20 Luck:17 Arthor, the King of Blackport:8 Toras, Master of all Weapons:8 Blade of the Swamp Witch:8]
t=4 ph=3 ap=0 snaps=849 hooks=16 inst=48 rollout "Critical Strike" Attack lvl3 hero1
t=4 ph=5 ap=0 snaps=855 hooks=34 inst=48 switchTurn ending p0
t=5 ph=2 ap=1 snaps=855 hooks=14 inst=49 cpuTurnStart cpu=p1 hand=9
t=5 ph=5 ap=1 snaps=860 hooks=35 inst=53 switchTurn ending p1
t=6 ph=2 ap=0 snaps=860 hooks=13 inst=54 cpuTurnStart cpu=p0 hand=4
t=6 ph=2 ap=0 snaps=862 hooks=13 inst=54 summon "Metal Harpyformer" p0/h2
t=6 ph=5 ap=0 snaps=866 hooks=28 inst=56 switchTurn ending p0
t=7 ph=2 ap=1 snaps=866 hooks=10 inst=57 cpuTurnStart cpu=p1 hand=8
t=7 ph=5 ap=1 snaps=870 hooks=19 inst=58 switchTurn ending p1
t=8 ph=2 ap=0 snaps=870 hooks=14 inst=59 cpuTurnStart cpu=p0 hand=4
t=8 ph=3 ap=0 snaps=876 hooks=24 inst=59 rollout "Thieving Strike" Attack lvl2 hero1
t=8 ph=3 ap=0 snaps=877 hooks=24 inst=59 leakyRollout "Thieving Strike" +1.44MB hooks=[beforeDamage:1 afterDamage:1 onPhaseStart:1 onPhaseEnd:1 onPlay:1 onStatusApplied:1] cards=[Fiona, the Princess of Blackport:1 Willy, the Valiant Leprechaun:1 Arthor, the King of Blackport:1 Luck:1 Blade of the Swamp Witch:1 Earth-Shattering Hammer, Relic of Deri:1]
t=8 ph=3 ap=0 snaps=877 hooks=24 inst=59 rollout "Thieving Strike" Attack lvl2 hero1
t=8 ph=3 ap=0 snaps=878 hooks=24 inst=59 leakyRollout "Thieving Strike" +12.16MB hooks=[] cards=[Willy, the Valiant Leprechaun:41 Luck:12 Wealth:12 Blade of the Swamp Witch:9 Arthor, the King of Blackport:8 Toras, Master of all Weapons:5]
t=8 ph=3 ap=0 snaps=878 hooks=24 inst=59 rollout "Thieving Strike" Attack lvl2 hero1
t=8 ph=3 ap=0 snaps=879 hooks=24 inst=59 rollout "Thieving Strike" Attack lvl2 hero1
t=8 ph=3 ap=0 snaps=880 hooks=24 inst=59 rollout "Thieving Strike" Attack lvl2 hero1
t=8 ph=3 ap=0 snaps=881 hooks=24 inst=59 leakyRollout "Thieving Strike" +1.29MB hooks=[beforeDamage:1 afterDamage:1 onPhaseStart:1 onPhaseEnd:1 onPlay:1 onStatusApplied:1] cards=[Fiona, the Princess of Blackport:1 Willy, the Valiant Leprechaun:1 Arthor, the King of Blackport:1 Luck:1 Blade of the Swamp Witch:1 Earth-Shattering Hammer, Relic of Deri:1]
t=8 ph=3 ap=0 snaps=881 hooks=24 inst=59 rollout "Thieving Strike" Attack lvl2 hero1
t=8 ph=3 ap=0 snaps=882 hooks=24 inst=59 leakyRollout "Thieving Strike" +1.29MB hooks=[beforeDamage:1 afterDamage:1 onPhaseStart:1 onPhaseEnd:1 onPlay:1 onStatusApplied:1] cards=[Fiona, the Princess of Blackport:1 Willy, the Valiant Leprechaun:1 Arthor, the King of Blackport:1 Luck:1 Blade of the Swamp Witch:1 Earth-Shattering Hammer, Relic of Deri:1]
t=8 ph=3 ap=0 snaps=882 hooks=24 inst=59 rollout "Thieving Strike" Attack lvl2 hero1
t=8 ph=3 ap=0 snaps=883 hooks=24 inst=59 leakyRollout "Thieving Strike" +1.27MB hooks=[beforeDamage:1 afterDamage:1 onPhaseStart:1 onPhaseEnd:1 onPlay:1 onStatusApplied:1] cards=[Fiona, the Princess of Blackport:1 Willy, the Valiant Leprechaun:1 Arthor, the King of Blackport:1 Luck:1 Blade of the Swamp Witch:1 Earth-Shattering Hammer, Relic of Deri:1]
t=8 ph=3 ap=0 snaps=883 hooks=24 inst=59 rollout "Thieving Strike" Attack lvl2 hero1
t=8 ph=3 ap=0 snaps=884 hooks=24 inst=59 leakyRollout "Thieving Strike" +1.27MB hooks=[beforeDamage:1 afterDamage:1 onPhaseStart:1 onPhaseEnd:1 onPlay:1 onStatusApplied:1] cards=[Fiona, the Princess of Blackport:1 Willy, the Valiant Leprechaun:1 Arthor, the King of Blackport:1 Luck:1 Blade of the Swamp Witch:1 Earth-Shattering Hammer, Relic of Deri:1]
t=8 ph=3 ap=0 snaps=884 hooks=24 inst=59 rollout "Thieving Strike" Attack lvl2 hero1
t=8 ph=3 ap=0 snaps=885 hooks=24 inst=59 leakyRollout "Thieving Strike" +1.27MB hooks=[beforeDamage:1 afterDamage:1 onPhaseStart:1 onPhaseEnd:1 onPlay:1 onStatusApplied:1] cards=[Fiona, the Princess of Blackport:1 Willy, the Valiant Leprechaun:1 Arthor, the King of Blackport:1 Luck:1 Blade of the Swamp Witch:1 Earth-Shattering Hammer, Relic of Deri:1]
t=8 ph=3 ap=0 snaps=885 hooks=24 inst=59 rollout "Thieving Strike" Attack lvl2 hero1
t=8 ph=3 ap=0 snaps=886 hooks=24 inst=59 leakyRollout "Thieving Strike" +1.27MB hooks=[beforeDamage:1 afterDamage:1 onPhaseStart:1 onPhaseEnd:1 onPlay:1 onStatusApplied:1] cards=[Fiona, the Princess of Blackport:1 Willy, the Valiant Leprechaun:1 Arthor, the King of Blackport:1 Luck:1 Blade of the Swamp Witch:1 Earth-Shattering Hammer, Relic of Deri:1]
t=8 ph=3 ap=0 snaps=886 hooks=24 inst=59 rollout "Thieving Strike" Attack lvl2 hero1
t=8 ph=3 ap=0 snaps=887 hooks=24 inst=59 leakyRollout "Thieving Strike" +1.27MB hooks=[beforeDamage:1 afterDamage:1 onPhaseStart:1 onPhaseEnd:1 onPlay:1 onStatusApplied:1] cards=[Fiona, the Princess of Blackport:1 Willy, the Valiant Leprechaun:1 Arthor, the King of Blackport:1 Luck:1 Blade of the Swamp Witch:1 Earth-Shattering Hammer, Relic of Deri:1]
t=8 ph=3 ap=0 snaps=887 hooks=24 inst=59 rollout "Thieving Strike" Attack lvl2 hero1
t=8 ph=3 ap=0 snaps=888 hooks=24 inst=59 rollout "Thieving Strike" Attack lvl2 hero1
t=8 ph=3 ap=0 snaps=889 hooks=24 inst=59 leakyRollout "Thieving Strike" +1.27MB hooks=[beforeDamage:1 afterDamage:1 onPhaseStart:1 onPhaseEnd:1 onPlay:1 onStatusApplied:1] cards=[Fiona, the Princess of Blackport:1 Willy, the Valiant Leprechaun:1 Arthor, the King of Blackport:1 Luck:1 Blade of the Swamp Witch:1 Earth-Shattering Hammer, Relic of Deri:1]
t=8 ph=3 ap=0 snaps=889 hooks=24 inst=59 rollout "Thieving Strike" Attack lvl2 hero1
t=8 ph=3 ap=0 snaps=890 hooks=24 inst=59 leakyRollout "Thieving Strike" +1.29MB hooks=[beforeDamage:1 afterDamage:1 onPhaseStart:1 onPhaseEnd:1 onPlay:1 onStatusApplied:1] cards=[Fiona, the Princess of Blackport:1 Willy, the Valiant Leprechaun:1 Arthor, the King of Blackport:1 Luck:1 Blade of the Swamp Witch:1 Earth-Shattering Hammer, Relic of Deri:1]
t=8 ph=3 ap=0 snaps=890 hooks=24 inst=59 rollout "Thieving Strike" Attack lvl2 hero1
t=8 ph=3 ap=0 snaps=891 hooks=24 inst=59 leakyRollout "Thieving Strike" +1.27MB hooks=[beforeDamage:1 afterDamage:1 onPhaseStart:1 onPhaseEnd:1 onPlay:1 onStatusApplied:1] cards=[Fiona, the Princess of Blackport:1 Willy, the Valiant Leprechaun:1 Arthor, the King of Blackport:1 Luck:1 Blade of the Swamp Witch:1 Earth-Shattering Hammer, Relic of Deri:1]
t=8 ph=3 ap=0 snaps=891 hooks=24 inst=59 rollout "Thieving Strike" Attack lvl2 hero1
t=8 ph=3 ap=0 snaps=892 hooks=24 inst=59 leakyRollout "Thieving Strike" +1.27MB hooks=[beforeDamage:1 afterDamage:1 onPhaseStart:1 onPhaseEnd:1 onPlay:1 onStatusApplied:1] cards=[Fiona, the Princess of Blackport:1 Willy, the Valiant Leprechaun:1 Arthor, the King of Blackport:1 Luck:1 Blade of the Swamp Witch:1 Earth-Shattering Hammer, Relic of Deri:1]
t=8 ph=3 ap=0 snaps=892 hooks=24 inst=59 rollout "Thieving Strike" Attack lvl2 hero1
t=8 ph=3 ap=0 snaps=893 hooks=24 inst=59 leakyRollout "Thieving Strike" +1.27MB hooks=[beforeDamage:1 afterDamage:1 onPhaseStart:1 onPhaseEnd:1 onPlay:1 onStatusApplied:1] cards=[Fiona, the Princess of Blackport:1 Willy, the Valiant Leprechaun:1 Arthor, the King of Blackport:1 Luck:1 Blade of the Swamp Witch:1 Earth-Shattering Hammer, Relic of Deri:1]
t=8 ph=3 ap=0 snaps=893 hooks=24 inst=59 rollout "Thieving Strike" Attack lvl2 hero1
t=8 ph=3 ap=0 snaps=894 hooks=24 inst=59 leakyRollout "Thieving Strike" +1.27MB hooks=[beforeDamage:1 afterDamage:1 onPhaseStart:1 onPhaseEnd:1 onPlay:1 onStatusApplied:1] cards=[Fiona, the Princess of Blackport:1 Willy, the Valiant Leprechaun:1 Arthor, the King of Blackport:1 Luck:1 Blade of the Swamp Witch:1 Earth-Shattering Hammer, Relic of Deri:1]
t=8 ph=3 ap=0 snaps=894 hooks=24 inst=59 rollout "Thieving Strike" Attack lvl2 hero1
t=8 ph=3 ap=0 snaps=895 hooks=24 inst=59 leakyRollout "Thieving Strike" +1.27MB hooks=[beforeDamage:1 afterDamage:1 onPhaseStart:1 onPhaseEnd:1 onPlay:1 onStatusApplied:1] cards=[Fiona, the Princess of Blackport:1 Willy, the Valiant Leprechaun:1 Arthor, the King of Blackport:1 Luck:1 Blade of the Swamp Witch:1 Earth-Shattering Hammer, Relic of Deri:1]
t=8 ph=3 ap=0 snaps=895 hooks=24 inst=59 rollout "Thieving Strike" Attack lvl2 hero1
t=8 ph=3 ap=0 snaps=896 hooks=24 inst=59 leakyRollout "Thieving Strike" +1.27MB hooks=[beforeDamage:1 afterDamage:1 onPhaseStart:1 onPhaseEnd:1 onPlay:1 onStatusApplied:1] cards=[Fiona, the Princess of Blackport:1 Willy, the Valiant Leprechaun:1 Arthor, the King of Blackport:1 Luck:1 Blade of the Swamp Witch:1 Earth-Shattering Hammer, Relic of Deri:1]
t=8 ph=3 ap=0 snaps=896 hooks=24 inst=59 rollout "Thieving Strike" Attack lvl2 hero1
t=8 ph=3 ap=0 snaps=897 hooks=24 inst=59 leakyRollout "Thieving Strike" +1.36MB hooks=[beforeDamage:1 afterDamage:1 onPhaseStart:1 onPhaseEnd:1 onPlay:1 onStatusApplied:1] cards=[Fiona, the Princess of Blackport:1 Willy, the Valiant Leprechaun:1 Arthor, the King of Blackport:1 Luck:1 Blade of the Swamp Witch:1 Earth-Shattering Hammer, Relic of Deri:1]
t=8 ph=3 ap=0 snaps=897 hooks=24 inst=59 rollout "Thieving Strike" Attack lvl2 hero1
t=8 ph=3 ap=0 snaps=898 hooks=24 inst=59 leakyRollout "Thieving Strike" +1.28MB hooks=[beforeDamage:1 afterDamage:1 onPhaseStart:1 onPhaseEnd:1 onPlay:1 onStatusApplied:1] cards=[Fiona, the Princess of Blackport:1 Willy, the Valiant Leprechaun:1 Arthor, the King of Blackport:1 Luck:1 Blade of the Swamp Witch:1 Earth-Shattering Hammer, Relic of Deri:1]
t=8 ph=3 ap=0 snaps=898 hooks=24 inst=59 rollout "Thieving Strike" Attack lvl2 hero1
t=8 ph=3 ap=0 snaps=899 hooks=24 inst=59 leakyRollout "Thieving Strike" +1.27MB hooks=[beforeDamage:1 afterDamage:1 onPhaseStart:1 onPhaseEnd:1 onPlay:1 onStatusApplied:1] cards=[Fiona, the Princess of Blackport:1 Willy, the Valiant Leprechaun:1 Arthor, the King of Blackport:1 Luck:1 Blade of the Swamp Witch:1 Earth-Shattering Hammer, Relic of Deri:1]
t=8 ph=3 ap=0 snaps=899 hooks=24 inst=59 rollout "Thieving Strike" Attack lvl2 hero1
t=8 ph=3 ap=0 snaps=900 hooks=24 inst=59 rollout "Thieving Strike" Attack lvl2 hero1
t=8 ph=3 ap=0 snaps=901 hooks=24 inst=59 leakyRollout "Thieving Strike" +1.27MB hooks=[beforeDamage:1 afterDamage:1 onPhaseStart:1 onPhaseEnd:1 onPlay:1 onStatusApplied:1] cards=[Fiona, the Princess of Blackport:1 Willy, the Valiant Leprechaun:1 Arthor, the King of Blackport:1 Luck:1 Blade of the Swamp Witch:1 Earth-Shattering Hammer, Relic of Deri:1]
t=8 ph=3 ap=0 snaps=901 hooks=24 inst=59 rollout "Thieving Strike" Attack lvl2 hero1
t=8 ph=3 ap=0 snaps=902 hooks=24 inst=59 leakyRollout "Thieving Strike" +1.30MB hooks=[beforeDamage:1 afterDamage:1 onPhaseStart:1 onPhaseEnd:1 onPlay:1 onStatusApplied:1] cards=[Fiona, the Princess of Blackport:1 Willy, the Valiant Leprechaun:1 Arthor, the King of Blackport:1 Luck:1 Blade of the Swamp Witch:1 Earth-Shattering Hammer, Relic of Deri:1]
t=8 ph=3 ap=0 snaps=902 hooks=24 inst=59 rollout "Thieving Strike" Attack lvl2 hero1
t=8 ph=3 ap=0 snaps=903 hooks=24 inst=59 leakyRollout "Thieving Strike" +1.27MB hooks=[beforeDamage:1 afterDamage:1 onPhaseStart:1 onPhaseEnd:1 onPlay:1 onStatusApplied:1] cards=[Fiona, the Princess of Blackport:1 Willy, the Valiant Leprechaun:1 Arthor, the King of Blackport:1 Luck:1 Blade of the Swamp Witch:1 Earth-Shattering Hammer, Relic of Deri:1]
t=8 ph=3 ap=0 snaps=903 hooks=24 inst=59 rollout "Thieving Strike" Attack lvl2 hero1
t=8 ph=3 ap=0 snaps=904 hooks=24 inst=59 leakyRollout "Thieving Strike" +1.27MB hooks=[beforeDamage:1 afterDamage:1 onPhaseStart:1 onPhaseEnd:1 onPlay:1 onStatusApplied:1] cards=[Fiona, the Princess of Blackport:1 Willy, the Valiant Leprechaun:1 Arthor, the King of Blackport:1 Luck:1 Blade of the Swamp Witch:1 Earth-Shattering Hammer, Relic of Deri:1]
t=8 ph=3 ap=0 snaps=904 hooks=24 inst=59 rollout "Thieving Strike" Attack lvl2 hero1
t=8 ph=3 ap=0 snaps=905 hooks=24 inst=59 leakyRollout "Thieving Strike" +1.27MB hooks=[beforeDamage:1 afterDamage:1 onPhaseStart:1 onPhaseEnd:1 onPlay:1 onStatusApplied:1] cards=[Fiona, the Princess of Blackport:1 Willy, the Valiant Leprechaun:1 Arthor, the King of Blackport:1 Luck:1 Blade of the Swamp Witch:1 Earth-Shattering Hammer, Relic of Deri:1]
t=8 ph=3 ap=0 snaps=905 hooks=24 inst=59 rollout "Thieving Strike" Attack lvl2 hero1
t=8 ph=3 ap=0 snaps=906 hooks=24 inst=59 leakyRollout "Thieving Strike" +1.27MB hooks=[beforeDamage:1 afterDamage:1 onPhaseStart:1 onPhaseEnd:1 onPlay:1 onStatusApplied:1] cards=[Fiona, the Princess of Blackport:1 Willy, the Valiant Leprechaun:1 Arthor, the King of Blackport:1 Luck:1 Blade of the Swamp Witch:1 Earth-Shattering Hammer, Relic of Deri:1]
t=8 ph=3 ap=0 snaps=906 hooks=24 inst=59 rollout "Thieving Strike" Attack lvl2 hero1
t=8 ph=3 ap=0 snaps=907 hooks=24 inst=59 leakyRollout "Thieving Strike" +1.27MB hooks=[beforeDamage:1 afterDamage:1 onPhaseStart:1 onPhaseEnd:1 onPlay:1 onStatusApplied:1] cards=[Fiona, the Princess of Blackport:1 Willy, the Valiant Leprechaun:1 Arthor, the King of Blackport:1 Luck:1 Blade of the Swamp Witch:1 Earth-Shattering Hammer, Relic of Deri:1]
t=8 ph=3 ap=0 snaps=907 hooks=24 inst=59 rollout "Thieving Strike" Attack lvl2 hero1
t=8 ph=3 ap=0 snaps=908 hooks=24 inst=59 leakyRollout "Thieving Strike" +1.27MB hooks=[beforeDamage:1 afterDamage:1 onPhaseStart:1 onPhaseEnd:1 onPlay:1 onStatusApplied:1] cards=[Fiona, the Princess of Blackport:1 Willy, the Valiant Leprechaun:1 Arthor, the King of Blackport:1 Luck:1 Blade of the Swamp Witch:1 Earth-Shattering Hammer, Relic of Deri:1]
t=8 ph=3 ap=0 snaps=908 hooks=24 inst=59 rollout "Thieving Strike" Attack lvl2 hero1
t=8 ph=3 ap=0 snaps=909 hooks=24 inst=59 leakyRollout "Thieving Strike" +1.27MB hooks=[beforeDamage:1 afterDamage:1 onPhaseStart:1 onPhaseEnd:1 onPlay:1 onStatusApplied:1] cards=[Fiona, the Princess of Blackport:1 Willy, the Valiant Leprechaun:1 Arthor, the King of Blackport:1 Luck:1 Blade of the Swamp Witch:1 Earth-Shattering Hammer, Relic of Deri:1]
t=8 ph=3 ap=0 snaps=909 hooks=24 inst=59 rollout "Thieving Strike" Attack lvl2 hero1
t=8 ph=3 ap=0 snaps=910 hooks=24 inst=59 leakyRollout "Thieving Strike" +1.27MB hooks=[beforeDamage:1 afterDamage:1 onPhaseStart:1 onPhaseEnd:1 onPlay:1 onStatusApplied:1] cards=[Fiona, the Princess of Blackport:1 Willy, the Valiant Leprechaun:1 Arthor, the King of Blackport:1 Luck:1 Blade of the Swamp Witch:1 Earth-Shattering Hammer, Relic of Deri:1]
t=8 ph=3 ap=0 snaps=910 hooks=24 inst=59 rollout "Thieving Strike" Attack lvl2 hero1
t=8 ph=3 ap=0 snaps=911 hooks=24 inst=59 leakyRollout "Thieving Strike" +1.29MB hooks=[beforeDamage:1 afterDamage:1 onPhaseStart:1 onPhaseEnd:1 onPlay:1 onStatusApplied:1] cards=[Fiona, the Princess of Blackport:1 Willy, the Valiant Leprechaun:1 Arthor, the King of Blackport:1 Luck:1 Blade of the Swamp Witch:1 Earth-Shattering Hammer, Relic of Deri:1]
t=8 ph=3 ap=0 snaps=911 hooks=24 inst=59 rollout "Thieving Strike" Attack lvl2 hero1
t=8 ph=3 ap=0 snaps=912 hooks=24 inst=59 rollout "Thieving Strike" Attack lvl2 hero1
t=8 ph=3 ap=0 snaps=913 hooks=24 inst=59 leakyRollout "Thieving Strike" +1.27MB hooks=[beforeDamage:1 afterDamage:1 onPhaseStart:1 onPhaseEnd:1 onPlay:1 onStatusApplied:1] cards=[Fiona, the Princess of Blackport:1 Willy, the Valiant Leprechaun:1 Arthor, the King of Blackport:1 Luck:1 Blade of the Swamp Witch:1 Earth-Shattering Hammer, Relic of Deri:1]
t=8 ph=3 ap=0 snaps=913 hooks=24 inst=59 rollout "Thieving Strike" Attack lvl2 hero1
t=8 ph=3 ap=0 snaps=914 hooks=24 inst=59 leakyRollout "Thieving Strike" +1.27MB hooks=[beforeDamage:1 afterDamage:1 onPhaseStart:1 onPhaseEnd:1 onPlay:1 onStatusApplied:1] cards=[Fiona, the Princess of Blackport:1 Willy, the Valiant Leprechaun:1 Arthor, the King of Blackport:1 Luck:1 Blade of the Swamp Witch:1 Earth-Shattering Hammer, Relic of Deri:1]
t=8 ph=3 ap=0 snaps=914 hooks=24 inst=59 rollout "Thieving Strike" Attack lvl2 hero1
t=8 ph=3 ap=0 snaps=915 hooks=24 inst=59 leakyRollout "Thieving Strike" +1.27MB hooks=[beforeDamage:1 afterDamage:1 onPhaseStart:1 onPhaseEnd:1 onPlay:1 onStatusApplied:1] cards=[Fiona, the Princess of Blackport:1 Willy, the Valiant Leprechaun:1 Arthor, the King of Blackport:1 Luck:1 Blade of the Swamp Witch:1 Earth-Shattering Hammer, Relic of Deri:1]
t=8 ph=3 ap=0 snaps=915 hooks=24 inst=59 rollout "Thieving Strike" Attack lvl2 hero1
t=8 ph=3 ap=0 snaps=916 hooks=24 inst=59 leakyRollout "Thieving Strike" +1.27MB hooks=[beforeDamage:1 afterDamage:1 onPhaseStart:1 onPhaseEnd:1 onPlay:1 onStatusApplied:1] cards=[Fiona, the Princess of Blackport:1 Willy, the Valiant Leprechaun:1 Arthor, the King of Blackport:1 Luck:1 Blade of the Swamp Witch:1 Earth-Shattering Hammer, Relic of Deri:1]
t=8 ph=3 ap=0 snaps=916 hooks=24 inst=59 rollout "Thieving Strike" Attack lvl2 hero1
t=8 ph=3 ap=0 snaps=917 hooks=24 inst=59 leakyRollout "Thieving Strike" +1.27MB hooks=[beforeDamage:1 afterDamage:1 onPhaseStart:1 onPhaseEnd:1 onPlay:1 onStatusApplied:1] cards=[Fiona, the Princess of Blackport:1 Willy, the Valiant Leprechaun:1 Arthor, the King of Blackport:1 Luck:1 Blade of the Swamp Witch:1 Earth-Shattering Hammer, Relic of Deri:1]
t=8 ph=3 ap=0 snaps=917 hooks=24 inst=59 rollout "Thieving Strike" Attack lvl2 hero1
t=8 ph=3 ap=0 snaps=918 hooks=24 inst=59 leakyRollout "Thieving Strike" +1.28MB hooks=[beforeDamage:1 afterDamage:1 onPhaseStart:1 onPhaseEnd:1 onPlay:1 onStatusApplied:1] cards=[Fiona, the Princess of Blackport:1 Willy, the Valiant Leprechaun:1 Arthor, the King of Blackport:1 Luck:1 Blade of the Swamp Witch:1 Earth-Shattering Hammer, Relic of Deri:1]
t=8 ph=3 ap=0 snaps=918 hooks=24 inst=59 rollout "Thieving Strike" Attack lvl2 hero1
t=8 ph=3 ap=0 snaps=919 hooks=24 inst=59 leakyRollout "Thieving Strike" +1.27MB hooks=[beforeDamage:1 afterDamage:1 onPhaseStart:1 onPhaseEnd:1 onPlay:1 onStatusApplied:1] cards=[Fiona, the Princess of Blackport:1 Willy, the Valiant Leprechaun:1 Arthor, the King of Blackport:1 Luck:1 Blade of the Swamp Witch:1 Earth-Shattering Hammer, Relic of Deri:1]
t=8 ph=3 ap=0 snaps=919 hooks=24 inst=59 rollout "Thieving Strike" Attack lvl2 hero1
t=8 ph=3 ap=0 snaps=920 hooks=24 inst=59 leakyRollout "Thieving Strike" +1.27MB hooks=[beforeDamage:1 afterDamage:1 onPhaseStart:1 onPhaseEnd:1 onPlay:1 onStatusApplied:1] cards=[Fiona, the Princess of Blackport:1 Willy, the Valiant Leprechaun:1 Arthor, the King of Blackport:1 Luck:1 Blade of the Swamp Witch:1 Earth-Shattering Hammer, Relic of Deri:1]
t=8 ph=3 ap=0 snaps=920 hooks=24 inst=59 rollout "Thieving Strike" Attack lvl2 hero1
t=8 ph=3 ap=0 snaps=921 hooks=24 inst=59 leakyRollout "Thieving Strike" +1.27MB hooks=[beforeDamage:1 afterDamage:1 onPhaseStart:1 onPhaseEnd:1 onPlay:1 onStatusApplied:1] cards=[Fiona, the Princess of Blackport:1 Willy, the Valiant Leprechaun:1 Arthor, the King of Blackport:1 Luck:1 Blade of the Swamp Witch:1 Earth-Shattering Hammer, Relic of Deri:1]
t=8 ph=3 ap=0 snaps=921 hooks=24 inst=59 rollout "Thieving Strike" Attack lvl2 hero1
t=8 ph=3 ap=0 snaps=922 hooks=24 inst=59 leakyRollout "Thieving Strike" +1.28MB hooks=[beforeDamage:1 afterDamage:1 onPhaseStart:1 onPhaseEnd:1 onPlay:1 onStatusApplied:1] cards=[Fiona, the Princess of Blackport:1 Willy, the Valiant Leprechaun:1 Arthor, the King of Blackport:1 Luck:1 Blade of the Swamp Witch:1 Earth-Shattering Hammer, Relic of Deri:1]
t=8 ph=3 ap=0 snaps=922 hooks=24 inst=59 rollout "Thieving Strike" Attack lvl2 hero1
t=8 ph=3 ap=0 snaps=923 hooks=24 inst=59 leakyRollout "Thieving Strike" +1.27MB hooks=[beforeDamage:1 afterDamage:1 onPhaseStart:1 onPhaseEnd:1 onPlay:1 onStatusApplied:1] cards=[Fiona, the Princess of Blackport:1 Willy, the Valiant Leprechaun:1 Arthor, the King of Blackport:1 Luck:1 Blade of the Swamp Witch:1 Earth-Shattering Hammer, Relic of Deri:1]
t=8 ph=3 ap=0 snaps=923 hooks=24 inst=59 rollout "Thieving Strike" Attack lvl2 hero1
t=8 ph=3 ap=0 snaps=924 hooks=24 inst=59 leakyRollout "Thieving Strike" +1.27MB hooks=[beforeDamage:1 afterDamage:1 onPhaseStart:1 onPhaseEnd:1 onPlay:1 onStatusApplied:1] cards=[Fiona, the Princess of Blackport:1 Willy, the Valiant Leprechaun:1 Arthor, the King of Blackport:1 Luck:1 Blade of the Swamp Witch:1 Earth-Shattering Hammer, Relic of Deri:1]
t=8 ph=3 ap=0 snaps=924 hooks=24 inst=59 rollout "Thieving Strike" Attack lvl2 hero1
t=8 ph=3 ap=0 snaps=925 hooks=24 inst=59 rollout "Thieving Strike" Attack lvl2 hero1
t=8 ph=3 ap=0 snaps=926 hooks=24 inst=59 leakyRollout "Thieving Strike" +1.27MB hooks=[beforeDamage:1 afterDamage:1 onPhaseStart:1 onPhaseEnd:1 onPlay:1 onStatusApplied:1] cards=[Fiona, the Princess of Blackport:1 Willy, the Valiant Leprechaun:1 Arthor, the King of Blackport:1 Luck:1 Blade of the Swamp Witch:1 Earth-Shattering Hammer, Relic of Deri:1]
t=8 ph=3 ap=0 snaps=926 hooks=24 inst=59 rollout "Thieving Strike" Attack lvl2 hero1
t=8 ph=3 ap=0 snaps=927 hooks=24 inst=59 leakyRollout "Thieving Strike" +1.27MB hooks=[beforeDamage:1 afterDamage:1 onPhaseStart:1 onPhaseEnd:1 onPlay:1 onStatusApplied:1] cards=[Fiona, the Princess of Blackport:1 Willy, the Valiant Leprechaun:1 Arthor, the King of Blackport:1 Luck:1 Blade of the Swamp Witch:1 Earth-Shattering Hammer, Relic of Deri:1]
t=8 ph=3 ap=0 snaps=927 hooks=24 inst=59 rollout "Thieving Strike" Attack lvl2 hero1
t=8 ph=3 ap=0 snaps=928 hooks=24 inst=59 leakyRollout "Thieving Strike" +1.27MB hooks=[beforeDamage:1 afterDamage:1 onPhaseStart:1 onPhaseEnd:1 onPlay:1 onStatusApplied:1] cards=[Fiona, the Princess of Blackport:1 Willy, the Valiant Leprechaun:1 Arthor, the King of Blackport:1 Luck:1 Blade of the Swamp Witch:1 Earth-Shattering Hammer, Relic of Deri:1]
t=8 ph=3 ap=0 snaps=928 hooks=24 inst=59 rollout "Thieving Strike" Attack lvl2 hero1
t=8 ph=3 ap=0 snaps=929 hooks=24 inst=59 leakyRollout "Thieving Strike" +1.27MB hooks=[beforeDamage:1 afterDamage:1 onPhaseStart:1 onPhaseEnd:1 onPlay:1 onStatusApplied:1] cards=[Fiona, the Princess of Blackport:1 Willy, the Valiant Leprechaun:1 Arthor, the King of Blackport:1 Luck:1 Blade of the Swamp Witch:1 Earth-Shattering Hammer, Relic of Deri:1]
t=8 ph=3 ap=0 snaps=929 hooks=24 inst=59 rollout "Thieving Strike" Attack lvl2 hero1
t=8 ph=3 ap=0 snaps=930 hooks=24 inst=59 leakyRollout "Thieving Strike" +1.27MB hooks=[beforeDamage:1 afterDamage:1 onPhaseStart:1 onPhaseEnd:1 onPlay:1 onStatusApplied:1] cards=[Fiona, the Princess of Blackport:1 Willy, the Valiant Leprechaun:1 Arthor, the King of Blackport:1 Luck:1 Blade of the Swamp Witch:1 Earth-Shattering Hammer, Relic of Deri:1]
t=8 ph=3 ap=0 snaps=930 hooks=24 inst=59 rollout "Thieving Strike" Attack lvl2 hero1
t=8 ph=3 ap=0 snaps=931 hooks=24 inst=59 leakyRollout "Thieving Strike" +1.27MB hooks=[beforeDamage:1 afterDamage:1 onPhaseStart:1 onPhaseEnd:1 onPlay:1 onStatusApplied:1] cards=[Fiona, the Princess of Blackport:1 Willy, the Valiant Leprechaun:1 Arthor, the King of Blackport:1 Luck:1 Blade of the Swamp Witch:1 Earth-Shattering Hammer, Relic of Deri:1]
t=8 ph=3 ap=0 snaps=931 hooks=24 inst=59 rollout "Thieving Strike" Attack lvl2 hero1
t=8 ph=3 ap=0 snaps=932 hooks=24 inst=59 leakyRollout "Thieving Strike" +1.27MB hooks=[beforeDamage:1 afterDamage:1 onPhaseStart:1 onPhaseEnd:1 onPlay:1 onStatusApplied:1] cards=[Fiona, the Princess of Blackport:1 Willy, the Valiant Leprechaun:1 Arthor, the King of Blackport:1 Luck:1 Blade of the Swamp Witch:1 Earth-Shattering Hammer, Relic of Deri:1]
t=8 ph=3 ap=0 snaps=932 hooks=24 inst=59 rollout "Thieving Strike" Attack lvl2 hero1
t=8 ph=3 ap=0 snaps=933 hooks=24 inst=59 leakyRollout "Thieving Strike" +1.27MB hooks=[beforeDamage:1 afterDamage:1 onPhaseStart:1 onPhaseEnd:1 onPlay:1 onStatusApplied:1] cards=[Fiona, the Princess of Blackport:1 Willy, the Valiant Leprechaun:1 Arthor, the King of Blackport:1 Luck:1 Blade of the Swamp Witch:1 Earth-Shattering Hammer, Relic of Deri:1]
t=8 ph=3 ap=0 snaps=933 hooks=24 inst=59 rollout "Thieving Strike" Attack lvl2 hero1
t=8 ph=3 ap=0 snaps=934 hooks=24 inst=59 leakyRollout "Thieving Strike" +1.27MB hooks=[beforeDamage:1 afterDamage:1 onPhaseStart:1 onPhaseEnd:1 onPlay:1 onStatusApplied:1] cards=[Fiona, the Princess of Blackport:1 Willy, the Valiant Leprechaun:1 Arthor, the King of Blackport:1 Luck:1 Blade of the Swamp Witch:1 Earth-Shattering Hammer, Relic of Deri:1]
t=8 ph=3 ap=0 snaps=934 hooks=24 inst=59 rollout "Thieving Strike" Attack lvl2 hero1
t=8 ph=3 ap=0 snaps=935 hooks=24 inst=59 leakyRollout "Thieving Strike" +1.27MB hooks=[beforeDamage:1 afterDamage:1 onPhaseStart:1 onPhaseEnd:1 onPlay:1 onStatusApplied:1] cards=[Fiona, the Princess of Blackport:1 Willy, the Valiant Leprechaun:1 Arthor, the King of Blackport:1 Luck:1 Blade of the Swamp Witch:1 Earth-Shattering Hammer, Relic of Deri:1]
t=8 ph=3 ap=0 snaps=935 hooks=24 inst=59 rollout "Thieving Strike" Attack lvl2 hero1
t=8 ph=3 ap=0 snaps=936 hooks=24 inst=59 leakyRollout "Thieving Strike" +1.27MB hooks=[beforeDamage:1 afterDamage:1 onPhaseStart:1 onPhaseEnd:1 onPlay:1 onStatusApplied:1] cards=[Fiona, the Princess of Blackport:1 Willy, the Valiant Leprechaun:1 Arthor, the King of Blackport:1 Luck:1 Blade of the Swamp Witch:1 Earth-Shattering Hammer, Relic of Deri:1]
t=8 ph=3 ap=0 snaps=936 hooks=24 inst=59 rollout "Thieving Strike" Attack lvl2 hero1
t=8 ph=3 ap=0 snaps=937 hooks=24 inst=59 rollout "Thieving Strike" Attack lvl2 hero1
t=8 ph=3 ap=0 snaps=938 hooks=24 inst=59 leakyRollout "Thieving Strike" +1.27MB hooks=[beforeDamage:1 afterDamage:1 onPhaseStart:1 onPhaseEnd:1 onPlay:1 onStatusApplied:1] cards=[Fiona, the Princess of Blackport:1 Willy, the Valiant Leprechaun:1 Arthor, the King of Blackport:1 Luck:1 Blade of the Swamp Witch:1 Earth-Shattering Hammer, Relic of Deri:1]
t=8 ph=3 ap=0 snaps=938 hooks=24 inst=59 rollout "Thieving Strike" Attack lvl2 hero1
t=8 ph=3 ap=0 snaps=939 hooks=24 inst=59 leakyRollout "Thieving Strike" +1.27MB hooks=[beforeDamage:1 afterDamage:1 onPhaseStart:1 onPhaseEnd:1 onPlay:1 onStatusApplied:1] cards=[Fiona, the Princess of Blackport:1 Willy, the Valiant Leprechaun:1 Arthor, the King of Blackport:1 Luck:1 Blade of the Swamp Witch:1 Earth-Shattering Hammer, Relic of Deri:1]
t=8 ph=3 ap=0 snaps=939 hooks=24 inst=59 rollout "Thieving Strike" Attack lvl2 hero1
t=8 ph=3 ap=0 snaps=940 hooks=24 inst=59 leakyRollout "Thieving Strike" +1.27MB hooks=[beforeDamage:1 afterDamage:1 onPhaseStart:1 onPhaseEnd:1 onPlay:1 onStatusApplied:1] cards=[Fiona, the Princess of Blackport:1 Willy, the Valiant Leprechaun:1 Arthor, the King of Blackport:1 Luck:1 Blade of the Swamp Witch:1 Earth-Shattering Hammer, Relic of Deri:1]
t=8 ph=3 ap=0 snaps=940 hooks=24 inst=59 rollout "Thieving Strike" Attack lvl2 hero1
t=8 ph=3 ap=0 snaps=941 hooks=24 inst=59 leakyRollout "Thieving Strike" +1.27MB hooks=[beforeDamage:1 afterDamage:1 onPhaseStart:1 onPhaseEnd:1 onPlay:1 onStatusApplied:1] cards=[Fiona, the Princess of Blackport:1 Willy, the Valiant Leprechaun:1 Arthor, the King of Blackport:1 Luck:1 Blade of the Swamp Witch:1 Earth-Shattering Hammer, Relic of Deri:1]
t=8 ph=3 ap=0 snaps=941 hooks=24 inst=59 rollout "Thieving Strike" Attack lvl2 hero1
t=8 ph=3 ap=0 snaps=942 hooks=24 inst=59 leakyRollout "Thieving Strike" +1.27MB hooks=[beforeDamage:1 afterDamage:1 onPhaseStart:1 onPhaseEnd:1 onPlay:1 onStatusApplied:1] cards=[Fiona, the Princess of Blackport:1 Willy, the Valiant Leprechaun:1 Arthor, the King of Blackport:1 Luck:1 Blade of the Swamp Witch:1 Earth-Shattering Hammer, Relic of Deri:1]
t=8 ph=3 ap=0 snaps=942 hooks=24 inst=59 rollout "Thieving Strike" Attack lvl2 hero1
t=8 ph=3 ap=0 snaps=943 hooks=24 inst=59 leakyRollout "Thieving Strike" +1.27MB hooks=[beforeDamage:1 afterDamage:1 onPhaseStart:1 onPhaseEnd:1 onPlay:1 onStatusApplied:1] cards=[Fiona, the Princess of Blackport:1 Willy, the Valiant Leprechaun:1 Arthor, the King of Blackport:1 Luck:1 Blade of the Swamp Witch:1 Earth-Shattering Hammer, Relic of Deri:1]
t=8 ph=3 ap=0 snaps=943 hooks=24 inst=59 rollout "Thieving Strike" Attack lvl2 hero1
t=8 ph=3 ap=0 snaps=944 hooks=24 inst=59 leakyRollout "Thieving Strike" +1.27MB hooks=[beforeDamage:1 afterDamage:1 onPhaseStart:1 onPhaseEnd:1 onPlay:1 onStatusApplied:1] cards=[Fiona, the Princess of Blackport:1 Willy, the Valiant Leprechaun:1 Arthor, the King of Blackport:1 Luck:1 Blade of the Swamp Witch:1 Earth-Shattering Hammer, Relic of Deri:1]
t=8 ph=3 ap=0 snaps=944 hooks=24 inst=59 rollout "Thieving Strike" Attack lvl2 hero1
t=8 ph=3 ap=0 snaps=945 hooks=24 inst=59 leakyRollout "Thieving Strike" +1.27MB hooks=[beforeDamage:1 afterDamage:1 onPhaseStart:1 onPhaseEnd:1 onPlay:1 onStatusApplied:1] cards=[Fiona, the Princess of Blackport:1 Willy, the Valiant Leprechaun:1 Arthor, the King of Blackport:1 Luck:1 Blade of the Swamp Witch:1 Earth-Shattering Hammer, Relic of Deri:1]
t=8 ph=3 ap=0 snaps=945 hooks=24 inst=59 rollout "Thieving Strike" Attack lvl2 hero1
t=8 ph=3 ap=0 snaps=946 hooks=24 inst=59 leakyRollout "Thieving Strike" +1.27MB hooks=[beforeDamage:1 afterDamage:1 onPhaseStart:1 onPhaseEnd:1 onPlay:1 onStatusApplied:1] cards=[Fiona, the Princess of Blackport:1 Willy, the Valiant Leprechaun:1 Arthor, the King of Blackport:1 Luck:1 Blade of the Swamp Witch:1 Earth-Shattering Hammer, Relic of Deri:1]
t=8 ph=3 ap=0 snaps=946 hooks=24 inst=59 rollout "Thieving Strike" Attack lvl2 hero1
t=8 ph=3 ap=0 snaps=947 hooks=24 inst=59 leakyRollout "Thieving Strike" +1.27MB hooks=[beforeDamage:1 afterDamage:1 onPhaseStart:1 onPhaseEnd:1 onPlay:1 onStatusApplied:1] cards=[Fiona, the Princess of Blackport:1 Willy, the Valiant Leprechaun:1 Arthor, the King of Blackport:1 Luck:1 Blade of the Swamp Witch:1 Earth-Shattering Hammer, Relic of Deri:1]
t=8 ph=3 ap=0 snaps=947 hooks=24 inst=59 rollout "Thieving Strike" Attack lvl2 hero1
t=8 ph=3 ap=0 snaps=948 hooks=24 inst=59 leakyRollout "Thieving Strike" +1.27MB hooks=[beforeDamage:1 afterDamage:1 onPhaseStart:1 onPhaseEnd:1 onPlay:1 onStatusApplied:1] cards=[Fiona, the Princess of Blackport:1 Willy, the Valiant Leprechaun:1 Arthor, the King of Blackport:1 Luck:1 Blade of the Swamp Witch:1 Earth-Shattering Hammer, Relic of Deri:1]
t=8 ph=3 ap=0 snaps=948 hooks=24 inst=59 rollout "Thieving Strike" Attack lvl2 hero1
t=8 ph=3 ap=0 snaps=949 hooks=24 inst=59 rollout "Thieving Strike" Attack lvl2 hero1
t=8 ph=3 ap=0 snaps=950 hooks=24 inst=59 leakyRollout "Thieving Strike" +1.27MB hooks=[beforeDamage:1 afterDamage:1 onPhaseStart:1 onPhaseEnd:1 onPlay:1 onStatusApplied:1] cards=[Fiona, the Princess of Blackport:1 Willy, the Valiant Leprechaun:1 Arthor, the King of Blackport:1 Luck:1 Blade of the Swamp Witch:1 Earth-Shattering Hammer, Relic of Deri:1]
t=8 ph=3 ap=0 snaps=950 hooks=24 inst=59 rollout "Thieving Strike" Attack lvl2 hero1
t=8 ph=3 ap=0 snaps=951 hooks=24 inst=59 leakyRollout "Thieving Strike" +1.27MB hooks=[beforeDamage:1 afterDamage:1 onPhaseStart:1 onPhaseEnd:1 onPlay:1 onStatusApplied:1] cards=[Fiona, the Princess of Blackport:1 Willy, the Valiant Leprechaun:1 Arthor, the King of Blackport:1 Luck:1 Blade of the Swamp Witch:1 Earth-Shattering Hammer, Relic of Deri:1]
t=8 ph=3 ap=0 snaps=951 hooks=24 inst=59 rollout "Thieving Strike" Attack lvl2 hero1
t=8 ph=3 ap=0 snaps=952 hooks=24 inst=59 leakyRollout "Thieving Strike" +1.27MB hooks=[beforeDamage:1 afterDamage:1 onPhaseStart:1 onPhaseEnd:1 onPlay:1 onStatusApplied:1] cards=[Fiona, the Princess of Blackport:1 Willy, the Valiant Leprechaun:1 Arthor, the King of Blackport:1 Luck:1 Blade of the Swamp Witch:1 Earth-Shattering Hammer, Relic of Deri:1]
t=8 ph=3 ap=0 snaps=952 hooks=24 inst=59 rollout "Thieving Strike" Attack lvl2 hero1
t=8 ph=3 ap=0 snaps=953 hooks=24 inst=59 leakyRollout "Thieving Strike" +1.27MB hooks=[beforeDamage:1 afterDamage:1 onPhaseStart:1 onPhaseEnd:1 onPlay:1 onStatusApplied:1] cards=[Fiona, the Princess of Blackport:1 Willy, the Valiant Leprechaun:1 Arthor, the King of Blackport:1 Luck:1 Blade of the Swamp Witch:1 Earth-Shattering Hammer, Relic of Deri:1]
t=8 ph=3 ap=0 snaps=953 hooks=24 inst=59 rollout "Thieving Strike" Attack lvl2 hero1
t=8 ph=3 ap=0 snaps=954 hooks=24 inst=59 leakyRollout "Thieving Strike" +1.27MB hooks=[beforeDamage:1 afterDamage:1 onPhaseStart:1 onPhaseEnd:1 onPlay:1 onStatusApplied:1] cards=[Fiona, the Princess of Blackport:1 Willy, the Valiant Leprechaun:1 Arthor, the King of Blackport:1 Luck:1 Blade of the Swamp Witch:1 Earth-Shattering Hammer, Relic of Deri:1]
t=8 ph=3 ap=0 snaps=954 hooks=24 inst=59 rollout "Thieving Strike" Attack lvl2 hero1
t=8 ph=3 ap=0 snaps=955 hooks=24 inst=59 leakyRollout "Thieving Strike" +1.27MB hooks=[beforeDamage:1 afterDamage:1 onPhaseStart:1 onPhaseEnd:1 onPlay:1 onStatusApplied:1] cards=[Fiona, the Princess of Blackport:1 Willy, the Valiant Leprechaun:1 Arthor, the King of Blackport:1 Luck:1 Blade of the Swamp Witch:1 Earth-Shattering Hammer, Relic of Deri:1]
t=8 ph=3 ap=0 snaps=955 hooks=24 inst=59 rollout "Thieving Strike" Attack lvl2 hero1
t=8 ph=3 ap=0 snaps=956 hooks=24 inst=59 leakyRollout "Thieving Strike" +1.27MB hooks=[beforeDamage:1 afterDamage:1 onPhaseStart:1 onPhaseEnd:1 onPlay:1 onStatusApplied:1] cards=[Fiona, the Princess of Blackport:1 Willy, the Valiant Leprechaun:1 Arthor, the King of Blackport:1 Luck:1 Blade of the Swamp Witch:1 Earth-Shattering Hammer, Relic of Deri:1]
t=8 ph=5 ap=0 snaps=961 hooks=36 inst=59 switchTurn ending p0

=== GAME 19/1000: Spell Industrialization vs Shifting Sandlands @ 2026-05-01T11:30:20.234Z ===
t=1 ph=2 ap=1 snaps=0 hooks=11 inst=30 cpuTurnStart cpu=p1 hand=7
t=1 ph=3 ap=1 snaps=174 hooks=35 inst=41 rollout "Cosmic Skeleton" Creature lvl1 hero0
t=1 ph=3 ap=1 snaps=180 hooks=35 inst=41 leakyRollout "Cosmic Skeleton" +7.45MB hooks=[onHeroRevive:1 beforeDamage:1 afterDamage:1 onHeroKO:1] cards=[Ingo, Investor of Evil:22 Bakhm, the Desert Digger:8 Wealth:7 The Great Clock Tower "Big Gwen":5 Eraser Beam:5 Pollution Token:3]
t=1 ph=3 ap=1 snaps=180 hooks=35 inst=41 rollout "Cosmic Skeleton" Creature lvl1 hero0
t=1 ph=3 ap=1 snaps=184 hooks=35 inst=41 leakyRollout "Cosmic Skeleton" +2.82MB hooks=[beforeDamage:1 afterDamage:1 onHeroKO:1] cards=[Ingo, Investor of Evil:14 Wealth:6 Bakhm, the Desert Digger:5 The Great Clock Tower "Big Gwen":4 Telekinesis:2 Rain of Arrows:1]
t=1 ph=3 ap=1 snaps=184 hooks=35 inst=41 rollout "Cosmic Skeleton" Creature lvl1 hero0
t=1 ph=3 ap=1 snaps=195 hooks=35 inst=41 leakyRollout "Cosmic Skeleton" +14.65MB hooks=[] cards=[Ingo, Investor of Evil:22 Wealth:8 The Great Clock Tower "Big Gwen":6 Eraser Beam:5 Bakhm, the Desert Digger:4 Pollution Token:3]
t=1 ph=3 ap=1 snaps=195 hooks=35 inst=41 rollout "Adventurousness" AbilityAction lvl1 hero2
t=1 ph=3 ap=1 snaps=209 hooks=35 inst=41 leakyRollout "Adventurousness" +21.01MB hooks=[] cards=[Ingo, Investor of Evil:21 Wealth:9 Bakhm, the Desert Digger:6 The Great Clock Tower "Big Gwen":5 Rain of Arrows:1 Divine Gift of Fire:1]
t=1 ph=3 ap=1 snaps=209 hooks=35 inst=41 rollout "Cosmic Skeleton" Creature lvl1 hero0
t=1 ph=3 ap=1 snaps=226 hooks=35 inst=41 rollout "Cosmic Skeleton" Creature lvl1 hero0
t=1 ph=3 ap=1 snaps=233 hooks=35 inst=41 leakyRollout "Cosmic Skeleton" +8.33MB hooks=[beforeDamage:4 afterDamage:4 onPlay:2 afterSpellResolved:2 onAnyActionResolved:2 onHeroKO:2] cards=[Ingo, Investor of Evil:20 Wealth:10 Bakhm, the Desert Digger:6 The Great Clock Tower "Big Gwen":6 Telekinesis:2 Rain of Arrows:1]
t=1 ph=3 ap=1 snaps=233 hooks=35 inst=41 rollout "Cosmic Skeleton" Creature lvl1 hero0
t=1 ph=3 ap=1 snaps=237 hooks=35 inst=41 leakyRollout "Cosmic Skeleton" +6.11MB hooks=[beforeDamage:3 afterDamage:3 onCreatureDeath:3 onCardLeaveZone:2 beforeCreatureDamageBatch:1 afterCreatureDamageBatch:1] cards=[Ingo, Investor of Evil:19 Wealth:8 Bakhm, the Desert Digger:7 The Great Clock Tower "Big Gwen":6 Telekinesis:2 Rain of Arrows:1]
t=1 ph=3 ap=1 snaps=237 hooks=35 inst=41 rollout "Cosmic Skeleton" Creature lvl1 hero0
t=1 ph=3 ap=1 snaps=245 hooks=35 inst=41 rollout "Cosmic Skeleton" Creature lvl1 hero0
t=1 ph=3 ap=1 snaps=265 hooks=35 inst=41 leakyRollout "Cosmic Skeleton" +21.56MB hooks=[] cards=[Ingo, Investor of Evil:25 Wealth:9 Pollution Token:7 The Great Clock Tower "Big Gwen":5 Bakhm, the Desert Digger:3 Rain of Arrows:2]
t=1 ph=3 ap=1 snaps=265 hooks=35 inst=41 rollout "Cosmic Skeleton" Creature lvl1 hero0
t=1 ph=3 ap=1 snaps=273 hooks=35 inst=41 rollout "Cosmic Skeleton" Creature lvl1 hero0
t=1 ph=3 ap=1 snaps=280 hooks=35 inst=41 leakyRollout "Cosmic Skeleton" +5.61MB hooks=[] cards=[Ingo, Investor of Evil:24 Wealth:10 The Great Clock Tower "Big Gwen":9 Eraser Beam:5 Bakhm, the Desert Digger:4 Pollution Token:3]
t=1 ph=3 ap=1 snaps=280 hooks=35 inst=41 rollout "Cosmic Skeleton" Creature lvl1 hero0
t=1 ph=3 ap=1 snaps=291 hooks=35 inst=41 rollout "Cosmic Skeleton" Creature lvl1 hero0
t=1 ph=3 ap=1 snaps=311 hooks=35 inst=41 leakyRollout "Cosmic Skeleton" +8.25MB hooks=[] cards=[Ingo, Investor of Evil:20 Wealth:9 The Great Clock Tower "Big Gwen":7 Bakhm, the Desert Digger:4 Telekinesis:2 Goldify:1]
t=1 ph=3 ap=1 snaps=311 hooks=35 inst=41 rollout "Cosmic Skeleton" Creature lvl1 hero0
t=1 ph=3 ap=1 snaps=330 hooks=35 inst=41 leakyRollout "Cosmic Skeleton" +4.94MB hooks=[] cards=[Ingo, Investor of Evil:16 Wealth:9 The Great Clock Tower "Big Gwen":4 Bakhm, the Desert Digger:3 Rain of Arrows:2 Telekinesis:1]
t=1 ph=3 ap=1 snaps=330 hooks=35 inst=41 rollout "Cosmic Skeleton" Creature lvl1 hero0
t=1 ph=3 ap=1 snaps=336 hooks=35 inst=41 rollout "Cosmic Skeleton" Creature lvl1 hero0
t=1 ph=3 ap=1 snaps=354 hooks=35 inst=41 leakyRollout "Cosmic Skeleton" +9.04MB hooks=[] cards=[Ingo, Investor of Evil:26 Wealth:8 Bakhm, the Desert Digger:5 The Great Clock Tower "Big Gwen":5 Pollution Token:3 Rain of Arrows:2]
t=1 ph=3 ap=1 snaps=354 hooks=35 inst=41 rollout "Cosmic Skeleton" Creature lvl1 hero0
t=1 ph=3 ap=1 snaps=364 hooks=35 inst=41 leakyRollout "Cosmic Skeleton" +1.27MB hooks=[beforeDamage:1 afterDamage:1 onHeroKO:1] cards=[Ingo, Investor of Evil:18 Bakhm, the Desert Digger:6 Wealth:5 The Great Clock Tower "Big Gwen":4 Telekinesis:2 Rain of Arrows:1]
t=1 ph=3 ap=1 snaps=364 hooks=35 inst=41 rollout "Cosmic Skeleton" Creature lvl1 hero0
t=1 ph=3 ap=1 snaps=377 hooks=35 inst=41 rollout "Cosmic Skeleton" Creature lvl1 hero0
t=1 ph=3 ap=1 snaps=394 hooks=35 inst=41 leakyRollout "Cosmic Skeleton" +1.76MB hooks=[beforeDamage:3 afterDamage:3 onActionUsed:2 onPhaseStart:1 onPhaseEnd:1 beforeDraw:1] cards=[Ingo, Investor of Evil:24 Wealth:6 The Great Clock Tower "Big Gwen":6 Pollution Token:6 Bakhm, the Desert Digger:5 Rain of Arrows:2]
t=1 ph=3 ap=1 snaps=394 hooks=35 inst=41 rollout "Cosmic Skeleton" Creature lvl1 hero0
t=1 ph=3 ap=1 snaps=416 hooks=35 inst=41 leakyRollout "Cosmic Skeleton" +8.83MB hooks=[] cards=[Ingo, Investor of Evil:19 Wealth:9 The Great Clock Tower "Big Gwen":9 Eraser Beam:5 Bakhm, the Desert Digger:3 Pollution Token:3]
t=1 ph=3 ap=1 snaps=416 hooks=35 inst=41 rollout "Cosmic Skeleton" Creature lvl1 hero0
t=1 ph=3 ap=1 snaps=423 hooks=35 inst=41 leakyRollout "Cosmic Skeleton" +4.99MB hooks=[] cards=[Ingo, Investor of Evil:26 Wealth:9 The Great Clock Tower "Big Gwen":7 Bakhm, the Desert Digger:5 Pollution Token:4 Goldify:2]
t=1 ph=3 ap=1 snaps=423 hooks=35 inst=41 rollout "Cosmic Skeleton" Creature lvl1 hero0
t=1 ph=3 ap=1 snaps=434 hooks=35 inst=41 rollout "Cosmic Skeleton" Creature lvl1 hero0
t=1 ph=3 ap=1 snaps=443 hooks=35 inst=41 leakyRollout "Cosmic Skeleton" +3.43MB hooks=[] cards=[Ingo, Investor of Evil:21 Wealth:10 Bakhm, the Desert Digger:4 The Great Clock Tower "Big Gwen":4 Rain of Arrows:2]
t=1 ph=3 ap=1 snaps=443 hooks=35 inst=41 rollout "Cosmic Skeleton" Creature lvl1 hero0
t=1 ph=3 ap=1 snaps=452 hooks=35 inst=41 rollout "Cosmic Skeleton" Creature lvl1 hero0
t=1 ph=3 ap=1 snaps=466 hooks=35 inst=41 leakyRollout "Cosmic Skeleton" +5.40MB hooks=[] cards=[Ingo, Investor of Evil:33 Wealth:11 Bakhm, the Desert Digger:8 Pollution Token:6 The Great Clock Tower "Big Gwen":5 Telekinesis:2]
t=1 ph=3 ap=1 snaps=466 hooks=35 inst=41 rollout "Adventurousness" AbilityAction lvl1 hero2
t=1 ph=3 ap=1 snaps=487 hooks=35 inst=41 rollout "Cosmic Skeleton" Creature lvl1 hero0
t=1 ph=3 ap=1 snaps=498 hooks=35 inst=41 leakyRollout "Cosmic Skeleton" +2.86MB hooks=[onPlay:3 beforeDamage:3 afterDamage:3 onCardLeaveZone:2 onHeroKO:2 onAnyActionResolved:2] cards=[Ingo, Investor of Evil:25 Wealth:8 Bakhm, the Desert Digger:6 The Great Clock Tower "Big Gwen":6 Rain of Arrows:1 Telekinesis:1]
t=1 ph=3 ap=1 snaps=498 hooks=35 inst=41 rollout "Cosmic Skeleton" Creature lvl1 hero0
t=1 ph=3 ap=1 snaps=509 hooks=35 inst=41 leakyRollout "Cosmic Skeleton" +7.22MB hooks=[] cards=[Ingo, Investor of Evil:24 Wealth:8 Eraser Beam:6 Bakhm, the Desert Digger:5 The Great Clock Tower "Big Gwen":5 Pollution Token:3]
t=1 ph=3 ap=1 snaps=509 hooks=35 inst=41 rollout "Cosmic Skeleton" Creature lvl1 hero0
t=1 ph=3 ap=1 snaps=521 hooks=35 inst=41 rollout "Cosmic Skeleton" Creature lvl1 hero0
t=1 ph=3 ap=1 snaps=536 hooks=35 inst=41 leakyRollout "Cosmic Skeleton" +4.37MB hooks=[beforeDamage:2 afterDamage:2 onPhaseStart:1 onPhaseEnd:1 onAnyActionResolved:1 onHeroKO:1] cards=[Ingo, Investor of Evil:14 Wealth:5 Bakhm, the Desert Digger:4 The Great Clock Tower "Big Gwen":4 Rain of Arrows:2 Divine Gift of Fire:1]
t=1 ph=3 ap=1 snaps=536 hooks=35 inst=41 rollout "Cosmic Skeleton" Creature lvl1 hero0
t=1 ph=3 ap=1 snaps=545 hooks=35 inst=41 leakyRollout "Cosmic Skeleton" +10.61MB hooks=[] cards=[Ingo, Investor of Evil:25 Wealth:11 Bakhm, the Desert Digger:6 The Great Clock Tower "Big Gwen":6 Telekinesis:1 Rain of Arrows:1]
t=1 ph=3 ap=1 snaps=545 hooks=35 inst=41 rollout "Cosmic Skeleton" Creature lvl1 hero0
t=1 ph=3 ap=1 snaps=564 hooks=35 inst=41 rollout "Cosmic Skeleton" Creature lvl1 hero0
t=1 ph=3 ap=1 snaps=574 hooks=35 inst=41 leakyRollout "Cosmic Skeleton" +5.77MB hooks=[] cards=[Ingo, Investor of Evil:25 Wealth:8 Bakhm, the Desert Digger:6 Pollution Token:6 The Great Clock Tower "Big Gwen":5 Telekinesis:1]
t=1 ph=3 ap=1 snaps=574 hooks=35 inst=41 rollout "Cosmic Skeleton" Creature lvl1 hero0
t=1 ph=3 ap=1 snaps=596 hooks=35 inst=41 leakyRollout "Cosmic Skeleton" +1.45MB hooks=[] cards=[Ingo, Investor of Evil:28 Wealth:8 Bakhm, the Desert Digger:6 The Great Clock Tower "Big Gwen":6 Pollution Token:6 Telekinesis:1]
t=1 ph=3 ap=1 snaps=596 hooks=35 inst=41 rollout "Cosmic Skeleton" Creature lvl1 hero0
t=1 ph=3 ap=1 snaps=601 hooks=35 inst=41 summon "Cosmic Skeleton" p1/h0

=== GAME 20/1000: Steam Dwarf Mines vs Dance of the Butterflies @ 2026-05-01T11:30:23.562Z ===
t=1 ph=2 ap=1 snaps=0 hooks=10 inst=29 cpuTurnStart cpu=p1 hand=6
t=1 ph=5 ap=1 snaps=20 hooks=31 inst=36 switchTurn ending p1
t=2 ph=2 ap=0 snaps=20 hooks=13 inst=37 cpuTurnStart cpu=p0 hand=6
t=2 ph=2 ap=0 snaps=33 hooks=26 inst=41 summon "Aggressive Town Guard" p0/h0
t=2 ph=3 ap=0 snaps=42 hooks=32 inst=42 rollout "Steam Dwarf Dragon Pilot" Creature lvl1 hero2
t=2 ph=3 ap=0 snaps=43 hooks=32 inst=42 leakyRollout "Steam Dwarf Dragon Pilot" +1.04MB hooks=[] cards=[]
t=2 ph=3 ap=0 snaps=43 hooks=32 inst=42 rollout "Steam Dwarf Dragon Pilot" Creature lvl1 hero2
t=2 ph=3 ap=0 snaps=44 hooks=32 inst=42 leakyRollout "Steam Dwarf Dragon Pilot" +1.08MB hooks=[] cards=[]
t=2 ph=3 ap=0 snaps=44 hooks=32 inst=42 rollout "Steam Dwarf Dragon Pilot" Creature lvl1 hero2
t=2 ph=3 ap=0 snaps=45 hooks=32 inst=42 leakyRollout "Steam Dwarf Dragon Pilot" +1.10MB hooks=[] cards=[]
t=2 ph=3 ap=0 snaps=45 hooks=32 inst=42 rollout "Steam Dwarf Exterminator" Creature lvl1 hero2
t=2 ph=3 ap=0 snaps=60 hooks=32 inst=42 leakyRollout "Steam Dwarf Exterminator" +16.09MB hooks=[] cards=[Willy, the Valiant Leprechaun:41 Luck:32 Cardinal Beast Baihu:20 Layn, Defender of Deri:18 Creativity:17 Beato, the Butterfly Witch:15]
t=2 ph=3 ap=0 snaps=60 hooks=32 inst=42 rollout "Steam Dwarf Exterminator" Creature lvl1 hero2
t=2 ph=3 ap=0 snaps=78 hooks=32 inst=42 leakyRollout "Steam Dwarf Exterminator" +13.85MB hooks=[] cards=[Willy, the Valiant Leprechaun:41 Luck:35 Beato, the Butterfly Witch:24 Layn, Defender of Deri:21 Cardinal Beast Baihu:20 Creativity:19]
t=2 ph=3 ap=0 snaps=78 hooks=32 inst=42 rollout "Steam Dwarf Exterminator" Creature lvl1 hero2
t=2 ph=3 ap=0 snaps=91 hooks=32 inst=42 leakyRollout "Steam Dwarf Exterminator" +11.86MB hooks=[] cards=[Willy, the Valiant Leprechaun:41 Luck:30 Layn, Defender of Deri:23 Cardinal Beast Baihu:19 Creativity:16 Beato, the Butterfly Witch:12]
t=2 ph=3 ap=0 snaps=91 hooks=32 inst=42 rollout "Steam Dwarf Exterminator" Creature lvl1 hero2
t=2 ph=3 ap=0 snaps=100 hooks=32 inst=42 rollout "Steam Dwarf Exterminator" Creature lvl1 hero2
t=2 ph=3 ap=0 snaps=117 hooks=32 inst=42 rollout "Steam Dwarf Exterminator" Creature lvl1 hero2
t=2 ph=3 ap=0 snaps=125 hooks=32 inst=42 rollout "Steam Dwarf Exterminator" Creature lvl1 hero2
t=2 ph=3 ap=0 snaps=135 hooks=32 inst=42 leakyRollout "Steam Dwarf Exterminator" +4.45MB hooks=[] cards=[Willy, the Valiant Leprechaun:41 Luck:30 Layn, Defender of Deri:19 Beato, the Butterfly Witch:19 Steam Dwarf Exterminator:14 Cardinal Beast Baihu:12]
t=2 ph=3 ap=0 snaps=135 hooks=32 inst=42 rollout "Steam Dwarf Exterminator" Creature lvl1 hero2
t=2 ph=3 ap=0 snaps=159 hooks=32 inst=42 leakyRollout "Steam Dwarf Exterminator" +5.28MB hooks=[beforeDamage:3 afterDamage:3 onCardLeaveZone:2 onCreatureDeath:2 beforeCreatureDamageBatch:1 afterCreatureDamageBatch:1] cards=[Willy, the Valiant Leprechaun:41 Luck:36 Layn, Defender of Deri:26 Cardinal Beast Baihu:25 Beato, the Butterfly Witch:14 Creativity:9]
t=2 ph=3 ap=0 snaps=159 hooks=32 inst=42 rollout "Steam Dwarf Exterminator" Creature lvl1 hero2
t=2 ph=3 ap=0 snaps=176 hooks=32 inst=42 rollout "Steam Dwarf Exterminator" Creature lvl1 hero2
t=2 ph=3 ap=0 snaps=188 hooks=32 inst=42 rollout "Steam Dwarf Exterminator" Creature lvl1 hero2
t=2 ph=3 ap=0 snaps=196 hooks=32 inst=42 leakyRollout "Steam Dwarf Exterminator" +11.08MB hooks=[beforeDamage:1 afterDamage:1] cards=[Willy, the Valiant Leprechaun:35 Luck:29 Layn, Defender of Deri:24 Beato, the Butterfly Witch:20 Cardinal Beast Baihu:14 Creativity:14]
t=2 ph=3 ap=0 snaps=196 hooks=32 inst=42 rollout "Steam Dwarf Exterminator" Creature lvl1 hero2
t=2 ph=3 ap=0 snaps=217 hooks=32 inst=42 rollout "Steam Dwarf Exterminator" Creature lvl1 hero2
t=2 ph=3 ap=0 snaps=243 hooks=32 inst=42 leakyRollout "Steam Dwarf Exterminator" +0.75MB hooks=[] cards=[Willy, the Valiant Leprechaun:41 Luck:30 Layn, Defender of Deri:17 Cardinal Beast Baihu:15 Creativity:14 Beato, the Butterfly Witch:13]
t=2 ph=3 ap=0 snaps=243 hooks=32 inst=42 rollout "Steam Dwarf Exterminator" Creature lvl1 hero2
t=2 ph=3 ap=0 snaps=260 hooks=32 inst=42 rollout "Steam Dwarf Exterminator" Creature lvl1 hero2
t=2 ph=3 ap=0 snaps=267 hooks=32 inst=42 rollout "Steam Dwarf Exterminator" Creature lvl1 hero2
t=2 ph=3 ap=0 snaps=280 hooks=32 inst=42 leakyRollout "Steam Dwarf Exterminator" +11.82MB hooks=[] cards=[Willy, the Valiant Leprechaun:41 Luck:37 Layn, Defender of Deri:27 Cardinal Beast Baihu:25 Beato, the Butterfly Witch:14 Creativity:9]
t=2 ph=3 ap=0 snaps=280 hooks=32 inst=42 rollout "Steam Dwarf Exterminator" Creature lvl1 hero2
t=2 ph=3 ap=0 snaps=288 hooks=32 inst=42 rollout "Steam Dwarf Dragon Pilot" Creature lvl1 hero2
t=2 ph=3 ap=0 snaps=289 hooks=32 inst=42 leakyRollout "Steam Dwarf Dragon Pilot" +0.92MB hooks=[] cards=[]
t=2 ph=3 ap=0 snaps=289 hooks=32 inst=42 rollout "Steam Dwarf Dragon Pilot" Creature lvl1 hero2
t=2 ph=3 ap=0 snaps=290 hooks=32 inst=42 leakyRollout "Steam Dwarf Dragon Pilot" +0.92MB hooks=[] cards=[]
t=2 ph=3 ap=0 snaps=290 hooks=32 inst=42 rollout "Steam Dwarf Dragon Pilot" Creature lvl1 hero2
t=2 ph=3 ap=0 snaps=291 hooks=32 inst=42 leakyRollout "Steam Dwarf Dragon Pilot" +0.92MB hooks=[] cards=[]
t=2 ph=3 ap=0 snaps=291 hooks=32 inst=42 rollout "Steam Dwarf Dragon Pilot" Creature lvl1 hero2
t=2 ph=3 ap=0 snaps=292 hooks=32 inst=42 rollout "Steam Dwarf Dragon Pilot" Creature lvl1 hero2
t=2 ph=3 ap=0 snaps=293 hooks=32 inst=42 leakyRollout "Steam Dwarf Dragon Pilot" +0.92MB hooks=[] cards=[]
t=2 ph=3 ap=0 snaps=293 hooks=32 inst=42 rollout "Steam Dwarf Dragon Pilot" Creature lvl1 hero2
t=2 ph=3 ap=0 snaps=294 hooks=32 inst=42 leakyRollout "Steam Dwarf Dragon Pilot" +0.92MB hooks=[] cards=[]
t=2 ph=3 ap=0 snaps=294 hooks=32 inst=42 rollout "Steam Dwarf Dragon Pilot" Creature lvl1 hero2
t=2 ph=3 ap=0 snaps=295 hooks=32 inst=42 leakyRollout "Steam Dwarf Dragon Pilot" +0.92MB hooks=[] cards=[]
t=2 ph=3 ap=0 snaps=295 hooks=32 inst=42 rollout "Steam Dwarf Dragon Pilot" Creature lvl1 hero2
t=2 ph=3 ap=0 snaps=296 hooks=32 inst=42 leakyRollout "Steam Dwarf Dragon Pilot" +0.92MB hooks=[] cards=[]
t=2 ph=3 ap=0 snaps=296 hooks=32 inst=42 rollout "Steam Dwarf Dragon Pilot" Creature lvl1 hero2
t=2 ph=3 ap=0 snaps=297 hooks=32 inst=42 leakyRollout "Steam Dwarf Dragon Pilot" +0.92MB hooks=[] cards=[]
t=2 ph=3 ap=0 snaps=297 hooks=32 inst=42 rollout "Steam Dwarf Dragon Pilot" Creature lvl1 hero2
t=2 ph=3 ap=0 snaps=298 hooks=32 inst=42 leakyRollout "Steam Dwarf Dragon Pilot" +0.92MB hooks=[] cards=[]
t=2 ph=3 ap=0 snaps=298 hooks=32 inst=42 rollout "Steam Dwarf Dragon Pilot" Creature lvl1 hero2
t=2 ph=3 ap=0 snaps=299 hooks=32 inst=42 leakyRollout "Steam Dwarf Dragon Pilot" +0.92MB hooks=[] cards=[]
t=2 ph=3 ap=0 snaps=299 hooks=32 inst=42 rollout "Steam Dwarf Dragon Pilot" Creature lvl1 hero2
t=2 ph=3 ap=0 snaps=300 hooks=32 inst=42 leakyRollout "Steam Dwarf Dragon Pilot" +0.92MB hooks=[] cards=[]
t=2 ph=3 ap=0 snaps=300 hooks=32 inst=42 rollout "Steam Dwarf Dragon Pilot" Creature lvl1 hero2
t=2 ph=3 ap=0 snaps=301 hooks=32 inst=42 leakyRollout "Steam Dwarf Dragon Pilot" +0.92MB hooks=[] cards=[]
t=2 ph=3 ap=0 snaps=301 hooks=32 inst=42 rollout "Steam Dwarf Dragon Pilot" Creature lvl1 hero2
t=2 ph=3 ap=0 snaps=302 hooks=32 inst=42 leakyRollout "Steam Dwarf Dragon Pilot" +0.92MB hooks=[] cards=[]
t=2 ph=3 ap=0 snaps=302 hooks=32 inst=42 rollout "Steam Dwarf Dragon Pilot" Creature lvl1 hero2
t=2 ph=3 ap=0 snaps=303 hooks=32 inst=42 leakyRollout "Steam Dwarf Dragon Pilot" +0.92MB hooks=[] cards=[]
t=2 ph=3 ap=0 snaps=303 hooks=32 inst=42 rollout "Steam Dwarf Dragon Pilot" Creature lvl1 hero2
t=2 ph=3 ap=0 snaps=304 hooks=32 inst=42 leakyRollout "Steam Dwarf Dragon Pilot" +0.92MB hooks=[] cards=[]
t=2 ph=3 ap=0 snaps=304 hooks=32 inst=42 rollout "Steam Dwarf Dragon Pilot" Creature lvl1 hero2
t=2 ph=3 ap=0 snaps=305 hooks=32 inst=42 leakyRollout "Steam Dwarf Dragon Pilot" +0.92MB hooks=[] cards=[]
t=2 ph=3 ap=0 snaps=305 hooks=32 inst=42 rollout "Steam Dwarf Dragon Pilot" Creature lvl1 hero2
t=2 ph=3 ap=0 snaps=306 hooks=32 inst=42 leakyRollout "Steam Dwarf Dragon Pilot" +0.92MB hooks=[] cards=[]
t=2 ph=3 ap=0 snaps=306 hooks=32 inst=42 rollout "Steam Dwarf Dragon Pilot" Creature lvl1 hero2
t=2 ph=3 ap=0 snaps=307 hooks=32 inst=42 leakyRollout "Steam Dwarf Dragon Pilot" +0.92MB hooks=[] cards=[]
t=2 ph=3 ap=0 snaps=307 hooks=32 inst=42 rollout "Steam Dwarf Dragon Pilot" Creature lvl1 hero2
t=2 ph=3 ap=0 snaps=308 hooks=32 inst=42 leakyRollout "Steam Dwarf Dragon Pilot" +0.92MB hooks=[] cards=[]
t=2 ph=3 ap=0 snaps=308 hooks=32 inst=42 rollout "Steam Dwarf Dragon Pilot" Creature lvl1 hero2
t=2 ph=3 ap=0 snaps=309 hooks=32 inst=42 rollout "Steam Dwarf Dragon Pilot" Creature lvl1 hero2
t=2 ph=3 ap=0 snaps=310 hooks=32 inst=42 leakyRollout "Steam Dwarf Dragon Pilot" +0.92MB hooks=[] cards=[]
t=2 ph=3 ap=0 snaps=310 hooks=32 inst=42 rollout "Steam Dwarf Dragon Pilot" Creature lvl1 hero2
t=2 ph=3 ap=0 snaps=311 hooks=32 inst=42 leakyRollout "Steam Dwarf Dragon Pilot" +0.92MB hooks=[] cards=[]
t=2 ph=3 ap=0 snaps=311 hooks=32 inst=42 rollout "Steam Dwarf Dragon Pilot" Creature lvl1 hero2
t=2 ph=3 ap=0 snaps=312 hooks=32 inst=42 leakyRollout "Steam Dwarf Dragon Pilot" +0.92MB hooks=[] cards=[]
t=2 ph=3 ap=0 snaps=312 hooks=32 inst=42 rollout "Steam Dwarf Dragon Pilot" Creature lvl1 hero2
t=2 ph=3 ap=0 snaps=313 hooks=32 inst=42 leakyRollout "Steam Dwarf Dragon Pilot" +0.92MB hooks=[] cards=[]
t=2 ph=3 ap=0 snaps=313 hooks=32 inst=42 rollout "Steam Dwarf Dragon Pilot" Creature lvl1 hero2
t=2 ph=3 ap=0 snaps=314 hooks=32 inst=42 leakyRollout "Steam Dwarf Dragon Pilot" +0.92MB hooks=[] cards=[]
t=2 ph=3 ap=0 snaps=314 hooks=32 inst=42 rollout "Steam Dwarf Dragon Pilot" Creature lvl1 hero2
t=2 ph=3 ap=0 snaps=315 hooks=32 inst=42 leakyRollout "Steam Dwarf Dragon Pilot" +0.92MB hooks=[] cards=[]
t=2 ph=3 ap=0 snaps=315 hooks=32 inst=42 rollout "Steam Dwarf Dragon Pilot" Creature lvl1 hero2
t=2 ph=3 ap=0 snaps=316 hooks=32 inst=42 leakyRollout "Steam Dwarf Dragon Pilot" +0.92MB hooks=[] cards=[]
t=2 ph=3 ap=0 snaps=316 hooks=32 inst=42 rollout "Steam Dwarf Dragon Pilot" Creature lvl1 hero2
t=2 ph=3 ap=0 snaps=317 hooks=32 inst=42 leakyRollout "Steam Dwarf Dragon Pilot" +0.92MB hooks=[] cards=[]
t=2 ph=3 ap=0 snaps=317 hooks=32 inst=42 rollout "Steam Dwarf Dragon Pilot" Creature lvl1 hero2
t=2 ph=3 ap=0 snaps=318 hooks=32 inst=42 leakyRollout "Steam Dwarf Dragon Pilot" +0.92MB hooks=[] cards=[]
t=2 ph=3 ap=0 snaps=318 hooks=32 inst=42 rollout "Steam Dwarf Dragon Pilot" Creature lvl1 hero2
t=2 ph=3 ap=0 snaps=319 hooks=32 inst=42 leakyRollout "Steam Dwarf Dragon Pilot" +0.92MB hooks=[] cards=[]
t=2 ph=3 ap=0 snaps=319 hooks=32 inst=42 rollout "Steam Dwarf Dragon Pilot" Creature lvl1 hero2
t=2 ph=3 ap=0 snaps=320 hooks=32 inst=42 leakyRollout "Steam Dwarf Dragon Pilot" +0.92MB hooks=[] cards=[]
t=2 ph=3 ap=0 snaps=320 hooks=32 inst=42 rollout "Steam Dwarf Dragon Pilot" Creature lvl1 hero2
t=2 ph=3 ap=0 snaps=321 hooks=32 inst=42 leakyRollout "Steam Dwarf Dragon Pilot" +0.92MB hooks=[] cards=[]
t=2 ph=3 ap=0 snaps=321 hooks=32 inst=42 rollout "Steam Dwarf Dragon Pilot" Creature lvl1 hero2
t=2 ph=3 ap=0 snaps=322 hooks=32 inst=42 leakyRollout "Steam Dwarf Dragon Pilot" +0.92MB hooks=[] cards=[]
t=2 ph=3 ap=0 snaps=322 hooks=32 inst=42 rollout "Steam Dwarf Dragon Pilot" Creature lvl1 hero2
t=2 ph=3 ap=0 snaps=323 hooks=32 inst=42 leakyRollout "Steam Dwarf Dragon Pilot" +0.92MB hooks=[] cards=[]
t=2 ph=3 ap=0 snaps=323 hooks=32 inst=42 rollout "Steam Dwarf Dragon Pilot" Creature lvl1 hero2
t=2 ph=3 ap=0 snaps=324 hooks=32 inst=42 leakyRollout "Steam Dwarf Dragon Pilot" +0.92MB hooks=[] cards=[]
t=2 ph=3 ap=0 snaps=324 hooks=32 inst=42 rollout "Steam Dwarf Dragon Pilot" Creature lvl1 hero2
t=2 ph=3 ap=0 snaps=325 hooks=32 inst=42 leakyRollout "Steam Dwarf Dragon Pilot" +0.92MB hooks=[] cards=[]
t=2 ph=3 ap=0 snaps=325 hooks=32 inst=42 rollout "Steam Dwarf Dragon Pilot" Creature lvl1 hero2
t=2 ph=3 ap=0 snaps=326 hooks=32 inst=42 rollout "Steam Dwarf Dragon Pilot" Creature lvl1 hero2
t=2 ph=3 ap=0 snaps=327 hooks=32 inst=42 leakyRollout "Steam Dwarf Dragon Pilot" +0.92MB hooks=[] cards=[]
t=2 ph=3 ap=0 snaps=327 hooks=32 inst=42 rollout "Steam Dwarf Dragon Pilot" Creature lvl1 hero2
t=2 ph=3 ap=0 snaps=328 hooks=32 inst=42 leakyRollout "Steam Dwarf Dragon Pilot" +0.92MB hooks=[] cards=[]
t=2 ph=3 ap=0 snaps=328 hooks=32 inst=42 rollout "Steam Dwarf Dragon Pilot" Creature lvl1 hero2
t=2 ph=3 ap=0 snaps=329 hooks=32 inst=42 leakyRollout "Steam Dwarf Dragon Pilot" +0.92MB hooks=[] cards=[]
t=2 ph=3 ap=0 snaps=329 hooks=32 inst=42 rollout "Steam Dwarf Dragon Pilot" Creature lvl1 hero2
t=2 ph=3 ap=0 snaps=330 hooks=32 inst=42 leakyRollout "Steam Dwarf Dragon Pilot" +0.92MB hooks=[] cards=[]
t=2 ph=3 ap=0 snaps=330 hooks=32 inst=42 rollout "Steam Dwarf Dragon Pilot" Creature lvl1 hero2
t=2 ph=3 ap=0 snaps=331 hooks=32 inst=42 leakyRollout "Steam Dwarf Dragon Pilot" +0.92MB hooks=[] cards=[]
t=2 ph=3 ap=0 snaps=331 hooks=32 inst=42 rollout "Steam Dwarf Dragon Pilot" Creature lvl1 hero2
t=2 ph=3 ap=0 snaps=332 hooks=32 inst=42 leakyRollout "Steam Dwarf Dragon Pilot" +0.92MB hooks=[] cards=[]
t=2 ph=3 ap=0 snaps=332 hooks=32 inst=42 rollout "Steam Dwarf Dragon Pilot" Creature lvl1 hero2
t=2 ph=3 ap=0 snaps=333 hooks=32 inst=42 leakyRollout "Steam Dwarf Dragon Pilot" +0.92MB hooks=[] cards=[]
t=2 ph=3 ap=0 snaps=333 hooks=32 inst=42 rollout "Steam Dwarf Dragon Pilot" Creature lvl1 hero2
t=2 ph=3 ap=0 snaps=334 hooks=32 inst=42 leakyRollout "Steam Dwarf Dragon Pilot" +0.92MB hooks=[] cards=[]
t=2 ph=3 ap=0 snaps=334 hooks=32 inst=42 rollout "Steam Dwarf Dragon Pilot" Creature lvl1 hero2
t=2 ph=3 ap=0 snaps=335 hooks=32 inst=42 leakyRollout "Steam Dwarf Dragon Pilot" +0.92MB hooks=[] cards=[]
t=2 ph=3 ap=0 snaps=335 hooks=32 inst=42 rollout "Steam Dwarf Dragon Pilot" Creature lvl1 hero2
t=2 ph=3 ap=0 snaps=336 hooks=32 inst=42 leakyRollout "Steam Dwarf Dragon Pilot" +0.92MB hooks=[] cards=[]
t=2 ph=3 ap=0 snaps=336 hooks=32 inst=42 rollout "Steam Dwarf Dragon Pilot" Creature lvl1 hero2
t=2 ph=3 ap=0 snaps=337 hooks=32 inst=42 leakyRollout "Steam Dwarf Dragon Pilot" +0.92MB hooks=[] cards=[]
t=2 ph=3 ap=0 snaps=337 hooks=32 inst=42 rollout "Steam Dwarf Dragon Pilot" Creature lvl1 hero2
t=2 ph=3 ap=0 snaps=338 hooks=32 inst=42 leakyRollout "Steam Dwarf Dragon Pilot" +0.92MB hooks=[] cards=[]
t=2 ph=3 ap=0 snaps=338 hooks=32 inst=42 rollout "Steam Dwarf Dragon Pilot" Creature lvl1 hero2
t=2 ph=3 ap=0 snaps=339 hooks=32 inst=42 leakyRollout "Steam Dwarf Dragon Pilot" +0.92MB hooks=[] cards=[]
t=2 ph=3 ap=0 snaps=339 hooks=32 inst=42 rollout "Steam Dwarf Dragon Pilot" Creature lvl1 hero2
t=2 ph=3 ap=0 snaps=340 hooks=32 inst=42 leakyRollout "Steam Dwarf Dragon Pilot" +0.92MB hooks=[] cards=[]
t=2 ph=3 ap=0 snaps=340 hooks=32 inst=42 rollout "Steam Dwarf Dragon Pilot" Creature lvl1 hero2
t=2 ph=3 ap=0 snaps=341 hooks=32 inst=42 leakyRollout "Steam Dwarf Dragon Pilot" +0.92MB hooks=[] cards=[]
t=2 ph=3 ap=0 snaps=341 hooks=32 inst=42 rollout "Steam Dwarf Dragon Pilot" Creature lvl1 hero2
t=2 ph=3 ap=0 snaps=342 hooks=32 inst=42 leakyRollout "Steam Dwarf Dragon Pilot" +0.92MB hooks=[] cards=[]
t=2 ph=3 ap=0 snaps=342 hooks=32 inst=42 rollout "Steam Dwarf Dragon Pilot" Creature lvl1 hero2
t=2 ph=3 ap=0 snaps=343 hooks=32 inst=42 rollout "Steam Dwarf Dragon Pilot" Creature lvl1 hero2
t=2 ph=3 ap=0 snaps=344 hooks=32 inst=42 leakyRollout "Steam Dwarf Dragon Pilot" +0.92MB hooks=[] cards=[]
t=2 ph=3 ap=0 snaps=344 hooks=32 inst=42 rollout "Steam Dwarf Dragon Pilot" Creature lvl1 hero2
t=2 ph=3 ap=0 snaps=345 hooks=32 inst=42 leakyRollout "Steam Dwarf Dragon Pilot" +0.92MB hooks=[] cards=[]
t=2 ph=3 ap=0 snaps=345 hooks=32 inst=42 rollout "Steam Dwarf Dragon Pilot" Creature lvl1 hero2
t=2 ph=3 ap=0 snaps=346 hooks=32 inst=42 leakyRollout "Steam Dwarf Dragon Pilot" +0.93MB hooks=[] cards=[]
t=2 ph=3 ap=0 snaps=346 hooks=32 inst=42 rollout "Steam Dwarf Dragon Pilot" Creature lvl1 hero2
t=2 ph=3 ap=0 snaps=347 hooks=32 inst=42 leakyRollout "Steam Dwarf Dragon Pilot" +0.92MB hooks=[] cards=[]
t=2 ph=3 ap=0 snaps=347 hooks=32 inst=42 rollout "Steam Dwarf Dragon Pilot" Creature lvl1 hero2
t=2 ph=3 ap=0 snaps=348 hooks=32 inst=42 leakyRollout "Steam Dwarf Dragon Pilot" +0.92MB hooks=[] cards=[]
t=2 ph=3 ap=0 snaps=348 hooks=32 inst=42 rollout "Steam Dwarf Dragon Pilot" Creature lvl1 hero2
t=2 ph=3 ap=0 snaps=349 hooks=32 inst=42 leakyRollout "Steam Dwarf Dragon Pilot" +0.92MB hooks=[] cards=[]
t=2 ph=3 ap=0 snaps=349 hooks=32 inst=42 rollout "Steam Dwarf Dragon Pilot" Creature lvl1 hero2
t=2 ph=3 ap=0 snaps=350 hooks=32 inst=42 leakyRollout "Steam Dwarf Dragon Pilot" +0.92MB hooks=[] cards=[]
t=2 ph=3 ap=0 snaps=350 hooks=32 inst=42 rollout "Steam Dwarf Dragon Pilot" Creature lvl1 hero2
t=2 ph=3 ap=0 snaps=351 hooks=32 inst=42 leakyRollout "Steam Dwarf Dragon Pilot" +0.92MB hooks=[] cards=[]
t=2 ph=3 ap=0 snaps=351 hooks=32 inst=42 rollout "Steam Dwarf Dragon Pilot" Creature lvl1 hero2
t=2 ph=3 ap=0 snaps=352 hooks=32 inst=42 leakyRollout "Steam Dwarf Dragon Pilot" +0.92MB hooks=[] cards=[]
t=2 ph=3 ap=0 snaps=352 hooks=32 inst=42 rollout "Steam Dwarf Dragon Pilot" Creature lvl1 hero2
t=2 ph=3 ap=0 snaps=353 hooks=32 inst=42 leakyRollout "Steam Dwarf Dragon Pilot" +0.92MB hooks=[] cards=[]
t=2 ph=3 ap=0 snaps=353 hooks=32 inst=42 rollout "Steam Dwarf Dragon Pilot" Creature lvl1 hero2
t=2 ph=3 ap=0 snaps=354 hooks=32 inst=42 leakyRollout "Steam Dwarf Dragon Pilot" +0.92MB hooks=[] cards=[]
t=2 ph=3 ap=0 snaps=354 hooks=32 inst=42 rollout "Steam Dwarf Dragon Pilot" Creature lvl1 hero2
t=2 ph=3 ap=0 snaps=355 hooks=32 inst=42 leakyRollout "Steam Dwarf Dragon Pilot" +0.92MB hooks=[] cards=[]
t=2 ph=3 ap=0 snaps=355 hooks=32 inst=42 rollout "Steam Dwarf Dragon Pilot" Creature lvl1 hero2
t=2 ph=3 ap=0 snaps=356 hooks=32 inst=42 leakyRollout "Steam Dwarf Dragon Pilot" +0.92MB hooks=[] cards=[]
t=2 ph=3 ap=0 snaps=356 hooks=32 inst=42 rollout "Steam Dwarf Dragon Pilot" Creature lvl1 hero2
t=2 ph=3 ap=0 snaps=357 hooks=32 inst=42 leakyRollout "Steam Dwarf Dragon Pilot" +0.92MB hooks=[] cards=[]
t=2 ph=3 ap=0 snaps=357 hooks=32 inst=42 rollout "Steam Dwarf Dragon Pilot" Creature lvl1 hero2
t=2 ph=3 ap=0 snaps=358 hooks=32 inst=42 leakyRollout "Steam Dwarf Dragon Pilot" +0.92MB hooks=[] cards=[]
t=2 ph=3 ap=0 snaps=358 hooks=32 inst=42 rollout "Steam Dwarf Dragon Pilot" Creature lvl1 hero2
t=2 ph=3 ap=0 snaps=359 hooks=32 inst=42 rollout "Steam Dwarf Dragon Pilot" Creature lvl1 hero2
t=2 ph=3 ap=0 snaps=360 hooks=32 inst=42 leakyRollout "Steam Dwarf Dragon Pilot" +0.92MB hooks=[] cards=[]
t=2 ph=3 ap=0 snaps=360 hooks=32 inst=42 rollout "Steam Dwarf Dragon Pilot" Creature lvl1 hero2
t=2 ph=3 ap=0 snaps=361 hooks=32 inst=42 leakyRollout "Steam Dwarf Dragon Pilot" +0.92MB hooks=[] cards=[]
t=2 ph=3 ap=0 snaps=361 hooks=32 inst=42 rollout "Steam Dwarf Dragon Pilot" Creature lvl1 hero2
t=2 ph=3 ap=0 snaps=362 hooks=32 inst=42 leakyRollout "Steam Dwarf Dragon Pilot" +0.92MB hooks=[] cards=[]
t=2 ph=3 ap=0 snaps=362 hooks=32 inst=42 rollout "Steam Dwarf Dragon Pilot" Creature lvl1 hero2
t=2 ph=3 ap=0 snaps=363 hooks=32 inst=42 leakyRollout "Steam Dwarf Dragon Pilot" +0.92MB hooks=[] cards=[]
t=2 ph=3 ap=0 snaps=363 hooks=32 inst=42 rollout "Steam Dwarf Dragon Pilot" Creature lvl1 hero2
t=2 ph=3 ap=0 snaps=364 hooks=32 inst=42 leakyRollout "Steam Dwarf Dragon Pilot" +0.92MB hooks=[] cards=[]
t=2 ph=3 ap=0 snaps=364 hooks=32 inst=42 rollout "Steam Dwarf Dragon Pilot" Creature lvl1 hero2
t=2 ph=3 ap=0 snaps=365 hooks=32 inst=42 leakyRollout "Steam Dwarf Dragon Pilot" +0.92MB hooks=[] cards=[]
t=2 ph=3 ap=0 snaps=365 hooks=32 inst=42 rollout "Steam Dwarf Dragon Pilot" Creature lvl1 hero2
t=2 ph=3 ap=0 snaps=366 hooks=32 inst=42 leakyRollout "Steam Dwarf Dragon Pilot" +0.92MB hooks=[] cards=[]
t=2 ph=3 ap=0 snaps=366 hooks=32 inst=42 rollout "Steam Dwarf Dragon Pilot" Creature lvl1 hero2
t=2 ph=3 ap=0 snaps=367 hooks=32 inst=42 leakyRollout "Steam Dwarf Dragon Pilot" +0.92MB hooks=[] cards=[]
t=2 ph=3 ap=0 snaps=367 hooks=32 inst=42 rollout "Steam Dwarf Dragon Pilot" Creature lvl1 hero2
t=2 ph=3 ap=0 snaps=368 hooks=32 inst=42 leakyRollout "Steam Dwarf Dragon Pilot" +0.92MB hooks=[] cards=[]
t=2 ph=3 ap=0 snaps=368 hooks=32 inst=42 rollout "Steam Dwarf Dragon Pilot" Creature lvl1 hero2
t=2 ph=3 ap=0 snaps=369 hooks=32 inst=42 leakyRollout "Steam Dwarf Dragon Pilot" +0.92MB hooks=[] cards=[]
t=2 ph=3 ap=0 snaps=369 hooks=32 inst=42 rollout "Steam Dwarf Dragon Pilot" Creature lvl1 hero2
t=2 ph=3 ap=0 snaps=370 hooks=32 inst=42 leakyRollout "Steam Dwarf Dragon Pilot" +0.92MB hooks=[] cards=[]
t=2 ph=3 ap=0 snaps=370 hooks=32 inst=42 rollout "Steam Dwarf Dragon Pilot" Creature lvl1 hero2
t=2 ph=3 ap=0 snaps=371 hooks=32 inst=42 leakyRollout "Steam Dwarf Dragon Pilot" +0.92MB hooks=[] cards=[]
t=2 ph=3 ap=0 snaps=371 hooks=32 inst=42 rollout "Steam Dwarf Dragon Pilot" Creature lvl1 hero2
t=2 ph=3 ap=0 snaps=372 hooks=32 inst=42 leakyRollout "Steam Dwarf Dragon Pilot" +0.92MB hooks=[] cards=[]
t=2 ph=3 ap=0 snaps=372 hooks=32 inst=42 rollout "Steam Dwarf Dragon Pilot" Creature lvl1 hero2
t=2 ph=3 ap=0 snaps=373 hooks=32 inst=42 leakyRollout "Steam Dwarf Dragon Pilot" +1.02MB hooks=[] cards=[]
t=2 ph=3 ap=0 snaps=373 hooks=32 inst=42 rollout "Steam Dwarf Dragon Pilot" Creature lvl1 hero2
t=2 ph=3 ap=0 snaps=374 hooks=32 inst=42 leakyRollout "Steam Dwarf Dragon Pilot" +0.92MB hooks=[] cards=[]
t=2 ph=3 ap=0 snaps=374 hooks=32 inst=42 rollout "Steam Dwarf Dragon Pilot" Creature lvl1 hero2
t=2 ph=3 ap=0 snaps=375 hooks=32 inst=42 leakyRollout "Steam Dwarf Dragon Pilot" +0.92MB hooks=[] cards=[]
t=2 ph=3 ap=0 snaps=375 hooks=32 inst=42 rollout "Steam Dwarf Dragon Pilot" Creature lvl1 hero2
t=2 ph=3 ap=0 snaps=376 hooks=32 inst=42 rollout "Steam Dwarf Dragon Pilot" Creature lvl1 hero2
t=2 ph=3 ap=0 snaps=377 hooks=32 inst=42 leakyRollout "Steam Dwarf Dragon Pilot" +0.92MB hooks=[] cards=[]
t=2 ph=3 ap=0 snaps=377 hooks=32 inst=42 rollout "Steam Dwarf Dragon Pilot" Creature lvl1 hero2
t=2 ph=3 ap=0 snaps=378 hooks=32 inst=42 leakyRollout "Steam Dwarf Dragon Pilot" +0.92MB hooks=[] cards=[]
t=2 ph=3 ap=0 snaps=378 hooks=32 inst=42 rollout "Steam Dwarf Dragon Pilot" Creature lvl1 hero2
t=2 ph=3 ap=0 snaps=379 hooks=32 inst=42 leakyRollout "Steam Dwarf Dragon Pilot" +0.92MB hooks=[] cards=[]
t=2 ph=3 ap=0 snaps=379 hooks=32 inst=42 rollout "Steam Dwarf Dragon Pilot" Creature lvl1 hero2
t=2 ph=3 ap=0 snaps=380 hooks=32 inst=42 leakyRollout "Steam Dwarf Dragon Pilot" +0.92MB hooks=[] cards=[]
t=2 ph=3 ap=0 snaps=380 hooks=32 inst=42 rollout "Steam Dwarf Dragon Pilot" Creature lvl1 hero2
t=2 ph=3 ap=0 snaps=381 hooks=32 inst=42 leakyRollout "Steam Dwarf Dragon Pilot" +0.92MB hooks=[] cards=[]
t=2 ph=3 ap=0 snaps=381 hooks=32 inst=42 rollout "Steam Dwarf Dragon Pilot" Creature lvl1 hero2
t=2 ph=3 ap=0 snaps=382 hooks=32 inst=42 leakyRollout "Steam Dwarf Dragon Pilot" +0.92MB hooks=[] cards=[]
t=2 ph=3 ap=0 snaps=382 hooks=32 inst=42 rollout "Steam Dwarf Dragon Pilot" Creature lvl1 hero2
t=2 ph=3 ap=0 snaps=383 hooks=32 inst=42 leakyRollout "Steam Dwarf Dragon Pilot" +0.92MB hooks=[] cards=[]
t=2 ph=3 ap=0 snaps=383 hooks=32 inst=42 rollout "Steam Dwarf Dragon Pilot" Creature lvl1 hero2
t=2 ph=3 ap=0 snaps=384 hooks=32 inst=42 leakyRollout "Steam Dwarf Dragon Pilot" +0.92MB hooks=[] cards=[]
t=2 ph=3 ap=0 snaps=384 hooks=32 inst=42 rollout "Steam Dwarf Dragon Pilot" Creature lvl1 hero2
t=2 ph=3 ap=0 snaps=385 hooks=32 inst=42 leakyRollout "Steam Dwarf Dragon Pilot" +0.92MB hooks=[] cards=[]
t=2 ph=3 ap=0 snaps=385 hooks=32 inst=42 rollout "Steam Dwarf Dragon Pilot" Creature lvl1 hero2
t=2 ph=3 ap=0 snaps=386 hooks=32 inst=42 leakyRollout "Steam Dwarf Dragon Pilot" +0.92MB hooks=[] cards=[]
t=2 ph=3 ap=0 snaps=386 hooks=32 inst=42 rollout "Steam Dwarf Dragon Pilot" Creature lvl1 hero2
t=2 ph=3 ap=0 snaps=387 hooks=32 inst=42 leakyRollout "Steam Dwarf Dragon Pilot" +0.92MB hooks=[] cards=[]
t=2 ph=3 ap=0 snaps=387 hooks=32 inst=42 rollout "Steam Dwarf Dragon Pilot" Creature lvl1 hero2
t=2 ph=3 ap=0 snaps=388 hooks=32 inst=42 leakyRollout "Steam Dwarf Dragon Pilot" +0.92MB hooks=[] cards=[]
t=2 ph=3 ap=0 snaps=388 hooks=32 inst=42 rollout "Steam Dwarf Dragon Pilot" Creature lvl1 hero2
t=2 ph=3 ap=0 snaps=389 hooks=32 inst=42 leakyRollout "Steam Dwarf Dragon Pilot" +0.92MB hooks=[] cards=[]
t=2 ph=3 ap=0 snaps=389 hooks=32 inst=42 rollout "Steam Dwarf Dragon Pilot" Creature lvl1 hero2
t=2 ph=3 ap=0 snaps=390 hooks=32 inst=42 leakyRollout "Steam Dwarf Dragon Pilot" +0.92MB hooks=[] cards=[]
t=2 ph=3 ap=0 snaps=390 hooks=32 inst=42 rollout "Steam Dwarf Dragon Pilot" Creature lvl1 hero2
t=2 ph=3 ap=0 snaps=391 hooks=32 inst=42 leakyRollout "Steam Dwarf Dragon Pilot" +0.92MB hooks=[] cards=[]
t=2 ph=3 ap=0 snaps=391 hooks=32 inst=42 rollout "Steam Dwarf Dragon Pilot" Creature lvl1 hero2
t=2 ph=3 ap=0 snaps=392 hooks=32 inst=42 leakyRollout "Steam Dwarf Dragon Pilot" +0.92MB hooks=[] cards=[]
t=2 ph=3 ap=0 snaps=392 hooks=32 inst=42 rollout "Steam Dwarf Dragon Pilot" Creature lvl1 hero2
t=2 ph=3 ap=0 snaps=393 hooks=32 inst=42 rollout "Steam Dwarf Dragon Pilot" Creature lvl1 hero2
t=2 ph=3 ap=0 snaps=394 hooks=32 inst=42 leakyRollout "Steam Dwarf Dragon Pilot" +0.92MB hooks=[] cards=[]
t=2 ph=3 ap=0 snaps=394 hooks=32 inst=42 rollout "Steam Dwarf Dragon Pilot" Creature lvl1 hero2
t=2 ph=3 ap=0 snaps=395 hooks=32 inst=42 leakyRollout "Steam Dwarf Dragon Pilot" +0.92MB hooks=[] cards=[]
t=2 ph=3 ap=0 snaps=395 hooks=32 inst=42 rollout "Steam Dwarf Dragon Pilot" Creature lvl1 hero2
t=2 ph=3 ap=0 snaps=396 hooks=32 inst=42 leakyRollout "Steam Dwarf Dragon Pilot" +0.92MB hooks=[] cards=[]
t=2 ph=3 ap=0 snaps=396 hooks=32 inst=42 rollout "Steam Dwarf Dragon Pilot" Creature lvl1 hero2
t=2 ph=3 ap=0 snaps=397 hooks=32 inst=42 leakyRollout "Steam Dwarf Dragon Pilot" +0.92MB hooks=[] cards=[]
t=2 ph=3 ap=0 snaps=397 hooks=32 inst=42 rollout "Steam Dwarf Dragon Pilot" Creature lvl1 hero2
t=2 ph=3 ap=0 snaps=398 hooks=32 inst=42 leakyRollout "Steam Dwarf Dragon Pilot" +0.92MB hooks=[] cards=[]
t=2 ph=3 ap=0 snaps=398 hooks=32 inst=42 rollout "Steam Dwarf Dragon Pilot" Creature lvl1 hero2
t=2 ph=3 ap=0 snaps=399 hooks=32 inst=42 leakyRollout "Steam Dwarf Dragon Pilot" +0.92MB hooks=[] cards=[]
t=2 ph=3 ap=0 snaps=399 hooks=32 inst=42 rollout "Steam Dwarf Dragon Pilot" Creature lvl1 hero2
t=2 ph=3 ap=0 snaps=400 hooks=32 inst=42 leakyRollout "Steam Dwarf Dragon Pilot" +0.92MB hooks=[] cards=[]
t=2 ph=3 ap=0 snaps=400 hooks=32 inst=42 rollout "Steam Dwarf Dragon Pilot" Creature lvl1 hero2
t=2 ph=3 ap=0 snaps=401 hooks=32 inst=42 leakyRollout "Steam Dwarf Dragon Pilot" +0.92MB hooks=[] cards=[]
t=2 ph=3 ap=0 snaps=401 hooks=32 inst=42 rollout "Steam Dwarf Dragon Pilot" Creature lvl1 hero2
t=2 ph=3 ap=0 snaps=402 hooks=32 inst=42 leakyRollout "Steam Dwarf Dragon Pilot" +0.92MB hooks=[] cards=[]
t=2 ph=3 ap=0 snaps=402 hooks=32 inst=42 rollout "Steam Dwarf Dragon Pilot" Creature lvl1 hero2
t=2 ph=3 ap=0 snaps=403 hooks=32 inst=42 leakyRollout "Steam Dwarf Dragon Pilot" +0.92MB hooks=[] cards=[]
t=2 ph=3 ap=0 snaps=403 hooks=32 inst=42 rollout "Steam Dwarf Dragon Pilot" Creature lvl1 hero2
t=2 ph=3 ap=0 snaps=404 hooks=32 inst=42 leakyRollout "Steam Dwarf Dragon Pilot" +0.92MB hooks=[] cards=[]
t=2 ph=3 ap=0 snaps=404 hooks=32 inst=42 rollout "Steam Dwarf Dragon Pilot" Creature lvl1 hero2
t=2 ph=3 ap=0 snaps=405 hooks=32 inst=42 leakyRollout "Steam Dwarf Dragon Pilot" +0.92MB hooks=[] cards=[]
t=2 ph=3 ap=0 snaps=405 hooks=32 inst=42 rollout "Steam Dwarf Dragon Pilot" Creature lvl1 hero2
t=2 ph=3 ap=0 snaps=406 hooks=32 inst=42 leakyRollout "Steam Dwarf Dragon Pilot" +0.92MB hooks=[] cards=[]
t=2 ph=3 ap=0 snaps=406 hooks=32 inst=42 rollout "Steam Dwarf Dragon Pilot" Creature lvl1 hero2
t=2 ph=3 ap=0 snaps=407 hooks=32 inst=42 leakyRollout "Steam Dwarf Dragon Pilot" +0.92MB hooks=[] cards=[]
t=2 ph=3 ap=0 snaps=407 hooks=32 inst=42 rollout "Steam Dwarf Dragon Pilot" Creature lvl1 hero2
t=2 ph=3 ap=0 snaps=408 hooks=32 inst=42 leakyRollout "Steam Dwarf Dragon Pilot" +0.92MB hooks=[] cards=[]
t=2 ph=3 ap=0 snaps=408 hooks=32 inst=42 summon "Steam Dwarf Exterminator" p0/h2
t=2 ph=5 ap=0 snaps=412 hooks=41 inst=43 switchTurn ending p0
t=3 ph=2 ap=1 snaps=412 hooks=10 inst=44 cpuTurnStart cpu=p1 hand=10
t=3 ph=3 ap=1 snaps=424 hooks=17 inst=45 rollout "Burning Finger" Spell lvl1 hero1
t=3 ph=3 ap=1 snaps=434 hooks=17 inst=45 leakyRollout "Burning Finger" +13.65MB hooks=[onStatusRemoved:1] cards=[Willy, the Valiant Leprechaun:41 Luck:32 Beato, the Butterfly Witch:22 Layn, Defender of Deri:20 Cardinal Beast Baihu:17 Creativity:15]
t=3 ph=3 ap=1 snaps=434 hooks=17 inst=45 rollout "Brilliant Idea" Spell lvl1 hero1
t=3 ph=3 ap=1 snaps=435 hooks=17 inst=45 leakyRollout "Brilliant Idea" +1.57MB hooks=[onPhaseStart:1 onPhaseEnd:1 onPlay:1 afterSpellResolved:1 onAnyActionResolved:1 onActionUsed:1] cards=[Beato, the Butterfly Witch:1 Willy, the Valiant Leprechaun:1 Luck:1 Brilliant Idea:1]
t=3 ph=3 ap=1 snaps=435 hooks=17 inst=45 rollout "Burning Finger" Spell lvl1 hero1
t=3 ph=3 ap=1 snaps=445 hooks=17 inst=45 leakyRollout "Burning Finger" +15.83MB hooks=[onStatusRemoved:1] cards=[Willy, the Valiant Leprechaun:41 Luck:32 Layn, Defender of Deri:24 Beato, the Butterfly Witch:16 Cardinal Beast Baihu:16 Creativity:16]
t=3 ph=3 ap=1 snaps=445 hooks=17 inst=45 rollout "Burning Finger" Spell lvl1 hero1
t=3 ph=3 ap=1 snaps=461 hooks=17 inst=45 rollout "Burning Finger" Spell lvl1 hero1
t=3 ph=3 ap=1 snaps=483 hooks=17 inst=45 rollout "Burning Finger" Spell lvl1 hero1
t=3 ph=3 ap=1 snaps=498 hooks=17 inst=45 rollout "Burning Finger" Spell lvl1 hero1
t=3 ph=3 ap=1 snaps=503 hooks=17 inst=45 leakyRollout "Burning Finger" +8.07MB hooks=[onStatusRemoved:1] cards=[Willy, the Valiant Leprechaun:41 Luck:24 Layn, Defender of Deri:17 Beato, the Butterfly Witch:14 Cardinal Beast Baihu:9 Creativity:9]
t=3 ph=3 ap=1 snaps=503 hooks=17 inst=45 rollout "Burning Finger" Spell lvl1 hero1
t=3 ph=3 ap=1 snaps=523 hooks=17 inst=45 rollout "Burning Finger" Spell lvl1 hero1
t=3 ph=3 ap=1 snaps=527 hooks=17 inst=45 leakyRollout "Burning Finger" +6.09MB hooks=[] cards=[Willy, the Valiant Leprechaun:41 Luck:27 Beato, the Butterfly Witch:19 Layn, Defender of Deri:16 Cardinal Beast Baihu:12 Creativity:12]
t=3 ph=3 ap=1 snaps=527 hooks=17 inst=45 rollout "Brilliant Idea" Spell lvl1 hero1
t=3 ph=3 ap=1 snaps=528 hooks=17 inst=45 leakyRollout "Brilliant Idea" +1.09MB hooks=[onPhaseStart:1 onPhaseEnd:1 onPlay:1 afterSpellResolved:1 onAnyActionResolved:1 onActionUsed:1] cards=[Beato, the Butterfly Witch:1 Willy, the Valiant Leprechaun:1 Luck:1 Brilliant Idea:1]
t=3 ph=3 ap=1 snaps=528 hooks=17 inst=45 rollout "Brilliant Idea" Spell lvl1 hero1
t=3 ph=3 ap=1 snaps=529 hooks=17 inst=45 leakyRollout "Brilliant Idea" +1.08MB hooks=[onPhaseStart:1 onPhaseEnd:1 onPlay:1 afterSpellResolved:1 onAnyActionResolved:1 onActionUsed:1] cards=[Beato, the Butterfly Witch:1 Willy, the Valiant Leprechaun:1 Luck:1 Brilliant Idea:1]
t=3 ph=3 ap=1 snaps=529 hooks=17 inst=45 rollout "Brilliant Idea" Spell lvl1 hero1
t=3 ph=3 ap=1 snaps=530 hooks=17 inst=45 leakyRollout "Brilliant Idea" +1.09MB hooks=[onPhaseStart:1 onPhaseEnd:1 onPlay:1 afterSpellResolved:1 onAnyActionResolved:1 onActionUsed:1] cards=[Beato, the Butterfly Witch:1 Willy, the Valiant Leprechaun:1 Luck:1 Brilliant Idea:1]
t=3 ph=3 ap=1 snaps=530 hooks=17 inst=45 rollout "Brilliant Idea" Spell lvl1 hero1
t=3 ph=3 ap=1 snaps=531 hooks=17 inst=45 leakyRollout "Brilliant Idea" +1.08MB hooks=[onPhaseStart:1 onPhaseEnd:1 onPlay:1 afterSpellResolved:1 onAnyActionResolved:1 onActionUsed:1] cards=[Beato, the Butterfly Witch:1 Willy, the Valiant Leprechaun:1 Luck:1 Brilliant Idea:1]
t=3 ph=3 ap=1 snaps=531 hooks=17 inst=45 rollout "Brilliant Idea" Spell lvl1 hero1
t=3 ph=3 ap=1 snaps=532 hooks=17 inst=45 rollout "Brilliant Idea" Spell lvl1 hero1
t=3 ph=3 ap=1 snaps=533 hooks=17 inst=45 leakyRollout "Brilliant Idea" +1.08MB hooks=[onPhaseStart:1 onPhaseEnd:1 onPlay:1 afterSpellResolved:1 onAnyActionResolved:1 onActionUsed:1] cards=[Beato, the Butterfly Witch:1 Willy, the Valiant Leprechaun:1 Luck:1 Brilliant Idea:1]
t=3 ph=3 ap=1 snaps=533 hooks=17 inst=45 rollout "Burning Finger" Spell lvl1 hero1
t=3 ph=3 ap=1 snaps=539 hooks=17 inst=45 rollout "Burning Finger" Spell lvl1 hero1
t=3 ph=3 ap=1 snaps=545 hooks=17 inst=45 leakyRollout "Burning Finger" +11.18MB hooks=[] cards=[Willy, the Valiant Leprechaun:41 Luck:31 Layn, Defender of Deri:22 Beato, the Butterfly Witch:17 Cardinal Beast Baihu:17 Creativity:17]
t=3 ph=3 ap=1 snaps=545 hooks=17 inst=45 rollout "Burning Finger" Spell lvl1 hero1
t=3 ph=3 ap=1 snaps=559 hooks=17 inst=45 rollout "Burning Finger" Spell lvl1 hero1
t=3 ph=3 ap=1 snaps=568 hooks=17 inst=45 rollout "Burning Finger" Spell lvl1 hero1
t=3 ph=3 ap=1 snaps=605 hooks=17 inst=45 leakyRollout "Burning Finger" +6.06MB hooks=[] cards=[Luck:42 Willy, the Valiant Leprechaun:41 Layn, Defender of Deri:30 Cardinal Beast Baihu:29 Creativity:26 Beato, the Butterfly Witch:12]
t=3 ph=3 ap=1 snaps=605 hooks=17 inst=45 rollout "Burning Finger" Spell lvl1 hero1
t=3 ph=3 ap=1 snaps=612 hooks=17 inst=45 rollout "Burning Finger" Spell lvl1 hero1
t=3 ph=3 ap=1 snaps=622 hooks=17 inst=45 rollout "Burning Finger" Spell lvl1 hero1
t=3 ph=3 ap=1 snaps=636 hooks=17 inst=45 rollout "Burning Finger" Spell lvl1 hero1
t=3 ph=3 ap=1 snaps=645 hooks=17 inst=45 leakyRollout "Burning Finger" +9.00MB hooks=[onStatusRemoved:1] cards=[Willy, the Valiant Leprechaun:41 Luck:29 Layn, Defender of Deri:23 Cardinal Beast Baihu:17 Creativity:13 Beato, the Butterfly Witch:12]
t=3 ph=3 ap=1 snaps=645 hooks=17 inst=45 rollout "Burning Finger" Spell lvl1 hero1
t=3 ph=3 ap=1 snaps=655 hooks=17 inst=45 leakyRollout "Burning Finger" +4.48MB hooks=[] cards=[Willy, the Valiant Leprechaun:41 Luck:32 Beato, the Butterfly Witch:18 Layn, Defender of Deri:16 Cardinal Beast Baihu:11 Creativity:10]
t=3 ph=3 ap=1 snaps=655 hooks=17 inst=45 rollout "Burning Finger" Spell lvl1 hero1
t=3 ph=3 ap=1 snaps=669 hooks=17 inst=45 rollout "Burning Finger" Spell lvl1 hero1
t=3 ph=3 ap=1 snaps=682 hooks=17 inst=45 rollout "Burning Finger" Spell lvl1 hero1
t=3 ph=3 ap=1 snaps=690 hooks=17 inst=45 leakyRollout "Burning Finger" +4.41MB hooks=[] cards=[Willy, the Valiant Leprechaun:41 Luck:30 Beato, the Butterfly Witch:20 Layn, Defender of Deri:19 Cardinal Beast Baihu:14 Creativity:14]
t=3 ph=3 ap=1 snaps=690 hooks=17 inst=45 rollout "Burning Finger" Spell lvl1 hero1
t=3 ph=3 ap=1 snaps=703 hooks=17 inst=45 rollout "Burning Finger" Spell lvl1 hero1
t=3 ph=3 ap=1 snaps=719 hooks=17 inst=45 leakyRollout "Burning Finger" +4.37MB hooks=[onStatusRemoved:1] cards=[Willy, the Valiant Leprechaun:41 Luck:36 Layn, Defender of Deri:29 Cardinal Beast Baihu:27 Creativity:20 Beato, the Butterfly Witch:13]
t=3 ph=3 ap=1 snaps=719 hooks=17 inst=45 rollout "Burning Finger" Spell lvl1 hero1
t=3 ph=3 ap=1 snaps=729 hooks=17 inst=45 leakyRollout "Burning Finger" +6.29MB hooks=[onStatusRemoved:1] cards=[Willy, the Valiant Leprechaun:41 Luck:34 Layn, Defender of Deri:26 Beato, the Butterfly Witch:21 Cardinal Beast Baihu:17 Creativity:16]
t=3 ph=3 ap=1 snaps=729 hooks=17 inst=45 rollout "Burning Finger" Spell lvl1 hero1
t=3 ph=3 ap=1 snaps=738 hooks=17 inst=45 rollout "Burning Finger" Spell lvl1 hero1
t=3 ph=3 ap=1 snaps=747 hooks=17 inst=45 leakyRollout "Burning Finger" +9.02MB hooks=[onStatusRemoved:1] cards=[Willy, the Valiant Leprechaun:41 Luck:34 Layn, Defender of Deri:29 Cardinal Beast Baihu:21 Beato, the Butterfly Witch:14 Creativity:10]
t=3 ph=3 ap=1 snaps=747 hooks=17 inst=45 rollout "Burning Finger" Spell lvl1 hero1
t=3 ph=3 ap=1 snaps=761 hooks=17 inst=45 rollout "Burning Finger" Spell lvl1 hero1
t=3 ph=3 ap=1 snaps=774 hooks=17 inst=45 leakyRollout "Burning Finger" +8.64MB hooks=[] cards=[Willy, the Valiant Leprechaun:41 Luck:37 Cardinal Beast Baihu:29 Layn, Defender of Deri:27 Creativity:21 Beato, the Butterfly Witch:12]
t=3 ph=3 ap=1 snaps=774 hooks=17 inst=45 rollout "Burning Finger" Spell lvl1 hero1
t=3 ph=3 ap=1 snaps=792 hooks=17 inst=45 rollout "Burning Finger" Spell lvl1 hero1
t=3 ph=3 ap=1 snaps=798 hooks=17 inst=45 rollout "Burning Finger" Spell lvl1 hero1
t=3 ph=3 ap=1 snaps=806 hooks=17 inst=45 rollout "Burning Finger" Spell lvl1 hero1
t=3 ph=3 ap=1 snaps=815 hooks=17 inst=45 leakyRollout "Burning Finger" +9.98MB hooks=[] cards=[Willy, the Valiant Leprechaun:41 Luck:33 Layn, Defender of Deri:24 Cardinal Beast Baihu:22 Creativity:17 Beato, the Butterfly Witch:12]
t=3 ph=3 ap=1 snaps=815 hooks=17 inst=45 rollout "Burning Finger" Spell lvl1 hero1
t=3 ph=3 ap=1 snaps=830 hooks=17 inst=45 rollout "Burning Finger" Spell lvl1 hero1
t=3 ph=3 ap=1 snaps=837 hooks=17 inst=45 rollout "Burning Finger" Spell lvl1 hero1
t=3 ph=3 ap=1 snaps=853 hooks=17 inst=45 leakyRollout "Burning Finger" +3.78MB hooks=[onStatusRemoved:1] cards=[Willy, the Valiant Leprechaun:41 Luck:32 Layn, Defender of Deri:21 Beato, the Butterfly Witch:21 Cardinal Beast Baihu:15 Creativity:15]
t=3 ph=3 ap=1 snaps=853 hooks=17 inst=45 rollout "Burning Finger" Spell lvl1 hero1
t=3 ph=3 ap=1 snaps=857 hooks=17 inst=45 rollout "Burning Finger" Spell lvl1 hero1
t=3 ph=3 ap=1 snaps=867 hooks=17 inst=45 leakyRollout "Burning Finger" +0.94MB hooks=[onStatusRemoved:1] cards=[Willy, the Valiant Leprechaun:41 Luck:34 Layn, Defender of Deri:30 Beato, the Butterfly Witch:24 Cardinal Beast Baihu:17 Creativity:13]
t=3 ph=3 ap=1 snaps=867 hooks=17 inst=45 rollout "Burning Finger" Spell lvl1 hero1
t=3 ph=3 ap=1 snaps=880 hooks=17 inst=45 leakyRollout "Burning Finger" +5.61MB hooks=[onStatusRemoved:1] cards=[Willy, the Valiant Leprechaun:41 Luck:31 Layn, Defender of Deri:27 Beato, the Butterfly Witch:19 Cardinal Beast Baihu:16 Creativity:14]
t=3 ph=3 ap=1 snaps=880 hooks=17 inst=45 rollout "Burning Finger" Spell lvl1 hero1
t=3 ph=3 ap=1 snaps=895 hooks=17 inst=45 rollout "Burning Finger" Spell lvl1 hero1
t=3 ph=3 ap=1 snaps=903 hooks=17 inst=45 leakyRollout "Burning Finger" +7.77MB hooks=[onStatusRemoved:1] cards=[Willy, the Valiant Leprechaun:41 Luck:30 Layn, Defender of Deri:22 Beato, the Butterfly Witch:14 Cardinal Beast Baihu:14 Creativity:12]
t=3 ph=3 ap=1 snaps=903 hooks=17 inst=45 rollout "Burning Finger" Spell lvl1 hero1
t=3 ph=3 ap=1 snaps=914 hooks=17 inst=45 rollout "Burning Finger" Spell lvl1 hero1
t=3 ph=3 ap=1 snaps=927 hooks=17 inst=45 leakyRollout "Burning Finger" +8.12MB hooks=[onStatusRemoved:1] cards=[Willy, the Valiant Leprechaun:41 Luck:34 Layn, Defender of Deri:24 Cardinal Beast Baihu:16 Creativity:15 Cardinal Beast Zhuque:11]
t=3 ph=3 ap=1 snaps=927 hooks=17 inst=45 rollout "Burning Finger" Spell lvl1 hero1
t=3 ph=3 ap=1 snaps=944 hooks=17 inst=45 rollout "Burning Finger" Spell lvl1 hero1
t=3 ph=3 ap=1 snaps=955 hooks=17 inst=45 rollout "Burning Finger" Spell lvl1 hero1
t=3 ph=3 ap=1 snaps=971 hooks=17 inst=45 rollout "Burning Finger" Spell lvl1 hero1
t=3 ph=3 ap=1 snaps=983 hooks=17 inst=45 rollout "Burning Finger" Spell lvl1 hero1
t=3 ph=3 ap=1 snaps=991 hooks=17 inst=45 leakyRollout "Burning Finger" +13.89MB hooks=[onStatusRemoved:1] cards=[Willy, the Valiant Leprechaun:41 Luck:31 Layn, Defender of Deri:28 Cardinal Beast Baihu:16 Creativity:16 Beato, the Butterfly Witch:15]
t=3 ph=3 ap=1 snaps=991 hooks=17 inst=45 rollout "Burning Finger" Spell lvl1 hero1
t=3 ph=3 ap=1 snaps=1004 hooks=17 inst=45 leakyRollout "Burning Finger" +0.90MB hooks=[onStatusRemoved:1] cards=[Willy, the Valiant Leprechaun:41 Luck:28 Layn, Defender of Deri:20 Beato, the Butterfly Witch:20 Cardinal Beast Baihu:14 Creativity:8]
t=3 ph=3 ap=1 snaps=1004 hooks=17 inst=45 rollout "Burning Finger" Spell lvl1 hero1

=== GAME 21/1000: Suicide Bombers vs Shifting Sandlands @ 2026-05-01T11:30:26.915Z ===
t=1 ph=2 ap=1 snaps=0 hooks=11 inst=30 cpuTurnStart cpu=p1 hand=7
t=1 ph=3 ap=1 snaps=10 hooks=38 inst=42 rollout "Cosmic Skeleton" Creature lvl1 hero2
t=1 ph=3 ap=1 snaps=22 hooks=38 inst=42 leakyRollout "Cosmic Skeleton" +13.42MB hooks=[] cards=[Ida, the Adept of Destruction:17 Treasure Huntress Semi:7 Bomb Berserker Bartas:6 Fighting:3 Victory Phoenix Cannon:2 Rain of Arrows:2]
t=1 ph=3 ap=1 snaps=22 hooks=38 inst=42 rollout "Cosmic Skeleton" Creature lvl1 hero2
t=1 ph=3 ap=1 snaps=36 hooks=38 inst=42 leakyRollout "Cosmic Skeleton" +18.68MB hooks=[] cards=[Ida, the Adept of Destruction:16 Treasure Huntress Semi:9 Bomb Berserker Bartas:6 Fighting:4 Bakhm, the Desert Digger:3 Victory Phoenix Cannon:2]
t=1 ph=3 ap=1 snaps=36 hooks=38 inst=42 rollout "Cosmic Skeleton" Creature lvl1 hero2
t=1 ph=3 ap=1 snaps=47 hooks=38 inst=42 leakyRollout "Cosmic Skeleton" +11.01MB hooks=[beforeDamage:2 afterDamage:2 onStatusRemoved:1 onSurpriseActivated:1 onSurpriseCreaturePlaced:1 afterSpellResolved:1] cards=[Ida, the Adept of Destruction:14 Treasure Huntress Semi:8 Fighting:3 Bomb Berserker Bartas:3 Bakhm, the Desert Digger:3 Rain of Arrows:2]
t=1 ph=3 ap=1 snaps=47 hooks=38 inst=42 rollout "Adventurousness" AbilityAction lvl1 hero2
t=1 ph=3 ap=1 snaps=69 hooks=38 inst=42 leakyRollout "Adventurousness" +18.24MB hooks=[] cards=[Ida, the Adept of Destruction:18 Treasure Huntress Semi:9 Bomb Berserker Bartas:5 Fighting:4 Bakhm, the Desert Digger:3 Rain of Arrows:2]
t=1 ph=3 ap=1 snaps=69 hooks=38 inst=42 rollout "Cosmic Skeleton" Creature lvl1 hero2
t=1 ph=3 ap=1 snaps=86 hooks=38 inst=42 leakyRollout "Cosmic Skeleton" +4.72MB hooks=[] cards=[Ida, the Adept of Destruction:21 Treasure Huntress Semi:9 Fighting:5 Bomb Berserker Bartas:5 Rain of Arrows:3 Bakhm, the Desert Digger:3]
t=1 ph=3 ap=1 snaps=86 hooks=38 inst=42 rollout "Cosmic Skeleton" Creature lvl1 hero2
t=1 ph=3 ap=1 snaps=98 hooks=38 inst=42 rollout "Cosmic Skeleton" Creature lvl1 hero2
t=1 ph=3 ap=1 snaps=113 hooks=38 inst=42 leakyRollout "Cosmic Skeleton" +16.74MB hooks=[] cards=[Ida, the Adept of Destruction:15 Treasure Huntress Semi:8 Bomb Berserker Bartas:5 Fighting:4 Bakhm, the Desert Digger:3 Victory Phoenix Cannon:2]
t=1 ph=3 ap=1 snaps=113 hooks=38 inst=42 rollout "Cosmic Skeleton" Creature lvl1 hero2
t=1 ph=3 ap=1 snaps=128 hooks=38 inst=42 rollout "Cosmic Skeleton" Creature lvl1 hero2
t=1 ph=3 ap=1 snaps=142 hooks=38 inst=42 leakyRollout "Cosmic Skeleton" +16.28MB hooks=[beforeDamage:4 afterDamage:4 afterSpellResolved:3 onHeroKO:2 onAnyActionResolved:2 onStatusRemoved:1] cards=[Ida, the Adept of Destruction:13 Treasure Huntress Semi:9 Fighting:5 Bomb Berserker Bartas:4 Bakhm, the Desert Digger:4 Rain of Arrows:2]
t=1 ph=3 ap=1 snaps=142 hooks=38 inst=42 rollout "Cosmic Skeleton" Creature lvl1 hero2
t=1 ph=3 ap=1 snaps=159 hooks=38 inst=42 leakyRollout "Cosmic Skeleton" +1.33MB hooks=[] cards=[Ida, the Adept of Destruction:18 Treasure Huntress Semi:10 Fighting:6 Bakhm, the Desert Digger:5 Bomb Berserker Bartas:4 Victory Phoenix Cannon:1]
t=1 ph=3 ap=1 snaps=159 hooks=38 inst=42 rollout "Cosmic Skeleton" Creature lvl1 hero2
t=1 ph=3 ap=1 snaps=172 hooks=38 inst=42 rollout "Cosmic Skeleton" Creature lvl1 hero2
t=1 ph=3 ap=1 snaps=187 hooks=38 inst=42 rollout "Cosmic Skeleton" Creature lvl1 hero2
t=1 ph=3 ap=1 snaps=204 hooks=38 inst=42 leakyRollout "Cosmic Skeleton" +4.36MB hooks=[] cards=[Ida, the Adept of Destruction:21 Treasure Huntress Semi:9 Bomb Berserker Bartas:4 Bakhm, the Desert Digger:3 Fighting:2 Rain of Arrows:2]
t=1 ph=3 ap=1 snaps=204 hooks=38 inst=42 rollout "Cosmic Skeleton" Creature lvl1 hero2
t=1 ph=3 ap=1 snaps=222 hooks=38 inst=42 leakyRollout "Cosmic Skeleton" +18.47MB hooks=[] cards=[Ida, the Adept of Destruction:23 Treasure Huntress Semi:7 Bomb Berserker Bartas:6 Bakhm, the Desert Digger:5 Fighting:4 Rain of Arrows:2]
t=1 ph=3 ap=1 snaps=222 hooks=38 inst=42 rollout "Cosmic Skeleton" Creature lvl1 hero2
t=1 ph=3 ap=1 snaps=241 hooks=38 inst=42 rollout "Cosmic Skeleton" Creature lvl1 hero2
t=1 ph=3 ap=1 snaps=264 hooks=38 inst=42 rollout "Cosmic Skeleton" Creature lvl1 hero2
t=1 ph=3 ap=1 snaps=276 hooks=38 inst=42 leakyRollout "Cosmic Skeleton" +0.54MB hooks=[beforeDamage:2 afterDamage:2 onStatusRemoved:1 onSurpriseActivated:1 onSurpriseCreaturePlaced:1 afterSpellResolved:1] cards=[Ida, the Adept of Destruction:16 Treasure Huntress Semi:7 Bakhm, the Desert Digger:4 Fighting:3 Bomb Berserker Bartas:3 Victory Phoenix Cannon:2]
t=1 ph=3 ap=1 snaps=276 hooks=38 inst=42 rollout "Cosmic Skeleton" Creature lvl1 hero2
t=1 ph=3 ap=1 snaps=294 hooks=38 inst=42 rollout "Cosmic Skeleton" Creature lvl1 hero2
t=1 ph=3 ap=1 snaps=304 hooks=38 inst=42 rollout "Cosmic Skeleton" Creature lvl1 hero2
t=1 ph=3 ap=1 snaps=316 hooks=38 inst=42 leakyRollout "Cosmic Skeleton" +1.88MB hooks=[] cards=[Ida, the Adept of Destruction:14 Treasure Huntress Semi:9 Bomb Berserker Bartas:5 Fighting:3 Victory Phoenix Cannon:2 Bakhm, the Desert Digger:2]
t=1 ph=3 ap=1 snaps=316 hooks=38 inst=42 rollout "Cosmic Skeleton" Creature lvl1 hero2
t=1 ph=3 ap=1 snaps=333 hooks=38 inst=42 leakyRollout "Cosmic Skeleton" +18.82MB hooks=[] cards=[Ida, the Adept of Destruction:22 Treasure Huntress Semi:9 Bomb Berserker Bartas:7 Fighting:5 Bakhm, the Desert Digger:4 Rain of Arrows:2]
t=1 ph=3 ap=1 snaps=333 hooks=38 inst=42 rollout "Cosmic Skeleton" Creature lvl1 hero2
t=1 ph=3 ap=1 snaps=347 hooks=38 inst=42 rollout "Cosmic Skeleton" Creature lvl1 hero2
t=1 ph=3 ap=1 snaps=365 hooks=38 inst=42 rollout "Cosmic Skeleton" Creature lvl1 hero2
t=1 ph=3 ap=1 snaps=383 hooks=38 inst=42 leakyRollout "Cosmic Skeleton" +21.63MB hooks=[] cards=[Ida, the Adept of Destruction:20 Treasure Huntress Semi:8 Bomb Berserker Bartas:5 Fighting:4 Bakhm, the Desert Digger:4 Victory Phoenix Cannon:2]
t=1 ph=3 ap=1 snaps=383 hooks=38 inst=42 rollout "Cosmic Skeleton" Creature lvl1 hero2
t=1 ph=3 ap=1 snaps=400 hooks=38 inst=42 rollout "Cosmic Skeleton" Creature lvl1 hero2
t=1 ph=3 ap=1 snaps=420 hooks=38 inst=42 rollout "Cosmic Skeleton" Creature lvl1 hero2
t=1 ph=3 ap=1 snaps=430 hooks=38 inst=42 leakyRollout "Cosmic Skeleton" +5.89MB hooks=[onAnyActionResolved:1 onSurpriseActivated:1 beforeDamage:1 afterDamage:1 onHeroKO:1 onSurpriseCreaturePlaced:1] cards=[Ida, the Adept of Destruction:16 Treasure Huntress Semi:5 Bomb Berserker Bartas:5 Bakhm, the Desert Digger:4 Fighting:2 Rain of Arrows:2]
t=1 ph=3 ap=1 snaps=430 hooks=38 inst=42 rollout "Cosmic Skeleton" Creature lvl1 hero2
t=1 ph=3 ap=1 snaps=452 hooks=38 inst=42 rollout "Cosmic Skeleton" Creature lvl1 hero2
t=1 ph=3 ap=1 snaps=468 hooks=38 inst=42 leakyRollout "Cosmic Skeleton" +6.60MB hooks=[] cards=[Ida, the Adept of Destruction:18 Treasure Huntress Semi:10 Bomb Berserker Bartas:5 Fighting:4 Bakhm, the Desert Digger:3 Rain of Arrows:2]
t=1 ph=3 ap=1 snaps=468 hooks=38 inst=42 rollout "Cosmic Skeleton" Creature lvl1 hero2
t=1 ph=3 ap=1 snaps=477 hooks=38 inst=42 rollout "Cosmic Skeleton" Creature lvl1 hero2
t=1 ph=3 ap=1 snaps=490 hooks=38 inst=42 leakyRollout "Cosmic Skeleton" +2.92MB hooks=[] cards=[Ida, the Adept of Destruction:20 Treasure Huntress Semi:10 Bomb Berserker Bartas:3 Fighting:2 Rain of Arrows:2 Victory Phoenix Cannon:1]
t=1 ph=3 ap=1 snaps=490 hooks=38 inst=42 rollout "Cosmic Skeleton" Creature lvl1 hero2
t=1 ph=3 ap=1 snaps=499 hooks=38 inst=42 leakyRollout "Cosmic Skeleton" +20.92MB hooks=[onStatusRemoved:1 beforeDamage:1 afterDamage:1 onHeroKO:1] cards=[Ida, the Adept of Destruction:13 Treasure Huntress Semi:6 Fighting:3 Bomb Berserker Bartas:3 Bakhm, the Desert Digger:3 Rain of Arrows:2]
t=1 ph=3 ap=1 snaps=499 hooks=38 inst=42 rollout "Cosmic Skeleton" Creature lvl1 hero2
t=1 ph=3 ap=1 snaps=514 hooks=38 inst=42 rollout "Cosmic Skeleton" Creature lvl1 hero2
t=1 ph=3 ap=1 snaps=524 hooks=38 inst=42 rollout "Cosmic Skeleton" Creature lvl1 hero2
t=1 ph=3 ap=1 snaps=540 hooks=38 inst=42 leakyRollout "Cosmic Skeleton" +21.88MB hooks=[] cards=[Ida, the Adept of Destruction:14 Treasure Huntress Semi:10 Bomb Berserker Bartas:5 Bakhm, the Desert Digger:4 Rain of Arrows:2 Fighting:1]
t=1 ph=3 ap=1 snaps=540 hooks=38 inst=42 rollout "Cosmic Skeleton" Creature lvl1 hero2
t=1 ph=3 ap=1 snaps=563 hooks=38 inst=42 rollout "Cosmic Skeleton" Creature lvl1 hero2
t=1 ph=3 ap=1 snaps=581 hooks=38 inst=42 leakyRollout "Cosmic Skeleton" +13.42MB hooks=[] cards=[Ida, the Adept of Destruction:18 Treasure Huntress Semi:9 Bomb Berserker Bartas:5 Fighting:4 Bakhm, the Desert Digger:3 Rain of Arrows:2]
t=1 ph=3 ap=1 snaps=581 hooks=38 inst=42 rollout "Cosmic Skeleton" Creature lvl1 hero2
t=1 ph=3 ap=1 snaps=594 hooks=38 inst=42 leakyRollout "Cosmic Skeleton" +0.54MB hooks=[beforeDamage:3 afterDamage:3 onHeroKO:2 afterSpellResolved:2 beforeDraw:1 onDraw:1] cards=[Ida, the Adept of Destruction:23 Treasure Huntress Semi:7 Fighting:3 Bakhm, the Desert Digger:3 Rain of Arrows:2 Bomb Berserker Bartas:2]
t=1 ph=3 ap=1 snaps=594 hooks=38 inst=42 rollout "Cosmic Skeleton" Creature lvl1 hero2
t=1 ph=3 ap=1 snaps=601 hooks=38 inst=42 leakyRollout "Cosmic Skeleton" +5.85MB hooks=[beforeDraw:3 beforeHeroEffect:1 onDraw:1 onSurpriseActivated:1 beforeDamage:1 afterDamage:1] cards=[Ida, the Adept of Destruction:6 Treasure Huntress Semi:5 Bakhm, the Desert Digger:3 Fighting:2]
t=1 ph=3 ap=1 snaps=601 hooks=38 inst=42 summon "Cosmic Skeleton" p1/h2

=== GAME 22/1000: Depths of the Cosmos vs Great Weapon Master @ 2026-05-01T11:30:31.831Z ===
t=1 ph=2 ap=1 snaps=0 hooks=10 inst=29 cpuTurnStart cpu=p1 hand=6
t=1 ph=5 ap=1 snaps=1 hooks=21 inst=31 switchTurn ending p1
t=2 ph=2 ap=0 snaps=1 hooks=13 inst=32 cpuTurnStart cpu=p0 hand=6
t=2 ph=5 ap=0 snaps=6 hooks=25 inst=35 switchTurn ending p0
t=3 ph=2 ap=1 snaps=6 hooks=10 inst=36 cpuTurnStart cpu=p1 hand=5
t=3 ph=3 ap=1 snaps=16 hooks=20 inst=37 rollout "Quick Attack" Attack lvl1 hero1
t=3 ph=3 ap=1 snaps=26 hooks=20 inst=37 leakyRollout "Quick Attack" +1.69MB hooks=[onPhaseStart:1 onPhaseEnd:1 afterSpellResolved:1 onDiscard:1 onForcedDiscardBatchEnd:1 onAnyActionResolved:1] cards=[Wealth:18 Arthor, the King of Blackport:12 The Sun Sword:12 Toras, Master of all Weapons:8 Earth-Shattering Hammer, Relic of Deri:7 Fighting:3]
t=3 ph=3 ap=1 snaps=26 hooks=20 inst=37 rollout "Quick Attack" Attack lvl1 hero1
t=3 ph=3 ap=1 snaps=32 hooks=20 inst=37 leakyRollout "Quick Attack" +14.89MB hooks=[onHeroKO:1] cards=[Wealth:21 The Sun Sword:15 Arthor, the King of Blackport:11 Toras, Master of all Weapons:10 Earth-Shattering Hammer, Relic of Deri:5 Shield of Death:5]
t=3 ph=3 ap=1 snaps=32 hooks=20 inst=37 rollout "Hammer Throw" Attack lvl1 hero1
t=3 ph=3 ap=1 snaps=35 hooks=20 inst=37 leakyRollout "Hammer Throw" +7.87MB hooks=[] cards=[Wealth:21 Arthor, the King of Blackport:11 The Sun Sword:9 Toras, Master of all Weapons:4 Earth-Shattering Hammer, Relic of Deri:4 Fiona, the Princess of Blackport:2]
t=3 ph=3 ap=1 snaps=35 hooks=20 inst=37 rollout "Quick Attack" Attack lvl1 hero1
t=3 ph=3 ap=1 snaps=43 hooks=20 inst=37 rollout "Quick Attack" Attack lvl1 hero1
t=3 ph=3 ap=1 snaps=50 hooks=20 inst=37 rollout "Quick Attack" Attack lvl1 hero1
t=3 ph=3 ap=1 snaps=57 hooks=20 inst=37 rollout "Quick Attack" Attack lvl1 hero1
t=3 ph=3 ap=1 snaps=63 hooks=20 inst=37 leakyRollout "Quick Attack" +12.21MB hooks=[] cards=[Wealth:24 The Sun Sword:14 Arthor, the King of Blackport:10 Toras, Master of all Weapons:8 Shield of Life:8 Earth-Shattering Hammer, Relic of Deri:4]
t=3 ph=3 ap=1 snaps=63 hooks=20 inst=37 rollout "Quick Attack" Attack lvl1 hero1
t=3 ph=3 ap=1 snaps=81 hooks=20 inst=37 rollout "Quick Attack" Attack lvl1 hero1
t=3 ph=3 ap=1 snaps=92 hooks=20 inst=37 rollout "Quick Attack" Attack lvl1 hero1
t=3 ph=3 ap=1 snaps=99 hooks=20 inst=37 rollout "Quick Attack" Attack lvl1 hero1
t=3 ph=3 ap=1 snaps=112 hooks=20 inst=37 leakyRollout "Quick Attack" +4.01MB hooks=[] cards=[The Sun Sword:27 Wealth:21 Arthor, the King of Blackport:11 Toras, Master of all Weapons:11 Fighting:9 Earth-Shattering Hammer, Relic of Deri:6]
t=3 ph=3 ap=1 snaps=112 hooks=20 inst=37 rollout "Quick Attack" Attack lvl1 hero1
t=3 ph=3 ap=1 snaps=118 hooks=20 inst=37 rollout "Quick Attack" Attack lvl1 hero1
t=3 ph=3 ap=1 snaps=124 hooks=20 inst=37 rollout "Hammer Throw" Attack lvl1 hero1
t=3 ph=3 ap=1 snaps=131 hooks=20 inst=37 rollout "Hammer Throw" Attack lvl1 hero1
t=3 ph=3 ap=1 snaps=139 hooks=20 inst=37 rollout "Hammer Throw" Attack lvl1 hero1
t=3 ph=3 ap=1 snaps=145 hooks=20 inst=37 rollout "Hammer Throw" Attack lvl1 hero1
t=3 ph=3 ap=1 snaps=154 hooks=20 inst=37 rollout "Hammer Throw" Attack lvl1 hero1
t=3 ph=3 ap=1 snaps=165 hooks=20 inst=37 leakyRollout "Hammer Throw" +2.69MB hooks=[onHeroKO:1] cards=[Wealth:21 The Sun Sword:15 Arthor, the King of Blackport:10 Toras, Master of all Weapons:10 Analyzer from the Cosmic Depths:5 Shield of Death:5]
t=3 ph=3 ap=1 snaps=165 hooks=20 inst=37 rollout "Quick Attack" Attack lvl1 hero1
t=3 ph=3 ap=1 snaps=181 hooks=20 inst=37 leakyRollout "Quick Attack" +5.56MB hooks=[] cards=[Wealth:21 The Sun Sword:16 Toras, Master of all Weapons:12 Arthor, the King of Blackport:11 Earth-Shattering Hammer, Relic of Deri:7 Fighting:6]
t=3 ph=3 ap=1 snaps=181 hooks=20 inst=37 rollout "Quick Attack" Attack lvl1 hero1
t=3 ph=3 ap=1 snaps=188 hooks=20 inst=37 rollout "Hammer Throw" Attack lvl1 hero1
t=3 ph=3 ap=1 snaps=197 hooks=20 inst=37 rollout "Quick Attack" Attack lvl1 hero1
t=3 ph=3 ap=1 snaps=203 hooks=20 inst=37 rollout "Hammer Throw" Attack lvl1 hero1
t=3 ph=3 ap=1 snaps=212 hooks=20 inst=37 leakyRollout "Hammer Throw" +0.73MB hooks=[] cards=[Wealth:21 The Sun Sword:16 Toras, Master of all Weapons:13 Arthor, the King of Blackport:10 Shield of Death:7 Fighting:4]
t=3 ph=3 ap=1 snaps=212 hooks=20 inst=37 rollout "Quick Attack" Attack lvl1 hero1
t=3 ph=3 ap=1 snaps=221 hooks=20 inst=37 rollout "Quick Attack" Attack lvl1 hero1
t=3 ph=3 ap=1 snaps=230 hooks=20 inst=37 rollout "Quick Attack" Attack lvl1 hero1
t=3 ph=3 ap=1 snaps=240 hooks=20 inst=37 leakyRollout "Quick Attack" +1.04MB hooks=[onHeroKO:1] cards=[Wealth:21 The Sun Sword:16 Arthor, the King of Blackport:11 Toras, Master of all Weapons:11 Earth-Shattering Hammer, Relic of Deri:5 Fighting:3]
t=3 ph=3 ap=1 snaps=240 hooks=20 inst=37 rollout "Quick Attack" Attack lvl1 hero1
t=3 ph=3 ap=1 snaps=246 hooks=20 inst=37 leakyRollout "Quick Attack" +11.44MB hooks=[] cards=[Wealth:22 Arthor, the King of Blackport:11 The Sun Sword:11 Toras, Master of all Weapons:9 Earth-Shattering Hammer, Relic of Deri:5 Blade of the Frostbringer:5]
t=3 ph=3 ap=1 snaps=246 hooks=20 inst=37 rollout "Quick Attack" Attack lvl1 hero1
t=3 ph=3 ap=1 snaps=255 hooks=20 inst=37 rollout "Quick Attack" Attack lvl1 hero1
t=3 ph=3 ap=1 snaps=268 hooks=20 inst=37 rollout "Quick Attack" Attack lvl1 hero1
t=3 ph=3 ap=1 snaps=278 hooks=20 inst=37 rollout "Quick Attack" Attack lvl1 hero1
t=3 ph=3 ap=1 snaps=287 hooks=20 inst=37 rollout "Quick Attack" Attack lvl1 hero1
t=3 ph=3 ap=1 snaps=294 hooks=20 inst=37 leakyRollout "Quick Attack" +12.22MB hooks=[] cards=[Wealth:21 The Sun Sword:12 Arthor, the King of Blackport:11 Toras, Master of all Weapons:8 Sacred Hammer of the Volcano:6 Earth-Shattering Hammer, Relic of Deri:5]
t=3 ph=3 ap=1 snaps=294 hooks=20 inst=37 rollout "Quick Attack" Attack lvl1 hero1
t=3 ph=3 ap=1 snaps=300 hooks=20 inst=37 rollout "Quick Attack" Attack lvl1 hero1
t=3 ph=3 ap=1 snaps=306 hooks=20 inst=37 rollout "Quick Attack" Attack lvl1 hero1
t=3 ph=3 ap=1 snaps=315 hooks=20 inst=37 rollout "Quick Attack" Attack lvl1 hero1
t=3 ph=3 ap=1 snaps=321 hooks=20 inst=37 rollout "Hammer Throw" Attack lvl1 hero1
t=3 ph=3 ap=1 snaps=330 hooks=20 inst=37 rollout "Quick Attack" Attack lvl1 hero1
t=3 ph=3 ap=1 snaps=344 hooks=20 inst=37 leakyRollout "Quick Attack" +4.29MB hooks=[] cards=[The Sun Sword:16 Wealth:14 Arthor, the King of Blackport:12 Toras, Master of all Weapons:10 Earth-Shattering Hammer, Relic of Deri:6 Fighting:3]
t=3 ph=3 ap=1 snaps=344 hooks=20 inst=37 rollout "Quick Attack" Attack lvl1 hero1
t=3 ph=3 ap=1 snaps=351 hooks=20 inst=37 rollout "Quick Attack" Attack lvl1 hero1
t=3 ph=3 ap=1 snaps=360 hooks=20 inst=37 rollout "Quick Attack" Attack lvl1 hero1
t=3 ph=3 ap=1 snaps=366 hooks=20 inst=37 leakyRollout "Quick Attack" +12.57MB hooks=[onHeroKO:1] cards=[Wealth:21 The Sun Sword:15 Arthor, the King of Blackport:10 Toras, Master of all Weapons:10 Earth-Shattering Hammer, Relic of Deri:4 Fighting:3]
t=3 ph=3 ap=1 snaps=366 hooks=20 inst=37 rollout "Quick Attack" Attack lvl1 hero1
t=3 ph=3 ap=1 snaps=375 hooks=20 inst=37 rollout "Quick Attack" Attack lvl1 hero1
t=3 ph=3 ap=1 snaps=381 hooks=20 inst=37 rollout "Quick Attack" Attack lvl1 hero1
t=3 ph=3 ap=1 snaps=387 hooks=20 inst=37 rollout "Quick Attack" Attack lvl1 hero1
t=3 ph=3 ap=1 snaps=396 hooks=20 inst=37 rollout "Quick Attack" Attack lvl1 hero1
t=3 ph=3 ap=1 snaps=404 hooks=20 inst=37 rollout "Quick Attack" Attack lvl1 hero1
t=3 ph=3 ap=1 snaps=412 hooks=20 inst=37 leakyRollout "Quick Attack" +13.30MB hooks=[] cards=[Wealth:21 Arthor, the King of Blackport:11 The Sun Sword:11 Toras, Master of all Weapons:7 Earth-Shattering Hammer, Relic of Deri:5 Fighting:3]
t=3 ph=3 ap=1 snaps=412 hooks=20 inst=37 rollout "Quick Attack" Attack lvl1 hero1
t=3 ph=3 ap=1 snaps=418 hooks=20 inst=37 rollout "Hammer Throw" Attack lvl1 hero1
t=3 ph=3 ap=1 snaps=426 hooks=20 inst=37 rollout "Quick Attack" Attack lvl1 hero1
t=3 ph=3 ap=1 snaps=432 hooks=20 inst=37 rollout "Quick Attack" Attack lvl1 hero1
t=3 ph=3 ap=1 snaps=438 hooks=20 inst=37 rollout "Quick Attack" Attack lvl1 hero1
t=3 ph=3 ap=1 snaps=443 hooks=20 inst=37 leakyRollout "Quick Attack" +13.25MB hooks=[] cards=[Wealth:21 The Sun Sword:15 Toras, Master of all Weapons:13 Arthor, the King of Blackport:9 Fighting:4 Earth-Shattering Hammer, Relic of Deri:3]
t=3 ph=3 ap=1 snaps=443 hooks=20 inst=37 rollout "Quick Attack" Attack lvl1 hero1
t=3 ph=3 ap=1 snaps=451 hooks=20 inst=37 rollout "Quick Attack" Attack lvl1 hero1
t=3 ph=3 ap=1 snaps=461 hooks=20 inst=37 rollout "Quick Attack" Attack lvl1 hero1
t=3 ph=3 ap=1 snaps=474 hooks=20 inst=37 leakyRollout "Quick Attack" +2.61MB hooks=[onPhaseStart:1 onPhaseEnd:1 onHeroKO:1 onActionUsed:1] cards=[Wealth:18 The Sun Sword:18 Earth-Shattering Hammer, Relic of Deri:16 Toras, Master of all Weapons:14 Arthor, the King of Blackport:11 Fighting:9]
t=3 ph=3 ap=1 snaps=474 hooks=20 inst=37 rollout "Quick Attack" Attack lvl1 hero1
t=3 ph=3 ap=1 snaps=483 hooks=20 inst=37 rollout "Quick Attack" Attack lvl1 hero1
t=3 ph=3 ap=1 snaps=489 hooks=20 inst=37 rollout "Quick Attack" Attack lvl1 hero1
t=3 ph=3 ap=1 snaps=501 hooks=20 inst=37 leakyRollout "Quick Attack" +3.39MB hooks=[] cards=[Wealth:21 The Sun Sword:14 Arthor, the King of Blackport:11 Toras, Master of all Weapons:11 Earth-Shattering Hammer, Relic of Deri:5 The Master's Sword:4]
t=3 ph=3 ap=1 snaps=501 hooks=20 inst=37 rollout "Quick Attack" Attack lvl1 hero1
t=3 ph=3 ap=1 snaps=507 hooks=20 inst=37 rollout "Quick Attack" Attack lvl1 hero1
t=3 ph=3 ap=1 snaps=513 hooks=20 inst=37 rollout "Hammer Throw" Attack lvl1 hero1
t=3 ph=3 ap=1 snaps=521 hooks=20 inst=37 rollout "Quick Attack" Attack lvl1 hero1
t=3 ph=3 ap=1 snaps=528 hooks=20 inst=37 rollout "Quick Attack" Attack lvl1 hero1
t=3 ph=3 ap=1 snaps=537 hooks=20 inst=37 leakyRollout "Quick Attack" +14.52MB hooks=[] cards=[Wealth:18 The Sun Sword:18 Arthor, the King of Blackport:12 Toras, Master of all Weapons:12 Earth-Shattering Hammer, Relic of Deri:6 Argos, the Eye of the Cosmos:4]
t=3 ph=3 ap=1 snaps=537 hooks=20 inst=37 rollout "Quick Attack" Attack lvl1 hero1
t=3 ph=3 ap=1 snaps=546 hooks=20 inst=37 rollout "Quick Attack" Attack lvl1 hero1
t=3 ph=3 ap=1 snaps=552 hooks=20 inst=37 leakyRollout "Quick Attack" +12.30MB hooks=[onHeroKO:1] cards=[Wealth:21 The Sun Sword:18 Arthor, the King of Blackport:10 Toras, Master of all Weapons:10 Earth-Shattering Hammer, Relic of Deri:4 Fighting:3]
t=3 ph=3 ap=1 snaps=552 hooks=20 inst=37 rollout "Quick Attack" Attack lvl1 hero1
t=3 ph=3 ap=1 snaps=559 hooks=20 inst=37 rollout "Quick Attack" Attack lvl1 hero1
t=3 ph=3 ap=1 snaps=568 hooks=20 inst=37 rollout "Quick Attack" Attack lvl1 hero1
t=3 ph=3 ap=1 snaps=574 hooks=20 inst=37 rollout "Quick Attack" Attack lvl1 hero1
t=3 ph=3 ap=1 snaps=580 hooks=20 inst=37 rollout "Quick Attack" Attack lvl1 hero1
t=3 ph=3 ap=1 snaps=586 hooks=20 inst=37 leakyRollout "Quick Attack" +11.74MB hooks=[onHeroKO:1] cards=[Wealth:24 The Sun Sword:16 Arthor, the King of Blackport:11 Toras, Master of all Weapons:9 Earth-Shattering Hammer, Relic of Deri:5 Fighting:3]
t=3 ph=3 ap=1 snaps=586 hooks=20 inst=37 rollout "Quick Attack" Attack lvl1 hero1
t=3 ph=3 ap=1 snaps=593 hooks=20 inst=37 rollout "Quick Attack" Attack lvl1 hero1
t=3 ph=3 ap=1 snaps=600 hooks=20 inst=37 rollout "Quick Attack" Attack lvl1 hero1
t=3 ph=5 ap=1 snaps=607 hooks=31 inst=37 switchTurn ending p1
t=4 ph=2 ap=0 snaps=607 hooks=12 inst=38 cpuTurnStart cpu=p0 hand=5
t=4 ph=2 ap=0 snaps=613 hooks=17 inst=39 summon "Life-Searcher from the Cosmic Depths" p0/h1
t=4 ph=3 ap=0 snaps=617 hooks=30 inst=43 rollout "Analyzer from the Cosmic Depths" Creature lvl1 hero1
t=4 ph=3 ap=0 snaps=626 hooks=30 inst=43 leakyRollout "Analyzer from the Cosmic Depths" +7.51MB hooks=[] cards=[Wealth:17 The Sun Sword:13 Arthor, the King of Blackport:12 Toras, Master of all Weapons:11 Blade of the Swamp Witch:7 Earth-Shattering Hammer, Relic of Deri:6]
t=4 ph=3 ap=0 snaps=626 hooks=30 inst=43 rollout "Analyzer from the Cosmic Depths" Creature lvl1 hero1
t=4 ph=3 ap=0 snaps=628 hooks=30 inst=43 leakyRollout "Analyzer from the Cosmic Depths" +0.77MB hooks=[] cards=[Wealth:21 The Sun Sword:13 Arthor, the King of Blackport:10 Toras, Master of all Weapons:10 Shield of Death:7 Blade of the Swamp Witch:6]
t=4 ph=3 ap=0 snaps=628 hooks=30 inst=43 rollout "Gatherer from the Cosmic Depths" Creature lvl2 hero1
t=4 ph=3 ap=0 snaps=637 hooks=30 inst=43 leakyRollout "Gatherer from the Cosmic Depths" +8.24MB hooks=[] cards=[Wealth:21 The Sun Sword:18 Toras, Master of all Weapons:13 Arthor, the King of Blackport:9 Fighting:3 Earth-Shattering Hammer, Relic of Deri:3]
t=4 ph=3 ap=0 snaps=637 hooks=30 inst=43 rollout "Gatherer from the Cosmic Depths" Creature lvl2 hero1
t=4 ph=3 ap=0 snaps=641 hooks=30 inst=43 leakyRollout "Gatherer from the Cosmic Depths" +14.17MB hooks=[] cards=[Wealth:21 Arthor, the King of Blackport:11 The Sun Sword:9 Toras, Master of all Weapons:8 Earth-Shattering Hammer, Relic of Deri:5 Blade of the Swamp Witch:5]
t=4 ph=3 ap=0 snaps=641 hooks=30 inst=43 rollout "Analyzer from the Cosmic Depths" Creature lvl1 hero1
t=4 ph=3 ap=0 snaps=643 hooks=30 inst=43 rollout "Analyzer from the Cosmic Depths" Creature lvl1 hero1
t=4 ph=3 ap=0 snaps=644 hooks=30 inst=43 rollout "Analyzer from the Cosmic Depths" Creature lvl1 hero1
t=4 ph=3 ap=0 snaps=645 hooks=30 inst=43 rollout "Analyzer from the Cosmic Depths" Creature lvl1 hero1
t=4 ph=3 ap=0 snaps=646 hooks=30 inst=43 rollout "Analyzer from the Cosmic Depths" Creature lvl1 hero1
t=4 ph=3 ap=0 snaps=650 hooks=30 inst=43 leakyRollout "Analyzer from the Cosmic Depths" +2.89MB hooks=[] cards=[The Sun Sword:24 Blade of the Swamp Witch:18 Invader Token:15 Wealth:14 Toras, Master of all Weapons:10 Arthor, the King of Blackport:9]
t=4 ph=3 ap=0 snaps=650 hooks=30 inst=43 rollout "Analyzer from the Cosmic Depths" Creature lvl1 hero1
t=4 ph=3 ap=0 snaps=653 hooks=30 inst=43 rollout "Analyzer from the Cosmic Depths" Creature lvl1 hero1
t=4 ph=3 ap=0 snaps=659 hooks=30 inst=43 leakyRollout "Analyzer from the Cosmic Depths" +4.02MB hooks=[] cards=[Wealth:21 The Sun Sword:15 Arthor, the King of Blackport:11 Toras, Master of all Weapons:10 Blade of the Swamp Witch:8 Earth-Shattering Hammer, Relic of Deri:5]
t=4 ph=3 ap=0 snaps=659 hooks=30 inst=43 rollout "Analyzer from the Cosmic Depths" Creature lvl1 hero1
t=4 ph=3 ap=0 snaps=660 hooks=30 inst=43 rollout "Analyzer from the Cosmic Depths" Creature lvl1 hero1
t=4 ph=3 ap=0 snaps=662 hooks=30 inst=43 rollout "Analyzer from the Cosmic Depths" Creature lvl1 hero1
t=4 ph=3 ap=0 snaps=663 hooks=30 inst=43 rollout "Analyzer from the Cosmic Depths" Creature lvl1 hero1
t=4 ph=3 ap=0 snaps=665 hooks=30 inst=43 rollout "Analyzer from the Cosmic Depths" Creature lvl1 hero1
t=4 ph=3 ap=0 snaps=669 hooks=30 inst=43 leakyRollout "Analyzer from the Cosmic Depths" +3.10MB hooks=[] cards=[The Sun Sword:31 Blade of the Swamp Witch:24 Wealth:23 The Master's Sword:16 Invader Token:15 Toras, Master of all Weapons:12]
t=4 ph=3 ap=0 snaps=669 hooks=30 inst=43 rollout "Analyzer from the Cosmic Depths" Creature lvl1 hero1
t=4 ph=3 ap=0 snaps=673 hooks=30 inst=43 rollout "Analyzer from the Cosmic Depths" Creature lvl1 hero1
t=4 ph=3 ap=0 snaps=676 hooks=30 inst=43 rollout "Gatherer from the Cosmic Depths" Creature lvl2 hero1
t=4 ph=3 ap=0 snaps=678 hooks=30 inst=43 rollout "Gatherer from the Cosmic Depths" Creature lvl2 hero1
t=4 ph=3 ap=0 snaps=680 hooks=30 inst=43 leakyRollout "Gatherer from the Cosmic Depths" +15.33MB hooks=[] cards=[Wealth:21 Blade of the Swamp Witch:18 The Sun Sword:15 Arthor, the King of Blackport:10 Toras, Master of all Weapons:7 Gatherer from the Cosmic Depths:4]
t=4 ph=3 ap=0 snaps=680 hooks=30 inst=43 rollout "Gatherer from the Cosmic Depths" Creature lvl2 hero1
t=4 ph=3 ap=0 snaps=686 hooks=30 inst=43 rollout "Gatherer from the Cosmic Depths" Creature lvl2 hero1
t=4 ph=3 ap=0 snaps=688 hooks=30 inst=43 leakyRollout "Gatherer from the Cosmic Depths" +1.88MB hooks=[beforeDamage:2 afterDamage:2 modifyPoisonDamage:2] cards=[Wealth:24 The Sun Sword:18 Blade of the Swamp Witch:13 Shield of Life:12 Arthor, the King of Blackport:11 Toras, Master of all Weapons:8]
t=4 ph=3 ap=0 snaps=688 hooks=30 inst=43 rollout "Gatherer from the Cosmic Depths" Creature lvl2 hero1
t=4 ph=3 ap=0 snaps=692 hooks=30 inst=43 rollout "Gatherer from the Cosmic Depths" Creature lvl2 hero1
t=4 ph=3 ap=0 snaps=698 hooks=30 inst=43 leakyRollout "Gatherer from the Cosmic Depths" +4.66MB hooks=[] cards=[Wealth:21 The Sun Sword:13 Toras, Master of all Weapons:11 Arthor, the King of Blackport:9 Gatherer from the Cosmic Depths:4 Blade of the Swamp Witch:4]
t=4 ph=3 ap=0 snaps=698 hooks=30 inst=43 rollout "Gatherer from the Cosmic Depths" Creature lvl2 hero1
t=4 ph=3 ap=0 snaps=700 hooks=30 inst=43 rollout "Gatherer from the Cosmic Depths" Creature lvl2 hero1
t=4 ph=3 ap=0 snaps=707 hooks=30 inst=43 leakyRollout "Gatherer from the Cosmic Depths" +2.27MB hooks=[] cards=[Wealth:21 Arthor, the King of Blackport:10 The Sun Sword:10 Toras, Master of all Weapons:9 Earth-Shattering Hammer, Relic of Deri:4 Blade of the Swamp Witch:4]
t=4 ph=3 ap=0 snaps=707 hooks=30 inst=43 rollout "Gatherer from the Cosmic Depths" Creature lvl2 hero1
t=4 ph=3 ap=0 snaps=717 hooks=30 inst=43 leakyRollout "Gatherer from the Cosmic Depths" +7.42MB hooks=[] cards=[Wealth:21 The Sun Sword:17 Blade of the Swamp Witch:11 Arthor, the King of Blackport:10 Toras, Master of all Weapons:9 Gatherer from the Cosmic Depths:4]
t=4 ph=3 ap=0 snaps=717 hooks=30 inst=43 rollout "Gatherer from the Cosmic Depths" Creature lvl2 hero1
t=4 ph=3 ap=0 snaps=718 hooks=30 inst=43 rollout "Gatherer from the Cosmic Depths" Creature lvl2 hero1
t=4 ph=3 ap=0 snaps=720 hooks=30 inst=43 rollout "Gatherer from the Cosmic Depths" Creature lvl2 hero1
t=4 ph=3 ap=0 snaps=726 hooks=30 inst=43 rollout "Gatherer from the Cosmic Depths" Creature lvl2 hero1
t=4 ph=3 ap=0 snaps=729 hooks=30 inst=43 leakyRollout "Gatherer from the Cosmic Depths" +13.80MB hooks=[] cards=[Wealth:17 The Sun Sword:13 Arthor, the King of Blackport:11 Toras, Master of all Weapons:10 Blade of the Swamp Witch:7 Earth-Shattering Hammer, Relic of Deri:4]
t=4 ph=3 ap=0 snaps=729 hooks=30 inst=43 rollout "Gatherer from the Cosmic Depths" Creature lvl2 hero1
t=4 ph=3 ap=0 snaps=730 hooks=30 inst=43 rollout "Gatherer from the Cosmic Depths" Creature lvl2 hero1
t=4 ph=3 ap=0 snaps=733 hooks=30 inst=43 rollout "Gatherer from the Cosmic Depths" Creature lvl2 hero1
t=4 ph=3 ap=0 snaps=734 hooks=30 inst=43 leakyRollout "Gatherer from the Cosmic Depths" +15.51MB hooks=[] cards=[The Sun Sword:26 Wealth:23 Blade of the Swamp Witch:19 Arthor, the King of Blackport:10 Toras, Master of all Weapons:10 Invader Token:10]
t=4 ph=3 ap=0 snaps=734 hooks=30 inst=43 rollout "Gatherer from the Cosmic Depths" Creature lvl2 hero1
t=4 ph=3 ap=0 snaps=740 hooks=30 inst=43 rollout "Gatherer from the Cosmic Depths" Creature lvl2 hero1
t=4 ph=3 ap=0 snaps=747 hooks=30 inst=43 leakyRollout "Gatherer from the Cosmic Depths" +2.82MB hooks=[] cards=[The Sun Sword:28 Wealth:23 Blade of the Swamp Witch:20 Toras, Master of all Weapons:12 Arthor, the King of Blackport:10 Invader Token:10]
t=4 ph=3 ap=0 snaps=747 hooks=30 inst=43 rollout "Analyzer from the Cosmic Depths" Creature lvl1 hero1
t=4 ph=3 ap=0 snaps=748 hooks=30 inst=43 rollout "Analyzer from the Cosmic Depths" Creature lvl1 hero1
t=4 ph=3 ap=0 snaps=750 hooks=30 inst=43 rollout "Gatherer from the Cosmic Depths" Creature lvl2 hero1
t=4 ph=3 ap=0 snaps=752 hooks=30 inst=43 rollout "Gatherer from the Cosmic Depths" Creature lvl2 hero1
t=4 ph=3 ap=0 snaps=757 hooks=30 inst=43 leakyRollout "Gatherer from the Cosmic Depths" +3.21MB hooks=[beforeDamage:1 afterDamage:1 modifyPoisonDamage:1] cards=[Wealth:27 The Sun Sword:23 Arthor, the King of Blackport:10 Blade of the Swamp Witch:10 Toras, Master of all Weapons:8 Earth-Shattering Hammer, Relic of Deri:4]
t=4 ph=3 ap=0 snaps=757 hooks=30 inst=43 rollout "Gatherer from the Cosmic Depths" Creature lvl2 hero1
t=4 ph=3 ap=0 snaps=758 hooks=30 inst=43 leakyRollout "Gatherer from the Cosmic Depths" +0.93MB hooks=[] cards=[The Sun Sword:28 Shield of Death:23 Wealth:21 Blade of the Swamp Witch:20 Toras, Master of all Weapons:11 Invader Token:10]
t=4 ph=3 ap=0 snaps=758 hooks=30 inst=43 rollout "Gatherer from the Cosmic Depths" Creature lvl2 hero1
t=4 ph=3 ap=0 snaps=762 hooks=30 inst=43 leakyRollout "Gatherer from the Cosmic Depths" +2.46MB hooks=[beforeDamage:1 afterDamage:1 modifyPoisonDamage:1] cards=[The Sun Sword:29 Wealth:27 Blade of the Swamp Witch:20 Toras, Master of all Weapons:13 Arthor, the King of Blackport:10 Invader Token:6]
t=4 ph=3 ap=0 snaps=762 hooks=30 inst=43 rollout "Gatherer from the Cosmic Depths" Creature lvl2 hero1
t=4 ph=3 ap=0 snaps=768 hooks=30 inst=43 rollout "Gatherer from the Cosmic Depths" Creature lvl2 hero1
t=4 ph=3 ap=0 snaps=778 hooks=30 inst=43 leakyRollout "Gatherer from the Cosmic Depths" +8.30MB hooks=[] cards=[The Sun Sword:27 Wealth:23 Blade of the Swamp Witch:19 Toras, Master of all Weapons:12 Arthor, the King of Blackport:10 Invader Token:10]
t=4 ph=3 ap=0 snaps=778 hooks=30 inst=43 rollout "Gatherer from the Cosmic Depths" Creature lvl2 hero1
t=4 ph=3 ap=0 snaps=780 hooks=30 inst=43 rollout "Gatherer from the Cosmic Depths" Creature lvl2 hero1
t=4 ph=3 ap=0 snaps=784 hooks=30 inst=43 leakyRollout "Gatherer from the Cosmic Depths" +4.45MB hooks=[] cards=[Wealth:23 The Sun Sword:23 Blade of the Swamp Witch:15 Toras, Master of all Weapons:11 Invader Token:10 Arthor, the King of Blackport:9]
t=4 ph=3 ap=0 snaps=784 hooks=30 inst=43 rollout "Gatherer from the Cosmic Depths" Creature lvl2 hero1
t=4 ph=3 ap=0 snaps=786 hooks=30 inst=43 rollout "Gatherer from the Cosmic Depths" Creature lvl2 hero1
t=4 ph=3 ap=0 snaps=791 hooks=30 inst=43 rollout "Gatherer from the Cosmic Depths" Creature lvl2 hero1
t=4 ph=3 ap=0 snaps=793 hooks=30 inst=43 rollout "Gatherer from the Cosmic Depths" Creature lvl2 hero1
t=4 ph=3 ap=0 snaps=794 hooks=30 inst=43 leakyRollout "Gatherer from the Cosmic Depths" +1.19MB hooks=[] cards=[The Sun Sword:25 Wealth:23 Blade of the Swamp Witch:21 Toras, Master of all Weapons:10 Invader Token:10 Arthor, the King of Blackport:9]
t=4 ph=3 ap=0 snaps=794 hooks=30 inst=43 rollout "Gatherer from the Cosmic Depths" Creature lvl2 hero1
t=4 ph=3 ap=0 snaps=796 hooks=30 inst=43 rollout "Gatherer from the Cosmic Depths" Creature lvl2 hero1
t=4 ph=3 ap=0 snaps=798 hooks=30 inst=43 rollout "Gatherer from the Cosmic Depths" Creature lvl2 hero1
t=4 ph=3 ap=0 snaps=799 hooks=30 inst=43 leakyRollout "Gatherer from the Cosmic Depths" +1.99MB hooks=[beforeDamage:1 afterDamage:1 modifyPoisonDamage:1] cards=[The Sun Sword:51 Wealth:27 Blade of the Swamp Witch:17 Toras, Master of all Weapons:10 Invader Token:10 Arthor, the King of Blackport:9]
t=4 ph=3 ap=0 snaps=799 hooks=30 inst=43 rollout "Gatherer from the Cosmic Depths" Creature lvl2 hero1
t=4 ph=3 ap=0 snaps=800 hooks=30 inst=43 rollout "Gatherer from the Cosmic Depths" Creature lvl2 hero1
t=4 ph=3 ap=0 snaps=802 hooks=30 inst=43 leakyRollout "Gatherer from the Cosmic Depths" +2.12MB hooks=[] cards=[The Sun Sword:45 Wealth:23 Blade of the Swamp Witch:18 Toras, Master of all Weapons:12 Arthor, the King of Blackport:10 Invader Token:10]
t=4 ph=3 ap=0 snaps=802 hooks=30 inst=43 rollout "Gatherer from the Cosmic Depths" Creature lvl2 hero1
t=4 ph=3 ap=0 snaps=803 hooks=30 inst=43 leakyRollout "Gatherer from the Cosmic Depths" +2.01MB hooks=[] cards=[The Sun Sword:23 Wealth:21 Blade of the Swamp Witch:18 Invader Token:10 Arthor, the King of Blackport:9 Toras, Master of all Weapons:8]
t=4 ph=3 ap=0 snaps=803 hooks=30 inst=43 rollout "Gatherer from the Cosmic Depths" Creature lvl2 hero1
t=4 ph=3 ap=0 snaps=805 hooks=30 inst=43 leakyRollout "Gatherer from the Cosmic Depths" +2.68MB hooks=[onHeroKO:1 onCardLeaveZone:1] cards=[The Sun Sword:31 Wealth:25 Blade of the Swamp Witch:20 Toras, Master of all Weapons:14 Shield of Death:14 Invader Token:10]
t=4 ph=3 ap=0 snaps=805 hooks=30 inst=43 rollout "Gatherer from the Cosmic Depths" Creature lvl2 hero1
t=4 ph=3 ap=0 snaps=806 hooks=30 inst=43 rollout "Gatherer from the Cosmic Depths" Creature lvl2 hero1
t=4 ph=3 ap=0 snaps=808 hooks=30 inst=43 leakyRollout "Gatherer from the Cosmic Depths" +0.78MB hooks=[] cards=[The Sun Sword:24 Wealth:21 Blade of the Swamp Witch:18 Arthor, the King of Blackport:11 Toras, Master of all Weapons:11 Earth-Shattering Hammer, Relic of Deri:8]
t=4 ph=3 ap=0 snaps=808 hooks=30 inst=43 rollout "Gatherer from the Cosmic Depths" Creature lvl2 hero1
t=4 ph=3 ap=0 snaps=810 hooks=30 inst=43 leakyRollout "Gatherer from the Cosmic Depths" +0.74MB hooks=[] cards=[The Sun Sword:27 Blade of the Swamp Witch:26 Wealth:21 Toras, Master of all Weapons:11 Arthor, the King of Blackport:10 Invader Token:10]
t=4 ph=3 ap=0 snaps=810 hooks=30 inst=43 rollout "Gatherer from the Cosmic Depths" Creature lvl2 hero1
t=4 ph=3 ap=0 snaps=812 hooks=30 inst=43 leakyRollout "Gatherer from the Cosmic Depths" +3.59MB hooks=[] cards=[The Sun Sword:29 Wealth:25 Blade of the Swamp Witch:20 The Master's Sword:18 Toras, Master of all Weapons:14 Arthor, the King of Blackport:11]
t=4 ph=3 ap=0 snaps=812 hooks=30 inst=43 rollout "Gatherer from the Cosmic Depths" Creature lvl2 hero1
t=4 ph=3 ap=0 snaps=818 hooks=30 inst=43 rollout "Gatherer from the Cosmic Depths" Creature lvl2 hero1
t=4 ph=3 ap=0 snaps=819 hooks=30 inst=43 rollout "Gatherer from the Cosmic Depths" Creature lvl2 hero1
t=4 ph=3 ap=0 snaps=820 hooks=30 inst=43 rollout "Gatherer from the Cosmic Depths" Creature lvl2 hero1
t=4 ph=3 ap=0 snaps=821 hooks=30 inst=43 leakyRollout "Gatherer from the Cosmic Depths" +1.31MB hooks=[] cards=[The Sun Sword:26 Blade of the Swamp Witch:24 Wealth:21 The Master's Sword:12 Toras, Master of all Weapons:11 Invader Token:10]
t=4 ph=3 ap=0 snaps=821 hooks=30 inst=43 rollout "Gatherer from the Cosmic Depths" Creature lvl2 hero1
t=4 ph=3 ap=0 snaps=828 hooks=30 inst=43 leakyRollout "Gatherer from the Cosmic Depths" +3.66MB hooks=[beforeDamage:1 afterDamage:1 modifyPoisonDamage:1] cards=[Wealth:27 The Sun Sword:21 Blade of the Swamp Witch:15 Arthor, the King of Blackport:12 Toras, Master of all Weapons:10 Earth-Shattering Hammer, Relic of Deri:6]
t=4 ph=3 ap=0 snaps=828 hooks=30 inst=43 rollout "Gatherer from the Cosmic Depths" Creature lvl2 hero1
t=4 ph=3 ap=0 snaps=830 hooks=30 inst=43 rollout "Gatherer from the Cosmic Depths" Creature lvl2 hero1
t=4 ph=3 ap=0 snaps=834 hooks=30 inst=43 leakyRollout "Gatherer from the Cosmic Depths" +1.29MB hooks=[beforeDamage:1 afterDamage:1 modifyPoisonDamage:1] cards=[Wealth:27 The Sun Sword:15 Arthor, the King of Blackport:12 Blade of the Swamp Witch:12 Toras, Master of all Weapons:7 Earth-Shattering Hammer, Relic of Deri:6]
t=4 ph=3 ap=0 snaps=834 hooks=30 inst=43 rollout "Gatherer from the Cosmic Depths" Creature lvl2 hero1
t=4 ph=3 ap=0 snaps=836 hooks=30 inst=43 leakyRollout "Gatherer from the Cosmic Depths" +2.04MB hooks=[] cards=[Wealth:28 The Sun Sword:27 Blade of the Swamp Witch:19 Toras, Master of all Weapons:11 Arthor, the King of Blackport:10 Invader Token:10]
t=4 ph=3 ap=0 snaps=836 hooks=30 inst=43 rollout "Gatherer from the Cosmic Depths" Creature lvl2 hero1
t=4 ph=3 ap=0 snaps=847 hooks=30 inst=43 rollout "Gatherer from the Cosmic Depths" Creature lvl2 hero1
t=4 ph=3 ap=0 snaps=851 hooks=30 inst=43 rollout "Gatherer from the Cosmic Depths" Creature lvl2 hero1
t=4 ph=3 ap=0 snaps=852 hooks=30 inst=43 leakyRollout "Gatherer from the Cosmic Depths" +0.96MB hooks=[onCardLeaveZone:2 onHeroKO:1] cards=[Wealth:28 The Sun Sword:26 Blade of the Swamp Witch:25 Toras, Master of all Weapons:10 Invader Token:10 Arthor, the King of Blackport:9]
t=4 ph=3 ap=0 snaps=852 hooks=30 inst=43 rollout "Gatherer from the Cosmic Depths" Creature lvl2 hero1
t=4 ph=3 ap=0 snaps=854 hooks=30 inst=43 leakyRollout "Gatherer from the Cosmic Depths" +3.25MB hooks=[onCardLeaveZone:2 onHeroKO:1] cards=[The Sun Sword:31 Wealth:25 Blade of the Swamp Witch:22 Toras, Master of all Weapons:14 Arthor, the King of Blackport:10 Sacred Hammer of the Volcano:10]
t=4 ph=3 ap=0 snaps=854 hooks=30 inst=43 rollout "Gatherer from the Cosmic Depths" Creature lvl2 hero1
t=4 ph=3 ap=0 snaps=859 hooks=30 inst=43 leakyRollout "Gatherer from the Cosmic Depths" +3.70MB hooks=[beforeDamage:1 afterDamage:1 modifyPoisonDamage:1 onHeroKO:1] cards=[The Sun Sword:27 Wealth:25 Blade of the Swamp Witch:19 Toras, Master of all Weapons:13 Arthor, the King of Blackport:10 Invader Token:6]
t=4 ph=3 ap=0 snaps=859 hooks=30 inst=43 rollout "Gatherer from the Cosmic Depths" Creature lvl2 hero1
t=4 ph=3 ap=0 snaps=861 hooks=30 inst=43 rollout "Gatherer from the Cosmic Depths" Creature lvl2 hero1
t=4 ph=3 ap=0 snaps=863 hooks=30 inst=43 rollout "Gatherer from the Cosmic Depths" Creature lvl2 hero1
t=4 ph=3 ap=0 snaps=865 hooks=30 inst=43 leakyRollout "Gatherer from the Cosmic Depths" +3.33MB hooks=[] cards=[The Sun Sword:52 Wealth:23 Blade of the Swamp Witch:21 Toras, Master of all Weapons:12 Invader Token:10 Arthor, the King of Blackport:9]
t=4 ph=3 ap=0 snaps=865 hooks=30 inst=43 rollout "Gatherer from the Cosmic Depths" Creature lvl2 hero1
t=4 ph=3 ap=0 snaps=867 hooks=30 inst=43 rollout "Gatherer from the Cosmic Depths" Creature lvl2 hero1
t=4 ph=3 ap=0 snaps=868 hooks=30 inst=43 leakyRollout "Gatherer from the Cosmic Depths" +2.69MB hooks=[] cards=[Blade of the Swamp Witch:28 The Sun Sword:27 Wealth:23 Sacred Hammer of the Volcano:15 Toras, Master of all Weapons:11 Invader Token:10]
t=4 ph=3 ap=0 snaps=868 hooks=30 inst=43 rollout "Gatherer from the Cosmic Depths" Creature lvl2 hero1
t=4 ph=3 ap=0 snaps=870 hooks=30 inst=43 leakyRollout "Gatherer from the Cosmic Depths" +2.59MB hooks=[] cards=[The Sun Sword:30 Blade of the Swamp Witch:24 Wealth:21 Toras, Master of all Weapons:14 Shield of Death:14 Invader Token:10]
t=4 ph=3 ap=0 snaps=870 hooks=30 inst=43 summon "Gatherer from the Cosmic Depths" p0/h1
t=4 ph=5 ap=0 snaps=871 hooks=39 inst=44 switchTurn ending p0
t=5 ph=2 ap=1 snaps=871 hooks=10 inst=45 cpuTurnStart cpu=p1 hand=3
t=5 ph=5 ap=1 snaps=888 hooks=38 inst=50 switchTurn ending p1
t=6 ph=2 ap=0 snaps=888 hooks=10 inst=51 cpuTurnStart cpu=p0 hand=8
t=6 ph=2 ap=0 snaps=901 hooks=20 inst=53 summon "Gatherer from the Cosmic Depths" p0/h1
t=6 ph=3 ap=0 snaps=908 hooks=29 inst=56 rollout "Analyzer from the Cosmic Depths" Creature lvl1 hero1
t=6 ph=3 ap=0 snaps=909 hooks=29 inst=56 leakyRollout "Analyzer from the Cosmic Depths" +0.95MB hooks=[] cards=[Wealth:21 Gatherer from the Cosmic Depths:14 Arthor, the King of Blackport:8 Toras, Master of all Weapons:8 The Sun Sword:8 Argos, the Eye of the Cosmos:7]
t=6 ph=3 ap=0 snaps=909 hooks=29 inst=56 rollout "Analyzer from the Cosmic Depths" Creature lvl1 hero1
t=6 ph=3 ap=0 snaps=911 hooks=29 inst=56 rollout "Analyzer from the Cosmic Depths" Creature lvl1 hero1
t=6 ph=3 ap=0 snaps=912 hooks=29 inst=56 leakyRollout "Analyzer from the Cosmic Depths" +2.26MB hooks=[] cards=[Wealth:21 Gatherer from the Cosmic Depths:14 Arthor, the King of Blackport:8 Argos, the Eye of the Cosmos:7 Analyzer from the Cosmic Depths:7 Toras, Master of all Weapons:5]
t=6 ph=3 ap=0 snaps=912 hooks=29 inst=56 rollout "Analyzer from the Cosmic Depths" Creature lvl1 hero1
t=6 ph=3 ap=0 snaps=914 hooks=29 inst=56 rollout "Analyzer from the Cosmic Depths" Creature lvl1 hero1
t=6 ph=3 ap=0 snaps=916 hooks=29 inst=56 rollout "Analyzer from the Cosmic Depths" Creature lvl1 hero1
t=6 ph=3 ap=0 snaps=924 hooks=29 inst=56 leakyRollout "Analyzer from the Cosmic Depths" +9.50MB hooks=[] cards=[Wealth:21 Gatherer from the Cosmic Depths:16 Arthor, the King of Blackport:9 Analyzer from the Cosmic Depths:8 Toras, Master of all Weapons:7 Argos, the Eye of the Cosmos:7]
t=6 ph=3 ap=0 snaps=924 hooks=29 inst=56 rollout "Analyzer from the Cosmic Depths" Creature lvl1 hero1
t=6 ph=3 ap=0 snaps=932 hooks=29 inst=56 rollout "Analyzer from the Cosmic Depths" Creature lvl1 hero1
t=6 ph=3 ap=0 snaps=943 hooks=29 inst=56 leakyRollout "Analyzer from the Cosmic Depths" +12.86MB hooks=[] cards=[Wealth:21 Gatherer from the Cosmic Depths:16 The Sun Sword:12 Arthor, the King of Blackport:8 Analyzer from the Cosmic Depths:8 Toras, Master of all Weapons:7]
t=6 ph=3 ap=0 snaps=943 hooks=29 inst=56 rollout "Analyzer from the Cosmic Depths" Creature lvl1 hero1
t=6 ph=3 ap=0 snaps=944 hooks=29 inst=56 rollout "Analyzer from the Cosmic Depths" Creature lvl1 hero1
t=6 ph=3 ap=0 snaps=946 hooks=29 inst=56 rollout "Analyzer from the Cosmic Depths" Creature lvl1 hero1
t=6 ph=3 ap=0 snaps=950 hooks=29 inst=56 leakyRollout "Analyzer from the Cosmic Depths" +3.18MB hooks=[] cards=[Wealth:21 Gatherer from the Cosmic Depths:14 Arthor, the King of Blackport:8 Toras, Master of all Weapons:8 The Sun Sword:8 Analyzer from the Cosmic Depths:8]
t=6 ph=3 ap=0 snaps=950 hooks=29 inst=56 rollout "Analyzer from the Cosmic Depths" Creature lvl1 hero1
t=6 ph=3 ap=0 snaps=952 hooks=29 inst=56 leakyRollout "Analyzer from the Cosmic Depths" +4.58MB hooks=[] cards=[Wealth:21 Gatherer from the Cosmic Depths:18 Arthor, the King of Blackport:9 Analyzer from the Cosmic Depths:9 The Sun Sword:8 Argos, the Eye of the Cosmos:7]
t=6 ph=3 ap=0 snaps=952 hooks=29 inst=56 rollout "Analyzer from the Cosmic Depths" Creature lvl1 hero1
t=6 ph=3 ap=0 snaps=960 hooks=29 inst=56 rollout "Analyzer from the Cosmic Depths" Creature lvl1 hero1
t=6 ph=3 ap=0 snaps=961 hooks=29 inst=56 leakyRollout "Analyzer from the Cosmic Depths" +1.40MB hooks=[] cards=[Wealth:20 Gatherer from the Cosmic Depths:18 Arthor, the King of Blackport:9 Analyzer from the Cosmic Depths:9 Toras, Master of all Weapons:7 Argos, the Eye of the Cosmos:7]
t=6 ph=3 ap=0 snaps=961 hooks=29 inst=56 rollout "Analyzer from the Cosmic Depths" Creature lvl1 hero1
t=6 ph=3 ap=0 snaps=968 hooks=29 inst=56 leakyRollout "Analyzer from the Cosmic Depths" +7.34MB hooks=[] cards=[Wealth:16 Gatherer from the Cosmic Depths:14 Toras, Master of all Weapons:10 Arthor, the King of Blackport:9 The Sun Sword:8 Argos, the Eye of the Cosmos:7]
t=6 ph=3 ap=0 snaps=968 hooks=29 inst=56 rollout "Analyzer from the Cosmic Depths" Creature lvl1 hero1
t=6 ph=3 ap=0 snaps=969 hooks=29 inst=56 rollout "Analyzer from the Cosmic Depths" Creature lvl1 hero1
t=6 ph=3 ap=0 snaps=974 hooks=29 inst=56 leakyRollout "Analyzer from the Cosmic Depths" +2.54MB hooks=[] cards=[Wealth:21 Gatherer from the Cosmic Depths:14 Arthor, the King of Blackport:9 Toras, Master of all Weapons:8 The Sun Sword:8 Argos, the Eye of the Cosmos:7]
t=6 ph=3 ap=0 snaps=974 hooks=29 inst=56 rollout "Analyzer from the Cosmic Depths" Creature lvl1 hero1
t=6 ph=3 ap=0 snaps=976 hooks=29 inst=56 rollout "Analyzer from the Cosmic Depths" Creature lvl1 hero1
t=6 ph=3 ap=0 snaps=977 hooks=29 inst=56 rollout "Analyzer from the Cosmic Depths" Creature lvl1 hero1
t=6 ph=3 ap=0 snaps=984 hooks=29 inst=56 rollout "Analyzer from the Cosmic Depths" Creature lvl1 hero1
t=6 ph=3 ap=0 snaps=988 hooks=29 inst=56 leakyRollout "Analyzer from the Cosmic Depths" +3.35MB hooks=[] cards=[Wealth:21 Gatherer from the Cosmic Depths:16 Arthor, the King of Blackport:8 Analyzer from the Cosmic Depths:8 Toras, Master of all Weapons:7 Argos, the Eye of the Cosmos:7]
t=6 ph=3 ap=0 snaps=988 hooks=29 inst=56 rollout "Analyzer from the Cosmic Depths" Creature lvl1 hero1
t=6 ph=3 ap=0 snaps=991 hooks=29 inst=56 rollout "Analyzer from the Cosmic Depths" Creature lvl1 hero1
t=6 ph=3 ap=0 snaps=994 hooks=29 inst=56 rollout "Analyzer from the Cosmic Depths" Creature lvl1 hero1
t=6 ph=3 ap=0 snaps=995 hooks=29 inst=56 rollout "Analyzer from the Cosmic Depths" Creature lvl1 hero1
t=6 ph=3 ap=0 snaps=996 hooks=29 inst=56 leakyRollout "Analyzer from the Cosmic Depths" +1.56MB hooks=[] cards=[Wealth:16 Gatherer from the Cosmic Depths:14 Arthor, the King of Blackport:9 Argos, the Eye of the Cosmos:7 Analyzer from the Cosmic Depths:7 Toras, Master of all Weapons:5]
t=6 ph=3 ap=0 snaps=996 hooks=29 inst=56 rollout "Analyzer from the Cosmic Depths" Creature lvl1 hero1
t=6 ph=3 ap=0 snaps=998 hooks=29 inst=56 leakyRollout "Analyzer from the Cosmic Depths" +4.30MB hooks=[] cards=[Wealth:21 Gatherer from the Cosmic Depths:18 Arthor, the King of Blackport:9 Analyzer from the Cosmic Depths:9 Argos, the Eye of the Cosmos:7 Toras, Master of all Weapons:4]
t=6 ph=3 ap=0 snaps=998 hooks=29 inst=56 rollout "Analyzer from the Cosmic Depths" Creature lvl1 hero1
t=6 ph=3 ap=0 snaps=1006 hooks=29 inst=56 leakyRollout "Analyzer from the Cosmic Depths" +8.56MB hooks=[] cards=[Wealth:21 The Sun Sword:17 Gatherer from the Cosmic Depths:14 Toras, Master of all Weapons:10 Arthor, the King of Blackport:9 Analyzer from the Cosmic Depths:7]
t=6 ph=3 ap=0 snaps=1006 hooks=29 inst=56 rollout "Analyzer from the Cosmic Depths" Creature lvl1 hero1
t=6 ph=3 ap=0 snaps=1008 hooks=29 inst=56 rollout "Analyzer from the Cosmic Depths" Creature lvl1 hero1
t=6 ph=3 ap=0 snaps=1019 hooks=29 inst=56 rollout "Analyzer from the Cosmic Depths" Creature lvl1 hero1
t=6 ph=3 ap=0 snaps=1023 hooks=29 inst=56 leakyRollout "Analyzer from the Cosmic Depths" +2.80MB hooks=[] cards=[Wealth:21 Gatherer from the Cosmic Depths:14 Toras, Master of all Weapons:10 The Sun Sword:10 Arthor, the King of Blackport:8 Argos, the Eye of the Cosmos:7]
t=6 ph=3 ap=0 snaps=1023 hooks=29 inst=56 rollout "Analyzer from the Cosmic Depths" Creature lvl1 hero1
t=6 ph=3 ap=0 snaps=1028 hooks=29 inst=56 rollout "Analyzer from the Cosmic Depths" Creature lvl1 hero1
t=6 ph=3 ap=0 snaps=1029 hooks=29 inst=56 leakyRollout "Analyzer from the Cosmic Depths" +0.61MB hooks=[modifyPoisonDamage:1 beforeDamage:1 afterDamage:1] cards=[Wealth:24 Gatherer from the Cosmic Depths:14 Arthor, the King of Blackport:8 Argos, the Eye of the Cosmos:7 The Sun Sword:7 Analyzer from the Cosmic Depths:7]
t=6 ph=3 ap=0 snaps=1029 hooks=29 inst=56 rollout "Analyzer from the Cosmic Depths" Creature lvl1 hero1
t=6 ph=3 ap=0 snaps=1030 hooks=29 inst=56 leakyRollout "Analyzer from the Cosmic Depths" +1.19MB hooks=[] cards=[Wealth:21 Gatherer from the Cosmic Depths:14 Arthor, the King of Blackport:8 Argos, the Eye of the Cosmos:7 Analyzer from the Cosmic Depths:7 Toras, Master of all Weapons:5]
t=6 ph=3 ap=0 snaps=1030 hooks=29 inst=56 rollout "Analyzer from the Cosmic Depths" Creature lvl1 hero1
t=6 ph=3 ap=0 snaps=1032 hooks=29 inst=56 rollout "Analyzer from the Cosmic Depths" Creature lvl1 hero1
t=6 ph=3 ap=0 snaps=1033 hooks=29 inst=56 rollout "Analyzer from the Cosmic Depths" Creature lvl1 hero1
t=6 ph=3 ap=0 snaps=1035 hooks=29 inst=56 leakyRollout "Analyzer from the Cosmic Depths" +0.57MB hooks=[] cards=[Wealth:21 Gatherer from the Cosmic Depths:12 Arthor, the King of Blackport:9 Argos, the Eye of the Cosmos:7 Analyzer from the Cosmic Depths:6 Toras, Master of all Weapons:5]
t=6 ph=3 ap=0 snaps=1035 hooks=29 inst=56 rollout "Analyzer from the Cosmic Depths" Creature lvl1 hero1
t=6 ph=3 ap=0 snaps=1036 hooks=29 inst=56 rollout "Analyzer from the Cosmic Depths" Creature lvl1 hero1
t=6 ph=3 ap=0 snaps=1038 hooks=29 inst=56 rollout "Analyzer from the Cosmic Depths" Creature lvl1 hero1
t=6 ph=3 ap=0 snaps=1039 hooks=29 inst=56 rollout "Analyzer from the Cosmic Depths" Creature lvl1 hero1
t=6 ph=3 ap=0 snaps=1041 hooks=29 inst=56 rollout "Analyzer from the Cosmic Depths" Creature lvl1 hero1
t=6 ph=3 ap=0 snaps=1043 hooks=29 inst=56 leakyRollout "Analyzer from the Cosmic Depths" +2.57MB hooks=[] cards=[Wealth:16 Gatherer from the Cosmic Depths:14 Arthor, the King of Blackport:10 Toras, Master of all Weapons:9 The Sun Sword:8 Analyzer from the Cosmic Depths:8]
t=6 ph=3 ap=0 snaps=1043 hooks=29 inst=56 rollout "Analyzer from the Cosmic Depths" Creature lvl1 hero1
t=6 ph=3 ap=0 snaps=1044 hooks=29 inst=56 rollout "Analyzer from the Cosmic Depths" Creature lvl1 hero1
t=6 ph=3 ap=0 snaps=1046 hooks=29 inst=56 rollout "Analyzer from the Cosmic Depths" Creature lvl1 hero1
t=6 ph=3 ap=0 snaps=1047 hooks=29 inst=56 rollout "Analyzer from the Cosmic Depths" Creature lvl1 hero1
t=6 ph=3 ap=0 snaps=1052 hooks=29 inst=56 leakyRollout "Analyzer from the Cosmic Depths" +4.01MB hooks=[] cards=[Wealth:21 Gatherer from the Cosmic Depths:12 Arthor, the King of Blackport:10 The Sun Sword:9 Blade of the Swamp Witch:9 Argos, the Eye of the Cosmos:7]
t=6 ph=3 ap=0 snaps=1052 hooks=29 inst=56 rollout "Analyzer from the Cosmic Depths" Creature lvl1 hero1
t=6 ph=3 ap=0 snaps=1054 hooks=29 inst=56 rollout "Analyzer from the Cosmic Depths" Creature lvl1 hero1
t=6 ph=3 ap=0 snaps=1058 hooks=29 inst=56 leakyRollout "Analyzer from the Cosmic Depths" +3.52MB hooks=[] cards=[Wealth:21 Gatherer from the Cosmic Depths:12 The Sun Sword:11 Arthor, the King of Blackport:9 Toras, Master of all Weapons:8 Argos, the Eye of the Cosmos:7]
t=6 ph=3 ap=0 snaps=1058 hooks=29 inst=56 rollout "Analyzer from the Cosmic Depths" Creature lvl1 hero1
t=6 ph=3 ap=0 snaps=1062 hooks=29 inst=56 leakyRollout "Analyzer from the Cosmic Depths" +3.34MB hooks=[] cards=[Wealth:16 Gatherer from the Cosmic Depths:10 Arthor, the King of Blackport:9 Toras, Master of all Weapons:7 The Sun Sword:7 Blade of the Swamp Witch:5]
t=6 ph=3 ap=0 snaps=1062 hooks=29 inst=56 rollout "Analyzer from the Cosmic Depths" Creature lvl1 hero1
t=6 ph=3 ap=0 snaps=1067 hooks=29 inst=56 rollout "Analyzer from the Cosmic Depths" Creature lvl1 hero1
t=6 ph=3 ap=0 snaps=1069 hooks=29 inst=56 leakyRollout "Analyzer from the Cosmic Depths" +14.05MB hooks=[] cards=[Wealth:21 Arthor, the King of Blackport:10 Gatherer from the Cosmic Depths:10 Toras, Master of all Weapons:8 The Sun Sword:8 Blade of the Swamp Witch:7]
t=6 ph=3 ap=0 snaps=1069 hooks=29 inst=56 rollout "Analyzer from the Cosmic Depths" Creature lvl1 hero1
t=6 ph=3 ap=0 snaps=1072 hooks=29 inst=56 rollout "Analyzer from the Cosmic Depths" Creature lvl1 hero1
t=6 ph=3 ap=0 snaps=1077 hooks=29 inst=56 leakyRollout "Analyzer from the Cosmic Depths" +5.09MB hooks=[] cards=[Wealth:21 Gatherer from the Cosmic Depths:12 Arthor, the King of Blackport:10 Toras, Master of all Weapons:9 The Sun Sword:9 Analyzer from the Cosmic Depths:6]
t=6 ph=3 ap=0 snaps=1077 hooks=29 inst=56 rollout "Analyzer from the Cosmic Depths" Creature lvl1 hero1
t=6 ph=3 ap=0 snaps=1079 hooks=29 inst=56 rollout "Analyzer from the Cosmic Depths" Creature lvl1 hero1
t=6 ph=3 ap=0 snaps=1084 hooks=29 inst=56 leakyRollout "Analyzer from the Cosmic Depths" +5.26MB hooks=[] cards=[Wealth:21 Gatherer from the Cosmic Depths:16 Arthor, the King of Blackport:9 The Sun Sword:9 Blade of the Swamp Witch:9 Analyzer from the Cosmic Depths:8]
t=6 ph=3 ap=0 snaps=1084 hooks=29 inst=56 rollout "Analyzer from the Cosmic Depths" Creature lvl1 hero1
t=6 ph=3 ap=0 snaps=1089 hooks=29 inst=56 leakyRollout "Analyzer from the Cosmic Depths" +2.78MB hooks=[] cards=[Wealth:21 The Sun Sword:12 Gatherer from the Cosmic Depths:12 Arthor, the King of Blackport:9 Toras, Master of all Weapons:9 Blade of the Swamp Witch:9]
t=6 ph=3 ap=0 snaps=1089 hooks=29 inst=56 rollout "Analyzer from the Cosmic Depths" Creature lvl1 hero1
t=6 ph=3 ap=0 snaps=1091 hooks=29 inst=56 rollout "Analyzer from the Cosmic Depths" Creature lvl1 hero1
t=6 ph=3 ap=0 snaps=1095 hooks=29 inst=56 rollout "Analyzer from the Cosmic Depths" Creature lvl1 hero1
t=6 ph=3 ap=0 snaps=1096 hooks=29 inst=56 rollout "Analyzer from the Cosmic Depths" Creature lvl1 hero1
t=6 ph=3 ap=0 snaps=1100 hooks=29 inst=56 leakyRollout "Analyzer from the Cosmic Depths" +2.30MB hooks=[] cards=[Wealth:21 Gatherer from the Cosmic Depths:14 Arthor, the King of Blackport:8 Toras, Master of all Weapons:8 The Sun Sword:8 Argos, the Eye of the Cosmos:7]
t=6 ph=3 ap=0 snaps=1100 hooks=29 inst=56 rollout "Analyzer from the Cosmic Depths" Creature lvl1 hero1
t=6 ph=3 ap=0 snaps=1105 hooks=29 inst=56 leakyRollout "Analyzer from the Cosmic Depths" +3.39MB hooks=[] cards=[Wealth:12 Gatherer from the Cosmic Depths:12 Arthor, the King of Blackport:9 Toras, Master of all Weapons:9 Argos, the Eye of the Cosmos:7 The Sun Sword:7]
t=6 ph=3 ap=0 snaps=1105 hooks=29 inst=56 rollout "Analyzer from the Cosmic Depths" Creature lvl1 hero1
t=6 ph=3 ap=0 snaps=1107 hooks=29 inst=56 rollout "Analyzer from the Cosmic Depths" Creature lvl1 hero1
t=6 ph=3 ap=0 snaps=1108 hooks=29 inst=56 rollout "Analyzer from the Cosmic Depths" Creature lvl1 hero1
t=6 ph=3 ap=0 snaps=1110 hooks=29 inst=56 leakyRollout "Analyzer from the Cosmic Depths" +2.73MB hooks=[] cards=[Gatherer from the Cosmic Depths:16 Arthor, the King of Blackport:11 Wealth:9 Analyzer from the Cosmic Depths:8 Toras, Master of all Weapons:7 Argos, the Eye of the Cosmos:5]
t=6 ph=3 ap=0 snaps=1110 hooks=29 inst=56 rollout "Analyzer from the Cosmic Depths" Creature lvl1 hero1
t=6 ph=3 ap=0 snaps=1112 hooks=29 inst=56 leakyRollout "Analyzer from the Cosmic Depths" +3.95MB hooks=[] cards=[Wealth:21 Gatherer from the Cosmic Depths:16 The Sun Sword:11 Sacred Hammer of the Volcano:10 Arthor, the King of Blackport:9 Blade of the Swamp Witch:9]
t=6 ph=3 ap=0 snaps=1112 hooks=29 inst=56 rollout "Analyzer from the Cosmic Depths" Creature lvl1 hero1
t=6 ph=3 ap=0 snaps=1116 hooks=29 inst=56 leakyRollout "Analyzer from the Cosmic Depths" +2.73MB hooks=[] cards=[Wealth:21 Gatherer from the Cosmic Depths:14 Toras, Master of all Weapons:9 The Sun Sword:9 Arthor, the King of Blackport:8 Argos, the Eye of the Cosmos:7]
t=6 ph=3 ap=0 snaps=1116 hooks=29 inst=56 rollout "Analyzer from the Cosmic Depths" Creature lvl1 hero1
t=6 ph=3 ap=0 snaps=1117 hooks=29 inst=56 rollout "Analyzer from the Cosmic Depths" Creature lvl1 hero1
t=6 ph=3 ap=0 snaps=1118 hooks=29 inst=56 rollout "Analyzer from the Cosmic Depths" Creature lvl1 hero1
t=6 ph=3 ap=0 snaps=1120 hooks=29 inst=56 rollout "Analyzer from the Cosmic Depths" Creature lvl1 hero1
t=6 ph=3 ap=0 snaps=1122 hooks=29 inst=56 rollout "Analyzer from the Cosmic Depths" Creature lvl1 hero1
t=6 ph=3 ap=0 snaps=1123 hooks=29 inst=56 rollout "Analyzer from the Cosmic Depths" Creature lvl1 hero1
t=6 ph=3 ap=0 snaps=1124 hooks=29 inst=56 leakyRollout "Analyzer from the Cosmic Depths" +1.94MB hooks=[modifyPoisonDamage:1 beforeDamage:1 afterDamage:1] cards=[Wealth:24 Gatherer from the Cosmic Depths:14 Arthor, the King of Blackport:8 Argos, the Eye of the Cosmos:7 The Sun Sword:7 Analyzer from the Cosmic Depths:7]
t=6 ph=3 ap=0 snaps=1124 hooks=29 inst=56 rollout "Analyzer from the Cosmic Depths" Creature lvl1 hero1
t=6 ph=3 ap=0 snaps=1125 hooks=29 inst=56 leakyRollout "Analyzer from the Cosmic Depths" +1.65MB hooks=[] cards=[Wealth:16 Gatherer from the Cosmic Depths:16 Arthor, the King of Blackport:9 Analyzer from the Cosmic Depths:8 Argos, the Eye of the Cosmos:7 Toras, Master of all Weapons:4]
t=6 ph=3 ap=0 snaps=1125 hooks=29 inst=56 rollout "Analyzer from the Cosmic Depths" Creature lvl1 hero1
t=6 ph=3 ap=0 snaps=1127 hooks=29 inst=56 rollout "Analyzer from the Cosmic Depths" Creature lvl1 hero1
t=6 ph=3 ap=0 snaps=1129 hooks=29 inst=56 rollout "Analyzer from the Cosmic Depths" Creature lvl1 hero1
t=6 ph=3 ap=0 snaps=1137 hooks=29 inst=56 leakyRollout "Analyzer from the Cosmic Depths" +3.63MB hooks=[] cards=[Wealth:21 Arthor, the King of Blackport:10 Toras, Master of all Weapons:9 The Sun Sword:9 Earth-Shattering Hammer, Relic of Deri:4 Fighting:3]
t=6 ph=3 ap=0 snaps=1137 hooks=29 inst=56 rollout "Analyzer from the Cosmic Depths" Creature lvl1 hero1
t=6 ph=3 ap=0 snaps=1138 hooks=29 inst=56 leakyRollout "Analyzer from the Cosmic Depths" +2.12MB hooks=[] cards=[Wealth:21 Gatherer from the Cosmic Depths:14 Arthor, the King of Blackport:8 Argos, the Eye of the Cosmos:7 Analyzer from the Cosmic Depths:7 Shield of Life:6]
t=6 ph=3 ap=0 snaps=1138 hooks=29 inst=56 rollout "Analyzer from the Cosmic Depths" Creature lvl1 hero1
t=6 ph=3 ap=0 snaps=1139 hooks=29 inst=56 rollout "Analyzer from the Cosmic Depths" Creature lvl1 hero1
t=6 ph=3 ap=0 snaps=1142 hooks=29 inst=56 rollout "Analyzer from the Cosmic Depths" Creature lvl1 hero1
t=6 ph=3 ap=0 snaps=1143 hooks=29 inst=56 rollout "Analyzer from the Cosmic Depths" Creature lvl1 hero1
t=6 ph=3 ap=0 snaps=1150 hooks=29 inst=56 leakyRollout "Analyzer from the Cosmic Depths" +9.26MB hooks=[] cards=[Wealth:21 Gatherer from the Cosmic Depths:12 Toras, Master of all Weapons:11 The Sun Sword:11 Arthor, the King of Blackport:9 Earth-Shattering Hammer, Relic of Deri:6]
t=6 ph=3 ap=0 snaps=1150 hooks=29 inst=56 rollout "Analyzer from the Cosmic Depths" Creature lvl1 hero1
t=6 ph=3 ap=0 snaps=1152 hooks=29 inst=56 rollout "Analyzer from the Cosmic Depths" Creature lvl1 hero1
t=6 ph=3 ap=0 snaps=1153 hooks=29 inst=56 leakyRollout "Analyzer from the Cosmic Depths" +8.65MB hooks=[] cards=[Gatherer from the Cosmic Depths:20 Wealth:17 Analyzer from the Cosmic Depths:10 Arthor, the King of Blackport:9 Argos, the Eye of the Cosmos:6 Toras, Master of all Weapons:5]
t=6 ph=3 ap=0 snaps=1153 hooks=29 inst=56 rollout "Analyzer from the Cosmic Depths" Creature lvl1 hero1
t=6 ph=3 ap=0 snaps=1155 hooks=29 inst=56 rollout "Analyzer from the Cosmic Depths" Creature lvl1 hero1
t=6 ph=3 ap=0 snaps=1156 hooks=29 inst=56 leakyRollout "Analyzer from the Cosmic Depths" +0.73MB hooks=[modifyPoisonDamage:1 beforeDamage:1 afterDamage:1] cards=[Wealth:24 Gatherer from the Cosmic Depths:14 Arthor, the King of Blackport:8 Argos, the Eye of the Cosmos:7 Analyzer from the Cosmic Depths:7 The Sun Sword:6]
t=6 ph=3 ap=0 snaps=1156 hooks=29 inst=56 rollout "Analyzer from the Cosmic Depths" Creature lvl1 hero1
t=6 ph=3 ap=0 snaps=1157 hooks=29 inst=56 leakyRollout "Analyzer from the Cosmic Depths" +1.11MB hooks=[modifyPoisonDamage:1 beforeDamage:1 afterDamage:1] cards=[Wealth:24 Gatherer from the Cosmic Depths:12 Arthor, the King of Blackport:8 The Sun Sword:8 Argos, the Eye of the Cosmos:7 Analyzer from the Cosmic Depths:6]
t=6 ph=3 ap=0 snaps=1157 hooks=29 inst=56 summon "Analyzer from the Cosmic Depths" p0/h1
t=6 ph=5 ap=0 snaps=1159 hooks=38 inst=57 switchTurn ending p0
t=7 ph=2 ap=1 snaps=1159 hooks=10 inst=58 cpuTurnStart cpu=p1 hand=3
t=7 ph=5 ap=1 snaps=1211 hooks=20 inst=60 switchTurn ending p1
t=8 ph=2 ap=0 snaps=1211 hooks=10 inst=61 cpuTurnStart cpu=p0 hand=7
t=8 ph=5 ap=0 snaps=1281 hooks=42 inst=68 switchTurn ending p0
t=9 ph=2 ap=1 snaps=1281 hooks=10 inst=69 cpuTurnStart cpu=p1 hand=3
t=9 ph=5 ap=1 snaps=1291 hooks=19 inst=70 switchTurn ending p1
t=10 ph=2 ap=0 snaps=1291 hooks=10 inst=71 cpuTurnStart cpu=p0 hand=8
t=10 ph=5 ap=0 snaps=1332 hooks=21 inst=71 switchTurn ending p0
t=11 ph=2 ap=1 snaps=1332 hooks=10 inst=72 cpuTurnStart cpu=p1 hand=3
t=11 ph=5 ap=1 snaps=1338 hooks=17 inst=72 switchTurn ending p1
t=12 ph=2 ap=0 snaps=1338 hooks=10 inst=73 cpuTurnStart cpu=p0 hand=8
t=12 ph=5 ap=0 snaps=1380 hooks=18 inst=73 switchTurn ending p0
t=13 ph=2 ap=1 snaps=1380 hooks=10 inst=74 cpuTurnStart cpu=p1 hand=4
t=13 ph=5 ap=1 snaps=1390 hooks=19 inst=75 switchTurn ending p1
t=14 ph=2 ap=0 snaps=1390 hooks=10 inst=76 cpuTurnStart cpu=p0 hand=8
t=14 ph=3 ap=0 snaps=1432 hooks=17 inst=77 rollout "Analyzer from the Cosmic Depths" Creature lvl1 hero0
t=14 ph=3 ap=0 snaps=1435 hooks=17 inst=77 leakyRollout "Analyzer from the Cosmic Depths" +1.97MB hooks=[] cards=[Wealth:21 The Sun Sword:11 The Master's Sword:11 Arthor, the King of Blackport:8 Toras, Master of all Weapons:7 Blade of the Swamp Witch:5]
t=14 ph=3 ap=0 snaps=1435 hooks=17 inst=77 rollout "Analyzer from the Cosmic Depths" Creature lvl1 hero0
t=14 ph=3 ap=0 snaps=1445 hooks=17 inst=77 leakyRollout "Analyzer from the Cosmic Depths" +7.56MB hooks=[] cards=[Wealth:21 Gatherer from the Cosmic Depths:14 Analyzer from the Cosmic Depths:14 Toras, Master of all Weapons:10 The Sun Sword:10 Arthor, the King of Blackport:9]
t=14 ph=3 ap=0 snaps=1445 hooks=17 inst=77 rollout "Analyzer from the Cosmic Depths" Creature lvl1 hero0
t=14 ph=3 ap=0 snaps=1450 hooks=17 inst=77 leakyRollout "Analyzer from the Cosmic Depths" +7.87MB hooks=[] cards=[Wealth:13 Gatherer from the Cosmic Depths:12 Toras, Master of all Weapons:10 Analyzer from the Cosmic Depths:10 Arthor, the King of Blackport:9 Argos, the Eye of the Cosmos:7]
t=14 ph=3 ap=0 snaps=1450 hooks=17 inst=77 rollout "Analyzer from the Cosmic Depths" Creature lvl1 hero0
t=14 ph=3 ap=0 snaps=1459 hooks=17 inst=77 rollout "Analyzer from the Cosmic Depths" Creature lvl1 hero0
t=14 ph=3 ap=0 snaps=1464 hooks=17 inst=77 leakyRollout "Analyzer from the Cosmic Depths" +9.46MB hooks=[] cards=[Wealth:21 Gatherer from the Cosmic Depths:18 Analyzer from the Cosmic Depths:16 Arthor, the King of Blackport:9 The Sun Sword:8 Toras, Master of all Weapons:7]
t=14 ph=3 ap=0 snaps=1464 hooks=17 inst=77 rollout "Analyzer from the Cosmic Depths" Creature lvl1 hero0
t=14 ph=3 ap=0 snaps=1468 hooks=17 inst=77 rollout "Analyzer from the Cosmic Depths" Creature lvl1 hero0
t=14 ph=3 ap=0 snaps=1476 hooks=17 inst=77 leakyRollout "Analyzer from the Cosmic Depths" +1.92MB hooks=[] cards=[The Sun Sword:17 Gatherer from the Cosmic Depths:17 Analyzer from the Cosmic Depths:15 Toras, Master of all Weapons:13 Wealth:13 Arthor, the King of Blackport:11]
t=14 ph=3 ap=0 snaps=1476 hooks=17 inst=77 rollout "Analyzer from the Cosmic Depths" Creature lvl1 hero0
t=14 ph=3 ap=0 snaps=1480 hooks=17 inst=77 leakyRollout "Analyzer from the Cosmic Depths" +5.50MB hooks=[] cards=[Wealth:20 Gatherer from the Cosmic Depths:12 Analyzer from the Cosmic Depths:12 Arthor, the King of Blackport:9 Toras, Master of all Weapons:7 Argos, the Eye of the Cosmos:7]
t=14 ph=3 ap=0 snaps=1480 hooks=17 inst=77 rollout "Analyzer from the Cosmic Depths" Creature lvl1 hero0
t=14 ph=3 ap=0 snaps=1490 hooks=17 inst=77 leakyRollout "Analyzer from the Cosmic Depths" +3.25MB hooks=[] cards=[Wealth:21 Gatherer from the Cosmic Depths:19 Analyzer from the Cosmic Depths:18 Toras, Master of all Weapons:12 The Sun Sword:12 Arthor, the King of Blackport:8]
t=14 ph=3 ap=0 snaps=1490 hooks=17 inst=77 rollout "Analyzer from the Cosmic Depths" Creature lvl1 hero0
t=14 ph=3 ap=0 snaps=1498 hooks=17 inst=77 rollout "Analyzer from the Cosmic Depths" Creature lvl1 hero0
t=14 ph=3 ap=0 snaps=1505 hooks=17 inst=77 rollout "Analyzer from the Cosmic Depths" Creature lvl1 hero0
t=14 ph=3 ap=0 snaps=1511 hooks=17 inst=77 leakyRollout "Analyzer from the Cosmic Depths" +0.65MB hooks=[] cards=[Gatherer from the Cosmic Depths:34 Analyzer from the Cosmic Depths:26 Wealth:13 Toras, Master of all Weapons:12 Arthor, the King of Blackport:9 The Sun Sword:9]
t=14 ph=3 ap=0 snaps=1511 hooks=17 inst=77 rollout "Analyzer from the Cosmic Depths" Creature lvl1 hero0
t=14 ph=3 ap=0 snaps=1518 hooks=17 inst=77 leakyRollout "Analyzer from the Cosmic Depths" +2.75MB hooks=[] cards=[The Sun Sword:21 Wealth:17 Analyzer from the Cosmic Depths:17 Gatherer from the Cosmic Depths:14 Toras, Master of all Weapons:13 Arthor, the King of Blackport:11]
t=14 ph=3 ap=0 snaps=1518 hooks=17 inst=77 rollout "Analyzer from the Cosmic Depths" Creature lvl1 hero0
t=14 ph=3 ap=0 snaps=1532 hooks=17 inst=77 leakyRollout "Analyzer from the Cosmic Depths" +7.25MB hooks=[] cards=[Wealth:21 Analyzer from the Cosmic Depths:14 Gatherer from the Cosmic Depths:13 The Sun Sword:10 Arthor, the King of Blackport:9 Toras, Master of all Weapons:9]
t=14 ph=3 ap=0 snaps=1532 hooks=17 inst=77 rollout "Analyzer from the Cosmic Depths" Creature lvl1 hero0
t=14 ph=3 ap=0 snaps=1535 hooks=17 inst=77 leakyRollout "Analyzer from the Cosmic Depths" +4.48MB hooks=[] cards=[Wealth:21 Gatherer from the Cosmic Depths:12 Analyzer from the Cosmic Depths:12 Toras, Master of all Weapons:10 The Sun Sword:10 Arthor, the King of Blackport:8]
t=14 ph=3 ap=0 snaps=1535 hooks=17 inst=77 rollout "Analyzer from the Cosmic Depths" Creature lvl1 hero0
t=14 ph=3 ap=0 snaps=1540 hooks=17 inst=77 rollout "Analyzer from the Cosmic Depths" Creature lvl1 hero0
t=14 ph=3 ap=0 snaps=1548 hooks=17 inst=77 rollout "Analyzer from the Cosmic Depths" Creature lvl1 hero0
t=14 ph=3 ap=0 snaps=1553 hooks=17 inst=77 leakyRollout "Analyzer from the Cosmic Depths" +4.64MB hooks=[] cards=[Wealth:21 Gatherer from the Cosmic Depths:10 Arthor, the King of Blackport:8 Analyzer from the Cosmic Depths:8 Argos, the Eye of the Cosmos:7 Toras, Master of all Weapons:6]
t=14 ph=3 ap=0 snaps=1553 hooks=17 inst=77 rollout "Analyzer from the Cosmic Depths" Creature lvl1 hero0
t=14 ph=3 ap=0 snaps=1558 hooks=17 inst=77 leakyRollout "Analyzer from the Cosmic Depths" +6.13MB hooks=[] cards=[Wealth:21 Gatherer from the Cosmic Depths:16 Analyzer from the Cosmic Depths:14 The Sun Sword:10 Arthor, the King of Blackport:9 Toras, Master of all Weapons:9]
t=14 ph=3 ap=0 snaps=1558 hooks=17 inst=77 rollout "Analyzer from the Cosmic Depths" Creature lvl1 hero0
t=14 ph=3 ap=0 snaps=1563 hooks=17 inst=77 rollout "Analyzer from the Cosmic Depths" Creature lvl1 hero0
t=14 ph=3 ap=0 snaps=1566 hooks=17 inst=77 leakyRollout "Analyzer from the Cosmic Depths" +4.70MB hooks=[] cards=[Gatherer from the Cosmic Depths:25 Wealth:21 Analyzer from the Cosmic Depths:18 Toras, Master of all Weapons:9 The Sun Sword:9 Arthor, the King of Blackport:8]
t=14 ph=3 ap=0 snaps=1566 hooks=17 inst=77 rollout "Analyzer from the Cosmic Depths" Creature lvl1 hero0
t=14 ph=3 ap=0 snaps=1571 hooks=17 inst=77 leakyRollout "Analyzer from the Cosmic Depths" +3.48MB hooks=[] cards=[Wealth:21 The Sun Sword:11 The Master's Sword:11 Arthor, the King of Blackport:10 Toras, Master of all Weapons:8 Blade of the Frostbringer:8]
t=14 ph=3 ap=0 snaps=1571 hooks=17 inst=77 rollout "Analyzer from the Cosmic Depths" Creature lvl1 hero0
t=14 ph=3 ap=0 snaps=1578 hooks=17 inst=77 rollout "Analyzer from the Cosmic Depths" Creature lvl1 hero0
t=14 ph=3 ap=0 snaps=1587 hooks=17 inst=77 leakyRollout "Analyzer from the Cosmic Depths" +1.38MB hooks=[modifyPoisonDamage:1 beforeDamage:1 afterDamage:1] cards=[Wealth:24 Gatherer from the Cosmic Depths:18 Analyzer from the Cosmic Depths:18 The Sun Sword:13 Toras, Master of all Weapons:12 Arthor, the King of Blackport:9]
t=14 ph=3 ap=0 snaps=1587 hooks=17 inst=77 rollout "Analyzer from the Cosmic Depths" Creature lvl1 hero0
t=14 ph=3 ap=0 snaps=1591 hooks=17 inst=77 leakyRollout "Analyzer from the Cosmic Depths" +5.12MB hooks=[] cards=[Wealth:21 Gatherer from the Cosmic Depths:15 Analyzer from the Cosmic Depths:12 Toras, Master of all Weapons:11 The Sun Sword:11 Arthor, the King of Blackport:8]
t=14 ph=3 ap=0 snaps=1591 hooks=17 inst=77 rollout "Analyzer from the Cosmic Depths" Creature lvl1 hero0
t=14 ph=3 ap=0 snaps=1593 hooks=17 inst=77 leakyRollout "Analyzer from the Cosmic Depths" +2.48MB hooks=[] cards=[Wealth:21 Analyzer from the Cosmic Depths:12 Gatherer from the Cosmic Depths:11 Arthor, the King of Blackport:9 The Sun Sword:9 Toras, Master of all Weapons:8]
t=14 ph=3 ap=0 snaps=1593 hooks=17 inst=77 rollout "Analyzer from the Cosmic Depths" Creature lvl1 hero0
t=14 ph=3 ap=0 snaps=1602 hooks=17 inst=77 rollout "Analyzer from the Cosmic Depths" Creature lvl1 hero0
t=14 ph=3 ap=0 snaps=1608 hooks=17 inst=77 leakyRollout "Analyzer from the Cosmic Depths" +2.86MB hooks=[] cards=[Gatherer from the Cosmic Depths:27 Analyzer from the Cosmic Depths:26 Wealth:21 Toras, Master of all Weapons:10 The Sun Sword:10 Arthor, the King of Blackport:8]
t=14 ph=3 ap=0 snaps=1608 hooks=17 inst=77 rollout "Analyzer from the Cosmic Depths" Creature lvl1 hero0
t=14 ph=3 ap=0 snaps=1611 hooks=17 inst=77 leakyRollout "Analyzer from the Cosmic Depths" +4.73MB hooks=[] cards=[Wealth:21 Gatherer from the Cosmic Depths:16 Analyzer from the Cosmic Depths:14 Toras, Master of all Weapons:9 The Sun Sword:9 Arthor, the King of Blackport:8]
t=14 ph=3 ap=0 snaps=1611 hooks=17 inst=77 rollout "Analyzer from the Cosmic Depths" Creature lvl1 hero0
t=14 ph=3 ap=0 snaps=1620 hooks=17 inst=77 rollout "Analyzer from the Cosmic Depths" Creature lvl1 hero0
t=14 ph=3 ap=0 snaps=1631 hooks=17 inst=77 leakyRollout "Analyzer from the Cosmic Depths" +2.13MB hooks=[] cards=[Wealth:21 Analyzer from the Cosmic Depths:18 Gatherer from the Cosmic Depths:16 Toras, Master of all Weapons:12 The Sun Sword:12 Arthor, the King of Blackport:8]
t=14 ph=3 ap=0 snaps=1631 hooks=17 inst=77 rollout "Analyzer from the Cosmic Depths" Creature lvl1 hero0
t=14 ph=3 ap=0 snaps=1641 hooks=17 inst=77 rollout "Analyzer from the Cosmic Depths" Creature lvl1 hero0
t=14 ph=3 ap=0 snaps=1645 hooks=17 inst=77 rollout "Analyzer from the Cosmic Depths" Creature lvl1 hero0
t=14 ph=3 ap=0 snaps=1650 hooks=17 inst=77 leakyRollout "Analyzer from the Cosmic Depths" +5.59MB hooks=[modifyPoisonDamage:1 beforeDamage:1 afterDamage:1] cards=[Wealth:24 The Sun Sword:11 Toras, Master of all Weapons:10 Gatherer from the Cosmic Depths:10 Analyzer from the Cosmic Depths:10 Arthor, the King of Blackport:9]
t=14 ph=3 ap=0 snaps=1650 hooks=17 inst=77 rollout "Analyzer from the Cosmic Depths" Creature lvl1 hero0
t=14 ph=3 ap=0 snaps=1654 hooks=17 inst=77 rollout "Analyzer from the Cosmic Depths" Creature lvl1 hero0
t=14 ph=3 ap=0 snaps=1662 hooks=17 inst=77 leakyRollout "Analyzer from the Cosmic Depths" +11.87MB hooks=[] cards=[Wealth:21 Gatherer from the Cosmic Depths:13 Analyzer from the Cosmic Depths:12 Arthor, the King of Blackport:9 The Sun Sword:9 Toras, Master of all Weapons:8]
t=14 ph=3 ap=0 snaps=1662 hooks=17 inst=77 rollout "Analyzer from the Cosmic Depths" Creature lvl1 hero0
t=14 ph=3 ap=0 snaps=1668 hooks=17 inst=77 rollout "Analyzer from the Cosmic Depths" Creature lvl1 hero0
t=14 ph=3 ap=0 snaps=1672 hooks=17 inst=77 rollout "Analyzer from the Cosmic Depths" Creature lvl1 hero0
t=14 ph=3 ap=0 snaps=1683 hooks=17 inst=77 leakyRollout "Analyzer from the Cosmic Depths" +5.01MB hooks=[] cards=[Wealth:21 Analyzer from the Cosmic Depths:20 Gatherer from the Cosmic Depths:19 The Sun Sword:10 Arthor, the King of Blackport:9 Toras, Master of all Weapons:9]
t=14 ph=3 ap=0 snaps=1683 hooks=17 inst=77 rollout "Analyzer from the Cosmic Depths" Creature lvl1 hero0
t=14 ph=3 ap=0 snaps=1686 hooks=17 inst=77 leakyRollout "Analyzer from the Cosmic Depths" +4.98MB hooks=[] cards=[Wealth:21 Gatherer from the Cosmic Depths:18 Analyzer from the Cosmic Depths:14 Arthor, the King of Blackport:8 Argos, the Eye of the Cosmos:7 Toras, Master of all Weapons:6]
t=14 ph=3 ap=0 snaps=1686 hooks=17 inst=77 rollout "Analyzer from the Cosmic Depths" Creature lvl1 hero0
t=14 ph=3 ap=0 snaps=1697 hooks=17 inst=77 leakyRollout "Analyzer from the Cosmic Depths" +0.52MB hooks=[] cards=[Wealth:20 Gatherer from the Cosmic Depths:15 The Sun Sword:13 Toras, Master of all Weapons:12 Arthor, the King of Blackport:10 Analyzer from the Cosmic Depths:9]
t=14 ph=3 ap=0 snaps=1697 hooks=17 inst=77 rollout "Analyzer from the Cosmic Depths" Creature lvl1 hero0
t=14 ph=3 ap=0 snaps=1704 hooks=17 inst=77 rollout "Analyzer from the Cosmic Depths" Creature lvl1 hero0
t=14 ph=3 ap=0 snaps=1710 hooks=17 inst=77 leakyRollout "Analyzer from the Cosmic Depths" +10.56MB hooks=[] cards=[Wealth:21 Analyzer from the Cosmic Depths:14 Gatherer from the Cosmic Depths:13 Arthor, the King of Blackport:9 Argos, the Eye of the Cosmos:7 The Sun Sword:7]
t=14 ph=3 ap=0 snaps=1710 hooks=17 inst=77 rollout "Analyzer from the Cosmic Depths" Creature lvl1 hero0
t=14 ph=3 ap=0 snaps=1714 hooks=17 inst=77 rollout "Analyzer from the Cosmic Depths" Creature lvl1 hero0
t=14 ph=3 ap=0 snaps=1717 hooks=17 inst=77 leakyRollout "Analyzer from the Cosmic Depths" +5.40MB hooks=[] cards=[Wealth:21 Analyzer from the Cosmic Depths:13 Gatherer from the Cosmic Depths:12 Arthor, the King of Blackport:10 Toras, Master of all Weapons:8 The Sun Sword:8]
t=14 ph=3 ap=0 snaps=1717 hooks=17 inst=77 rollout "Analyzer from the Cosmic Depths" Creature lvl1 hero0
t=14 ph=3 ap=0 snaps=1718 hooks=17 inst=77 rollout "Analyzer from the Cosmic Depths" Creature lvl1 hero0
t=14 ph=3 ap=0 snaps=1722 hooks=17 inst=77 rollout "Analyzer from the Cosmic Depths" Creature lvl1 hero0
t=14 ph=3 ap=0 snaps=1726 hooks=17 inst=77 leakyRollout "Analyzer from the Cosmic Depths" +6.12MB hooks=[] cards=[Wealth:21 Gatherer from the Cosmic Depths:12 Analyzer from the Cosmic Depths:11 Toras, Master of all Weapons:10 The Sun Sword:10 Arthor, the King of Blackport:9]
t=14 ph=3 ap=0 snaps=1726 hooks=17 inst=77 rollout "Analyzer from the Cosmic Depths" Creature lvl1 hero0
t=14 ph=3 ap=0 snaps=1732 hooks=17 inst=77 rollout "Analyzer from the Cosmic Depths" Creature lvl1 hero0
t=14 ph=3 ap=0 snaps=1736 hooks=17 inst=77 leakyRollout "Analyzer from the Cosmic Depths" +2.64MB hooks=[modifyPoisonDamage:1 beforeDamage:1 afterDamage:1] cards=[Wealth:24 Arthor, the King of Blackport:9 Gatherer from the Cosmic Depths:8 Analyzer from the Cosmic Depths:8 Argos, the Eye of the Cosmos:7 The Sun Sword:7]
t=14 ph=3 ap=0 snaps=1736 hooks=17 inst=77 rollout "Analyzer from the Cosmic Depths" Creature lvl1 hero0
t=14 ph=3 ap=0 snaps=1738 hooks=17 inst=77 leakyRollout "Analyzer from the Cosmic Depths" +4.97MB hooks=[] cards=[Wealth:21 Gatherer from the Cosmic Depths:16 Analyzer from the Cosmic Depths:16 Arthor, the King of Blackport:9 Toras, Master of all Weapons:8 The Sun Sword:8]
t=14 ph=3 ap=0 snaps=1738 hooks=17 inst=77 rollout "Analyzer from the Cosmic Depths" Creature lvl1 hero0
t=14 ph=3 ap=0 snaps=1743 hooks=17 inst=77 leakyRollout "Analyzer from the Cosmic Depths" +4.51MB hooks=[] cards=[Wealth:21 Arthor, the King of Blackport:9 Gatherer from the Cosmic Depths:8 Analyzer from the Cosmic Depths:8 Toras, Master of all Weapons:7 Argos, the Eye of the Cosmos:7]
t=14 ph=3 ap=0 snaps=1743 hooks=17 inst=77 rollout "Analyzer from the Cosmic Depths" Creature lvl1 hero0
t=14 ph=3 ap=0 snaps=1747 hooks=17 inst=77 rollout "Analyzer from the Cosmic Depths" Creature lvl1 hero0
t=14 ph=3 ap=0 snaps=1753 hooks=17 inst=77 leakyRollout "Analyzer from the Cosmic Depths" +8.80MB hooks=[modifyPoisonDamage:1 beforeDamage:1 afterDamage:1] cards=[Wealth:24 Gatherer from the Cosmic Depths:14 Analyzer from the Cosmic Depths:12 Arthor, the King of Blackport:8 The Sun Sword:8 Argos, the Eye of the Cosmos:7]
t=14 ph=3 ap=0 snaps=1753 hooks=17 inst=77 rollout "Analyzer from the Cosmic Depths" Creature lvl1 hero0
t=14 ph=3 ap=0 snaps=1761 hooks=17 inst=77 rollout "Analyzer from the Cosmic Depths" Creature lvl1 hero0
t=14 ph=3 ap=0 snaps=1762 hooks=17 inst=77 leakyRollout "Analyzer from the Cosmic Depths" +3.36MB hooks=[] cards=[Wealth:21 Gatherer from the Cosmic Depths:14 Analyzer from the Cosmic Depths:14 Toras, Master of all Weapons:10 The Sun Sword:10 Arthor, the King of Blackport:8]
t=14 ph=3 ap=0 snaps=1762 hooks=17 inst=77 rollout "Analyzer from the Cosmic Depths" Creature lvl1 hero0
t=14 ph=3 ap=0 snaps=1771 hooks=17 inst=77 rollout "Analyzer from the Cosmic Depths" Creature lvl1 hero0
t=14 ph=3 ap=0 snaps=1772 hooks=17 inst=77 leakyRollout "Analyzer from the Cosmic Depths" +0.94MB hooks=[modifyPoisonDamage:1 beforeDamage:1 afterDamage:1] cards=[Wealth:24 Gatherer from the Cosmic Depths:12 Analyzer from the Cosmic Depths:12 Arthor, the King of Blackport:8 The Sun Sword:8 Toras, Master of all Weapons:7]
t=14 ph=3 ap=0 snaps=1772 hooks=17 inst=77 rollout "Analyzer from the Cosmic Depths" Creature lvl1 hero0
t=14 ph=3 ap=0 snaps=1781 hooks=17 inst=77 rollout "Analyzer from the Cosmic Depths" Creature lvl1 hero0
t=14 ph=3 ap=0 snaps=1795 hooks=17 inst=77 rollout "Analyzer from the Cosmic Depths" Creature lvl1 hero0
t=14 ph=3 ap=0 snaps=1804 hooks=17 inst=77 leakyRollout "Analyzer from the Cosmic Depths" +1.88MB hooks=[] cards=[Gatherer from the Cosmic Depths:27 Wealth:21 Analyzer from the Cosmic Depths:20 Arthor, the King of Blackport:8 Toras, Master of all Weapons:7 Argos, the Eye of the Cosmos:7]
t=14 ph=3 ap=0 snaps=1804 hooks=17 inst=77 rollout "Analyzer from the Cosmic Depths" Creature lvl1 hero0
t=14 ph=3 ap=0 snaps=1809 hooks=17 inst=77 rollout "Analyzer from the Cosmic Depths" Creature lvl1 hero0
t=14 ph=3 ap=0 snaps=1813 hooks=17 inst=77 leakyRollout "Analyzer from the Cosmic Depths" +6.52MB hooks=[] cards=[Wealth:21 Gatherer from the Cosmic Depths:20 Analyzer from the Cosmic Depths:18 The Sun Sword:11 Toras, Master of all Weapons:10 Arthor, the King of Blackport:9]
t=14 ph=3 ap=0 snaps=1813 hooks=17 inst=77 rollout "Analyzer from the Cosmic Depths" Creature lvl1 hero0
t=14 ph=3 ap=0 snaps=1817 hooks=17 inst=77 rollout "Analyzer from the Cosmic Depths" Creature lvl1 hero0
t=14 ph=3 ap=0 snaps=1821 hooks=17 inst=77 leakyRollout "Analyzer from the Cosmic Depths" +5.85MB hooks=[modifyPoisonDamage:1 beforeDamage:1 afterDamage:1] cards=[Wealth:24 Gatherer from the Cosmic Depths:15 Analyzer from the Cosmic Depths:12 The Sun Sword:9 Arthor, the King of Blackport:8 Toras, Master of all Weapons:7]
t=14 ph=3 ap=0 snaps=1821 hooks=17 inst=77 rollout "Analyzer from the Cosmic Depths" Creature lvl1 hero0
t=14 ph=3 ap=0 snaps=1826 hooks=17 inst=77 rollout "Analyzer from the Cosmic Depths" Creature lvl1 hero0
t=14 ph=3 ap=0 snaps=1832 hooks=17 inst=77 leakyRollout "Analyzer from the Cosmic Depths" +10.68MB hooks=[] cards=[Wealth:21 Analyzer from the Cosmic Depths:16 Gatherer from the Cosmic Depths:13 The Sun Sword:10 Arthor, the King of Blackport:9 Toras, Master of all Weapons:9]
t=14 ph=3 ap=0 snaps=1832 hooks=17 inst=77 rollout "Analyzer from the Cosmic Depths" Creature lvl1 hero0
t=14 ph=3 ap=0 snaps=1837 hooks=17 inst=77 rollout "Analyzer from the Cosmic Depths" Creature lvl1 hero0
t=14 ph=3 ap=0 snaps=1848 hooks=17 inst=77 leakyRollout "Analyzer from the Cosmic Depths" +4.90MB hooks=[] cards=[Wealth:21 Gatherer from the Cosmic Depths:18 Analyzer from the Cosmic Depths:17 Toras, Master of all Weapons:16 The Sun Sword:16 Arthor, the King of Blackport:10]
t=14 ph=3 ap=0 snaps=1848 hooks=17 inst=77 rollout "Analyzer from the Cosmic Depths" Creature lvl1 hero0
t=14 ph=3 ap=0 snaps=1861 hooks=17 inst=77 leakyRollout "Analyzer from the Cosmic Depths" +5.68MB hooks=[modifyPoisonDamage:1 beforeDamage:1 afterDamage:1] cards=[Wealth:24 Analyzer from the Cosmic Depths:12 Gatherer from the Cosmic Depths:11 Arthor, the King of Blackport:9 The Sun Sword:8 Argos, the Eye of the Cosmos:7]
t=14 ph=3 ap=0 snaps=1861 hooks=17 inst=77 rollout "Analyzer from the Cosmic Depths" Creature lvl1 hero0
t=14 ph=3 ap=0 snaps=1872 hooks=17 inst=77 rollout "Analyzer from the Cosmic Depths" Creature lvl1 hero0
t=14 ph=3 ap=0 snaps=1879 hooks=17 inst=77 rollout "Analyzer from the Cosmic Depths" Creature lvl1 hero0
t=14 ph=3 ap=0 snaps=1885 hooks=17 inst=77 leakyRollout "Analyzer from the Cosmic Depths" +7.26MB hooks=[modifyPoisonDamage:1 beforeDamage:1 afterDamage:1] cards=[Wealth:24 Analyzer from the Cosmic Depths:12 Gatherer from the Cosmic Depths:11 The Sun Sword:9 Arthor, the King of Blackport:8 Toras, Master of all Weapons:8]
t=14 ph=3 ap=0 snaps=1885 hooks=17 inst=77 rollout "Analyzer from the Cosmic Depths" Creature lvl1 hero0
t=14 ph=3 ap=0 snaps=1890 hooks=17 inst=77 rollout "Analyzer from the Cosmic Depths" Creature lvl1 hero0
t=14 ph=3 ap=0 snaps=1901 hooks=17 inst=77 leakyRollout "Analyzer from the Cosmic Depths" +1.18MB hooks=[] cards=[Wealth:21 Gatherer from the Cosmic Depths:14 Analyzer from the Cosmic Depths:13 Arthor, the King of Blackport:10 Toras, Master of all Weapons:9 The Sun Sword:9]
t=14 ph=3 ap=0 snaps=1901 hooks=17 inst=77 rollout "Analyzer from the Cosmic Depths" Creature lvl1 hero0
t=14 ph=3 ap=0 snaps=1906 hooks=17 inst=77 rollout "Analyzer from the Cosmic Depths" Creature lvl1 hero0
t=14 ph=3 ap=0 snaps=1911 hooks=17 inst=77 leakyRollout "Analyzer from the Cosmic Depths" +13.21MB hooks=[] cards=[Gatherer from the Cosmic Depths:23 Wealth:21 Analyzer from the Cosmic Depths:18 The Sun Sword:14 Toras, Master of all Weapons:13 Arthor, the King of Blackport:9]
t=14 ph=3 ap=0 snaps=1911 hooks=17 inst=77 rollout "Analyzer from the Cosmic Depths" Creature lvl1 hero0
t=14 ph=3 ap=0 snaps=1916 hooks=17 inst=77 rollout "Analyzer from the Cosmic Depths" Creature lvl1 hero0
t=14 ph=3 ap=0 snaps=1923 hooks=17 inst=77 rollout "Analyzer from the Cosmic Depths" Creature lvl1 hero0
t=14 ph=3 ap=0 snaps=1931 hooks=17 inst=77 summon "Analyzer from the Cosmic Depths" p0/h0
t=14 ph=5 ap=0 snaps=1953 hooks=26 inst=78 switchTurn ending p0
t=15 ph=2 ap=1 snaps=1953 hooks=10 inst=79 cpuTurnStart cpu=p1 hand=4
t=15 ph=5 ap=1 snaps=1963 hooks=19 inst=80 switchTurn ending p1
t=16 ph=2 ap=0 snaps=1963 hooks=10 inst=81 cpuTurnStart cpu=p0 hand=7
t=16 ph=3 ap=0 snaps=2010 hooks=17 inst=82 rollout "Gatherer from the Cosmic Depths" Creature lvl2 hero0
t=16 ph=3 ap=0 snaps=2013 hooks=17 inst=82 leakyRollout "Gatherer from the Cosmic Depths" +2.04MB hooks=[] cards=[Wealth:21 Arthor, the King of Blackport:10 The Master's Sword:10 The Sun Sword:9 Gatherer from the Cosmic Depths:9 Toras, Master of all Weapons:6]
t=16 ph=3 ap=0 snaps=2013 hooks=17 inst=82 rollout "Gatherer from the Cosmic Depths" Creature lvl2 hero0
t=16 ph=3 ap=0 snaps=2017 hooks=17 inst=82 leakyRollout "Gatherer from the Cosmic Depths" +4.73MB hooks=[] cards=[Wealth:16 Gatherer from the Cosmic Depths:13 Arthor, the King of Blackport:11 Toras, Master of all Weapons:11 The Sun Sword:11 The Master's Sword:10]
t=16 ph=3 ap=0 snaps=2017 hooks=17 inst=82 rollout "Gatherer from the Cosmic Depths" Creature lvl2 hero0
t=16 ph=3 ap=0 snaps=2021 hooks=17 inst=82 leakyRollout "Gatherer from the Cosmic Depths" +2.61MB hooks=[] cards=[Wealth:21 Arthor, the King of Blackport:10 Gatherer from the Cosmic Depths:9 The Sun Sword:8 The Master's Sword:8 Argos, the Eye of the Cosmos:7]
t=16 ph=3 ap=0 snaps=2021 hooks=17 inst=82 rollout "Gatherer from the Cosmic Depths" Creature lvl2 hero0
t=16 ph=3 ap=0 snaps=2025 hooks=17 inst=82 leakyRollout "Gatherer from the Cosmic Depths" +4.81MB hooks=[] cards=[Wealth:20 Gatherer from the Cosmic Depths:12 Arthor, the King of Blackport:10 The Master's Sword:9 Analyzer from the Cosmic Depths:8 Argos, the Eye of the Cosmos:7]
t=16 ph=3 ap=0 snaps=2025 hooks=17 inst=82 rollout "Gatherer from the Cosmic Depths" Creature lvl2 hero0
t=16 ph=3 ap=0 snaps=2028 hooks=17 inst=82 leakyRollout "Gatherer from the Cosmic Depths" +1.15MB hooks=[] cards=[Wealth:21 Gatherer from the Cosmic Depths:12 Arthor, the King of Blackport:9 The Sun Sword:9 Analyzer from the Cosmic Depths:8 The Master's Sword:8]
t=16 ph=3 ap=0 snaps=2028 hooks=17 inst=82 rollout "Gatherer from the Cosmic Depths" Creature lvl2 hero0
t=16 ph=3 ap=0 snaps=2032 hooks=17 inst=82 rollout "Gatherer from the Cosmic Depths" Creature lvl2 hero0
t=16 ph=3 ap=0 snaps=2037 hooks=17 inst=82 leakyRollout "Gatherer from the Cosmic Depths" +11.08MB hooks=[] cards=[Gatherer from the Cosmic Depths:30 Wealth:21 Analyzer from the Cosmic Depths:20 Arthor, the King of Blackport:10 The Sun Sword:9 The Master's Sword:8]
t=16 ph=3 ap=0 snaps=2037 hooks=17 inst=82 rollout "Gatherer from the Cosmic Depths" Creature lvl2 hero0
t=16 ph=3 ap=0 snaps=2040 hooks=17 inst=82 rollout "Gatherer from the Cosmic Depths" Creature lvl2 hero0
t=16 ph=3 ap=0 snaps=2045 hooks=17 inst=82 rollout "Gatherer from the Cosmic Depths" Creature lvl2 hero0
t=16 ph=3 ap=0 snaps=2049 hooks=17 inst=82 rollout "Gatherer from the Cosmic Depths" Creature lvl2 hero0
t=16 ph=3 ap=0 snaps=2052 hooks=17 inst=82 leakyRollout "Gatherer from the Cosmic Depths" +3.54MB hooks=[] cards=[Wealth:21 Gatherer from the Cosmic Depths:15 The Sun Sword:11 Analyzer from the Cosmic Depths:10 Arthor, the King of Blackport:9 Toras, Master of all Weapons:8]
t=16 ph=3 ap=0 snaps=2052 hooks=17 inst=82 rollout "Gatherer from the Cosmic Depths" Creature lvl2 hero0
t=16 ph=3 ap=0 snaps=2057 hooks=17 inst=82 leakyRollout "Gatherer from the Cosmic Depths" +7.73MB hooks=[] cards=[Gatherer from the Cosmic Depths:24 Wealth:21 Analyzer from the Cosmic Depths:18 The Sun Sword:12 Arthor, the King of Blackport:10 Toras, Master of all Weapons:8]
t=16 ph=3 ap=0 snaps=2057 hooks=17 inst=82 rollout "Gatherer from the Cosmic Depths" Creature lvl2 hero0
t=16 ph=3 ap=0 snaps=2062 hooks=17 inst=82 rollout "Gatherer from the Cosmic Depths" Creature lvl2 hero0
t=16 ph=3 ap=0 snaps=2065 hooks=17 inst=82 leakyRollout "Gatherer from the Cosmic Depths" +4.37MB hooks=[] cards=[Wealth:21 Gatherer from the Cosmic Depths:15 The Sun Sword:10 Analyzer from the Cosmic Depths:10 Arthor, the King of Blackport:9 The Master's Sword:8]
t=16 ph=3 ap=0 snaps=2065 hooks=17 inst=82 rollout "Gatherer from the Cosmic Depths" Creature lvl2 hero0
t=16 ph=3 ap=0 snaps=2068 hooks=17 inst=82 rollout "Gatherer from the Cosmic Depths" Creature lvl2 hero0
t=16 ph=3 ap=0 snaps=2071 hooks=17 inst=82 leakyRollout "Gatherer from the Cosmic Depths" +4.48MB hooks=[] cards=[Wealth:21 Gatherer from the Cosmic Depths:15 Analyzer from the Cosmic Depths:10 Arthor, the King of Blackport:9 The Sun Sword:8 The Master's Sword:8]
t=16 ph=3 ap=0 snaps=2071 hooks=17 inst=82 rollout "Gatherer from the Cosmic Depths" Creature lvl2 hero0
t=16 ph=3 ap=0 snaps=2079 hooks=17 inst=82 rollout "Gatherer from the Cosmic Depths" Creature lvl2 hero0
t=16 ph=3 ap=0 snaps=2082 hooks=17 inst=82 rollout "Gatherer from the Cosmic Depths" Creature lvl2 hero0
t=16 ph=3 ap=0 snaps=2086 hooks=17 inst=82 leakyRollout "Gatherer from the Cosmic Depths" +4.12MB hooks=[] cards=[Wealth:21 Gatherer from the Cosmic Depths:12 Arthor, the King of Blackport:10 The Sun Sword:8 Analyzer from the Cosmic Depths:8 The Master's Sword:8]
t=16 ph=3 ap=0 snaps=2086 hooks=17 inst=82 rollout "Gatherer from the Cosmic Depths" Creature lvl2 hero0
t=16 ph=3 ap=0 snaps=2090 hooks=17 inst=82 rollout "Gatherer from the Cosmic Depths" Creature lvl2 hero0
t=16 ph=3 ap=0 snaps=2094 hooks=17 inst=82 leakyRollout "Gatherer from the Cosmic Depths" +5.02MB hooks=[] cards=[Gatherer from the Cosmic Depths:39 Analyzer from the Cosmic Depths:26 Wealth:13 The Sun Sword:12 Arthor, the King of Blackport:11 Toras, Master of all Weapons:10]
t=16 ph=3 ap=0 snaps=2094 hooks=17 inst=82 rollout "Gatherer from the Cosmic Depths" Creature lvl2 hero0
t=16 ph=3 ap=0 snaps=2102 hooks=17 inst=82 rollout "Gatherer from the Cosmic Depths" Creature lvl2 hero0
t=16 ph=3 ap=0 snaps=2110 hooks=17 inst=82 rollout "Gatherer from the Cosmic Depths" Creature lvl2 hero0
t=16 ph=3 ap=0 snaps=2114 hooks=17 inst=82 leakyRollout "Gatherer from the Cosmic Depths" +7.97MB hooks=[] cards=[Gatherer from the Cosmic Depths:18 Wealth:16 Analyzer from the Cosmic Depths:13 Arthor, the King of Blackport:11 Toras, Master of all Weapons:11 The Sun Sword:11]
t=16 ph=3 ap=0 snaps=2114 hooks=17 inst=82 rollout "Gatherer from the Cosmic Depths" Creature lvl2 hero0
t=16 ph=3 ap=0 snaps=2117 hooks=17 inst=82 leakyRollout "Gatherer from the Cosmic Depths" +1.09MB hooks=[] cards=[Wealth:21 Arthor, the King of Blackport:9 The Sun Sword:9 Gatherer from the Cosmic Depths:9 The Master's Sword:8 Argos, the Eye of the Cosmos:7]
t=16 ph=3 ap=0 snaps=2117 hooks=17 inst=82 rollout "Gatherer from the Cosmic Depths" Creature lvl2 hero0
t=16 ph=3 ap=0 snaps=2120 hooks=17 inst=82 leakyRollout "Gatherer from the Cosmic Depths" +2.23MB hooks=[] cards=[Wealth:21 Gatherer from the Cosmic Depths:12 Arthor, the King of Blackport:9 The Sun Sword:9 Analyzer from the Cosmic Depths:8 The Master's Sword:8]
t=16 ph=3 ap=0 snaps=2120 hooks=17 inst=82 rollout "Gatherer from the Cosmic Depths" Creature lvl2 hero0
t=16 ph=3 ap=0 snaps=2125 hooks=17 inst=82 rollout "Gatherer from the Cosmic Depths" Creature lvl2 hero0
t=16 ph=3 ap=0 snaps=2129 hooks=17 inst=82 leakyRollout "Gatherer from the Cosmic Depths" +9.95MB hooks=[] cards=[Gatherer from the Cosmic Depths:32 Wealth:21 Analyzer from the Cosmic Depths:18 The Sun Sword:11 Arthor, the King of Blackport:9 Toras, Master of all Weapons:8]
t=16 ph=3 ap=0 snaps=2129 hooks=17 inst=82 rollout "Gatherer from the Cosmic Depths" Creature lvl2 hero0
t=16 ph=3 ap=0 snaps=2132 hooks=17 inst=82 rollout "Gatherer from the Cosmic Depths" Creature lvl2 hero0
t=16 ph=3 ap=0 snaps=2137 hooks=17 inst=82 leakyRollout "Gatherer from the Cosmic Depths" +7.08MB hooks=[] cards=[Wealth:21 Gatherer from the Cosmic Depths:15 The Master's Sword:12 Arthor, the King of Blackport:11 The Sun Sword:10 Analyzer from the Cosmic Depths:10]
t=16 ph=3 ap=0 snaps=2137 hooks=17 inst=82 rollout "Gatherer from the Cosmic Depths" Creature lvl2 hero0
t=16 ph=3 ap=0 snaps=2141 hooks=17 inst=82 rollout "Gatherer from the Cosmic Depths" Creature lvl2 hero0
t=16 ph=3 ap=0 snaps=2149 hooks=17 inst=82 leakyRollout "Gatherer from the Cosmic Depths" +12.85MB hooks=[] cards=[Wealth:21 Gatherer from the Cosmic Depths:15 The Sun Sword:13 Analyzer from the Cosmic Depths:11 Arthor, the King of Blackport:10 Toras, Master of all Weapons:9]
t=16 ph=3 ap=0 snaps=2149 hooks=17 inst=82 rollout "Gatherer from the Cosmic Depths" Creature lvl2 hero0
t=16 ph=3 ap=0 snaps=2154 hooks=17 inst=82 rollout "Gatherer from the Cosmic Depths" Creature lvl2 hero0
t=16 ph=3 ap=0 snaps=2158 hooks=17 inst=82 leakyRollout "Gatherer from the Cosmic Depths" +3.63MB hooks=[] cards=[Wealth:21 Gatherer from the Cosmic Depths:12 Arthor, the King of Blackport:9 The Sun Sword:9 Analyzer from the Cosmic Depths:8 The Master's Sword:8]
t=16 ph=3 ap=0 snaps=2158 hooks=17 inst=82 rollout "Gatherer from the Cosmic Depths" Creature lvl2 hero0
t=16 ph=3 ap=0 snaps=2163 hooks=17 inst=82 rollout "Gatherer from the Cosmic Depths" Creature lvl2 hero0
t=16 ph=3 ap=0 snaps=2169 hooks=17 inst=82 leakyRollout "Gatherer from the Cosmic Depths" +6.72MB hooks=[] cards=[Wealth:21 Gatherer from the Cosmic Depths:12 Arthor, the King of Blackport:11 The Sun Sword:8 Analyzer from the Cosmic Depths:8 Blade of the Frostbringer:8]
t=16 ph=3 ap=0 snaps=2169 hooks=17 inst=82 rollout "Gatherer from the Cosmic Depths" Creature lvl2 hero0
t=16 ph=3 ap=0 snaps=2172 hooks=17 inst=82 rollout "Gatherer from the Cosmic Depths" Creature lvl2 hero0
t=16 ph=3 ap=0 snaps=2177 hooks=17 inst=82 leakyRollout "Gatherer from the Cosmic Depths" +10.20MB hooks=[] cards=[Gatherer from the Cosmic Depths:26 Analyzer from the Cosmic Depths:18 Wealth:16 The Sun Sword:13 Arthor, the King of Blackport:11 Toras, Master of all Weapons:11]
t=16 ph=3 ap=0 snaps=2177 hooks=17 inst=82 rollout "Gatherer from the Cosmic Depths" Creature lvl2 hero0
t=16 ph=3 ap=0 snaps=2181 hooks=17 inst=82 leakyRollout "Gatherer from the Cosmic Depths" +2.91MB hooks=[] cards=[Wealth:21 Arthor, the King of Blackport:10 Gatherer from the Cosmic Depths:9 The Master's Sword:8 Argos, the Eye of the Cosmos:7 The Sun Sword:6]
t=16 ph=3 ap=0 snaps=2181 hooks=17 inst=82 rollout "Gatherer from the Cosmic Depths" Creature lvl2 hero0
t=16 ph=3 ap=0 snaps=2184 hooks=17 inst=82 rollout "Gatherer from the Cosmic Depths" Creature lvl2 hero0
t=16 ph=3 ap=0 snaps=2188 hooks=17 inst=82 leakyRollout "Gatherer from the Cosmic Depths" +8.93MB hooks=[modifyPoisonDamage:1 beforeDamage:1 afterDamage:1] cards=[Wealth:24 Gatherer from the Cosmic Depths:24 Analyzer from the Cosmic Depths:16 The Sun Sword:11 Arthor, the King of Blackport:10 The Master's Sword:10]
t=16 ph=3 ap=0 snaps=2188 hooks=17 inst=82 rollout "Gatherer from the Cosmic Depths" Creature lvl2 hero0
t=16 ph=3 ap=0 snaps=2192 hooks=17 inst=82 rollout "Gatherer from the Cosmic Depths" Creature lvl2 hero0
t=16 ph=3 ap=0 snaps=2195 hooks=17 inst=82 leakyRollout "Gatherer from the Cosmic Depths" +6.75MB hooks=[] cards=[Gatherer from the Cosmic Depths:27 Wealth:21 Analyzer from the Cosmic Depths:18 The Sun Sword:10 Arthor, the King of Blackport:9 The Master's Sword:8]
t=16 ph=3 ap=0 snaps=2195 hooks=17 inst=82 rollout "Gatherer from the Cosmic Depths" Creature lvl2 hero0
t=16 ph=3 ap=0 snaps=2200 hooks=17 inst=82 rollout "Gatherer from the Cosmic Depths" Creature lvl2 hero0
t=16 ph=3 ap=0 snaps=2205 hooks=17 inst=82 rollout "Gatherer from the Cosmic Depths" Creature lvl2 hero0
t=16 ph=3 ap=0 snaps=2212 hooks=17 inst=82 leakyRollout "Gatherer from the Cosmic Depths" +8.77MB hooks=[] cards=[Wealth:21 Gatherer from the Cosmic Depths:12 The Master's Sword:12 The Sun Sword:11 Arthor, the King of Blackport:10 Toras, Master of all Weapons:8]
t=16 ph=3 ap=0 snaps=2212 hooks=17 inst=82 rollout "Gatherer from the Cosmic Depths" Creature lvl2 hero0
t=16 ph=3 ap=0 snaps=2215 hooks=17 inst=82 rollout "Gatherer from the Cosmic Depths" Creature lvl2 hero0
t=16 ph=3 ap=0 snaps=2220 hooks=17 inst=82 rollout "Gatherer from the Cosmic Depths" Creature lvl2 hero0
t=16 ph=3 ap=0 snaps=2225 hooks=17 inst=82 rollout "Gatherer from the Cosmic Depths" Creature lvl2 hero0
t=16 ph=3 ap=0 snaps=2242 hooks=17 inst=82 rollout "Gatherer from the Cosmic Depths" Creature lvl2 hero0
t=16 ph=3 ap=0 snaps=2248 hooks=17 inst=82 leakyRollout "Gatherer from the Cosmic Depths" +9.40MB hooks=[] cards=[Wealth:21 Gatherer from the Cosmic Depths:18 Analyzer from the Cosmic Depths:12 Arthor, the King of Blackport:10 The Sun Sword:9 The Master's Sword:8]
t=16 ph=3 ap=0 snaps=2248 hooks=17 inst=82 rollout "Gatherer from the Cosmic Depths" Creature lvl2 hero0
t=16 ph=3 ap=0 snaps=2251 hooks=17 inst=82 leakyRollout "Gatherer from the Cosmic Depths" +2.52MB hooks=[] cards=[Wealth:21 Gatherer from the Cosmic Depths:12 Arthor, the King of Blackport:9 The Sun Sword:8 Analyzer from the Cosmic Depths:8 The Master's Sword:8]
t=16 ph=3 ap=0 snaps=2251 hooks=17 inst=82 rollout "Gatherer from the Cosmic Depths" Creature lvl2 hero0
t=16 ph=3 ap=0 snaps=2255 hooks=17 inst=82 rollout "Gatherer from the Cosmic Depths" Creature lvl2 hero0
t=16 ph=3 ap=0 snaps=2259 hooks=17 inst=82 leakyRollout "Gatherer from the Cosmic Depths" +3.91MB hooks=[] cards=[Wealth:21 Gatherer from the Cosmic Depths:12 Arthor, the King of Blackport:9 The Sun Sword:8 Analyzer from the Cosmic Depths:8 The Master's Sword:8]
t=16 ph=3 ap=0 snaps=2259 hooks=17 inst=82 rollout "Gatherer from the Cosmic Depths" Creature lvl2 hero0
t=16 ph=3 ap=0 snaps=2262 hooks=17 inst=82 leakyRollout "Gatherer from the Cosmic Depths" +4.15MB hooks=[] cards=[Wealth:21 Gatherer from the Cosmic Depths:15 Arthor, the King of Blackport:10 Analyzer from the Cosmic Depths:10 The Master's Sword:8 Argos, the Eye of the Cosmos:7]
t=16 ph=3 ap=0 snaps=2262 hooks=17 inst=82 rollout "Gatherer from the Cosmic Depths" Creature lvl2 hero0
t=16 ph=3 ap=0 snaps=2265 hooks=17 inst=82 rollout "Gatherer from the Cosmic Depths" Creature lvl2 hero0
t=16 ph=3 ap=0 snaps=2272 hooks=17 inst=82 leakyRollout "Gatherer from the Cosmic Depths" +4.68MB hooks=[] cards=[Gatherer from the Cosmic Depths:39 Analyzer from the Cosmic Depths:26 Wealth:21 The Sun Sword:14 Arthor, the King of Blackport:11 Toras, Master of all Weapons:11]
t=16 ph=3 ap=0 snaps=2272 hooks=17 inst=82 rollout "Gatherer from the Cosmic Depths" Creature lvl2 hero0
t=16 ph=3 ap=0 snaps=2278 hooks=17 inst=82 rollout "Gatherer from the Cosmic Depths" Creature lvl2 hero0
t=16 ph=3 ap=0 snaps=2284 hooks=17 inst=82 leakyRollout "Gatherer from the Cosmic Depths" +9.30MB hooks=[] cards=[Wealth:21 Gatherer from the Cosmic Depths:12 The Master's Sword:12 Arthor, the King of Blackport:11 The Sun Sword:11 Blade of the Frostbringer:10]
t=16 ph=3 ap=0 snaps=2284 hooks=17 inst=82 rollout "Gatherer from the Cosmic Depths" Creature lvl2 hero0
t=16 ph=3 ap=0 snaps=2288 hooks=17 inst=82 leakyRollout "Gatherer from the Cosmic Depths" +3.76MB hooks=[] cards=[Wealth:21 Arthor, the King of Blackport:10 The Sun Sword:10 The Master's Sword:10 Gatherer from the Cosmic Depths:9 Toras, Master of all Weapons:7]
t=16 ph=3 ap=0 snaps=2288 hooks=17 inst=82 rollout "Gatherer from the Cosmic Depths" Creature lvl2 hero0
t=16 ph=3 ap=0 snaps=2291 hooks=17 inst=82 rollout "Gatherer from the Cosmic Depths" Creature lvl2 hero0
t=16 ph=3 ap=0 snaps=2295 hooks=17 inst=82 leakyRollout "Gatherer from the Cosmic Depths" +1.86MB hooks=[] cards=[Wealth:21 Arthor, the King of Blackport:9 Gatherer from the Cosmic Depths:9 The Sun Sword:8 The Master's Sword:8 Argos, the Eye of the Cosmos:7]
t=16 ph=3 ap=0 snaps=2295 hooks=17 inst=82 rollout "Gatherer from the Cosmic Depths" Creature lvl2 hero0
t=16 ph=3 ap=0 snaps=2298 hooks=17 inst=82 leakyRollout "Gatherer from the Cosmic Depths" +8.37MB hooks=[] cards=[Gatherer from the Cosmic Depths:27 Wealth:21 Analyzer from the Cosmic Depths:18 The Sun Sword:10 Arthor, the King of Blackport:9 The Master's Sword:8]
t=16 ph=3 ap=0 snaps=2298 hooks=17 inst=82 rollout "Gatherer from the Cosmic Depths" Creature lvl2 hero0
t=16 ph=3 ap=0 snaps=2302 hooks=17 inst=82 rollout "Gatherer from the Cosmic Depths" Creature lvl2 hero0
t=16 ph=3 ap=0 snaps=2306 hooks=17 inst=82 leakyRollout "Gatherer from the Cosmic Depths" +4.71MB hooks=[] cards=[Wealth:21 Gatherer from the Cosmic Depths:15 The Sun Sword:13 Arthor, the King of Blackport:10 Analyzer from the Cosmic Depths:10 The Master's Sword:10]
t=16 ph=3 ap=0 snaps=2306 hooks=17 inst=82 rollout "Gatherer from the Cosmic Depths" Creature lvl2 hero0
t=16 ph=3 ap=0 snaps=2309 hooks=17 inst=82 leakyRollout "Gatherer from the Cosmic Depths" +2.78MB hooks=[] cards=[Wealth:21 Gatherer from the Cosmic Depths:12 Arthor, the King of Blackport:9 The Sun Sword:8 Analyzer from the Cosmic Depths:8 The Master's Sword:8]
t=16 ph=3 ap=0 snaps=2309 hooks=17 inst=82 rollout "Gatherer from the Cosmic Depths" Creature lvl2 hero0
t=16 ph=3 ap=0 snaps=2316 hooks=17 inst=82 rollout "Gatherer from the Cosmic Depths" Creature lvl2 hero0
t=16 ph=3 ap=0 snaps=2321 hooks=17 inst=82 leakyRollout "Gatherer from the Cosmic Depths" +4.87MB hooks=[] cards=[Wealth:21 Gatherer from the Cosmic Depths:12 Arthor, the King of Blackport:10 The Sun Sword:9 Analyzer from the Cosmic Depths:8 The Master's Sword:8]
t=16 ph=3 ap=0 snaps=2321 hooks=17 inst=82 rollout "Gatherer from the Cosmic Depths" Creature lvl2 hero0
t=16 ph=3 ap=0 snaps=2327 hooks=17 inst=82 rollout "Gatherer from the Cosmic Depths" Creature lvl2 hero0
t=16 ph=3 ap=0 snaps=2332 hooks=17 inst=82 leakyRollout "Gatherer from the Cosmic Depths" +5.73MB hooks=[] cards=[Wealth:21 Gatherer from the Cosmic Depths:14 Arthor, the King of Blackport:10 The Sun Sword:10 Analyzer from the Cosmic Depths:10 The Master's Sword:8]
t=16 ph=3 ap=0 snaps=2332 hooks=17 inst=82 rollout "Gatherer from the Cosmic Depths" Creature lvl2 hero0
t=16 ph=3 ap=0 snaps=2337 hooks=17 inst=82 rollout "Gatherer from the Cosmic Depths" Creature lvl2 hero0
t=16 ph=3 ap=0 snaps=2340 hooks=17 inst=82 leakyRollout "Gatherer from the Cosmic Depths" +4.18MB hooks=[] cards=[Wealth:16 Gatherer from the Cosmic Depths:15 Arthor, the King of Blackport:10 Toras, Master of all Weapons:10 The Sun Sword:10 Analyzer from the Cosmic Depths:10]
t=16 ph=3 ap=0 snaps=2340 hooks=17 inst=82 rollout "Gatherer from the Cosmic Depths" Creature lvl2 hero0
t=16 ph=3 ap=0 snaps=2343 hooks=17 inst=82 leakyRollout "Gatherer from the Cosmic Depths" +1.66MB hooks=[] cards=[Wealth:21 Gatherer from the Cosmic Depths:12 The Sun Sword:11 Arthor, the King of Blackport:9 Toras, Master of all Weapons:8 Analyzer from the Cosmic Depths:8]
t=16 ph=3 ap=0 snaps=2343 hooks=17 inst=82 rollout "Gatherer from the Cosmic Depths" Creature lvl2 hero0
t=16 ph=3 ap=0 snaps=2347 hooks=17 inst=82 leakyRollout "Gatherer from the Cosmic Depths" +7.40MB hooks=[] cards=[Wealth:21 Gatherer from the Cosmic Depths:18 Analyzer from the Cosmic Depths:12 Arthor, the King of Blackport:10 The Sun Sword:10 The Master's Sword:8]
t=16 ph=3 ap=0 snaps=2347 hooks=17 inst=82 rollout "Gatherer from the Cosmic Depths" Creature lvl2 hero0
t=16 ph=3 ap=0 snaps=2350 hooks=17 inst=82 rollout "Gatherer from the Cosmic Depths" Creature lvl2 hero0
t=16 ph=3 ap=0 snaps=2357 hooks=17 inst=82 leakyRollout "Gatherer from the Cosmic Depths" +3.74MB hooks=[modifyPoisonDamage:1 beforeDamage:1 afterDamage:1] cards=[Wealth:24 Gatherer from the Cosmic Depths:24 Analyzer from the Cosmic Depths:21 The Sun Sword:19 The Master's Sword:14 Toras, Master of all Weapons:13]
t=16 ph=3 ap=0 snaps=2357 hooks=17 inst=82 rollout "Gatherer from the Cosmic Depths" Creature lvl2 hero0
t=16 ph=3 ap=0 snaps=2361 hooks=17 inst=82 leakyRollout "Gatherer from the Cosmic Depths" +2.39MB hooks=[] cards=[Wealth:21 Arthor, the King of Blackport:10 Gatherer from the Cosmic Depths:9 The Sun Sword:8 The Master's Sword:8 Argos, the Eye of the Cosmos:7]
t=16 ph=3 ap=0 snaps=2361 hooks=17 inst=82 rollout "Gatherer from the Cosmic Depths" Creature lvl2 hero0
t=16 ph=3 ap=0 snaps=2364 hooks=17 inst=82 leakyRollout "Gatherer from the Cosmic Depths" +2.98MB hooks=[] cards=[Wealth:21 Gatherer from the Cosmic Depths:12 Arthor, the King of Blackport:9 Analyzer from the Cosmic Depths:8 The Master's Sword:8 Argos, the Eye of the Cosmos:7]
t=16 ph=3 ap=0 snaps=2364 hooks=17 inst=82 rollout "Gatherer from the Cosmic Depths" Creature lvl2 hero0
t=16 ph=3 ap=0 snaps=2370 hooks=17 inst=82 rollout "Gatherer from the Cosmic Depths" Creature lvl2 hero0
t=16 ph=3 ap=0 snaps=2373 hooks=17 inst=82 leakyRollout "Gatherer from the Cosmic Depths" +1.26MB hooks=[] cards=[Wealth:21 Gatherer from the Cosmic Depths:12 Arthor, the King of Blackport:9 The Sun Sword:9 Analyzer from the Cosmic Depths:8 The Master's Sword:8]
t=16 ph=3 ap=0 snaps=2373 hooks=17 inst=82 summon "Gatherer from the Cosmic Depths" p0/h0
t=16 ph=5 ap=0 snaps=2398 hooks=26 inst=83 switchTurn ending p0
t=17 ph=2 ap=1 snaps=2398 hooks=10 inst=84 cpuTurnStart cpu=p1 hand=4
t=17 ph=3 ap=1 snaps=2401 hooks=12 inst=84 rollout "Hammer Throw" Attack lvl1 hero1
t=17 ph=3 ap=1 snaps=2404 hooks=12 inst=84 leakyRollout "Hammer Throw" +1.96MB hooks=[] cards=[Wealth:21 Arthor, the King of Blackport:10 The Sun Sword:9 Gatherer from the Cosmic Depths:9 The Master's Sword:8 Argos, the Eye of the Cosmos:7]
t=17 ph=3 ap=1 snaps=2404 hooks=12 inst=84 rollout "Hammer Throw" Attack lvl1 hero1
t=17 ph=3 ap=1 snaps=2409 hooks=12 inst=84 leakyRollout "Hammer Throw" +6.12MB hooks=[] cards=[Wealth:21 The Master's Sword:18 Gatherer from the Cosmic Depths:17 The Sun Sword:16 Arthor, the King of Blackport:10 Toras, Master of all Weapons:10]
t=17 ph=3 ap=1 snaps=2409 hooks=12 inst=84 rollout "Hammer Throw" Attack lvl1 hero1
t=17 ph=3 ap=1 snaps=2412 hooks=12 inst=84 leakyRollout "Hammer Throw" +0.99MB hooks=[] cards=[Wealth:21 The Sun Sword:14 Arthor, the King of Blackport:9 Toras, Master of all Weapons:9 Blade of the Frostbringer:6 Gatherer from the Cosmic Depths:5]
t=17 ph=3 ap=1 snaps=2412 hooks=12 inst=84 rollout "Hammer Throw" Attack lvl1 hero1
t=17 ph=3 ap=1 snaps=2416 hooks=12 inst=84 rollout "Hammer Throw" Attack lvl1 hero1
t=17 ph=3 ap=1 snaps=2421 hooks=12 inst=84 leakyRollout "Hammer Throw" +0.58MB hooks=[beforeDamage:2 afterDamage:2 modifyPoisonDamage:1 onHeroKO:1] cards=[Gatherer from the Cosmic Depths:25 The Master's Sword:23 The Sun Sword:21 Wealth:19 Blade of the Swamp Witch:19 Toras, Master of all Weapons:17]
t=17 ph=3 ap=1 snaps=2421 hooks=12 inst=84 rollout "Hammer Throw" Attack lvl1 hero1
t=17 ph=3 ap=1 snaps=2429 hooks=12 inst=84 leakyRollout "Hammer Throw" +11.10MB hooks=[] cards=[Wealth:21 Arthor, the King of Blackport:10 The Sun Sword:10 Toras, Master of all Weapons:9 Analyzer from the Cosmic Depths:9 Gatherer from the Cosmic Depths:8]
t=17 ph=3 ap=1 snaps=2429 hooks=12 inst=84 rollout "Hammer Throw" Attack lvl1 hero1
t=17 ph=3 ap=1 snaps=2437 hooks=12 inst=84 rollout "Hammer Throw" Attack lvl1 hero1
t=17 ph=3 ap=1 snaps=2441 hooks=12 inst=84 rollout "Hammer Throw" Attack lvl1 hero1
t=17 ph=3 ap=1 snaps=2443 hooks=12 inst=84 rollout "Hammer Throw" Attack lvl1 hero1
t=17 ph=3 ap=1 snaps=2453 hooks=12 inst=84 leakyRollout "Hammer Throw" +1.83MB hooks=[] cards=[Gatherer from the Cosmic Depths:20 Wealth:19 The Sun Sword:19 Toras, Master of all Weapons:15 Analyzer from the Cosmic Depths:12 Arthor, the King of Blackport:11]
t=17 ph=3 ap=1 snaps=2453 hooks=12 inst=84 rollout "Hammer Throw" Attack lvl1 hero1
t=17 ph=3 ap=1 snaps=2455 hooks=12 inst=84 leakyRollout "Hammer Throw" +0.63MB hooks=[] cards=[Wealth:24 The Master's Sword:11 Arthor, the King of Blackport:10 The Sun Sword:8 Toras, Master of all Weapons:7 Argos, the Eye of the Cosmos:7]
t=17 ph=3 ap=1 snaps=2455 hooks=12 inst=84 rollout "Hammer Throw" Attack lvl1 hero1
t=17 ph=3 ap=1 snaps=2457 hooks=12 inst=84 rollout "Hammer Throw" Attack lvl1 hero1
t=17 ph=3 ap=1 snaps=2460 hooks=12 inst=84 leakyRollout "Hammer Throw" +1.36MB hooks=[] cards=[The Master's Sword:24 Wealth:19 The Sun Sword:18 Blade of the Swamp Witch:14 Arthor, the King of Blackport:11 Toras, Master of all Weapons:11]
t=17 ph=3 ap=1 snaps=2460 hooks=12 inst=84 rollout "Hammer Throw" Attack lvl1 hero1
t=17 ph=3 ap=1 snaps=2462 hooks=12 inst=84 rollout "Hammer Throw" Attack lvl1 hero1
t=17 ph=3 ap=1 snaps=2464 hooks=12 inst=84 leakyRollout "Hammer Throw" +1.40MB hooks=[] cards=[Wealth:19 Gatherer from the Cosmic Depths:18 The Sun Sword:13 Analyzer from the Cosmic Depths:12 Toras, Master of all Weapons:11 Arthor, the King of Blackport:9]
t=17 ph=3 ap=1 snaps=2464 hooks=12 inst=84 rollout "Hammer Throw" Attack lvl1 hero1
t=17 ph=3 ap=1 snaps=2467 hooks=12 inst=84 leakyRollout "Hammer Throw" +1.18MB hooks=[] cards=[Wealth:18 Gatherer from the Cosmic Depths:12 Arthor, the King of Blackport:11 Toras, Master of all Weapons:11 The Sun Sword:11 The Master's Sword:11]
t=17 ph=3 ap=1 snaps=2467 hooks=12 inst=84 rollout "Hammer Throw" Attack lvl1 hero1
t=17 ph=3 ap=1 snaps=2469 hooks=12 inst=84 rollout "Hammer Throw" Attack lvl1 hero1
t=17 ph=3 ap=1 snaps=2471 hooks=12 inst=84 leakyRollout "Hammer Throw" +0.74MB hooks=[] cards=[Wealth:22 Arthor, the King of Blackport:10 Gatherer from the Cosmic Depths:9 The Master's Sword:9 Argos, the Eye of the Cosmos:7 The Sun Sword:7]
t=17 ph=3 ap=1 snaps=2471 hooks=12 inst=84 rollout "Hammer Throw" Attack lvl1 hero1
t=17 ph=3 ap=1 snaps=2474 hooks=12 inst=84 leakyRollout "Hammer Throw" +3.38MB hooks=[] cards=[Wealth:19 The Sun Sword:17 Gatherer from the Cosmic Depths:15 The Master's Sword:14 Toras, Master of all Weapons:11 Arthor, the King of Blackport:10]
t=17 ph=3 ap=1 snaps=2474 hooks=12 inst=84 rollout "Hammer Throw" Attack lvl1 hero1
t=17 ph=3 ap=1 snaps=2478 hooks=12 inst=84 rollout "Hammer Throw" Attack lvl1 hero1
t=17 ph=3 ap=1 snaps=2481 hooks=12 inst=84 leakyRollout "Hammer Throw" +5.91MB hooks=[] cards=[Wealth:19 Gatherer from the Cosmic Depths:19 The Sun Sword:18 Toras, Master of all Weapons:15 The Master's Sword:15 Arthor, the King of Blackport:11]
t=17 ph=3 ap=1 snaps=2481 hooks=12 inst=84 rollout "Hammer Throw" Attack lvl1 hero1
t=17 ph=3 ap=1 snaps=2483 hooks=12 inst=84 rollout "Hammer Throw" Attack lvl1 hero1
t=17 ph=3 ap=1 snaps=2487 hooks=12 inst=84 leakyRollout "Hammer Throw" +5.20MB hooks=[] cards=[Wealth:19 The Sun Sword:14 Gatherer from the Cosmic Depths:14 Arthor, the King of Blackport:11 Toras, Master of all Weapons:11 Analyzer from the Cosmic Depths:10]
t=17 ph=3 ap=1 snaps=2487 hooks=12 inst=84 rollout "Hammer Throw" Attack lvl1 hero1
t=17 ph=3 ap=1 snaps=2490 hooks=12 inst=84 rollout "Hammer Throw" Attack lvl1 hero1
t=17 ph=3 ap=1 snaps=2492 hooks=12 inst=84 rollout "Hammer Throw" Attack lvl1 hero1
t=17 ph=3 ap=1 snaps=2494 hooks=12 inst=84 leakyRollout "Hammer Throw" +0.89MB hooks=[] cards=[Wealth:14 Arthor, the King of Blackport:10 Gatherer from the Cosmic Depths:9 Toras, Master of all Weapons:8 The Sun Sword:8 The Master's Sword:8]
t=17 ph=3 ap=1 snaps=2494 hooks=12 inst=84 rollout "Hammer Throw" Attack lvl1 hero1
t=17 ph=3 ap=1 snaps=2496 hooks=12 inst=84 leakyRollout "Hammer Throw" +12.93MB hooks=[] cards=[Wealth:21 The Master's Sword:18 The Sun Sword:14 Arthor, the King of Blackport:9 Blade of the Swamp Witch:9 Toras, Master of all Weapons:7]
t=17 ph=3 ap=1 snaps=2496 hooks=12 inst=84 rollout "Hammer Throw" Attack lvl1 hero1
t=17 ph=3 ap=1 snaps=2500 hooks=12 inst=84 rollout "Hammer Throw" Attack lvl1 hero1
t=17 ph=3 ap=1 snaps=2504 hooks=12 inst=84 leakyRollout "Hammer Throw" +3.36MB hooks=[] cards=[Wealth:21 The Master's Sword:12 Arthor, the King of Blackport:11 The Sun Sword:10 Gatherer from the Cosmic Depths:10 Blade of the Frostbringer:10]
t=17 ph=3 ap=1 snaps=2504 hooks=12 inst=84 rollout "Hammer Throw" Attack lvl1 hero1
t=17 ph=3 ap=1 snaps=2506 hooks=12 inst=84 rollout "Hammer Throw" Attack lvl1 hero1
t=17 ph=3 ap=1 snaps=2508 hooks=12 inst=84 leakyRollout "Hammer Throw" +1.52MB hooks=[] cards=[Wealth:21 The Master's Sword:11 Arthor, the King of Blackport:10 The Sun Sword:9 Gatherer from the Cosmic Depths:9 Toras, Master of all Weapons:8]
t=17 ph=3 ap=1 snaps=2508 hooks=12 inst=84 rollout "Hammer Throw" Attack lvl1 hero1
t=17 ph=3 ap=1 snaps=2511 hooks=12 inst=84 rollout "Hammer Throw" Attack lvl1 hero1
t=17 ph=3 ap=1 snaps=2514 hooks=12 inst=84 rollout "Hammer Throw" Attack lvl1 hero1
t=17 ph=3 ap=1 snaps=2519 hooks=12 inst=84 leakyRollout "Hammer Throw" +11.82MB hooks=[] cards=[The Sun Sword:30 Gatherer from the Cosmic Depths:28 The Master's Sword:21 Wealth:19 Analyzer from the Cosmic Depths:18 Toras, Master of all Weapons:12]
t=17 ph=3 ap=1 snaps=2519 hooks=12 inst=84 rollout "Hammer Throw" Attack lvl1 hero1
t=17 ph=3 ap=1 snaps=2522 hooks=12 inst=84 rollout "Hammer Throw" Attack lvl1 hero1
t=17 ph=3 ap=1 snaps=2525 hooks=12 inst=84 leakyRollout "Hammer Throw" +1.43MB hooks=[] cards=[Wealth:21 Gatherer from the Cosmic Depths:12 The Master's Sword:12 The Sun Sword:11 Arthor, the King of Blackport:10 Toras, Master of all Weapons:8]
t=17 ph=3 ap=1 snaps=2525 hooks=12 inst=84 rollout "Hammer Throw" Attack lvl1 hero1
t=17 ph=3 ap=1 snaps=2528 hooks=12 inst=84 rollout "Hammer Throw" Attack lvl1 hero1
t=17 ph=3 ap=1 snaps=2532 hooks=12 inst=84 rollout "Hammer Throw" Attack lvl1 hero1
t=17 ph=3 ap=1 snaps=2534 hooks=12 inst=84 leakyRollout "Hammer Throw" +13.18MB hooks=[] cards=[Wealth:21 The Sun Sword:13 Arthor, the King of Blackport:9 Gatherer from the Cosmic Depths:9 The Master's Sword:8 Argos, the Eye of the Cosmos:7]
t=17 ph=3 ap=1 snaps=2534 hooks=12 inst=84 rollout "Hammer Throw" Attack lvl1 hero1
t=17 ph=3 ap=1 snaps=2537 hooks=12 inst=84 rollout "Hammer Throw" Attack lvl1 hero1
t=17 ph=3 ap=1 snaps=2541 hooks=12 inst=84 leakyRollout "Hammer Throw" +4.75MB hooks=[] cards=[Wealth:20 Gatherer from the Cosmic Depths:12 Arthor, the King of Blackport:10 The Master's Sword:9 Toras, Master of all Weapons:8 The Sun Sword:8]
t=17 ph=3 ap=1 snaps=2541 hooks=12 inst=84 rollout "Hammer Throw" Attack lvl1 hero1
t=17 ph=3 ap=1 snaps=2545 hooks=12 inst=84 leakyRollout "Hammer Throw" +2.17MB hooks=[] cards=[Wealth:14 Arthor, the King of Blackport:12 The Master's Sword:10 Toras, Master of all Weapons:9 The Sun Sword:9 Argos, the Eye of the Cosmos:7]
t=17 ph=3 ap=1 snaps=2545 hooks=12 inst=84 rollout "Hammer Throw" Attack lvl1 hero1
t=17 ph=3 ap=1 snaps=2550 hooks=12 inst=84 rollout "Hammer Throw" Attack lvl1 hero1
t=17 ph=3 ap=1 snaps=2554 hooks=12 inst=84 leakyRollout "Hammer Throw" +2.57MB hooks=[] cards=[Wealth:21 The Sun Sword:19 The Master's Sword:12 Arthor, the King of Blackport:11 Blade of the Frostbringer:10 Toras, Master of all Weapons:8]
t=17 ph=3 ap=1 snaps=2554 hooks=12 inst=84 rollout "Hammer Throw" Attack lvl1 hero1
t=17 ph=3 ap=1 snaps=2557 hooks=12 inst=84 leakyRollout "Hammer Throw" +3.99MB hooks=[] cards=[Wealth:19 The Sun Sword:18 Gatherer from the Cosmic Depths:18 The Master's Sword:15 Toras, Master of all Weapons:12 Analyzer from the Cosmic Depths:12]
t=17 ph=3 ap=1 snaps=2557 hooks=12 inst=84 rollout "Hammer Throw" Attack lvl1 hero1
t=17 ph=3 ap=1 snaps=2560 hooks=12 inst=84 leakyRollout "Hammer Throw" +2.36MB hooks=[] cards=[Wealth:21 The Master's Sword:12 Arthor, the King of Blackport:11 Blade of the Swamp Witch:10 Blade of the Frostbringer:10 The Sun Sword:9]
t=17 ph=3 ap=1 snaps=2560 hooks=12 inst=84 rollout "Hammer Throw" Attack lvl1 hero1
t=17 ph=3 ap=1 snaps=2563 hooks=12 inst=84 rollout "Hammer Throw" Attack lvl1 hero1
t=17 ph=3 ap=1 snaps=2566 hooks=12 inst=84 leakyRollout "Hammer Throw" +1.91MB hooks=[] cards=[Wealth:21 The Sun Sword:15 Arthor, the King of Blackport:10 The Master's Sword:10 Gatherer from the Cosmic Depths:9 Toras, Master of all Weapons:7]
t=17 ph=3 ap=1 snaps=2566 hooks=12 inst=84 rollout "Hammer Throw" Attack lvl1 hero1
t=17 ph=3 ap=1 snaps=2570 hooks=12 inst=84 leakyRollout "Hammer Throw" +4.03MB hooks=[beforeDamage:1 afterDamage:1 onHeroKO:1] cards=[Wealth:19 The Master's Sword:17 The Sun Sword:14 Arthor, the King of Blackport:10 Blade of the Swamp Witch:10 Toras, Master of all Weapons:9]
t=17 ph=3 ap=1 snaps=2570 hooks=12 inst=84 rollout "Hammer Throw" Attack lvl1 hero1
t=17 ph=3 ap=1 snaps=2575 hooks=12 inst=84 leakyRollout "Hammer Throw" +3.41MB hooks=[onPhaseStart:1 onPhaseEnd:1 onPlay:1 beforeDamage:1 afterDamage:1 onHeroKO:1] cards=[Wealth:18 The Master's Sword:16 Blade of the Swamp Witch:14 The Sun Sword:12 Blade of the Frostbringer:12 Arthor, the King of Blackport:10]
t=17 ph=3 ap=1 snaps=2575 hooks=12 inst=84 rollout "Hammer Throw" Attack lvl1 hero1
t=17 ph=3 ap=1 snaps=2579 hooks=12 inst=84 rollout "Hammer Throw" Attack lvl1 hero1
t=17 ph=3 ap=1 snaps=2583 hooks=12 inst=84 leakyRollout "Hammer Throw" +4.02MB hooks=[beforeDraw:4 onDraw:4 onPlay:3 onCardEnterZone:3 beforeDamage:2 afterDamage:2] cards=[The Master's Sword:16 The Sun Sword:15 Blade of the Frostbringer:14 Toras, Master of all Weapons:12 Wealth:12 Arthor, the King of Blackport:9]
t=17 ph=3 ap=1 snaps=2583 hooks=12 inst=84 rollout "Hammer Throw" Attack lvl1 hero1
t=17 ph=3 ap=1 snaps=2586 hooks=12 inst=84 leakyRollout "Hammer Throw" +4.11MB hooks=[] cards=[Wealth:21 Gatherer from the Cosmic Depths:21 The Sun Sword:17 Analyzer from the Cosmic Depths:14 Arthor, the King of Blackport:9 The Master's Sword:8]
t=17 ph=3 ap=1 snaps=2586 hooks=12 inst=84 rollout "Hammer Throw" Attack lvl1 hero1
t=17 ph=3 ap=1 snaps=2588 hooks=12 inst=84 rollout "Hammer Throw" Attack lvl1 hero1
t=17 ph=3 ap=1 snaps=2590 hooks=12 inst=84 rollout "Hammer Throw" Attack lvl1 hero1
t=17 ph=3 ap=1 snaps=2593 hooks=12 inst=84 leakyRollout "Hammer Throw" +1.98MB hooks=[] cards=[Wealth:21 Arthor, the King of Blackport:10 The Sun Sword:9 Gatherer from the Cosmic Depths:9 The Master's Sword:8 Argos, the Eye of the Cosmos:7]
t=17 ph=3 ap=1 snaps=2593 hooks=12 inst=84 rollout "Hammer Throw" Attack lvl1 hero1
t=17 ph=3 ap=1 snaps=2597 hooks=12 inst=84 leakyRollout "Hammer Throw" +1.85MB hooks=[] cards=[Wealth:21 Arthor, the King of Blackport:10 The Sun Sword:9 The Master's Sword:8 Argos, the Eye of the Cosmos:7 Gatherer from the Cosmic Depths:6]
t=17 ph=3 ap=1 snaps=2597 hooks=12 inst=84 rollout "Hammer Throw" Attack lvl1 hero1
t=17 ph=3 ap=1 snaps=2600 hooks=12 inst=84 leakyRollout "Hammer Throw" +3.71MB hooks=[] cards=[Wealth:19 The Master's Sword:13 Arthor, the King of Blackport:12 Blade of the Frostbringer:12 The Sun Sword:11 Toras, Master of all Weapons:10]
t=17 ph=3 ap=1 snaps=2600 hooks=12 inst=84 rollout "Hammer Throw" Attack lvl1 hero1
t=17 ph=3 ap=1 snaps=2601 hooks=12 inst=84 rollout "Hammer Throw" Attack lvl1 hero1
t=17 ph=3 ap=1 snaps=2603 hooks=12 inst=84 leakyRollout "Hammer Throw" +0.92MB hooks=[] cards=[Wealth:21 Gatherer from the Cosmic Depths:18 Analyzer from the Cosmic Depths:12 Arthor, the King of Blackport:10 The Sun Sword:9 The Master's Sword:8]
t=17 ph=3 ap=1 snaps=2603 hooks=12 inst=84 rollout "Hammer Throw" Attack lvl1 hero1
t=17 ph=3 ap=1 snaps=2606 hooks=12 inst=84 rollout "Hammer Throw" Attack lvl1 hero1
t=17 ph=3 ap=1 snaps=2609 hooks=12 inst=84 rollout "Hammer Throw" Attack lvl1 hero1
t=17 ph=3 ap=1 snaps=2612 hooks=12 inst=84 rollout "Hammer Throw" Attack lvl1 hero1
t=17 ph=3 ap=1 snaps=2616 hooks=12 inst=84 leakyRollout "Hammer Throw" +1.57MB hooks=[] cards=[Wealth:21 The Sun Sword:11 Arthor, the King of Blackport:10 The Master's Sword:8 Toras, Master of all Weapons:7 Argos, the Eye of the Cosmos:7]
t=17 ph=3 ap=1 snaps=2616 hooks=12 inst=84 rollout "Hammer Throw" Attack lvl1 hero1
t=17 ph=3 ap=1 snaps=2619 hooks=12 inst=84 leakyRollout "Hammer Throw" +4.04MB hooks=[] cards=[Wealth:21 Gatherer from the Cosmic Depths:18 Analyzer from the Cosmic Depths:12 The Master's Sword:12 The Sun Sword:11 Arthor, the King of Blackport:10]
t=17 ph=3 ap=1 snaps=2619 hooks=12 inst=84 rollout "Hammer Throw" Attack lvl1 hero1
t=17 ph=3 ap=1 snaps=2625 hooks=12 inst=84 leakyRollout "Hammer Throw" +4.90MB hooks=[] cards=[Wealth:21 Arthor, the King of Blackport:10 Gatherer from the Cosmic Depths:9 The Sun Sword:8 Analyzer from the Cosmic Depths:8 The Master's Sword:8]
t=17 ph=3 ap=1 snaps=2625 hooks=12 inst=84 rollout "Hammer Throw" Attack lvl1 hero1
t=17 ph=3 ap=1 snaps=2628 hooks=12 inst=84 rollout "Hammer Throw" Attack lvl1 hero1
t=17 ph=3 ap=1 snaps=2630 hooks=12 inst=84 rollout "Hammer Throw" Attack lvl1 hero1
t=17 ph=3 ap=1 snaps=2632 hooks=12 inst=84 rollout "Hammer Throw" Attack lvl1 hero1
t=17 ph=3 ap=1 snaps=2635 hooks=12 inst=84 rollout "Hammer Throw" Attack lvl1 hero1
t=17 ph=3 ap=1 snaps=2638 hooks=12 inst=84 rollout "Hammer Throw" Attack lvl1 hero1
t=17 ph=3 ap=1 snaps=2640 hooks=12 inst=84 leakyRollout "Hammer Throw" +2.70MB hooks=[] cards=[Wealth:21 Gatherer from the Cosmic Depths:12 Arthor, the King of Blackport:10 The Master's Sword:10 The Sun Sword:9 Analyzer from the Cosmic Depths:9]
t=17 ph=3 ap=1 snaps=2640 hooks=12 inst=84 rollout "Hammer Throw" Attack lvl1 hero1
t=17 ph=3 ap=1 snaps=2646 hooks=12 inst=84 rollout "Hammer Throw" Attack lvl1 hero1
t=17 ph=3 ap=1 snaps=2650 hooks=12 inst=84 leakyRollout "Hammer Throw" +2.07MB hooks=[] cards=[Wealth:21 The Sun Sword:12 The Master's Sword:12 Arthor, the King of Blackport:10 Toras, Master of all Weapons:9 Blade of the Frostbringer:8]
t=17 ph=3 ap=1 snaps=2650 hooks=12 inst=84 rollout "Hammer Throw" Attack lvl1 hero1
t=17 ph=3 ap=1 snaps=2652 hooks=12 inst=84 rollout "Hammer Throw" Attack lvl1 hero1
t=17 ph=3 ap=1 snaps=2654 hooks=12 inst=84 rollout "Hammer Throw" Attack lvl1 hero1
t=17 ph=3 ap=1 snaps=2656 hooks=12 inst=84 rollout "Hammer Throw" Attack lvl1 hero1
t=17 ph=3 ap=1 snaps=2659 hooks=12 inst=84 leakyRollout "Hammer Throw" +2.42MB hooks=[] cards=[Wealth:21 Gatherer from the Cosmic Depths:19 The Sun Sword:18 Analyzer from the Cosmic Depths:13 Arthor, the King of Blackport:10 The Master's Sword:10]
t=17 ph=3 ap=1 snaps=2659 hooks=12 inst=84 rollout "Hammer Throw" Attack lvl1 hero1
t=17 ph=3 ap=1 snaps=2662 hooks=12 inst=84 leakyRollout "Hammer Throw" +2.17MB hooks=[] cards=[Wealth:21 The Sun Sword:14 Arthor, the King of Blackport:11 Gatherer from the Cosmic Depths:8 Blade of the Frostbringer:8 The Master's Sword:8]
t=17 ph=3 ap=1 snaps=2662 hooks=12 inst=84 rollout "Hammer Throw" Attack lvl1 hero1
t=17 ph=5 ap=1 snaps=2667 hooks=25 inst=84 switchTurn ending p1
t=18 ph=2 ap=0 snaps=2667 hooks=15 inst=85 cpuTurnStart cpu=p0 hand=6
t=18 ph=3 ap=0 snaps=2698 hooks=20 inst=85 rollout "Gerrymander" Creature lvl1 hero0
t=18 ph=3 ap=0 snaps=2699 hooks=20 inst=85 leakyRollout "Gerrymander" +0.64MB hooks=[] cards=[Gatherer from the Cosmic Depths:24 Analyzer from the Cosmic Depths:16 Wealth:13 Arthor, the King of Blackport:9 Toras, Master of all Weapons:9 Argos, the Eye of the Cosmos:7]
t=18 ph=3 ap=0 snaps=2699 hooks=20 inst=85 rollout "Gerrymander" Creature lvl1 hero0
t=18 ph=3 ap=0 snaps=2701 hooks=20 inst=85 rollout "Gerrymander" Creature lvl1 hero0
t=18 ph=3 ap=0 snaps=2702 hooks=20 inst=85 leakyRollout "Gerrymander" +2.85MB hooks=[] cards=[Gatherer from the Cosmic Depths:30 Wealth:21 Analyzer from the Cosmic Depths:20 Arthor, the King of Blackport:8 Toras, Master of all Weapons:8 The Sun Sword:8]
t=18 ph=3 ap=0 snaps=2702 hooks=20 inst=85 rollout "Gerrymander" Creature lvl1 hero0
t=18 ph=3 ap=0 snaps=2703 hooks=20 inst=85 rollout "Gerrymander" Creature lvl1 hero0
t=18 ph=3 ap=0 snaps=2708 hooks=20 inst=85 leakyRollout "Gerrymander" +6.46MB hooks=[] cards=[Wealth:21 Gatherer from the Cosmic Depths:21 Analyzer from the Cosmic Depths:16 Arthor, the King of Blackport:9 The Sun Sword:8 Toras, Master of all Weapons:7]
t=18 ph=3 ap=0 snaps=2708 hooks=20 inst=85 rollout "Gerrymander" Creature lvl1 hero0
t=18 ph=3 ap=0 snaps=2709 hooks=20 inst=85 leakyRollout "Gerrymander" +3.62MB hooks=[] cards=[Gatherer from the Cosmic Depths:33 Analyzer from the Cosmic Depths:22 Wealth:13 Toras, Master of all Weapons:10 Arthor, the King of Blackport:9 Argos, the Eye of the Cosmos:7]
t=18 ph=3 ap=0 snaps=2709 hooks=20 inst=85 rollout "Gerrymander" Creature lvl1 hero0
t=18 ph=3 ap=0 snaps=2710 hooks=20 inst=85 leakyRollout "Gerrymander" +1.08MB hooks=[] cards=[Gatherer from the Cosmic Depths:30 Wealth:21 Analyzer from the Cosmic Depths:20 Arthor, the King of Blackport:8 Toras, Master of all Weapons:8 The Sun Sword:8]
t=18 ph=3 ap=0 snaps=2710 hooks=20 inst=85 rollout "Gerrymander" Creature lvl1 hero0
t=18 ph=3 ap=0 snaps=2712 hooks=20 inst=85 rollout "Gerrymander" Creature lvl1 hero0
t=18 ph=3 ap=0 snaps=2717 hooks=20 inst=85 rollout "Gerrymander" Creature lvl1 hero0
t=18 ph=3 ap=0 snaps=2718 hooks=20 inst=85 rollout "Gerrymander" Creature lvl1 hero0
t=18 ph=3 ap=0 snaps=2720 hooks=20 inst=85 leakyRollout "Gerrymander" +13.92MB hooks=[] cards=[Wealth:21 Gatherer from the Cosmic Depths:17 Analyzer from the Cosmic Depths:12 Toras, Master of all Weapons:10 The Sun Sword:10 Arthor, the King of Blackport:9]
t=18 ph=3 ap=0 snaps=2720 hooks=20 inst=85 rollout "Gerrymander" Creature lvl1 hero0
t=18 ph=3 ap=0 snaps=2721 hooks=20 inst=85 rollout "Gerrymander" Creature lvl1 hero0
t=18 ph=3 ap=0 snaps=2723 hooks=20 inst=85 leakyRollout "Gerrymander" +0.75MB hooks=[] cards=[Wealth:21 Gatherer from the Cosmic Depths:19 Analyzer from the Cosmic Depths:14 Arthor, the King of Blackport:9 Argos, the Eye of the Cosmos:7 The Sun Sword:7]
t=18 ph=3 ap=0 snaps=2723 hooks=20 inst=85 rollout "Gerrymander" Creature lvl1 hero0
t=18 ph=3 ap=0 snaps=2728 hooks=20 inst=85 leakyRollout "Gerrymander" +6.24MB hooks=[] cards=[Wealth:21 Gatherer from the Cosmic Depths:21 Analyzer from the Cosmic Depths:17 Arthor, the King of Blackport:9 The Sun Sword:8 Toras, Master of all Weapons:7]
t=18 ph=3 ap=0 snaps=2728 hooks=20 inst=85 rollout "Gerrymander" Creature lvl1 hero0
t=18 ph=3 ap=0 snaps=2729 hooks=20 inst=85 rollout "Gerrymander" Creature lvl1 hero0
t=18 ph=3 ap=0 snaps=2730 hooks=20 inst=85 leakyRollout "Gerrymander" +3.78MB hooks=[] cards=[Gatherer from the Cosmic Depths:30 Wealth:21 Analyzer from the Cosmic Depths:20 Arthor, the King of Blackport:8 Toras, Master of all Weapons:7 Argos, the Eye of the Cosmos:7]
t=18 ph=3 ap=0 snaps=2730 hooks=20 inst=85 rollout "Gerrymander" Creature lvl1 hero0
t=18 ph=3 ap=0 snaps=2731 hooks=20 inst=85 rollout "Gerrymander" Creature lvl1 hero0
t=18 ph=3 ap=0 snaps=2732 hooks=20 inst=85 rollout "Gerrymander" Creature lvl1 hero0
t=18 ph=3 ap=0 snaps=2733 hooks=20 inst=85 rollout "Gerrymander" Creature lvl1 hero0
t=18 ph=3 ap=0 snaps=2734 hooks=20 inst=85 leakyRollout "Gerrymander" +2.86MB hooks=[] cards=[Gatherer from the Cosmic Depths:30 Wealth:21 Analyzer from the Cosmic Depths:20 Arthor, the King of Blackport:8 Toras, Master of all Weapons:7 Argos, the Eye of the Cosmos:7]
t=18 ph=3 ap=0 snaps=2734 hooks=20 inst=85 rollout "Gerrymander" Creature lvl1 hero0
t=18 ph=3 ap=0 snaps=2735 hooks=20 inst=85 rollout "Gerrymander" Creature lvl1 hero0
t=18 ph=3 ap=0 snaps=2739 hooks=20 inst=85 rollout "Gerrymander" Creature lvl1 hero0
t=18 ph=3 ap=0 snaps=2741 hooks=20 inst=85 leakyRollout "Gerrymander" +3.93MB hooks=[] cards=[Gatherer from the Cosmic Depths:26 Wealth:21 Analyzer from the Cosmic Depths:16 Arthor, the King of Blackport:9 Argos, the Eye of the Cosmos:7 Toras, Master of all Weapons:6]
t=18 ph=3 ap=0 snaps=2741 hooks=20 inst=85 rollout "Gerrymander" Creature lvl1 hero0
t=18 ph=3 ap=0 snaps=2742 hooks=20 inst=85 rollout "Gerrymander" Creature lvl1 hero0
t=18 ph=3 ap=0 snaps=2743 hooks=20 inst=85 rollout "Gerrymander" Creature lvl1 hero0
t=18 ph=3 ap=0 snaps=2749 hooks=20 inst=85 leakyRollout "Gerrymander" +6.84MB hooks=[] cards=[Wealth:21 Gatherer from the Cosmic Depths:19 Analyzer from the Cosmic Depths:14 Arthor, the King of Blackport:9 The Sun Sword:8 Toras, Master of all Weapons:7]
t=18 ph=3 ap=0 snaps=2749 hooks=20 inst=85 rollout "Gerrymander" Creature lvl1 hero0
t=18 ph=3 ap=0 snaps=2750 hooks=20 inst=85 leakyRollout "Gerrymander" +1.24MB hooks=[] cards=[Gatherer from the Cosmic Depths:27 Wealth:21 Analyzer from the Cosmic Depths:18 Arthor, the King of Blackport:8 Toras, Master of all Weapons:7 Argos, the Eye of the Cosmos:7]
t=18 ph=3 ap=0 snaps=2750 hooks=20 inst=85 rollout "Gerrymander" Creature lvl1 hero0
t=18 ph=3 ap=0 snaps=2751 hooks=20 inst=85 leakyRollout "Gerrymander" +1.57MB hooks=[] cards=[Gatherer from the Cosmic Depths:27 Wealth:21 Analyzer from the Cosmic Depths:18 Arthor, the King of Blackport:8 Toras, Master of all Weapons:7 Argos, the Eye of the Cosmos:7]
t=18 ph=3 ap=0 snaps=2751 hooks=20 inst=85 rollout "Gerrymander" Creature lvl1 hero0
t=18 ph=3 ap=0 snaps=2752 hooks=20 inst=85 rollout "Gerrymander" Creature lvl1 hero0
t=18 ph=3 ap=0 snaps=2753 hooks=20 inst=85 rollout "Gerrymander" Creature lvl1 hero0
t=18 ph=3 ap=0 snaps=2754 hooks=20 inst=85 rollout "Gerrymander" Creature lvl1 hero0
t=18 ph=3 ap=0 snaps=2755 hooks=20 inst=85 leakyRollout "Gerrymander" +1.04MB hooks=[] cards=[Gatherer from the Cosmic Depths:27 Wealth:21 Analyzer from the Cosmic Depths:18 Arthor, the King of Blackport:8 Toras, Master of all Weapons:8 The Sun Sword:8]
t=18 ph=3 ap=0 snaps=2755 hooks=20 inst=85 rollout "Gerrymander" Creature lvl1 hero0
t=18 ph=3 ap=0 snaps=2756 hooks=20 inst=85 leakyRollout "Gerrymander" +3.90MB hooks=[] cards=[Gatherer from the Cosmic Depths:33 Analyzer from the Cosmic Depths:22 Wealth:13 Toras, Master of all Weapons:10 Arthor, the King of Blackport:9 Argos, the Eye of the Cosmos:7]
t=18 ph=3 ap=0 snaps=2756 hooks=20 inst=85 rollout "Gerrymander" Creature lvl1 hero0
t=18 ph=3 ap=0 snaps=2757 hooks=20 inst=85 rollout "Gerrymander" Creature lvl1 hero0
t=18 ph=3 ap=0 snaps=2758 hooks=20 inst=85 leakyRollout "Gerrymander" +3.42MB hooks=[] cards=[Gatherer from the Cosmic Depths:30 Wealth:21 Analyzer from the Cosmic Depths:20 Arthor, the King of Blackport:8 Toras, Master of all Weapons:7 Argos, the Eye of the Cosmos:7]
t=18 ph=3 ap=0 snaps=2758 hooks=20 inst=85 rollout "Gerrymander" Creature lvl1 hero0
t=18 ph=3 ap=0 snaps=2759 hooks=20 inst=85 rollout "Gerrymander" Creature lvl1 hero0
t=18 ph=3 ap=0 snaps=2761 hooks=20 inst=85 leakyRollout "Gerrymander" +5.32MB hooks=[] cards=[Gatherer from the Cosmic Depths:26 Wealth:21 Analyzer from the Cosmic Depths:16 Arthor, the King of Blackport:9 Toras, Master of all Weapons:8 The Sun Sword:8]
t=18 ph=3 ap=0 snaps=2761 hooks=20 inst=85 rollout "Gerrymander" Creature lvl1 hero0
t=18 ph=3 ap=0 snaps=2762 hooks=20 inst=85 leakyRollout "Gerrymander" +0.98MB hooks=[] cards=[Gatherer from the Cosmic Depths:27 Wealth:21 Analyzer from the Cosmic Depths:18 Arthor, the King of Blackport:8 Toras, Master of all Weapons:7 Argos, the Eye of the Cosmos:7]
t=18 ph=3 ap=0 snaps=2762 hooks=20 inst=85 rollout "Gerrymander" Creature lvl1 hero0
t=18 ph=3 ap=0 snaps=2763 hooks=20 inst=85 rollout "Gerrymander" Creature lvl1 hero0
t=18 ph=3 ap=0 snaps=2764 hooks=20 inst=85 leakyRollout "Gerrymander" +1.84MB hooks=[] cards=[Gatherer from the Cosmic Depths:30 Wealth:21 Analyzer from the Cosmic Depths:20 Arthor, the King of Blackport:8 Toras, Master of all Weapons:8 The Sun Sword:8]
t=18 ph=3 ap=0 snaps=2764 hooks=20 inst=85 rollout "Gerrymander" Creature lvl1 hero0
t=18 ph=3 ap=0 snaps=2765 hooks=20 inst=85 rollout "Gerrymander" Creature lvl1 hero0
t=18 ph=3 ap=0 snaps=2767 hooks=20 inst=85 rollout "Gerrymander" Creature lvl1 hero0
t=18 ph=3 ap=0 snaps=2768 hooks=20 inst=85 leakyRollout "Gerrymander" +2.29MB hooks=[] cards=[Gatherer from the Cosmic Depths:33 Analyzer from the Cosmic Depths:22 Wealth:13 Toras, Master of all Weapons:10 Arthor, the King of Blackport:9 Argos, the Eye of the Cosmos:7]
t=18 ph=3 ap=0 snaps=2768 hooks=20 inst=85 rollout "Gerrymander" Creature lvl1 hero0
t=18 ph=3 ap=0 snaps=2769 hooks=20 inst=85 leakyRollout "Gerrymander" +1.28MB hooks=[] cards=[Gatherer from the Cosmic Depths:27 Wealth:21 Analyzer from the Cosmic Depths:18 Arthor, the King of Blackport:8 Toras, Master of all Weapons:7 Argos, the Eye of the Cosmos:7]
t=18 ph=3 ap=0 snaps=2769 hooks=20 inst=85 rollout "Gerrymander" Creature lvl1 hero0
t=18 ph=3 ap=0 snaps=2770 hooks=20 inst=85 rollout "Gerrymander" Creature lvl1 hero0
t=18 ph=3 ap=0 snaps=2771 hooks=20 inst=85 rollout "Gerrymander" Creature lvl1 hero0
t=18 ph=3 ap=0 snaps=2772 hooks=20 inst=85 rollout "Gerrymander" Creature lvl1 hero0
t=18 ph=3 ap=0 snaps=2774 hooks=20 inst=85 leakyRollout "Gerrymander" +3.21MB hooks=[] cards=[Gatherer from the Cosmic Depths:23 Wealth:21 Analyzer from the Cosmic Depths:14 Arthor, the King of Blackport:9 Toras, Master of all Weapons:8 The Sun Sword:8]
t=18 ph=3 ap=0 snaps=2774 hooks=20 inst=85 rollout "Gerrymander" Creature lvl1 hero0
t=18 ph=3 ap=0 snaps=2775 hooks=20 inst=85 leakyRollout "Gerrymander" +3.64MB hooks=[] cards=[Gatherer from the Cosmic Depths:30 Wealth:21 Analyzer from the Cosmic Depths:20 Arthor, the King of Blackport:8 Toras, Master of all Weapons:7 Argos, the Eye of the Cosmos:7]
t=18 ph=3 ap=0 snaps=2775 hooks=20 inst=85 rollout "Gerrymander" Creature lvl1 hero0
t=18 ph=3 ap=0 snaps=2776 hooks=20 inst=85 leakyRollout "Gerrymander" +1.48MB hooks=[] cards=[Gatherer from the Cosmic Depths:24 Wealth:21 Analyzer from the Cosmic Depths:18 Arthor, the King of Blackport:9 Argos, the Eye of the Cosmos:7 The Sun Sword:7]
t=18 ph=3 ap=0 snaps=2776 hooks=20 inst=85 rollout "Gerrymander" Creature lvl1 hero0
t=18 ph=3 ap=0 snaps=2777 hooks=20 inst=85 rollout "Gerrymander" Creature lvl1 hero0
t=18 ph=3 ap=0 snaps=2778 hooks=20 inst=85 rollout "Gerrymander" Creature lvl1 hero0
t=18 ph=3 ap=0 snaps=2779 hooks=20 inst=85 rollout "Gerrymander" Creature lvl1 hero0
t=18 ph=3 ap=0 snaps=2780 hooks=20 inst=85 rollout "Gerrymander" Creature lvl1 hero0
t=18 ph=3 ap=0 snaps=2781 hooks=20 inst=85 leakyRollout "Gerrymander" +3.55MB hooks=[] cards=[Gatherer from the Cosmic Depths:30 Wealth:21 Analyzer from the Cosmic Depths:20 Arthor, the King of Blackport:8 Toras, Master of all Weapons:7 Argos, the Eye of the Cosmos:7]
t=18 ph=3 ap=0 snaps=2781 hooks=20 inst=85 rollout "Gerrymander" Creature lvl1 hero0
t=18 ph=3 ap=0 snaps=2782 hooks=20 inst=85 leakyRollout "Gerrymander" +1.60MB hooks=[] cards=[Gatherer from the Cosmic Depths:24 Wealth:21 Analyzer from the Cosmic Depths:18 Arthor, the King of Blackport:9 Argos, the Eye of the Cosmos:7 The Sun Sword:7]
t=18 ph=3 ap=0 snaps=2782 hooks=20 inst=85 rollout "Gerrymander" Creature lvl1 hero0
t=18 ph=3 ap=0 snaps=2783 hooks=20 inst=85 rollout "Gerrymander" Creature lvl1 hero0
t=18 ph=3 ap=0 snaps=2784 hooks=20 inst=85 rollout "Gerrymander" Creature lvl1 hero0
t=18 ph=3 ap=0 snaps=2785 hooks=20 inst=85 rollout "Gerrymander" Creature lvl1 hero0
t=18 ph=3 ap=0 snaps=2787 hooks=20 inst=85 leakyRollout "Gerrymander" +13.95MB hooks=[] cards=[Wealth:21 Gatherer from the Cosmic Depths:15 Analyzer from the Cosmic Depths:11 Toras, Master of all Weapons:10 The Sun Sword:10 Arthor, the King of Blackport:9]
t=18 ph=3 ap=0 snaps=2787 hooks=20 inst=85 rollout "Gerrymander" Creature lvl1 hero0
t=18 ph=3 ap=0 snaps=2788 hooks=20 inst=85 rollout "Gerrymander" Creature lvl1 hero0
t=18 ph=3 ap=0 snaps=2789 hooks=20 inst=85 rollout "Gerrymander" Creature lvl1 hero0
t=18 ph=3 ap=0 snaps=2790 hooks=20 inst=85 rollout "Gerrymander" Creature lvl1 hero0
t=18 ph=3 ap=0 snaps=2791 hooks=20 inst=85 leakyRollout "Gerrymander" +13.65MB hooks=[] cards=[Wealth:21 Gatherer from the Cosmic Depths:18 Analyzer from the Cosmic Depths:13 Arthor, the King of Blackport:9 Toras, Master of all Weapons:7 The Sun Sword:7]
t=18 ph=3 ap=0 snaps=2791 hooks=20 inst=85 rollout "Gerrymander" Creature lvl1 hero0
t=18 ph=3 ap=0 snaps=2792 hooks=20 inst=85 leakyRollout "Gerrymander" +0.89MB hooks=[] cards=[Gatherer from the Cosmic Depths:27 Wealth:21 Analyzer from the Cosmic Depths:18 Arthor, the King of Blackport:8 Toras, Master of all Weapons:7 Argos, the Eye of the Cosmos:7]
t=18 ph=3 ap=0 snaps=2792 hooks=20 inst=85 rollout "Gerrymander" Creature lvl1 hero0
t=18 ph=3 ap=0 snaps=2793 hooks=20 inst=85 rollout "Gerrymander" Creature lvl1 hero0
t=18 ph=3 ap=0 snaps=2794 hooks=20 inst=85 rollout "Gerrymander" Creature lvl1 hero0
t=18 ph=3 ap=0 snaps=2795 hooks=20 inst=85 leakyRollout "Gerrymander" +1.15MB hooks=[] cards=[Gatherer from the Cosmic Depths:24 Wealth:21 Analyzer from the Cosmic Depths:16 Arthor, the King of Blackport:8 Toras, Master of all Weapons:7 Argos, the Eye of the Cosmos:7]
t=18 ph=3 ap=0 snaps=2795 hooks=20 inst=85 rollout "Gerrymander" Creature lvl1 hero0
t=18 ph=3 ap=0 snaps=2796 hooks=20 inst=85 rollout "Gerrymander" Creature lvl1 hero0
t=18 ph=3 ap=0 snaps=2797 hooks=20 inst=85 leakyRollout "Gerrymander" +14.64MB hooks=[] cards=[Wealth:21 Gatherer from the Cosmic Depths:21 Analyzer from the Cosmic Depths:14 Arthor, the King of Blackport:8 Toras, Master of all Weapons:7 Argos, the Eye of the Cosmos:7]
t=18 ph=3 ap=0 snaps=2797 hooks=20 inst=85 rollout "Gerrymander" Creature lvl1 hero0
t=18 ph=3 ap=0 snaps=2799 hooks=20 inst=85 rollout "Gerrymander" Creature lvl1 hero0
t=18 ph=3 ap=0 snaps=2800 hooks=20 inst=85 leakyRollout "Gerrymander" +0.94MB hooks=[] cards=[Gatherer from the Cosmic Depths:27 Wealth:21 Analyzer from the Cosmic Depths:18 Arthor, the King of Blackport:8 Toras, Master of all Weapons:7 Argos, the Eye of the Cosmos:7]
t=18 ph=3 ap=0 snaps=2800 hooks=20 inst=85 rollout "Gerrymander" Creature lvl1 hero0
t=18 ph=3 ap=0 snaps=2802 hooks=20 inst=85 rollout "Gerrymander" Creature lvl1 hero0
t=18 ph=3 ap=0 snaps=2803 hooks=20 inst=85 rollout "Gerrymander" Creature lvl1 hero0
t=18 ph=3 ap=0 snaps=2804 hooks=20 inst=85 rollout "Gerrymander" Creature lvl1 hero0
t=18 ph=3 ap=0 snaps=2805 hooks=20 inst=85 rollout "Gerrymander" Creature lvl1 hero0
t=18 ph=3 ap=0 snaps=2809 hooks=20 inst=85 leakyRollout "Gerrymander" +2.30MB hooks=[] cards=[Wealth:21 Gatherer from the Cosmic Depths:16 Analyzer from the Cosmic Depths:12 Arthor, the King of Blackport:9 Argos, the Eye of the Cosmos:7 The Sun Sword:7]
t=18 ph=3 ap=0 snaps=2809 hooks=20 inst=85 rollout "Gerrymander" Creature lvl1 hero0
t=18 ph=3 ap=0 snaps=2811 hooks=20 inst=85 rollout "Gerrymander" Creature lvl1 hero0
t=18 ph=3 ap=0 snaps=2812 hooks=20 inst=85 leakyRollout "Gerrymander" +1.91MB hooks=[] cards=[Gatherer from the Cosmic Depths:27 Wealth:21 Analyzer from the Cosmic Depths:18 Arthor, the King of Blackport:8 Toras, Master of all Weapons:7 Argos, the Eye of the Cosmos:7]
t=18 ph=3 ap=0 snaps=2812 hooks=20 inst=85 rollout "Gerrymander" Creature lvl1 hero0
t=18 ph=3 ap=0 snaps=2814 hooks=20 inst=85 summon "Gerrymander" p0/h0
t=18 ph=5 ap=0 snaps=2908 hooks=37 inst=90 switchTurn ending p0
t=19 ph=2 ap=1 snaps=2908 hooks=10 inst=91 cpuTurnStart cpu=p1 hand=4
t=19 ph=2 ap=1 snaps=2913 hooks=10 inst=91 summon "Metal Harpyformer" p1/h0
t=19 ph=5 ap=1 snaps=2922 hooks=23 inst=93 switchTurn ending p1
t=20 ph=2 ap=0 snaps=2922 hooks=13 inst=94 cpuTurnStart cpu=p0 hand=5
t=20 ph=5 ap=0 snaps=3021 hooks=23 inst=95 switchTurn ending p0
t=21 ph=2 ap=1 snaps=3021 hooks=10 inst=96 cpuTurnStart cpu=p1 hand=4
t=21 ph=5 ap=1 snaps=3028 hooks=19 inst=97 switchTurn ending p1
t=22 ph=2 ap=0 snaps=3028 hooks=10 inst=98 cpuTurnStart cpu=p0 hand=5
t=22 ph=5 ap=0 snaps=3086 hooks=17 inst=98 switchTurn ending p0
t=23 ph=2 ap=1 snaps=3086 hooks=10 inst=99 cpuTurnStart cpu=p1 hand=4
t=23 ph=5 ap=1 snaps=3092 hooks=19 inst=100 switchTurn ending p1
t=24 ph=2 ap=0 snaps=3092 hooks=10 inst=101 cpuTurnStart cpu=p0 hand=6
t=24 ph=5 ap=0 snaps=3150 hooks=17 inst=101 switchTurn ending p0
t=25 ph=2 ap=1 snaps=3150 hooks=10 inst=102 cpuTurnStart cpu=p1 hand=4
t=25 ph=5 ap=1 snaps=3172 hooks=17 inst=102 switchTurn ending p1
t=26 ph=2 ap=0 snaps=3172 hooks=10 inst=103 cpuTurnStart cpu=p0 hand=7
t=26 ph=5 ap=0 snaps=3230 hooks=17 inst=103 switchTurn ending p0
t=27 ph=2 ap=1 snaps=3230 hooks=10 inst=104 cpuTurnStart cpu=p1 hand=5
t=27 ph=3 ap=1 snaps=3241 hooks=12 inst=104 rollout "Critical Strike" Attack lvl3 hero1
t=27 ph=3 ap=1 snaps=3242 hooks=12 inst=104 leakyRollout "Critical Strike" +13.21MB hooks=[] cards=[Wealth:21 Arthor, the King of Blackport:10 Earth-Shattering Hammer, Relic of Deri:8 Blade of the Frostbringer:8 The Sun Sword:7 Toras, Master of all Weapons:6]
t=27 ph=3 ap=1 snaps=3242 hooks=12 inst=104 rollout "Critical Strike" Attack lvl3 hero1
t=27 ph=3 ap=1 snaps=3243 hooks=12 inst=104 rollout "Critical Strike" Attack lvl3 hero1
t=27 ph=3 ap=1 snaps=3244 hooks=12 inst=104 leakyRollout "Critical Strike" +5.19MB hooks=[] cards=[Wealth:14 Gatherer from the Cosmic Depths:12 Analyzer from the Cosmic Depths:10 Toras, Master of all Weapons:7 Argos, the Eye of the Cosmos:7 Blade of the Frostbringer:6]
t=27 ph=3 ap=1 snaps=3244 hooks=12 inst=104 rollout "Critical Strike" Attack lvl3 hero1
t=27 ph=3 ap=1 snaps=3245 hooks=12 inst=104 leakyRollout "Critical Strike" +1.05MB hooks=[] cards=[The Sun Sword:12 Arthor, the King of Blackport:10 Toras, Master of all Weapons:9 Gatherer from the Cosmic Depths:9 Earth-Shattering Hammer, Relic of Deri:8 Wealth:7]
t=27 ph=3 ap=1 snaps=3245 hooks=12 inst=104 rollout "Critical Strike" Attack lvl3 hero1
t=27 ph=3 ap=1 snaps=3247 hooks=12 inst=104 leakyRollout "Critical Strike" +0.85MB hooks=[] cards=[Wealth:21 Arthor, the King of Blackport:10 Analyzer from the Cosmic Depths:9 Earth-Shattering Hammer, Relic of Deri:8 Blade of the Frostbringer:8 The Sun Sword:7]
t=27 ph=3 ap=1 snaps=3247 hooks=12 inst=104 rollout "Critical Strike" Attack lvl3 hero1
t=27 ph=3 ap=1 snaps=3249 hooks=12 inst=104 leakyRollout "Critical Strike" +1.40MB hooks=[] cards=[Wealth:21 Arthor, the King of Blackport:10 Analyzer from the Cosmic Depths:9 Earth-Shattering Hammer, Relic of Deri:8 Blade of the Frostbringer:8 The Sun Sword:7]
t=27 ph=3 ap=1 snaps=3249 hooks=12 inst=104 rollout "Critical Strike" Attack lvl3 hero1
t=27 ph=3 ap=1 snaps=3255 hooks=12 inst=104 rollout "Critical Strike" Attack lvl3 hero1
t=27 ph=3 ap=1 snaps=3258 hooks=12 inst=104 leakyRollout "Critical Strike" +13.68MB hooks=[] cards=[Wealth:21 Arthor, the King of Blackport:10 The Sun Sword:8 Earth-Shattering Hammer, Relic of Deri:8 Blade of the Frostbringer:8 Toras, Master of all Weapons:7]
t=27 ph=3 ap=1 snaps=3258 hooks=12 inst=104 rollout "Critical Strike" Attack lvl3 hero1
t=27 ph=3 ap=1 snaps=3260 hooks=12 inst=104 rollout "Critical Strike" Attack lvl3 hero1
t=27 ph=3 ap=1 snaps=3261 hooks=12 inst=104 leakyRollout "Critical Strike" +6.39MB hooks=[onPlay:2 onCardEnterZone:2 onCardAddedToHand:1 beforeDamage:1 afterDamage:1 onHeroKO:1] cards=[Fighting:10 Earth-Shattering Hammer, Relic of Deri:10 Blade of the Frostbringer:10 The Master's Sword:8 Toras, Master of all Weapons:7 The Sun Sword:7]
t=27 ph=3 ap=1 snaps=3261 hooks=12 inst=104 rollout "Critical Strike" Attack lvl3 hero1
t=27 ph=3 ap=1 snaps=3262 hooks=12 inst=104 rollout "Critical Strike" Attack lvl3 hero1
t=27 ph=3 ap=1 snaps=3263 hooks=12 inst=104 rollout "Critical Strike" Attack lvl3 hero1
t=27 ph=3 ap=1 snaps=3264 hooks=12 inst=104 leakyRollout "Critical Strike" +6.36MB hooks=[onCardAddedToHand:1 onPlay:1 beforeDamage:1 afterDamage:1 onHeroKO:1 afterSpellResolved:1] cards=[Fighting:10 Earth-Shattering Hammer, Relic of Deri:10 Blade of the Frostbringer:10 The Master's Sword:8 Toras, Master of all Weapons:6 Wealth:6]
t=27 ph=3 ap=1 snaps=3264 hooks=12 inst=104 rollout "Critical Strike" Attack lvl3 hero1
t=27 ph=3 ap=1 snaps=3265 hooks=12 inst=104 rollout "Critical Strike" Attack lvl3 hero1
t=27 ph=3 ap=1 snaps=3266 hooks=12 inst=104 leakyRollout "Critical Strike" +8.19MB hooks=[onCardAddedToHand:1 onPlay:1 beforeDamage:1 afterDamage:1 onHeroKO:1 afterSpellResolved:1] cards=[Fighting:10 Earth-Shattering Hammer, Relic of Deri:10 Blade of the Frostbringer:10 The Master's Sword:8 Toras, Master of all Weapons:6 Wealth:6]
t=27 ph=3 ap=1 snaps=3266 hooks=12 inst=104 rollout "Critical Strike" Attack lvl3 hero1
t=27 ph=3 ap=1 snaps=3267 hooks=12 inst=104 leakyRollout "Critical Strike" +5.28MB hooks=[onPhaseEnd:3 onPhaseStart:2 onTurnEnd:1 beforeDamage:1 afterDamage:1 onHeroKO:1] cards=[Earth-Shattering Hammer, Relic of Deri:6 Blade of the Frostbringer:6 The Master's Sword:6 Fighting:5 Toras, Master of all Weapons:4 The Sun Sword:4]
t=27 ph=3 ap=1 snaps=3267 hooks=12 inst=104 rollout "Critical Strike" Attack lvl3 hero1
t=27 ph=3 ap=1 snaps=3268 hooks=12 inst=104 rollout "Critical Strike" Attack lvl3 hero1
t=27 ph=3 ap=1 snaps=3269 hooks=12 inst=104 leakyRollout "Critical Strike" +6.29MB hooks=[onCardAddedToHand:1 onPlay:1 beforeDamage:1 afterDamage:1 onHeroKO:1 afterSpellResolved:1] cards=[Fighting:10 Earth-Shattering Hammer, Relic of Deri:10 Blade of the Frostbringer:10 The Master's Sword:8 Toras, Master of all Weapons:6 Wealth:6]
t=27 ph=3 ap=1 snaps=3269 hooks=12 inst=104 rollout "Critical Strike" Attack lvl3 hero1
t=27 ph=3 ap=1 snaps=3270 hooks=12 inst=104 rollout "Critical Strike" Attack lvl3 hero1
t=27 ph=3 ap=1 snaps=3271 hooks=12 inst=104 rollout "Critical Strike" Attack lvl3 hero1
t=27 ph=3 ap=1 snaps=3272 hooks=12 inst=104 leakyRollout "Critical Strike" +5.44MB hooks=[onPhaseEnd:3 onPhaseStart:2 onTurnEnd:1 beforeDamage:1 afterDamage:1 onHeroKO:1] cards=[Earth-Shattering Hammer, Relic of Deri:6 Blade of the Frostbringer:6 The Master's Sword:6 Fighting:5 Toras, Master of all Weapons:4 The Sun Sword:4]
t=27 ph=3 ap=1 snaps=3272 hooks=12 inst=104 rollout "Critical Strike" Attack lvl3 hero1
t=27 ph=3 ap=1 snaps=3273 hooks=12 inst=104 leakyRollout "Critical Strike" +8.44MB hooks=[onPlay:2 onCardEnterZone:2 onCardAddedToHand:1 beforeDamage:1 afterDamage:1 onHeroKO:1] cards=[Fighting:10 Earth-Shattering Hammer, Relic of Deri:10 Blade of the Frostbringer:10 The Master's Sword:8 Toras, Master of all Weapons:7 The Sun Sword:7]
t=27 ph=3 ap=1 snaps=3273 hooks=12 inst=104 rollout "Critical Strike" Attack lvl3 hero1
t=27 ph=3 ap=1 snaps=3274 hooks=12 inst=104 rollout "Critical Strike" Attack lvl3 hero1
t=27 ph=3 ap=1 snaps=3275 hooks=12 inst=104 rollout "Critical Strike" Attack lvl3 hero1
t=27 ph=3 ap=1 snaps=3276 hooks=12 inst=104 leakyRollout "Critical Strike" +8.07MB hooks=[onCardAddedToHand:1 onPlay:1 beforeDamage:1 afterDamage:1 onHeroKO:1 afterSpellResolved:1] cards=[Fighting:10 Earth-Shattering Hammer, Relic of Deri:10 Blade of the Frostbringer:10 The Master's Sword:8 Toras, Master of all Weapons:6 Wealth:6]
t=27 ph=3 ap=1 snaps=3276 hooks=12 inst=104 rollout "Critical Strike" Attack lvl3 hero1
t=27 ph=3 ap=1 snaps=3277 hooks=12 inst=104 rollout "Critical Strike" Attack lvl3 hero1
t=27 ph=3 ap=1 snaps=3278 hooks=12 inst=104 rollout "Critical Strike" Attack lvl3 hero1
t=27 ph=3 ap=1 snaps=3279 hooks=12 inst=104 leakyRollout "Critical Strike" +8.18MB hooks=[onCardAddedToHand:1 onPlay:1 beforeDamage:1 afterDamage:1 onHeroKO:1 afterSpellResolved:1] cards=[Fighting:10 Earth-Shattering Hammer, Relic of Deri:10 Blade of the Frostbringer:10 The Master's Sword:8 Toras, Master of all Weapons:6 Wealth:6]
t=27 ph=3 ap=1 snaps=3279 hooks=12 inst=104 rollout "Critical Strike" Attack lvl3 hero1
t=27 ph=3 ap=1 snaps=3280 hooks=12 inst=104 leakyRollout "Critical Strike" +5.44MB hooks=[onPhaseEnd:3 onPhaseStart:2 onTurnEnd:1 beforeDamage:1 afterDamage:1 onHeroKO:1] cards=[Earth-Shattering Hammer, Relic of Deri:6 Blade of the Frostbringer:6 The Master's Sword:6 Fighting:5 Toras, Master of all Weapons:4 The Sun Sword:4]
t=27 ph=3 ap=1 snaps=3280 hooks=12 inst=104 rollout "Critical Strike" Attack lvl3 hero1
t=27 ph=3 ap=1 snaps=3281 hooks=12 inst=104 rollout "Critical Strike" Attack lvl3 hero1
t=27 ph=3 ap=1 snaps=3282 hooks=12 inst=104 leakyRollout "Critical Strike" +8.41MB hooks=[onPlay:2 onCardEnterZone:2 onCardAddedToHand:1 beforeDamage:1 afterDamage:1 onHeroKO:1] cards=[Fighting:10 Earth-Shattering Hammer, Relic of Deri:10 Blade of the Frostbringer:10 The Master's Sword:8 Toras, Master of all Weapons:7 The Sun Sword:7]
t=27 ph=3 ap=1 snaps=3282 hooks=12 inst=104 rollout "Critical Strike" Attack lvl3 hero1
t=27 ph=3 ap=1 snaps=3283 hooks=12 inst=104 rollout "Critical Strike" Attack lvl3 hero1
t=27 ph=3 ap=1 snaps=3284 hooks=12 inst=104 rollout "Critical Strike" Attack lvl3 hero1
t=27 ph=3 ap=1 snaps=3285 hooks=12 inst=104 leakyRollout "Critical Strike" +7.47MB hooks=[afterSpellResolved:2 onCardAddedToHand:1 onPlay:1 beforeDamage:1 afterDamage:1 onHeroKO:1] cards=[Earth-Shattering Hammer, Relic of Deri:12 Blade of the Frostbringer:12 Fighting:10 The Master's Sword:8 Arthor, the King of Blackport:6 Toras, Master of all Weapons:6]
t=27 ph=3 ap=1 snaps=3285 hooks=12 inst=104 rollout "Critical Strike" Attack lvl3 hero1
t=27 ph=3 ap=1 snaps=3286 hooks=12 inst=104 rollout "Critical Strike" Attack lvl3 hero1
t=27 ph=3 ap=1 snaps=3287 hooks=12 inst=104 leakyRollout "Critical Strike" +8.18MB hooks=[onCardAddedToHand:1 onPlay:1 beforeDamage:1 afterDamage:1 onHeroKO:1 afterSpellResolved:1] cards=[Fighting:10 Earth-Shattering Hammer, Relic of Deri:10 Blade of the Frostbringer:10 The Master's Sword:8 Toras, Master of all Weapons:6 Wealth:6]
t=27 ph=3 ap=1 snaps=3287 hooks=12 inst=104 rollout "Critical Strike" Attack lvl3 hero1
t=27 ph=3 ap=1 snaps=3288 hooks=12 inst=104 rollout "Critical Strike" Attack lvl3 hero1
t=27 ph=3 ap=1 snaps=3289 hooks=12 inst=104 leakyRollout "Critical Strike" +7.39MB hooks=[afterSpellResolved:2 onCardAddedToHand:1 onPlay:1 beforeDamage:1 afterDamage:1 onHeroKO:1] cards=[Earth-Shattering Hammer, Relic of Deri:12 Blade of the Frostbringer:12 Fighting:10 The Master's Sword:8 Arthor, the King of Blackport:6 Toras, Master of all Weapons:6]
t=27 ph=3 ap=1 snaps=3289 hooks=12 inst=104 rollout "Critical Strike" Attack lvl3 hero1
t=27 ph=3 ap=1 snaps=3290 hooks=12 inst=104 rollout "Critical Strike" Attack lvl3 hero1
t=27 ph=3 ap=1 snaps=3291 hooks=12 inst=104 leakyRollout "Critical Strike" +10.41MB hooks=[onPlay:2 onCardEnterZone:2 onCardAddedToHand:1 beforeDamage:1 afterDamage:1 onHeroKO:1] cards=[The Sun Sword:12 Fighting:10 Earth-Shattering Hammer, Relic of Deri:10 Blade of the Frostbringer:10 The Master's Sword:8 Toras, Master of all Weapons:7]
t=27 ph=3 ap=1 snaps=3291 hooks=12 inst=104 rollout "Critical Strike" Attack lvl3 hero1
t=27 ph=3 ap=1 snaps=3292 hooks=12 inst=104 rollout "Critical Strike" Attack lvl3 hero1
t=27 ph=3 ap=1 snaps=3293 hooks=12 inst=104 leakyRollout "Critical Strike" +8.22MB hooks=[onCardAddedToHand:1 onPlay:1 beforeDamage:1 afterDamage:1 onHeroKO:1 afterSpellResolved:1] cards=[Fighting:10 Earth-Shattering Hammer, Relic of Deri:10 Blade of the Frostbringer:10 The Master's Sword:8 Toras, Master of all Weapons:6 Wealth:6]
t=27 ph=3 ap=1 snaps=3293 hooks=12 inst=104 rollout "Critical Strike" Attack lvl3 hero1
t=27 ph=3 ap=1 snaps=3294 hooks=12 inst=104 rollout "Critical Strike" Attack lvl3 hero1
t=27 ph=3 ap=1 snaps=3295 hooks=12 inst=104 leakyRollout "Critical Strike" +5.44MB hooks=[onPhaseEnd:3 onPhaseStart:2 onTurnEnd:1 beforeDamage:1 afterDamage:1 onHeroKO:1] cards=[Earth-Shattering Hammer, Relic of Deri:6 Blade of the Frostbringer:6 The Master's Sword:6 Fighting:5 Toras, Master of all Weapons:4 The Sun Sword:4]
t=27 ph=3 ap=1 snaps=3295 hooks=12 inst=104 rollout "Critical Strike" Attack lvl3 hero1
t=27 ph=3 ap=1 snaps=3296 hooks=12 inst=104 rollout "Critical Strike" Attack lvl3 hero1
t=27 ph=3 ap=1 snaps=3297 hooks=12 inst=104 leakyRollout "Critical Strike" +8.12MB hooks=[onCardAddedToHand:1 onPlay:1 beforeDamage:1 afterDamage:1 onHeroKO:1 afterSpellResolved:1] cards=[Fighting:10 Earth-Shattering Hammer, Relic of Deri:10 Blade of the Frostbringer:10 The Master's Sword:8 Toras, Master of all Weapons:6 Wealth:6]
t=27 ph=3 ap=1 snaps=3297 hooks=12 inst=104 rollout "Critical Strike" Attack lvl3 hero1
t=27 ph=3 ap=1 snaps=3298 hooks=12 inst=104 rollout "Critical Strike" Attack lvl3 hero1
t=27 ph=3 ap=1 snaps=3299 hooks=12 inst=104 leakyRollout "Critical Strike" +8.17MB hooks=[onCardAddedToHand:1 onPlay:1 beforeDamage:1 afterDamage:1 onHeroKO:1 afterSpellResolved:1] cards=[Fighting:10 Earth-Shattering Hammer, Relic of Deri:10 Blade of the Frostbringer:10 The Master's Sword:8 Toras, Master of all Weapons:6 Wealth:6]
t=27 ph=3 ap=1 snaps=3299 hooks=12 inst=104 rollout "Critical Strike" Attack lvl3 hero1
t=27 ph=3 ap=1 snaps=3300 hooks=12 inst=104 rollout "Critical Strike" Attack lvl3 hero1
t=27 ph=3 ap=1 snaps=3301 hooks=12 inst=104 leakyRollout "Critical Strike" +8.24MB hooks=[onPlay:2 onCardEnterZone:2 onCardAddedToHand:1 beforeDamage:1 afterDamage:1 onHeroKO:1] cards=[Fighting:10 Earth-Shattering Hammer, Relic of Deri:10 Blade of the Frostbringer:10 The Master's Sword:8 Toras, Master of all Weapons:7 The Sun Sword:7]
t=27 ph=3 ap=1 snaps=3301 hooks=12 inst=104 rollout "Critical Strike" Attack lvl3 hero1
t=27 ph=3 ap=1 snaps=3302 hooks=12 inst=104 rollout "Critical Strike" Attack lvl3 hero1
t=27 ph=3 ap=1 snaps=3303 hooks=12 inst=104 leakyRollout "Critical Strike" +5.32MB hooks=[onPhaseEnd:3 onPhaseStart:2 onTurnEnd:1 beforeDamage:1 afterDamage:1 onHeroKO:1] cards=[Earth-Shattering Hammer, Relic of Deri:6 Blade of the Frostbringer:6 The Master's Sword:6 Fighting:5 Toras, Master of all Weapons:4 The Sun Sword:4]
t=27 ph=3 ap=1 snaps=3303 hooks=12 inst=104 rollout "Critical Strike" Attack lvl3 hero1
t=27 ph=3 ap=1 snaps=3304 hooks=12 inst=104 rollout "Critical Strike" Attack lvl3 hero1
t=27 ph=3 ap=1 snaps=3305 hooks=12 inst=104 leakyRollout "Critical Strike" +6.33MB hooks=[onPlay:2 onCardEnterZone:2 onCardAddedToHand:1 beforeDamage:1 afterDamage:1 onHeroKO:1] cards=[Fighting:10 Earth-Shattering Hammer, Relic of Deri:10 Blade of the Frostbringer:10 The Master's Sword:8 Toras, Master of all Weapons:7 The Sun Sword:7]
t=27 ph=3 ap=1 snaps=3305 hooks=12 inst=104 rollout "Critical Strike" Attack lvl3 hero1
t=27 ph=3 ap=1 snaps=3306 hooks=12 inst=104 rollout "Critical Strike" Attack lvl3 hero1
t=27 ph=3 ap=1 snaps=3307 hooks=12 inst=104 leakyRollout "Critical Strike" +9.93MB hooks=[onPlay:2 onCardEnterZone:2 onCardAddedToHand:1 beforeDamage:1 afterDamage:1 onHeroKO:1] cards=[Fighting:12 Earth-Shattering Hammer, Relic of Deri:10 Blade of the Frostbringer:10 The Master's Sword:8 Toras, Master of all Weapons:7 The Sun Sword:7]
t=27 ph=3 ap=1 snaps=3307 hooks=12 inst=104 rollout "Critical Strike" Attack lvl3 hero1
t=27 ph=3 ap=1 snaps=3308 hooks=12 inst=104 rollout "Critical Strike" Attack lvl3 hero1
t=27 ph=3 ap=1 snaps=3309 hooks=12 inst=104 leakyRollout "Critical Strike" +10.53MB hooks=[onPlay:2 onCardEnterZone:2 onCardAddedToHand:1 beforeDamage:1 afterDamage:1 onHeroKO:1] cards=[Fighting:12 Earth-Shattering Hammer, Relic of Deri:10 Blade of the Frostbringer:10 The Master's Sword:8 Toras, Master of all Weapons:7 The Sun Sword:7]
t=27 ph=3 ap=1 snaps=3309 hooks=12 inst=104 rollout "Critical Strike" Attack lvl3 hero1
t=27 ph=3 ap=1 snaps=3310 hooks=12 inst=104 rollout "Critical Strike" Attack lvl3 hero1
t=27 ph=3 ap=1 snaps=3311 hooks=12 inst=104 rollout "Critical Strike" Attack lvl3 hero1
t=27 ph=3 ap=1 snaps=3312 hooks=12 inst=104 leakyRollout "Critical Strike" +5.33MB hooks=[onPhaseEnd:3 onPhaseStart:2 onTurnEnd:1 beforeDamage:1 afterDamage:1 onHeroKO:1] cards=[Earth-Shattering Hammer, Relic of Deri:6 Blade of the Frostbringer:6 The Master's Sword:6 Fighting:5 Toras, Master of all Weapons:4 The Sun Sword:4]
t=27 ph=3 ap=1 snaps=3312 hooks=12 inst=104 rollout "Critical Strike" Attack lvl3 hero1
t=27 ph=3 ap=1 snaps=3313 hooks=12 inst=104 leakyRollout "Critical Strike" +6.43MB hooks=[onPlay:2 onCardEnterZone:2 onCardAddedToHand:1 beforeDamage:1 afterDamage:1 onHeroKO:1] cards=[The Sun Sword:12 Fighting:10 Earth-Shattering Hammer, Relic of Deri:10 Blade of the Frostbringer:10 The Master's Sword:8 Toras, Master of all Weapons:7]
t=27 ph=3 ap=1 snaps=3313 hooks=12 inst=104 rollout "Critical Strike" Attack lvl3 hero1
t=27 ph=3 ap=1 snaps=3314 hooks=12 inst=104 rollout "Critical Strike" Attack lvl3 hero1
t=27 ph=3 ap=1 snaps=3315 hooks=12 inst=104 leakyRollout "Critical Strike" +8.29MB hooks=[onCardAddedToHand:1 onPlay:1 beforeDamage:1 afterDamage:1 onHeroKO:1 afterSpellResolved:1] cards=[Fighting:10 Earth-Shattering Hammer, Relic of Deri:10 Blade of the Frostbringer:10 The Master's Sword:8 Toras, Master of all Weapons:6 Wealth:6]
t=27 ph=3 ap=1 snaps=3315 hooks=12 inst=104 rollout "Critical Strike" Attack lvl3 hero1
t=27 ph=3 ap=1 snaps=3316 hooks=12 inst=104 rollout "Critical Strike" Attack lvl3 hero1
t=27 ph=3 ap=1 snaps=3317 hooks=12 inst=104 leakyRollout "Critical Strike" +9.92MB hooks=[onCardAddedToHand:1 onPlay:1 beforeDamage:1 afterDamage:1 onHeroKO:1 afterSpellResolved:1] cards=[Fighting:10 Earth-Shattering Hammer, Relic of Deri:10 Blade of the Frostbringer:10 The Master's Sword:8 Toras, Master of all Weapons:6 Wealth:6]
t=27 ph=3 ap=1 snaps=3317 hooks=12 inst=104 rollout "Critical Strike" Attack lvl3 hero1
t=27 ph=3 ap=1 snaps=3318 hooks=12 inst=104 rollout "Critical Strike" Attack lvl3 hero1
t=27 ph=3 ap=1 snaps=3319 hooks=12 inst=104 rollout "Critical Strike" Attack lvl3 hero1
t=27 ph=3 ap=1 snaps=3320 hooks=12 inst=104 leakyRollout "Critical Strike" +8.41MB hooks=[onPlay:2 onCardEnterZone:2 onCardAddedToHand:1 beforeDamage:1 afterDamage:1 onHeroKO:1] cards=[Fighting:10 Earth-Shattering Hammer, Relic of Deri:10 Blade of the Frostbringer:10 The Master's Sword:8 Toras, Master of all Weapons:7 The Sun Sword:7]
t=27 ph=3 ap=1 snaps=3320 hooks=12 inst=104 rollout "Critical Strike" Attack lvl3 hero1
t=27 ph=3 ap=1 snaps=3321 hooks=12 inst=104 rollout "Critical Strike" Attack lvl3 hero1
t=27 ph=3 ap=1 snaps=3322 hooks=12 inst=104 leakyRollout "Critical Strike" +10.52MB hooks=[onPlay:2 onCardEnterZone:2 onCardAddedToHand:1 beforeDamage:1 afterDamage:1 onHeroKO:1] cards=[Fighting:10 Earth-Shattering Hammer, Relic of Deri:10 Blade of the Frostbringer:10 The Master's Sword:8 Toras, Master of all Weapons:7 The Sun Sword:7]
t=27 ph=3 ap=1 snaps=3322 hooks=12 inst=104 rollout "Critical Strike" Attack lvl3 hero1
t=27 ph=3 ap=1 snaps=3323 hooks=12 inst=104 rollout "Critical Strike" Attack lvl3 hero1
t=27 ph=3 ap=1 snaps=3324 hooks=12 inst=104 leakyRollout "Critical Strike" +5.33MB hooks=[onPhaseEnd:3 onPhaseStart:2 onTurnEnd:1 beforeDamage:1 afterDamage:1 onHeroKO:1] cards=[Earth-Shattering Hammer, Relic of Deri:6 Blade of the Frostbringer:6 The Master's Sword:6 Fighting:5 Toras, Master of all Weapons:4 The Sun Sword:4]
t=27 ph=3 ap=1 snaps=3324 hooks=12 inst=104 rollout "Critical Strike" Attack lvl3 hero1
t=27 ph=3 ap=1 snaps=3325 hooks=12 inst=104 rollout "Critical Strike" Attack lvl3 hero1
t=27 ph=3 ap=1 snaps=3326 hooks=12 inst=104 leakyRollout "Critical Strike" +8.46MB hooks=[onPlay:2 onCardEnterZone:2 onCardAddedToHand:1 beforeDamage:1 afterDamage:1 onHeroKO:1] cards=[Fighting:12 Earth-Shattering Hammer, Relic of Deri:10 Blade of the Frostbringer:10 The Master's Sword:8 Toras, Master of all Weapons:7 The Sun Sword:7]
t=27 ph=3 ap=1 snaps=3326 hooks=12 inst=104 rollout "Critical Strike" Attack lvl3 hero1
t=27 ph=3 ap=1 snaps=3327 hooks=12 inst=104 rollout "Critical Strike" Attack lvl3 hero1
t=27 ph=3 ap=1 snaps=3328 hooks=12 inst=104 leakyRollout "Critical Strike" +8.18MB hooks=[onCardAddedToHand:1 onPlay:1 beforeDamage:1 afterDamage:1 onHeroKO:1 afterSpellResolved:1] cards=[Fighting:10 Earth-Shattering Hammer, Relic of Deri:10 Blade of the Frostbringer:10 The Master's Sword:8 Toras, Master of all Weapons:6 Wealth:6]
t=27 ph=3 ap=1 snaps=3328 hooks=12 inst=104 rollout "Critical Strike" Attack lvl3 hero1
t=27 ph=3 ap=1 snaps=3329 hooks=12 inst=104 rollout "Critical Strike" Attack lvl3 hero1
t=27 ph=3 ap=1 snaps=3330 hooks=12 inst=104 leakyRollout "Critical Strike" +8.35MB hooks=[onPlay:2 onCardEnterZone:2 onCardAddedToHand:1 beforeDamage:1 afterDamage:1 onHeroKO:1] cards=[Fighting:12 Earth-Shattering Hammer, Relic of Deri:10 Blade of the Frostbringer:10 The Master's Sword:8 Toras, Master of all Weapons:7 The Sun Sword:7]
t=27 ph=3 ap=1 snaps=3330 hooks=12 inst=104 rollout "Critical Strike" Attack lvl3 hero1
t=27 ph=5 ap=1 snaps=3332 hooks=28 inst=104 switchTurn ending p1
t=28 ph=2 ap=0 snaps=3332 hooks=10 inst=105 cpuTurnStart cpu=p0 hand=8
t=28 ph=5 ap=0 snaps=3380 hooks=18 inst=105 switchTurn ending p0
t=29 ph=2 ap=1 snaps=3380 hooks=10 inst=106 cpuTurnStart cpu=p1 hand=5

=== GAME 23/1000: Shadows over Blackport vs Great Weapon Master @ 2026-05-01T11:30:46.597Z ===

=== TRAIL FLUSH (SIGINT) at 2026-05-01T11:30:46.603Z ===
